image_name,text
train/img_00001.jpg,ଏହି ଘଟଣା ପରେ ସେ ଭାରତ ବାହାରେ ବୌଦ୍ଧଧର୍ମର ପ୍ରଚାର ପ୍ରସାର ନିମନ୍ତେ ପଦକ୍ଷେପ ନେଇଥିଲେ ।
train/img_00002.jpg,ଏହାକୁ ସ୍କୁଲ ପାଠ୍ୟକ୍ରମରେ ମଧ୍ୟ ଅନ୍ତର୍ଭୁକ୍ତ କରାଯିବା ସ୍କୁଲ ଛୁଟି ପୂର୍ବରୁ ସମସ୍ତ ଛାତ୍ରଛାତ୍ରୀ ଏହି ସଙ୍ଗୀତ ଗାନ କରିବା ପାଇଁ ସରକାରୀ ନିର୍ଦ୍ଦେଶ ରହିଛି ।
train/img_00003.jpg,ସେ କାମ୍ବୋଡିଆକୁ ପଠାଇଥିବା ଧର୍ମଗୁରୁଙ୍କୁ କାମ୍ବୋଡିଆର ଜନତା ସ୍ୱାଗତ କରିବା ସହ ସେମାନଙ୍କଠାରୁ ଶିକ୍ଷା ଗ୍ରହଣ କରିଥିଲେ ।
train/img_00004.jpg,ସେହିଦିନଠାରୁ ବୟସ ବଢ଼ିବା ସହ ନୂଆ ରାଜଧାନୀର କଳେବର ଆଶାତୀତ ଭାବେ ବଢ଼ି ବଢ଼ି ଚାଲିଛି ।
train/img_00005.jpg,"ଅବସରପ୍ରାପ୍ତ ପ୍ରଶାସନିକ ଅଧିକାରୀ କୃଷ୍ଣଚନ୍ଦ୍ର ବଡ଼ (ଆଇଏଏସ୍), ବସନ୍ତ ସ୍ୱାଇଁ (ଆଇଏଏସ୍), ଅବସରପ୍ରାପ୍ତ ବିଶେଷଜ୍ଞ ଦୁର୍ଗା ଚରଣ ଜେନା, ନାଇଜର ରେଜିଷ୍ଟ୍ରାର ଅଭୟ ନାୟକ, ସଚିବ ପ୍ରମୋଦ କୁମାର ପ୍ରତିହାରୀ (ଓଇଏସ୍), ବିଶିଷ୍ଟ ଔପନ୍ୟାସିକ ବିଭୂତି ପଟ୍ଟନାୟକଙ୍କ ସମେତ ଶତାଧିକ ଡାକ୍ତର, ଇଞ୍ଜିନିୟର ଓ ଅନ୍ୟ ପଦ ପଦବୀଧାରୀ ଏଠାରୁ ଉନ୍ନୀତ ହୋଇଯାଇଛନ୍ତି ।"
train/img_00006.jpg,ଏଯାବତ ଏହାର ସମ୍ଭାର କଳନା କରାଯାଇପାରିନାହିଁ ।
train/img_00007.jpg,ନୂଆଖାଇ ସରିବା ପରେ ନର୍ତ୍ତକ ଘୁମୁରା ବଜାଇ ଗ୍ରାମ ପରିକ୍ରମା କରିଥାନ୍ତି ।
train/img_00008.jpg,କେବଳ ଏହା ଲୋକ ସଂଗୀତ କହିଦେଲେ ହେବ ନାହିଁ ।
train/img_00009.jpg,ଚିତ୍ରତ୍ତ୍ୱଳା
train/img_00010.jpg,ବହୁ ଲୋକ ସମ୍ପୂର୍ଣ୍ଣ ମାସ ଆମିଷ ଭକ୍ଷଣ କରନ୍ତି ନାହିଁ ।
train/img_00011.jpg,ସହରର ଶିକ୍ଷା ବିଷୟକୁ ବିଚାରକୁ ନେଲେ ବିଶ୍ୱ ପ୍ରସିଦ୍ଧ ଲିଙ୍ଗରାଜ ମନ୍ଦିରକୁ ଲାଗି ୧୯୪୦ ମସିହାରୁ ଭକ୍ତ କବି ମଧୁସୂଦନ ବିଦ୍ୟାପୀଠ ନାମରେ ଏକ ଉଚ୍ଚ ବିଦ୍ୟାଳୟ ଏଠାରେ ସ୍ଥାପିତା ପରେ ପରେ ୧୯୭୦ ମସିହାରେ ରାଜଧାନୀରେ ସର୍ବପ୍ରଥମ ଉଚ୍ଚ ବିଦ୍ୟାଳୟ ୟୁନିଟ-୨ ସର୍ଦ୍ଦାର ପଟେଲ ହଲ ସନ୍ନିକଟରେ ସ୍ଥାପିତ ହୋଇଥିଲା ।
train/img_00012.jpg,ମୁଖ୍ୟ ଦେଉଳଟି ପଞ୍ଚରଥ ଶୈଳୀରେ ନିର୍ମିତ ।
train/img_00013.jpg,ବେହରଣ ଦ୍ୱାର
train/img_00014.jpg,ସିଲ୍କ ଏକ ବିଶେଷ ଧରଣର ପୋକରୁ ବାହାରେ ତାହା ହେଉଛି ରେଶମ ପୋକ ।
train/img_00015.jpg,ହିନ୍ଦୁ ଧର୍ମ କୈଣସି ବ୍ୟକ୍ତି ବିଶେଷଙ୍କଦ୍ୱାରା ସ୍ଥାପନା କରାଯାଇନାହିଁ।
train/img_00016.jpg,କେତେକ ଗବେଷକଙ୍କ ମତରେ ରଥ ଉପରେ ଠାକୁରମାନଙ୍କ ଏହି ବେଶର ନାମ ବଡ଼ ବଢା଼ଉ ବେଶ ।
train/img_00017.jpg,ରାଧାନାଥ ଯୁଗ
train/img_00018.jpg,୧୯୯୬ ନଭେମ୍ବର ୨୩ରେ ବାଲେଶ୍ୱରର ବାରବାଟି ଉଚ୍ଚ ବିଦ୍ୟାଳୟର ଏହି ସମୟର ସ୍ମୃତିରେ ମାଇକେଲ ସେଇନସ ଓ ଏନାବେଲା ନାମ୍ନୀ ଜଣେ ଓଳନ୍ଦାଜ ଯୁବତୀଙ୍କ ନାମରେ ୨ଟି ସମାଧି ତିଆରି କରାଯାଇଥିଲା ।
train/img_00019.jpg,"ଉଇକିପ୍ରକଳ୍ପ ଓଡ଼ିଆ ଉଇକିପିଡ଼ିଆ ଭିତରେ ନୂଆ ନୂଆ ପ୍ରକଳ୍ପ ମାଧ୍ୟମରେ ଏକ ନିର୍ଦ୍ଦିଷ୍ଟ ବିଭାଗରେ ଲେଖା, ଛବି ତଥା ଅନ୍ୟାନ୍ୟ ମାଧ୍ୟମକୁ ଆଣିବାର ଏକ ପ୍ରଚେଷ୍ଟା ।"
train/img_00020.jpg,"ଇତିହାସକାର କହନ୍ତି, ସମୁଦ୍ରଗୁପ୍ତ ଏହି ସହରକୁ ଅକ୍ତିଆର କରିବାପାଇଁ ଯୁଦ୍ଧ କରିଥିଲେ ।"
train/img_00021.jpg,ବଲେଈପଦା ପାର୍କ (ବଲେଈପଦା)
train/img_00022.jpg,ରାୟ ଗିୟେ ଯମୁନାର ଜଲେ ଗେଛିଲ କଦମ୍ବ ମୂଲେ ଗୋ
train/img_00023.jpg,ଗାୟକଙ୍କ ଗୀତର ଶେଷାଂଶ ବା ଢୁଆ ବା ଘୋଷାକୁ ଏମାନେ ବୋଲନ୍ତି ଓ ଝାଞ୍ଜ ବଜାଇଥାନ୍ତି ।
train/img_00024.jpg,ମୁଲବାରୀ
train/img_00025.jpg,"ଏହି ସମୟରେ ସର୍ବନିମ୍ନ ତାପମାତ୍ରା ସାଧାରଣତଃ ୧୧ ୭ ଡିଗ୍ରୀ ସେ ରହିଥାଏ, କେବେକେବେ ଏହା ୭ ଡିଗ୍ରୀ ସେ ଯାଏ ଖସି ଆସିଥାଏ ।"
train/img_00026.jpg,"ଜଳବୁହା ବେଳେ ମନ୍ଦିର ଚର୍ଚ୍ଚା ଓ ବରକନ୍ଦାଜ କର୍ମଚାରୀମାନେ ଆଗରେ ଗୁଆ ଖୋଳପା ଧରି ଲୋକଙ୍କୁ ଆଡେଇଥାନ୍ତି, ଯେପରିକି କେହି ଜଳକୁ ସ୍ପର୍ଶ କରିପାରିବେ ନାହିଁ ।"
train/img_00027.jpg,"ଏଠାରେ ପ୍ରାୟ ୨୨,୦୦୦ଟି ପୁସ୍ତକ ରହିଛି ଏବଂ ଏହା ୫ଟି ଖବାରକାଗଜ ଓ ୪୦ଟି ପତ୍ରିକା ଯୋଗାଏ ।"
train/img_00028.jpg,ଶ୍ରଦ୍ଧାଳୁମାନେ ଏହି ଶିଳାକୁ ସ୍ପର୍ଶ କରି ଜଗନ୍ନାଥଙ୍କୁ ଦର୍ଶନ କଲେ ଅକାଳ ମୃତ୍ୟୁ ହୁଏ ନାହିଁ ଓ ସମସ୍ତ ପାପ ନାଶ ହୋଇ ଜୀବ ବୈକୁଣ୍ଠଗାମୀ ହୁଏ ବୋଲି ଲୋକ ବିଶ୍ୱାସ ରହିଛି ।
train/img_00029.jpg,"ଏଥିମଧ୍ୟରୁ ଗ୍ରାମାଞ୍ଚଳରେ ୨୭,୫୩,୫୮୮ ଓ ସହରାଞ୍ଚଳରେ ୭,୬୬,୫୬୩ ଲୋକ ବାସ କରନ୍ତି ।"
train/img_00030.jpg,"ବିଶ୍ୱାସ ଅଛି ଯେ, ପ୍ରତ୍ୟେକ ମଣିଷ ୨୨ ପ୍ରକାର ପାପରୁ ମୋକ୍ଷ ନିମନ୍ତେ ୨୨ ପାହାଚ ଅତିକ୍ରମ କରିବା ଆବଶ୍ୟକ ।"
train/img_00031.jpg,୨୦୧୦ର ସର୍ଭେ ଅନୁସାରେ ଏହି ଦେଶରେ ୨୬୦ ମିଲିୟନ ବା ପ୍ରାଏ ୮୦ ଲୋକ ଘରେ କେବଳ ଇଂଲିଶ ବ୍ୟବହାର କରନ୍ତି।
train/img_00032.jpg,ଏ ଚାରି ମାସ ମୁନି ଋଷି ଓ ସାଧବମାନେ ସେମାନଙ୍କ ପରିଭ୍ରମଣ ତ୍ୟାଗ କରି ଏକସ୍ଥାନରେ ନିବିଷ୍ଟ ହୋଇ ସାଧନା କରିଥା'ନ୍ତି ।
train/img_00033.jpg,ଖ୍ରୀ ୧୦୧୯ରୁ ୧୦୪୨ ପର୍ଯ୍ୟନ୍ତ ଜାଭାରେ ଶାସନ କରିଥିବା ରାଜା ଐରଲଙ୍ଗଙ୍କ ସମୟରେ ତାଙ୍କ ରାଜ୍ୟକୁ ଆସିଥିବା ଲୋକଙ୍କ ମଧ୍ୟରେ କିଛି ଲୋକ କ୍ଲିଙ୍ଗ (“କଳିଙ୍ଗ” ଶବ୍ଦର ଆଉ ଏକ ଅପଭ୍ରଂଶ)ରୁ ଥିଲେ ବୋଲି ଏକ ଅଭିଲେଖରୁ ଜଣା ପଡିଛି ।
train/img_00034.jpg,ସାକ୍ଷରତା ହାର: ୭୧ ୮୮
train/img_00035.jpg,ଅଧରପଣା ହାଣ୍ଡି ଉପରେ ଖଣ୍ଡେ ଲେଖାଏଁ ଧଳା କରିକା (ଜାଲିକନା) ପକାଯାଏ।
train/img_00036.jpg,ଶ୍ରେଣୀବିଭାଗ
train/img_00037.jpg,"ଛ ବର୍ଷରୁ କମ: ୧,୬୪,୩୮୮"
train/img_00038.jpg,ପ୍ରାୟ ୭୦୦ରୁ ୧୦୦୦ ଯାଏଁ ଓଡ଼ିଶାର ଉତ୍ତର-ପୂର୍ବ ପ୍ରାନ୍ତ ଉତ୍କଳ ନାମରେ ଜଣାଯାଉଥିଲା ।
train/img_00039.jpg,"ମିଟର ( ଫୁଟ) ଉଚ୍ଚତାରେ ପାଣ୍ଡ୍ରାପେଟ ନିକଟ ପାହାଡରେ ଇବ ନଦୀ ଉତ୍ପନ୍ନ ଏହା ଛତିଶଗଡର ରାୟଗଡ ଏବଂ ଯଶପୁର ଜିଲ୍ଲା ଦେଇ ଯାଇଥାଏ, ଓଡ଼ିଶାର ାରସୁଗୁଡା ଏବଂ ସୁନ୍ଦରଗଡ ଜିଲ୍ଲା ଏବଂ ଶେଷରେ ହୀରାକୁଦଠାରେ ମହାନଦୀଙ୍କୁ ଭେଟିଥାଏ ଏହା କିଲୋମିଟର ଯାତ୍ରା କରେ ଏବଂ ଏହାର ଧରିବା କ୍ଷେତ୍ର , କିମି"
train/img_00040.jpg,"ରଥଯାତ୍ରା ଉତ୍ସବ ଅବସରରେ ବିଭିନ୍ନ ମଠ ତରଫରୁ ବିଭିନ୍ନ ଦ୍ରବ୍ୟ ଯୋଗାଣ, ପନ୍ତି ଭୋଗ, ମଠାଧୀଶମାନଙ୍କ ଉପଚାର ଚାମର ଓ ଆଲଟ ସେବା କରିବା ବିଷୟ ଜଗନ୍ନାଥ ମନ୍ଦିର ସ୍ୱତ୍ତ୍ୱଲିପିର ୧୧୯ ନମ୍ବର ତାଲିକାରେ ଥିବା ବ୍ୟକ୍ତିଗତ ଓ ଅନୁଷ୍ଠାନିକ ସେବା ତଥା ଉପସ୍ୱତରେ ଉଲ୍ଲେଖ ରହିଛି।"
train/img_00041.jpg,ଏହା ଚାରି ଚକିଆ ଶଗଡି ସଦୃଶ୍ୟ ହେଉଥିଲା ।
train/img_00042.jpg,ଶ୍ରବନେ ନା ଶୁନବେଦ ନାହିଁ ମାନ
train/img_00043.jpg,କାନ୍ଦେ ପ୍ରାନ ନିଶି ବାସରେ
train/img_00044.jpg,ଏହି ଜିଲାର ଇଷ୍ଟଦେବୀ ତଥା ବାକଦେବୀ ।
train/img_00045.jpg,ପ୍ରାଥମିକ ବିଦ୍ୟାଳୟ- ୧୬୮୮ଟି
train/img_00046.jpg,ଗୋରା କବର
train/img_00047.jpg,"୧୮୯୧ ପୂର୍ବବର୍ତ୍ତୀ ଯୁଗକୁ ସମ୍ବଲପୁରୀ ଭାଷାର ""ଅନ୍ଧାର ଯୁଗ"" କୁହାଯାଏ ।"
train/img_00048.jpg,"ପାରମ୍ପରିକ ବିଧି ଅନୁସାରେ ୨୧ ଦିନ ପର୍ଯ୍ୟନ୍ତ ଆମିଷ, ମଦ୍ୟ, ନାରୀସଂସର୍ଗ ପରିହାରର ସଂକଳ୍ପ କରି ୧୩ ଜଣ ଦଣ୍ଡୁଆ ବା ଭୋକ୍ତା ଗେରୁଆ ବସ୍ତ୍ର ପିନ୍ଧି କାମନା ମନ୍ଦିର ପୀଠରେ ଯାତ୍ରା ଆରମ୍ଭ ଦିନର ମଧ୍ୟରାତ୍ରରେ ଏକାଠି ହୁଅନ୍ତି।"
train/img_00049.jpg,"ସହରରେ ଭାରତୀୟ ହିନ୍ଦୀ ଚଳଚ୍ଚିତ୍ର ଓ ଦୂରଦର୍ଶନ ଉଦ୍ୟୋଗ ମଧ୍ୟ ରହିଛି, ଯାହାକି ବଲିଉଡ ନାମରେ ପ୍ରସିଦ୍ଧ।"
train/img_00050.jpg,ଗ୍ରୀଷ୍ମମଣ୍ଡଳୀୟ ଅଞ୍ଚଳରେ ଆରବ ସାଗର ନିକଟରେ ଥିବାରୁ ମୁମ୍ବାଇର ଜଳବାୟୁରେ ମୁଖ୍ୟତଃ ଦୁଇ ପ୍ରକାର ଋତୁ ଦେଖାଯାଏ : ଶୁଷ୍କ ଋତୁ ଓ ଆର୍ଦ୍ର ଋତୁ।
train/img_00051.jpg,"ଆଉ କେତେଜଣ ଆଗଧାଡ଼ିର ସାହିତ୍ୟ କାରମାନେ ହେଲେ, କବିଶେଖର ଚିନ୍ତାମଣି ମହାନ୍ତି, ଚାରଣକବି ବାଞ୍ଛାନିଧି ମହାନ୍ତି, କାନ୍ତକବି ଲକ୍ଷ୍ମୀକାନ୍ତ ମହାପାତ୍ର, ନିତ୍ୟାନନ୍ଦ ମହାପାତ୍ର, ଗୌରଚନ୍ଦ୍ର ମହାପାତ୍ର, ହରେକୃଷ୍ଣ ମହତାବ, ପୋଥି ବିଶାରଦ ନୀଳମଣି ମିଶ୍ର, କୃଷ୍ଣ ଚରଣ ବେହେରା।"
train/img_00052.jpg,ପାନ ଖାଇଲା ବେଳେ ପତ୍ରରୁ ଶିରା ଛେଦନ କରାଯାଇଥାଏ କାରଣ ପାନଶିରା ହେଉଛି ବୁଦ୍ଧି ବିନାଶିନୀ ।
train/img_00053.jpg,ଏହା କଠିଣତର ଓ ଅନେକ ଶାରୀରିକ ବଳର ବ୍ୟବହାର କରିବାକୁ ପଡ଼ିଥାଏ ଯାହା ପାଇଁ କୋମଳ ଶିଶୁ ବୟସରୁ ଶିକ୍ଷା ଆରମ୍ଭ କରିବାକୁ ପଡ଼େ ।
train/img_00054.jpg,ଜାତୀୟ କ୍ରୀଡ଼ା ହକି
train/img_00055.jpg,ସେଥି ମଧ୍ୟରୁ ୫୮ ୬୩ ଜଣ ପରୁଷ ହୋଇଥିବା ବେଳେ ୪୧ ୩୭ ଜଣ ନାରୀ ଅଟନ୍ତି ।
train/img_00056.jpg,ବୁଝାଯାଇନା ଅନ୍ଧାକାରେରେ
train/img_00057.jpg,ରାଜ୍ୟସଭା ସାଂସଦ (୨୦୨୪)
train/img_00058.jpg,ମଙ୍ଗେଇ ଗମାଙ୍ଗ
train/img_00059.jpg,"ପ୍ରଥମ ଶତାବ୍ଦୀରେ ପାର୍ସୀ, ଖ୍ରୀଷ୍ଟିଆନ ଓ ମୁସଲମାନମାନଙ୍କ ଆଗମନ ପରେ ପ୍ରଚୀନ ଭାରତର ରୂପରେଖରେ ଉନ୍ନତି ଘଟିଥିଲା ।"
train/img_00060.jpg,ବିଗତ କିଛି ସମୟ ଧରି ଭାରତୀୟ ପ୍ରତ୍ନତାତ୍ତ୍ୱିକ ବିଭାଗ ( )ଦ୍ୱାରା ଉତ୍ ଖନନ କାର୍ଯ୍ୟ ଚାଲୁ ରହିଛି ।
train/img_00061.jpg,ଏହି ଜିଲ୍ଲାରେ ମୃତ୍ତିକା କୃଷ୍ଣ-କାର୍ପାସ ଶ୍ରେଣୀୟ ଏବଂ ମାଟିର ରଙ୍ଗ କଳା ।
train/img_00062.jpg,ବୌଦ୍ଧ ସହର ଏହି ଜିଲ୍ଲାର ପ୍ରଶାସନିକ ମୁଖ୍ୟ ସହର ।
train/img_00063.jpg,କ୍ଷେତ୍ର ଅନୁଯାୟୀ ଏହା ୧୫ ତମ ବୃହତ୍ତମ ରାଜ୍ୟ ଏବଂ ଜନସଂଖ୍ୟା ଅନୁଯାୟୀ ୧୪ ତମ ବୃହତ୍ତମ ରାଜ୍ୟ ।
train/img_00064.jpg,ପଢୁଆ ହାର ୫୮ ୨୦
train/img_00065.jpg,୧୪୨ ବର୍ଷ ପରେ ୨୦୦୯ ପ୍ରାରମ୍ଭରେ ଏହା ଓଡ଼ିଶାର ତୃତୀୟ ମହାନଗର ନିଗମର ମାନ୍ୟତା ପାଇଥିଲା ।
train/img_00066.jpg,"ରଥଯାତ୍ରା ଅବସରରେ ଗଜପତି ମହାରାଜାମାନେ ରଥରେ ଛେରା ପହଁରା ସେବା କରିବା ସମୟରେ ସୁସଜ୍ଜିତ ହସ୍ତୀ ମଧ୍ୟ ଶୋଭାଯାତ୍ରାର ଅଗ୍ରଭାଗରେ ରହୁଥିଲେ, ଯାହାକି ଅତ୍ୟନ୍ତ ମନମୁଗ୍ଧକର ଦୃଶ୍ୟ ଅଟେ।"
train/img_00067.jpg,ଶ୍ରୀମନ୍ଦିରରେ ପାଳିତ ମୁଖ୍ୟ ଯାତ୍ରା ମଧ୍ୟରେ ରଥଯାତ୍ରା ଅନ୍ୟତମ ।
train/img_00068.jpg,"ନବୀନ ପଟ୍ଟନାୟକ: ଗୃହ, ସାଧାରଣ ପ୍ରଶାସନ, ପୂର୍ତ୍ତ, ଜଳସମ୍ପଦ ଏବଂ ଆବଣ୍ଟନ ହୋଇନଥିବା ସମସ୍ତ ବିଭାଗ"
train/img_00069.jpg,ପ୍ରତ୍ୟେକ ଚକର ଉଚ୍ଚତା ୬ ଫୁଟ ୬ ଇଞ୍ଚ।
train/img_00070.jpg,ଅମଙ୍ଗଳ ଦୂର ହେବ ବୋଲି ଆଶାକରି ଅନେକ ଲୋକ ଏହି ଗଛ ମୂଳରେ ପ୍ରତ୍ୟହ ଧୂପ ଓ ଦୀପ ପ୍ରଦାନ କରିଥାନ୍ତି ।
train/img_00071.jpg,"ଉପନିବେଶବାଦୀ ଭାରତରେ ଚା ବଗିଚା ଶ୍ରମିକ ଭାବରେ ଶ୍ରମିକ ସ୍ଥାନାନ୍ତର ହେତୁ , ଉତ୍ତର-ପୂର୍ବ ରାଜ୍ୟ ଆସାମ ଏବଂ ତ୍ରିପୁରାରେ ଏକ ବଡ଼ ଓଡିଆ ଭାଷାଭାଷୀ ଜନସଂଖ୍ୟା ଅଛି , ବିଶେଷକରି ସୋନିତପୁର , ତିନସୁକିଆ , ଉଦଲଗୁରି , ଶିବସାଗର , ଗୋଲାଘାଟ , ଦିବ୍ରୁଗଡ଼ , କଛାର , ନାଗାଓଁ , କରିମଗଞ୍ଜ , କାର୍ବି ଆଙ୍ଗଲଙ୍ଗ , ଜୋରହାଟ , ଲଖିମପୁର , ବକ୍ସା , କାମରୂପ ମହାନଗର , ଆସାମର ହାଇଲାକାଣ୍ଡି ଜିଲ୍ଲା ଏବଂ ପଶ୍ଚିମ ତ୍ରିପୁରା , ଧଲାଇ , ତ୍ରିପୁରାର ଉତ୍ତର ତ୍ରିପୁରା ଜିଲ୍ଲାରେ ।"
train/img_00072.jpg,ଇତିହାସରୁ ଜଣାଯାଏ ଯେ ଶ୍ରୀମନ୍ଦିର ଉପରେ ସମୁଦାୟ ଅଠରଥର ଆକ୍ରମଣ ହୋଇଥିଲା ।
train/img_00073.jpg,"ବିଶ୍ୱର ବିଭିନ୍ନ ଦେଶରେ ଓଡ଼ିଆ ପ୍ରବାସୀ ସଂଖ୍ୟା ବହୁତ , ଯାହା ଫଳରେ ସାରା ବିଶ୍ୱରେ ଓଡ଼ିଆ ଭାଷାଭାଷୀଙ୍କ ସଂଖ୍ୟା ୫୦ ନିୟୁତରେ ପହଞ୍ଚିଛି ।"
train/img_00074.jpg,ଏଥିସହିତ ସିଲିଗୁଡ଼ି ପଥ ଦେଇ ପଶ୍ଚିମରେ ପଶ୍ଚିମବଙ୍ଗ ରହିଛି ଏବଂ ଏହି - -ଚଉଡ଼ା ( ) ୨୨ କିଲୋମିଟର ଚଉଡ଼ା (୧୪ ମାଇଲ) ଭୂମିଟି ରାଜ୍ୟକୁ ବାକି ଭାରତ ସହ ଯୋଡ଼ିଥାଏ ।
train/img_00075.jpg,ଏହି ବିଭାଜନ ଓଡିଶା ରାଜ୍ୟ ସରକାରଙ୍କ ଅଧିସୂଚନା ନମ୍ବର - / / / ଅନୁଯାୟୀ ୨୭ ମାର୍ଚ୍ଚ ୧୯୯୩ ରେ କରାଯାଇଥିଲା ।
train/img_00076.jpg,ବାଲେଶ୍ୱର ସହର ଏହି ଜିଲ୍ଲାର ପ୍ରଶାସନିକ ମୁଖ୍ୟସ୍ଥଳ ।
train/img_00077.jpg,ଏହା ପ୍ରାଚୀନ କାଳରୁ ଭିନ୍ନ ଭିନ୍ନ ମତ ଓ ବିଶ୍ୱାସରୁ ଉତ୍ପନ୍ନ ହୋଇଛି।
train/img_00078.jpg,ଏ ଯୁଗର ଶ୍ରେଷ୍ଠ ଫାର୍ସୀକବି ଅମୀର ଖୁସ୍ରୋ ଭାରତୀୟ କାବ୍ୟ ଅନୁସରଣରେ କାବ୍ୟ ରଚନା କରିଥିଲେ ।
train/img_00079.jpg,ଧକ୍କା ଓ ଇଚ୍ଛାପତ୍ର
train/img_00080.jpg,ବିଶ୍ୱବ୍ୟାପୀ ମୋଟ ପ୍ରାୟ ୨୫୦ ୩୦୦ ମିଲିୟନ ଭାଷାଭାଷୀଙ୍କଦ୍ୱାରା କଥିତ ବଙ୍ଗଳା ଜନସଂଖ୍ୟା ଅନୁସାରେ ବିଶ୍ୱର ସପ୍ତମ ଅଧିକ କଥିତ ଭାଷା ।
train/img_00081.jpg,ଓଡ଼ିଶାରେ ପାଳିତ ବିଭିନ୍ନ ପର୍ବପର୍ବାଣି ଓ ମେଳା ମହୋତ୍ସବମାନଙ୍କରେ ଏହି ନାଚସବୁ ପରିବେଷିତ ହୋଇଥାଏ ।
train/img_00082.jpg,"କଟକରେ କ୍ରିକେଟ, ଫୁଟବଲ ଛଡା ଆହୁରି ମଧ୍ୟ ବହୁଖେଳର ବିକାଶ ଲାଗି ବହୁ କ୍ରୀଡାଙ୍ଗନ ଗଢ଼ା ଯାଇଛି ।"
train/img_00083.jpg,ଶ୍ରୀମନ୍ଦିରରେ ପାଳିତ ମୁଖ୍ୟ ଯାତ୍ରା ମଧ୍ୟରେ ରଥଯାତ୍ରା ଅନ୍ୟତମ ।
train/img_00084.jpg,କୋରାନ ଅନୁଯାୟୀ ପ୍ରତ୍ୟେକ ମୁସଲମାନର ୫ଟି କର୍ତ୍ତବ୍ୟ ହେଲା:
train/img_00085.jpg,ଆଧ୍ୟାତ୍ମିକ ଚେତନା ଭିତରେ ସେ ତଥ୍ୟ ଓ ତତ୍ତ୍ୱର ସନ୍ଧାନ କରିଛି ।
train/img_00086.jpg,ପରବର୍ତ୍ତୀ ସମୟରେ ଏ ଅଞ୍ଚଳକୁ ପାରସ୍ୟ ଭାଷାରେ ଗଂଜ୍-ଇ-ଆମ୍ (ସାଧାରଣ ବଜାର ସ୍ଥଳ) ନାମରେ ନାମିତ କରାଯାଇଥିଲା ।
train/img_00087.jpg,ଖଜା: ଖଜା ବା ଫେଣି ଏକ ଓଡ଼ିଆ ପିଠା ଯାହା ମ ଇଦାରୁ ତିଆରି ହୋଇଥାଏ ।
train/img_00088.jpg,ସରଦାର ବଲ୍ଲଭଭାଇ ପଟେଲ ଶିଶୁରୋଗ ସ୍ନାତକୋତ୍ତର ସଂସ୍ଥାନ
train/img_00089.jpg,"ଜନବସତିର ଲିଖିତ ପ୍ରମାଣ ଖ୍ରୀ ପୂ ୨୫୦ ମିଳୁଛ, ଯେତେବେଳେ ଏହାକୁ ହେପ୍ଟାନୋସିଆ କୁହାଯାଉଥିଲା।"
train/img_00090.jpg,ଛେରା ପହଁରା ନୀତି ସରିବା ପରେ ଭୋଇ ସେବକମାନେ ରଥରୁ ଚାରମାଳ ଖୋଲିବା ସଙ୍ଗେ ସଙ୍ଗେ ରୂପକାର ସେବକମାନେ ରଥରେ ଘୋଡ଼ା଼ ବାନ୍ଧିଥାନ୍ତି।
train/img_00091.jpg,ଗଜପତି ରାଜବଂଶର ଇତିହାସ ଆଜି ମଧ୍ୟ ଗଜପତି ଜିଲ୍ଲାର ଇତିହାସରେ ସ୍ୱର୍ଣ ଅକ୍ଷରରେ ଲିପିବଦ୍ଧ ହୋଇରହିଛି ।
train/img_00092.jpg,ଧ୍ୱନିବିଜ୍ଞାନ
train/img_00093.jpg,ବଲାଙ୍ଗୀର ଜିଲା - -
train/img_00094.jpg,୫-ବିବାହକାଳୀନ ଝୁମର : ବିବାହ ଭଳି ସାମାଜିକ ଅନୁଷ୍ଠାନମାନଙ୍କରେ ଏହି ନୃତ୍ୟ ପରିବେଷଣ କରା ଯାଇଥାଏ ।
train/img_00095.jpg,ଏହି ନାଟରେ ନାରୀ ଭାବକୁ ନିଜ ଭିତରେ ଆଣିବା ପାଇଁ ପୁଅମାନେ ନିଜର ବାଳ ନକାଟି ଲମ୍ବା ରଖି ଜଟ କରିଥାନ୍ତି ।
train/img_00096.jpg,"ଧାମରାର ଧାମରେଈ ମନ୍ଦିର ବ୍ରାହ୍ମଣ, ବୌଦ୍ଧ ଓ ଶାବରୀ ସଂସ୍କୃତିର ସ୍ମୃତି ବହନ କରେ।"
train/img_00097.jpg,"ଓଡ଼ିଆ ସାହିତ୍ୟକୁ କାଳିଚରଣ ପଟ୍ଟନାୟକ, ରାମଚନ୍ଦ୍ର ମିଶ୍ର, ପ୍ରାଣବନ୍ଧୁ କର , ଗୋପାଳ ଛୋଟରାୟ, ମନୋରଞ୍ଜନ ଦାସ, ବିଶ୍ୱଜିତ ଦାସ ଓ ବିଜୟ ମିଶ୍ରଙ୍କ ନାଟକ କ୍ଷେତ୍ରରେ ଅବଦାନ ଅବିସ୍ମରଣୀୟ ।"
train/img_00098.jpg,କଟକ ଉପକଣ୍ଠ ଚୌଦ୍ୱାର ଓଡ଼ିଶାର ପୁରୁଣା ଔଦ୍ୟୋଗିକ ପେଣ୍ଠ ଥିଲା।
train/img_00099.jpg,"ଅନ୍ୟାନ୍ୟ କଳା ବିଭବ ଭାବେ ଲୋକକଳା ପାଲା, ଘୋଡ଼ାନାଚ, ଘଟପାଟୁଆ, ଧୁଡୁକି ଆଦି ଅନେକ ଲୋକପ୍ରିୟତା ଅର୍ଜନ କରିଛି ।"
train/img_00100.jpg,ପାଇଁ ବିମାନ ବନ୍ଦର ତଥ୍ୟ (ବିଶ୍ଵ ବିମାନ ତଥ୍ୟ)
train/img_00101.jpg,"ହିନ୍ଦୁମାନେ ଆତ୍ମା,କର୍ମ,ଅବତାର ବାଦ,ପୁନର୍ଜନ୍ମ, ମୁର୍ତି ପୂଜା,ଅହିଂସା ଆଦିରେ ବିଶ୍ୱାସ କରନ୍ତି ।"
train/img_00102.jpg,ଇତିହାସ
train/img_00103.jpg,ବାଗ୍ରା
train/img_00104.jpg,"ଜନନୀ, ଜନନୀ, ଜନନୀ,"
train/img_00105.jpg,ଏହା ସହି ନ ପାରି ସତୀ ଯଜ୍ଞକୁଣ୍ଡରେ ଝାସଦେଇ ପ୍ରାଣତ୍ୟାଗ କଲେ।
train/img_00106.jpg,ଏହି ଜିଲ୍ଲାରୁ କଳିକେଶ ନାରାୟଣ ସିଂହ ଦେଓ ଲୋକ ସଭାକୁ ନିର୍ବାଚିତ ହୋଇଅଛନ୍ତି ।
train/img_00107.jpg,"ବିଂଶ ଶତାବ୍ଦୀର ପ୍ରାରମ୍ଭରୁ, ଆମେରିକାର ଚଳଚ୍ଚିତ୍ର ଶିଳ୍ପ ମୁଖ୍ୟତଃ ହଲିଉଡରେ ଏବଂ ଏହାର ଆଖପାଖରେ ରହିଆସିଛି, ଯଦିଓ ଏକବିଂଶ ଶତାବ୍ଦୀରେ ସେଠାରେ ବହୁ ସଂଖ୍ୟାରେ ଚଳଚ୍ଚିତ୍ର ନିର୍ମାଣ କରାଯାଇ ନାହିଁ ଏବଂ ଚଳଚ୍ଚିତ୍ର କମ୍ପାନୀଗୁଡିକ ଜଗତୀକରଣ ଶକ୍ତି ଅଧୀନରେ ରହିଛନ୍ତି।"
train/img_00108.jpg,"ଥାଇଲ୍ୟାଣ୍ଡ, (ଆନୁଷ୍ଠାନିକ ନାମ ଥାଇଲ୍ୟାଣ୍ଡ ରାଜ୍ୟ) ଦକ୍ଷିଣ ପୂର୍ବ ଏସିଆର ଏକ ଦେଶ ।"
train/img_00109.jpg,ସେ ଜାମସେଦପୁର ଓ ଚଣ୍ଡୀଗଡ଼ ସହରର ନିର୍ମାଣ ଶୈଳୀ ମଧ୍ୟ କରିଥିଲେ ।
train/img_00110.jpg,ଏଠାରେ ୧୬୪୦ରେ ପ୍ରଥମ ବ୍ରିଟିଶ କାରଖାନା ବସାଯାଇଥିଲା ।
train/img_00111.jpg,"ସଖା କି କହିବି ତୋରେ,"
train/img_00112.jpg,"ଶ୍ରୀକ୍ଷେତ୍ରର ପଞ୍ଚ ତୀର୍ଥ ମଧ୍ୟରେ ରୋହିଣୀ ତୀର୍ଥ ଅନ୍ୟତମ।ପ୍ରଳୟ ସମୟରେ କୁଣ୍ଡରେ ଥିବା ଜଳ ପରିବ୍ୟାପ୍ତ ହୋଇ ପୁଣି ଏହି କୁଣ୍ଡରେ ହିଁ ଲୀନ ହୋଇଯାଏ।ଦାରୁବ୍ରହ୍ମଙ୍କର ଏହି କୁଣ୍ଡରେ ଆବିର୍ଭାବ ହୋଇଥିଲା।ନୀଳମାଧବ ହିଁ ଦାରୁବ୍ରହ୍ମ ଶ୍ରୀପୁରୁଷୋତ୍ତମ ଓ ପରବର୍ତ୍ତୀ ସମୟରେ ""ଶ୍ରୀ ଜଗନ୍ନାଥ "" ନାମରେ ପ୍ରତିଷ୍ଠିତ ହୋଇଛନ୍ତି।କଳ୍ପବଟ ଓ ରୋହିଣୀ କୁଣ୍ଡ ମଧ୍ୟସ୍ଥ ପାର୍ଶ୍ୱରେ ଏହି ଦାରୁବ୍ରହ୍ମ ନୀଳମାଧବ ପୂଜା ପାଉଥିଲେ।ଏହି କୁଣ୍ଡରେ ଏକ ତୃଷାର୍ତ୍ତ କାକ ପାଣିରେ ବୁଡି ପ୍ରାଣ ହାରି ମୋକ୍ଷ ଲାଭ କରିଥିଲା।"
train/img_00113.jpg,"ପୁରୀ ଜିଲ୍ଲା ଚିକିତ୍ସାଳୟ, ପୁରୀ: ଓଡ଼ିଶାର ଏକମାଲ୍ର ଡାକ୍ତରଖାନା ଯାହା କି ଆଇ ଏସ୍ ଓ ( ) ସ୍ୱୀକୃତିପ୍ରାପ୍ତ ।"
train/img_00114.jpg,ରିଆମାଳ
train/img_00115.jpg,"ମନ୍ଦିରର ଅଧିଷ୍ଠାତା ହେଲେ ଯଜ୍ଞ ନୃସିଂହ ବା ମୁକ୍ତ ନୃସିଂହ।ଜଣାଯାଏ ଚୋଡ଼ଗଙ୍ଗ ଦେବ ଶ୍ରୀଜଗନ୍ନାଥ ମନ୍ଦିର ନିର୍ମାଣ କରି ତା'ର ପ୍ରତିଷ୍ଠା କରିବାର ପୂର୍ବରୁ ଯଜ୍ଞ ନୃସିଂହ ସ୍ଥାପନା କରିଥିଲେ।ଏ ସମ୍ପର୍କରେ ମନ୍ଦିର ଗାତ୍ରରେ ଶିଳାଲିପି ଖୋଦିତ ହୋଇଥିବା ଦେଖିବାକୁ ମିଳେ, ଯାହାକୁ ଡକ୍ଟର ସତ୍ୟନାରାୟଣ ରାଜଗୁରୁ ପାଠୋଦ୍ଧାର କରି ଲେଖିଛନ୍ତି।୧୧୪୨ ଖ୍ରୀଷ୍ଟାବ୍ଦ ବେଳକୁ ଚୋଡ଼ଗଙ୍ଗ ଦେବ ଓ ତାଙ୍କର ପୁଅ କାମାର୍ଣ୍ଣବଙ୍କର ସମୟରେ ବଳଭଦ୍ର, ପୁରୁଷୋତ୍ତମ ଓ ସୁଭଦ୍ରା ଏହି ନୃସିଂହ ମନ୍ଦିରରେ ପୂଜା ପାଉଥିଲେ।୫୮ ଫୁଟ ଉଚ୍ଚତା ଓ ଏହା ପୂର୍ବାଭିମୁଖୀ।"
train/img_00116.jpg,"ଘଣ୍ଟୁଆ ସେବକମାନେ ତାଳରେ ଘଣ୍ଟବଜାଇବା ସହିତ ପଖାଉଜ ବାଦ୍ୟ ଓ ଆଗେ ଆଗେ ଗୋଟିପୁଅ ନୃତ୍ୟ ତଥା ଉପସ୍ଥିତ ଜନତାଙ୍କ ହରିବୋଲ, ହୁଳହୁଳି ଶବ୍ଦରେ ସମଗ୍ର ପରିବେଶ ପ୍ରକମ୍ପିତ ହୋଇ ଉଠେ।"
train/img_00117.jpg,ତେବେ ଯେଉଁ ପର୍ବଗୁଡିକ ଲାଗି କଟକ ଦୂରଦୂରାନ୍ତରୁ ପର୍ଯ୍ୟଟକମାନଙ୍କୁ ଆକର୍ଷିତ କରିଥାଏ ସେଗୁଡିକ ହେଲା ଦଶହରା ଓ ବାଲିଯାତ୍ରା ।
train/img_00118.jpg,"ଇତିହାସ କହେ, ୪ର୍ଥ ଶତାବ୍ଦୀରେ ସମୁଦ୍ରଗୁପ୍ତ ଉତ୍କଳର ରାଜାଙ୍କୁ ପରାଜିତ କରି ଯେଉଁ ଅଞ୍ଚଳ ସବୁ ଅଧିକାର କରିଥିଲେ, ସମ୍ବଲପୁର ତାହାର ଅଂଶ ଥିଲା ।"
train/img_00119.jpg,ବଙ୍ଗୋପସାଗର ବେଷ୍ଟୀତ ଏହି ଅଞ୍ଚଳ ସର୍ବଦା ବାତ୍ୟା ଓ ବନ୍ୟା ପ୍ରପିଡିତ ।
train/img_00120.jpg,ମହିଳା: ୪୭ ୨୭
train/img_00121.jpg,ଯଥା- (୧) ଆଦିଯୁଗ (ପ୍ରାଚୀନରୁ ୧୭୫୦)
train/img_00122.jpg,ରଣ ଶିବ ସକଳ ନାଟ୍ୟପ୍ରକଟ ଶାସ୍ତ୍ର ମୂଳ ଦେବତା ।
train/img_00123.jpg,"ହିନ୍ଦୁ ଜ୍ୟୋତିଷିକ ତତ୍ତ୍ୱରେ ଗ୍ରହଜଗତ ନଅଗୋଟି ଗ୍ରହଙ୍କୁ ନେଇ ଗଠିତ, ଯଥା- ରବି, ଚନ୍ଦ୍ର, ମଙ୍ଗଳ, ବୁଧ, ବୃହସ୍ପତି, ଶୁକ୍ର, ଶନି, ରାହୁ ଓ କେତୁ ।"
train/img_00124.jpg,ବ୍ଳକ: (୨୨):
train/img_00125.jpg,ଗୋରଖନାଥ
train/img_00126.jpg,"ପଞ୍ଜାବୀ ଭାଷାର ବ୍ୟାକରଣ ଶବ୍ଦ, ଚିହ୍ନ ଦେବା, କ୍ରିୟାପଦର ପରିବର୍ତ୍ତନ ପଦ୍ଧତି ଓ ଅନ୍ୟ ପ୍ରକାର ତତ୍ତ୍ୱ ଉପରେ ଗୁରୁତ୍ୱ ଦେଇଥାଏ ।"
train/img_00127.jpg,ଯାତ୍ରା ଭାଗବତରେ କୁହାଯାଇଛି -
train/img_00128.jpg,ଶାସ୍ତ୍ରୀୟ ମାନ୍ୟତା
train/img_00129.jpg,ତାଙ୍କର ପୁତ୍ର ଭରତ ଲୋକପ୍ରିୟ ଓ ପ୍ରଜାପାଳକ ରାଜାଥିଲେ।
train/img_00130.jpg,୫୦ଟି ରାଜ୍ୟକୁ ଏକାଠି ନେଇ ତିଆରି ଏହା ଏକ ସଙ୍ଘୀୟ ଗଣରାଜ୍ୟ ।
train/img_00131.jpg,"ଏହାଛଡ଼ା ଜୁଦା, ଜୋରାଷ୍ଟ୍ରୀୟ, ଖ୍ରୀଷ୍ଟ ତଥା ଇସଲାମ ଆଦି ଅନ୍ୟ ଧର୍ମର ଅନେକ ଧର୍ମାବଲମ୍ବୀମାନଙ୍କୁ ଦେଖିଲେ ଭାରତୀୟ ସଂସ୍କୃତିର ବ୍ୟାପକତା ଆକଳନ କରିହୁଏ ।"
train/img_00132.jpg,ଧ୍ୱନିଶୀଳ ମୂର୍ଦ୍ଧନ୍ୟ ବ୍ୟଞ୍ଜନର ବ୍ୟବହାର : ଧ୍ୱନିଶୀଳ ମୂର୍ଦ୍ଧନ୍ୟ ପାର୍ଶ୍ୱ ସମୀପୀୟ (ଳ) ର ଅଭାବ ଏବଂ ଧ୍ୱନିଶୀଳ ମୂର୍ଦ୍ଧନ୍ୟ ନାସିକ୍ୟଧ୍ୱନି (ଣ) ର ସୀମିତ ବ୍ୟବହାର ।
train/img_00133.jpg,ପିପିଲି
train/img_00134.jpg,ଭଜା
train/img_00135.jpg,"ଏହି ଦିନ ପୋଡ଼ ପିଠା, ଚକୁଳି ପିଠା ଆଦି ଖିଆଯାଇ ଥାଏ ।"
train/img_00136.jpg,ପାପର ବିନାଶ ଓ ଭାଗ୍ୟ ପରିବର୍ତ୍ତନ ପାଇଁ ଓଡ଼ିଶା ଓ ବାଲିରେ କରାଯାଉଥିବା ଲୋକନୃତ୍ୟ ମଧ୍ୟରେ ଅନେକ ସାମଞ୍ଜସ୍ୟ ରହିଛି ଓ ଏହା ପ୍ରାଚୀନ ସଂସ୍କୃତିର ସମ୍ମିଶ୍ରଣରେ ହୋଇଥାଇପାରେ ।
train/img_00137.jpg,ଖଲିକୋଟ (୧୨୬)
train/img_00138.jpg,"ପାତାଳେଶ୍ୱର ମହାଦେବଙ୍କ ଦର୍ଶନ ସାରି ଉତ୍ତର ଦ୍ୱାର ମାର୍ଗରେ ଭକ୍ତିପୂର୍ବକ ଐଶାନେଶ୍ୱର, ଶୀତଳା, ଉତ୍ତରାୟଣୀ ଲୋକେଶ୍ୱର, ବୈକୁଣ୍ଠେଶ୍ୱର ଓ ତପସ୍ୱୀ ହନୁମାନ ୬ ଜଣ ଦେବତାଙ୍କ ଦର୍ଶନର ବିଧି ରହିଛି।"
train/img_00139.jpg,ଶୋକାକୁଲେ ସଖାକୁଲେ ବୋଲେନ ମୁରାରୀ
train/img_00140.jpg,ବଣ୍ଡାପର୍ବତ
train/img_00141.jpg,ଲାଙ୍ଗୁଡ଼ିକୁ ଜାତୀୟ ରାଜପଥ ୫ରୁ ଜାରକା ଓ ଚଣ୍ଡିଖୋଲ ଦେଇ ଯାଇହେବ ।
train/img_00142.jpg,ପୁରୁଣା ସଂଖ୍ୟା ଚିହ୍ନ
train/img_00143.jpg,ନାରୀ ଶିଳ୍ପୀର ଆବର୍ତ୍ତମାନରେ ପୁରୁଷ ଶିଳ୍ପୀ ଜଣକ ନାରୀବେଶ ହୋଇ ମଧ୍ୟ ଏହାକୁ ପରିବେଷଣ କରିଥାଏ ।
train/img_00144.jpg,"ଏହା ମଧ୍ୟ ବିଭିନ୍ନ ନାମରେ ଯଥା ଅଗ୍ନି ପାଟୁଆ, କଣ୍ଟାପାଟୁଆ, ଖଣ୍ଡା ପାଟୁଆ, ଝୁଲା ପାଟୁଆ ଓ ଫୋଡ଼ ପାଟୁଆ ଆଦି ନାମରେ ଜଣା ।"
train/img_00145.jpg,"ତାଙ୍କ ଶାସନକାଳ ମଧ୍ୟରେ କଳିଙ୍ଗର ନୌବାଣିଜ୍ୟ ସେତେ ବେଳର ସିଂହଳ (ଶ୍ରୀଲଙ୍କା), ବର୍ମା (ମିଆଁମାର), ସିଆମ (ଥାଇଲାଣ୍ଡ), ଭିଏତନାମ, କାମ୍ବୋଜ (କାମ୍ବୋଡ଼ିଆ), ବୋର୍ଣିଓ, ବାଲି, ସମୁଦ୍ର (ସୁମାତ୍ରା) ଏବଂ ଜାଭାଦ୍ୱୀପ (ଜାଭା) ପର୍ଯ୍ୟନ୍ତ ବ୍ୟାପିଥିଲା ।"
train/img_00146.jpg,ଛାଡ଼ଖାଇ ଏହିପରି ଭାବରେ ଆରମ୍ଭ ହୋଇଥାଇପାରେ ।
train/img_00147.jpg,"ଏଗୁଡ଼ିକ ପ୍ରାଚୀନ ଏକାମ୍ରକ୍ଷେତ୍ର (ଆଧୁନିକ ଭୁବନେଶ୍ୱର ନଗର), ଶଙ୍ଖକ୍ଷେତ୍ର (ଆଧୁନିକ ପୁରୀ), ଅର୍କକ୍ଷେତ୍ର (ଆଧୁନିକ କୋଣାର୍କ), ବିରଜାକ୍ଷେତ୍ର (ଆଧୁନିକ ଯାଜପୁର), ଖିଂଚି, ବୌଦ୍ଧ, ଗନ୍ଧରାଡ଼ି, ରାଣୀପୁର ଝରିଆଲ, ନୃସିଂହନାଥ, କୂଆଳ, ବରଗାଁ, ଚଉରାଶି, ନିଆଳି ଏବଂ ପାପଡାହାଣ୍ଡିଠାରେ ଦେଖିବାକୁ ମିଳେ ।"
train/img_00148.jpg,ପିଠି ପାଖ ଚଉଡା।
train/img_00149.jpg,"ଯଜମାନଙ୍କ ମନସ୍କାମନା ପୂର୍ଣ୍ଣ ପାଇଁ ପ୍ରାର୍ଥନା କରି ପାଣିଦଣ୍ଡ, ଧୂଳି ଦଣ୍ଡ, ବଜ୍ର ଦଣ୍ଡ, ଅଗ୍ନି ଦଣ୍ଡ, ନୃତ୍ୟ ଦଣ୍ଡ ଆଦି ବରଣ କରନ୍ତି ।"
train/img_00150.jpg,ଦେଶିଆ ବିଭିନ୍ନ ଆଞ୍ଚଳିକ ଜାତିଗୋଷ୍ଠୀଙ୍କ ମଧ୍ୟରେ ଅନ୍ତଭାଷା (ଲିଙ୍ଗୁଆ ଫ୍ରାଙ୍କା) ରୂପେ ବ୍ୟବହାର ହେବା ସହ ଦକ୍ଷିଣ-ପଶ୍ଚିମ ଓଡ଼ିଶାର ଅବିଭାଜିତ କୋରାପୁଟ ଜିଲ୍ଲାର ପ୍ରମୁଖ ଆଞ୍ଚଳିକ ଆଦିବାସୀ ଓ ଅଣ-ଆଦିବାସୀଙ୍କ ଭିତରେ ଏକ ଧାରାବାହିକ-ବିଭାଷା
train/img_00151.jpg,ପୂର୍ବେ ଦେବଦାସୀମାନଙ୍କଦ୍ୱାରା ପୁରୀ ଜଗନ୍ନାଥ ମନ୍ଦିରରେ ମାହାରୀ ନୃତ୍ୟ ପ୍ରଦର୍ଶନ କରାଯାଉଥିଲା।
train/img_00152.jpg,"ମୁଖ୍ୟତଃ ବୈଷ୍ଣବମାନେ ଘାଟ ପାର ହୋଇ ରାଧା ମଥୁରାକୁ ଯିବା, କୃଷ୍ଣ ଘାଟ ସଉଦା ମାଗିବା, ରାଧାକୃଷ୍ଣଙ୍କର ମିଳନ ହେବା ପ୍ରଭୃତି ଏଇ ନାଟର ମୁଖ୍ୟ ବିଷୟ।"
train/img_00153.jpg,ଏହାକୁ ଦୃଷ୍ଟିରେ ରଖି ଝୁମର ନୃତ୍ୟର ବହୁ ବିଭାଗ ସୃଷ୍ଟି ହୋଇଛି ।
train/img_00154.jpg,ମହିଳା: ୬୫ ୮୪
train/img_00155.jpg,"ବଲାଙ୍ଗିର ଜିଲ୍ଲା, ଓଡ଼ିଶାର ପଶ୍ଚିମରେ ଥିବା ଏକ ପ୍ରଶାସନିକ ଜିଲ୍ଲା ।"
train/img_00156.jpg,ଠାକୁରଙ୍କ ଅଣସର/ଅନବସର ସମୟରେ ପଟିଦିଅଁମାନେ ଏଠାରୁ ଯାଆନ୍ତି ଓ ପରେ ଆସି ରଖାଯାଆନ୍ତି ।
train/img_00157.jpg,ପିଠାପଣା
train/img_00158.jpg,"ନାଟୁଆମାନେ ମୁହଁରେ ମଧ୍ୟ ଶୃଙ୍ଗାର କରିଥାନ୍ତି, ଆଖିରେ ସୁରମା ଓ ମୁହଁରେ କୁଙ୍କୁମରେ ଚିତା ଆଙ୍କିଥାନ୍ତି ।"
train/img_00159.jpg,ଲେଖା ଉଦାହରଣ
train/img_00160.jpg,ଏହି ଦୃଷ୍ଟିରୁ ଆଲୋଚକମାନେ ଝୁମରର ଯୁଗବିଭାଜନ କରିଛନ୍ତି ।
train/img_00161.jpg,ଇଂରେଜ ଅମଳରେ ସମଗ୍ର ଭାରତୀୟ ଉପମହାଦେଶରେ ମାରୁଆଡ଼ି ଓ ଗୁଜରାଟୀ ବେପାରୀ ଗୋଷ୍ଠୀର ଅଭୂଦୟ ହୋଇଥିଲା ।
train/img_00162.jpg,ଏହି ଗଛ ତଳେ ବୁଦ୍ଧ ବୁଦ୍ଧତ୍ୱ ଲାଭ କରିଥିବା ହେତୁ ଏହାକୁ ବୋଧିଦ୍ରୁମ ମଧ୍ୟ କୁହାଯାଏ ।
train/img_00163.jpg,ଓଡ଼ିଶାର ବୟନ ଶିଳ୍ପରେ ଟାଏ ଡାଏ ପ୍ରଣାଳୀରେ ରଙ୍ଗ ବ୍ୟବହାର କରାଯାଇ ଥାଏ।
train/img_00164.jpg,"ଶ୍ରୀଧର ସ୍ୱାମୀ,"
train/img_00165.jpg,ସମୁଦ୍ର ପତନଠାରୁ ଏହା ୯୫୮ ଫୁଟ ଉଚ୍ଚତାରେ ରହିଛି ।
train/img_00166.jpg,ଝୁମର ଏକ ସଂଗୀତ ବୋଲି ପୂର୍ବରୁ ପ୍ରକାଶିତ ।
train/img_00167.jpg,"ମନ୍ଦିର , ଚକ୍ର, ଫୁଲ, ପତ୍ର, ପ୍ରକୃତି ଏବଂ ଆଦିବାସୀ ସଂସ୍କୃତି , ତାଙ୍କର ବ୍ୟବହାର୍ଯ୍ୟ ହାତହତିଆର, ପାଳନ କରୁଥିବା ପର୍ବପର୍ବାଣି , ପଶୁପକ୍ଷୀ, ଝୋଟି ଚିତ୍ର ତଥା କାରୁକାର୍ଯ୍ୟ ଭାବରେ ବହୁଳ ବ୍ୟବହାର କରାଯାଏ ।"
train/img_00168.jpg,"ଓଡ଼ିଶୀ, ଓଡ଼ିଶାର ଶିବ, ବିଷ୍ଣୁ ଓ ବାକି ମନ୍ଦିର (କୋଣାର୍କର ସୁର୍ଯ୍ୟ ମନ୍ଦିର)ରେ ଥିବା ମୂର୍ତ୍ତିରେ ମଧ୍ୟ ଦେଖିବାକୁ ମିଳେ ।"
train/img_00169.jpg,ଚିଟାଗଙ୍ଗ ଦେଶର ବୃହତ୍ତମ ସାମୁଦ୍ରିକ ବନ୍ଦର ଓ ଦ୍ୱିତୀୟ ବୃହତ୍ତମ ସହର।
train/img_00170.jpg,କଟକ ଜିଲ୍ଲାର ଭୌଗୋଳିକ ଅବସ୍ଥିତି ହେଉଛି ୨୦ ୩ରୁ ୨୦ ୪୦ ଉ ୮୪ ୫୮ରୁ ୮୬ ୨୦ ପୂ ସମୁଦ୍ର ପତ୍ତନରୁ ଏହାର ହାରାହାରି ଉଚ୍ଚତା ୩୭ ମିଟର (୧୨୧ ଫୁଟ୍) ।
train/img_00171.jpg,"ନନ୍ଦପୁଅ ଆଙ୍ଖେ ଦେଖଲେ ବଡା କାବା ଲଗଶି ଗୋ """
train/img_00172.jpg,ପାଣି ଦଣ୍ଡ
train/img_00173.jpg,ମିଜୋ ଭାଷା ଭାରତର ଉତ୍ତର-ପୂର୍ବାଞ୍ଚଳରେ ଅବସ୍ଥିତ 'ମିଜୋରାମ' ରାଜ୍ୟର ସରକାରୀ ଭାଷା ଅଟେ
train/img_00174.jpg,ମହାନଦୀ
train/img_00175.jpg,ରାମାନୁଜନ ବିଖ୍ୟାତ ଗଣିତଜ୍ଞ ୩୫୪୨ଟି ଉପପାଦ୍ୟର ରଚନା ଓ ପ୍ରମାଣ
train/img_00176.jpg,ପୁରୁଷ ସାକ୍ଷରତା ହାର ୯୩ ୮୩ ଥିବା ବେଳେ ନାରୀ ସାକ୍ଷରତା ହାର ୮୫ ୯୨ ରହିଛିି ।
train/img_00177.jpg,ସିଂହଳରେ ଖ୍ରୀଷ୍ଟପର ଚତୁର୍ଥ ଓ ପଞ୍ଚମ ଶତାବ୍ଦୀରେ ହୀନଯାନ ବୌଦ୍ଧଧର୍ମର ବିକାଶ ଘଟିଥିଲା ।
train/img_00178.jpg,ବାଲିମେଳା
train/img_00179.jpg,ତା ପରେ ୧୯୭୨ରେ କଟକରୁ ରାଜଧାନୀ ସ୍ଥାନାନ୍ତରିତ କରାଗଲା ।
train/img_00180.jpg,ଗୋରଖନାଥ
train/img_00181.jpg,ରେ ଗଜପତି ଜିଲ୍ଲା - -
train/img_00182.jpg,ଯଥା : ଶ୍ରୀରାମଚନ୍ଦ୍ର ଦେବ ମୋଗଲ ହେବାରୁ ରାମଚନ୍ଦ୍ର ବଡ଼ଜେନା ରାଉତ ରାଜୁତିରେ ମୁନିମ୍ ଖାଁ ଡରରେ ପାଲରେ ପଡି ମୋଗଲ ବୋଲାଇଲେ ।
train/img_00183.jpg,କଲ୍ୟାଣ ମଣ୍ଡପ
train/img_00184.jpg,ତା ପରେ ରାଜା ପ୍ରତାପ ବଳଭଦ୍ର ଭଞ୍ଜଙ୍କ (୧୭୬୪-୧୭୯୨) ସମୟରେ ଟିଲୋ ଓ ଯୁଝପଡ଼ା ଅଞ୍ଚଳ ଦୁଇଟିକୁକଣ୍ଟାଝରି ଜମିଦାରୀରୁ କିଣାଯାଇ ରାଜ୍ୟରେ ମିଶାଗଲା ।
train/img_00185.jpg,"୨୦୧୧ ଜନଗଣନା ଅନୁଯାୟୀ କଟକର ମୋଟ ଜନସଂଖ୍ୟା ୬,୦୬,୦୦୭ ।"
train/img_00186.jpg,"ଲଳିତଗିରି, ଯାଜପୁର"
train/img_00187.jpg,"ପ୍ରଥମ ଅଙ୍ଗ -ପୂର୍ବ ଯାତ୍ରା, ଦ୍ୱିତୀୟ ଯାତ୍ରା- ଗୁଣ୍ଡିଚା ମଣ୍ଡପରେ ଅବସ୍ଥାନ ବା ଆଡ଼ପ, ତୃତୀୟ ଅଙ୍ଗ- ବାହୁଡା ଯାତ୍ରା।"
train/img_00188.jpg,ଆଳି
train/img_00189.jpg,ଚାରି ପାଖେ ହାରାମାଳି ମାରିବ।
train/img_00190.jpg,ଅତ୍ୟନ୍ତ ସ୍ମୃତି ଶକ୍ତି ଏବଂ ସାହିତ୍ୟ ଓ ପ୍ରୋସୋଡି ବିଷୟରେ ଗଭୀର ଜ୍ଞାନର ଆବଶ୍ୟକତା ଥିବା ଏକ ସାହିତ୍ୟ ପରିବେଷଣ 'ଅବଧାନ' ପାଞ୍ଚ ଶତାବ୍ଦୀରୁ ଅଧିକ ସମୟ ଧରି ତେଲୁଗୁ କବିମାନଙ୍କ ମଧ୍ୟରେ ବିଶେଷ ଭାବରେ ଚାଷ କରାଯାଉଥିଲା ।
train/img_00191.jpg,ଓଡ଼ିଶୀ ନୃତ୍ୟ ଭଳି ଓଡ଼ିଶୀ ସଙ୍ଗୀତ ମଧ୍ୟ ଏକ ଶାସ୍ତ୍ରୀୟ ସଙ୍ଗୀତ ।
train/img_00192.jpg,"ଆର୍କିଟେକଚରାଲ ପ୍ଲାନିଙ୍ଗ, କ୍ୱାଲିଟି, କ୍ୱାଲିଟି କଣ୍ଟ୍ରୋଲ, ସର୍ଭେ ବର୍କ ଆଣ୍ଡ ସିଭିଲ କନସଲଟାନ୍ସି - -"
train/img_00193.jpg,ଦେଶର ଉତ୍ତର ହେଉଛି ଥାଇ ମାଳଭୂମିର ପାର୍ବତ୍ୟ ଅଞ୍ଚଳ।
train/img_00194.jpg,ବଢ଼େଇ ମହାରଣା
train/img_00195.jpg,"ଏହାର କ୍ଷେତ୍ର ୭୯୭୧୦ କିମି (୩୦,୭୭୮ ବର୍ଗ ମାଇଲ) ।"
train/img_00196.jpg,"ଲୋକକବି କେବଳ ସମାଜର ଚିତ୍ରକାର ନୁହେଁ, ଜୀବନର ମଧ୍ୟ ଭାଷ୍ୟକାର ।"
train/img_00197.jpg,ଶ୍ରୀନୀଳମାଧବ
train/img_00198.jpg,ଛତିଶଗଡ଼ର ଯଶପୁର ଏବଂ ଝାଡ଼ଖଣ୍ଡର ସିମଡେଗା ଜିଲ୍ଲାରେ ଏହି ଭାଷା ମଧ୍ୟ କୁହାଯାଏ ।
train/img_00199.jpg,"ଗ୍ରାମାଞ୍ଚଳ: ୬,୫୭,୧୨୧"
train/img_00200.jpg,କଟକ ଭାରତର ଓଡ଼ିଶାର ପୂର୍ବପଟେ ଥିବା ଏକ ପ୍ରଶାସନିକ ଜିଲ୍ଲା ।
train/img_00201.jpg,ଭୁବନେଶ୍ୱର ତା ନିଜ ପବନ କାରଣରୁ ମଧ୍ୟ ପ୍ରସିଦ୍ଧ ।
train/img_00202.jpg,ଅନାନ୍ୟ
train/img_00203.jpg,"-ବନ୍ଧ - ତୁମୁଡ଼ିବନ୍ଧ , ଗରାବନ୍ଧ ଇତ୍ୟାଦି"
train/img_00204.jpg,ଏପରିକି ଏହି ମହାବେଦୀ ମହୋତ୍ସବକୁ ନିର୍ମଳ ମନରେ ଯେଉଁ ଭକ୍ତ ଦର୍ଶନ କରେ ତାର ଶତକୋଟି ଜନ୍ମର ପାପରାଶି କ୍ଷଣକେ ନଷ୍ଟ ହୁଏ।
train/img_00205.jpg,ଏଠାରେ ବାର୍ଷିକ ହାରାହାରି ବୃଷ୍ଟିପାତ ୧୩୫୪ ୦ / ହୋଇଥାଏ ।
train/img_00206.jpg,ଏହାର ସ୍ଥଳସେନା ପୃଥିବୀରେ ତୃତୀୟ ବୃହତ୍ତମ ଓ ପ୍ରତିରକ୍ଷାରେ ଭାରତ କରୁଥିବା ଖର୍ଚ୍ଚରେ ପୃଥିବୀର ଅନ୍ୟାନ୍ୟ ଦେଶମାନଙ୍କ ଭିତରେ ଭାରତର ସ୍ଥାନ ନବମ ।
train/img_00207.jpg,ସହର ସମଗ୍ର କ୍ଷେତ୍ରଫଳ ୬୦୩ ବର୍ଗକି ମି (୨୩୩ ବର୍ଗମାଇଲ) ।
train/img_00208.jpg,ବଟ ଗଣେଶ
train/img_00209.jpg,ସମ୍ବଲପୁରୀ ନୃତ୍ୟ
train/img_00210.jpg,ଯାହାର ଆଲୋଚନା ସମୟ ସାପେକ୍ଷ ।
train/img_00211.jpg,ଯଦିଓ ସ୍ୱାଧୀନତା ପରବର୍ତ୍ତୀ କାଳରେ ୧୯୪୮ରେ ଭୁବନେଶ୍ୱର ଓଡ଼ିଶାର ରାଜଧାନୀରେ ପରିଣତ ହେଲା ତଥାପି ଶାସନତନ୍ତ୍ରରେ ଏଯାବତ୍ କଟକ ନିଜର ଏକ ସ୍ୱତନ୍ତ୍ର ପତିଆରା ବଜାୟ ରଖିଛି
train/img_00212.jpg,ଅର୍ଥ-କନ୍ଦର୍ପରଶର ବକ୍ଷ ଜର୍ଜର କରୁଛି ।
train/img_00213.jpg,"ସେ ତାଙ୍କ ସାଙ୍ଗ, ତାଙ୍କ ସ୍ପର୍ଶ, ଏବଂ ପୃଥିବୀ ପୃଷ୍ଟ/ଧରିତ୍ରୀ ମାର ଶେଷ ଭଲ ପାଇବା ଚାହୁଁଥିଲେ।ମୁଁ ମୋ ଜନ୍ମଦିନ ମଝିରେ ହଜିଯାଇଛି ।"
train/img_00214.jpg,କନକମୁଣ୍ଡି ମରାମତି କରିବା କାର୍ଯ୍ୟ ଏହି ମଠର ଦାୟିତ୍ୱ ଅଟେ।
train/img_00215.jpg,"ଚିଲିକା ହ୍ରଦ ଏହା ଏକ ସୁନ୍ଦର ସ୍ଥାନ, ଶୀତଦିନେ ଏଠାକୁ ଅନେକ ସୁନ୍ଦର ପକ୍ଷୀମାନେ ବିଦେଶରୁ ଆସନ୍ତି ।"
train/img_00216.jpg,ଏହି ମାଟିର ଯାତ୍ରା ଅନୁଷ୍ଠାନ ଓ ଯାତ୍ରାକାର ଓଡ଼ିଆ ଯାତ୍ରା କ୍ଷେତ୍ରରେ ପ୍ରସିଦ୍ଧିଲାଭ କରିପାରିଛନ୍ତି ।
train/img_00217.jpg,ରାଣା
train/img_00218.jpg,"ଓଡ଼ିଶା ଓଲିମ୍ପିକ ସଂଘ, ଓଡ଼ିଶା କ୍ରିକେଟ ସଂଘ ଆଦି ୩୦ରୁ ଅଧିକ ରାଜ୍ୟ ସ୍ତରୀୟ କ୍ରୀଡ଼ା ମହାସଂଘର ମୁଖ୍ୟ କାର୍ଯ୍ୟାଳୟ କଟକ ନଗରରେ ଅବସ୍ଥିତ।"
train/img_00219.jpg,ଏ ଜିଲ୍ଲାରେ ଶିକ୍ଷାର ନିଅଁ ପଡ଼ିଛି ସନ୧୮୮୨ଠାରୁ।
train/img_00220.jpg,ନୁଆପଡା ଜିଲ୍ଲା ଓଡିଶାର ପଶ୍ଚିମ ଅଂଶରେ ଅବସ୍ଥିତ ।
train/img_00221.jpg,ତେଣୁ ପୁରାଣମାନଙ୍କରେ କୁହାଯାଇଛି - ଶ୍ରୀମନ୍ଦିରରେ ଦଶବର୍ଷ ଦର୍ଶନ କଲେ ଯାହା ଫଳ ମିଳେ ଗୁଣ୍ଡିଚା ମନ୍ଦିରରେ ଏକ ଦିବସ ଦର୍ଶନରେ ସେତିକି ଫଳ ଲାଭ ହୁଏ।
train/img_00222.jpg,"୧୮୯୧ ପୂର୍ବବର୍ତ୍ତୀ ଯୁଗକୁ ସମ୍ବଲପୁରୀ ଭାଷାର ""ଅନ୍ଧାର ଯୁଗ"" କୁହାଯାଏ ।"
train/img_00223.jpg,ଶୁକ୍ଳ ଦ୍ୱିତୀୟା ଦିନ ଇନ୍ଦ୍ରଦ୍ୟୁମ୍ନ ସରୋବରରେ ସ୍ନାନକରି ନୃସିଂହଙ୍କଠାରେ ସଂକଳ୍ପ ବ୍ରତ ଆରମ୍ଭ କଲେ ମହାପୂଣ୍ୟ ହୋଇଥାଏ।
train/img_00224.jpg,"ଶୁଭ୍ରତଟିନୀକୂଳ-ଶୀକର-ସମୀର,"
train/img_00225.jpg,ଗୁରୁର କଥାତେ ବିଶ୍ୱାସ ନା କର
train/img_00226.jpg,୧୯୪୬ ଖ୍ରୀ - ଓଡ଼ିଶା ସ୍ୱାୟତ ଶାସନ ସୁବିଧା ହାସଲ କଲା ।
train/img_00227.jpg,୧୩ ଦିନ ଶେଷର ଦିନକୁ ମେରୁ ସଂକ୍ରାନ୍ତି ବା ପଣା ସଂକ୍ରାନ୍ତି କୁହାଯାଏ ।
train/img_00228.jpg,ଏଠାରେ ଥିବା ପାଠାଗାର ଏହାର ସବୁଠାରୁ ପୁରୁଣା ଓ ପ୍ରଥମ ଲୋକା ସେବା ।
train/img_00229.jpg,ଚତୁର୍ଦ୍ଧା ଦାରୁମୁର୍ତ୍ତିଙ୍କ ସହ ନୀଳମାଧବ ଏବଂ ଶ୍ରୀଦେବୀ (ଲକ୍ଷ୍ମୀଙ୍କ ସୁବର୍ଣ୍ଣ ମୁର୍ତ୍ତୀ) ଓ ଭୂଦେବୀ (ସରସ୍ୱତୀଙ୍କ ରୂପା ମୁର୍ତ୍ତି) ମଧ୍ୟ ରତ୍ନସିଂହାସନାସୀନ ।
train/img_00230.jpg,ଏହା ବ୍ରାହ୍ମୀ ଲିପିରୁ ତିଆରି ହୋଇଛି ଓ ତାହା ପୁରାତନ ଲିପି ସହ ପାଖାପାଖି ସମାନ ।
train/img_00231.jpg,ଏହା ଗଡ଼ଜାତ ରାଜା ଢେ଼ଙ୍କ ଶବରଦ୍ୱାରା ସ୍ଥାପିତ ହୋଇଥିଲା ।
train/img_00232.jpg,ବାରବାଟିଆ ଗ୍ରାମର ଆୟୋଜିତ ହେଉଥିବା ଦୁର୍ଗାପୂଜା ୪୦୦ ବର୍ଷର ପୁରୁଣା।
train/img_00233.jpg,ମନ୍ତ୍ରୀମଣ୍ଡଳରେ ଦୁଇ ସ୍ତରର ମନ୍ତ୍ରୀ ରହିଥାନ୍ତି
train/img_00234.jpg,ଯଥା - ଶ୍ରୀପଞ୍ଚମୀ ଦିନ ରଥକାଠ ପୁରୀରେ ପହଞ୍ଚିବା ସଙ୍ଗେ ସଙ୍ଗେ ଅନୁକୂଳ ନୀତି ଶ୍ରୀମନ୍ଦିର କାର୍ଯ୍ୟାଳୟ ସମ୍ମୁଖରେ ହୋଇଥାଏ।
train/img_00235.jpg,ଉଦ୍ୟାନ ତା’ପାଖ ଗୋପବନ୍ଧୁ ପାର୍କ ଓ ଚର୍ଚ୍ଚିକା ବଜାରସ୍ଥିତ ।
train/img_00236.jpg,ଧୂଳିଦଣ୍ଡ
train/img_00237.jpg,ପ୍ରତିଦିନ ଏଠାରୁ ଶହଶହ ବସ୍ ଓଡ଼ିଶାର ବିଭିନ୍ନ ଅଞ୍ଚଳକୁ ଯାତାୟତ କରେ ।
train/img_00238.jpg,ମଦର ଟେରେସା ୧୯୩୯ରେ ନୋବେଲ ପୁରସ୍କାର ଶାନ୍ତି ପାଇଁ
train/img_00239.jpg,"କେହି କେହି ମାର୍କଣ୍ଡେୟ ପୁଷ୍କରିଣୀରେ ସ୍ନାନ, ମାର୍କଣ୍ଡେଶ୍ୱର ଶିବଙ୍କର ଦର୍ଶନ, ଅକ୍ଷୟବଟ ଓ ବଟମୂଳରେ ଥିବା ବଟେଶ୍ୱରଙ୍କୁ ଦର୍ଶନ, ମନ୍ଦିର ଭିତରେ ଗରୁଡ଼ ଓ ଠାକୁରଙ୍କୁ ଦର୍ଶନ, ଉଗ୍ରସେନଙ୍କୁ ଦର୍ଶନ କରି ସାଗର ଓ ଇନ୍ଦ୍ରଦ୍ୟୁମ୍ନରେ ସ୍ନାନ ଓ ତଦୁପରାନ୍ତ ନୃସିଂହଙ୍କୁ ଦର୍ଶନ କରିବାକୁ ପଞ୍ଚତୀର୍ଥ କହିଥାନ୍ତି ।"
train/img_00240.jpg,ମୈଥିଳୀ ଭାଷା ଏକ ଭାରତୀୟ ଭାଷା ।
train/img_00241.jpg,"ଶ୍ରୀମନ୍ଦିରସ୍ଥ ରତ୍ନସିଂହାସନ ଉପରେ ଶ୍ରୀବିଗ୍ରହମାନେ ବିଭିନ୍ନ ତିଥିରେ ଯଥା : କାର୍ତ୍ତିକ ପୂର୍ଣ୍ଣିମା, କୁମାର ପୂର୍ଣ୍ଣିମା, ଦୋଳ ପୂର୍ଣ୍ଣିମା, ଦଶହରା ପ୍ରଭୃତି ଦିବସମାନଙ୍କରେ ରାଜବେଶ, ରାଜା ରାଜେଶ୍ୱର ଇତ୍ୟାଦି ସୁନାବେଶରେ ସଜ୍ଜିତ ହେଉଥିଲେ ହେଁ ଶ୍ରୀଗୁଣ୍ଡିଚା ରଥଯାତ୍ରାର ଅନ୍ତିମ ପର୍ଯ୍ୟାୟରେ ଅର୍ଥାତ ଆଷାଢ଼ ଶୁକ୍ଲ ଏକାଦଶୀ ଦିନ ସିଂହଦ୍ୱାରଠାରେ ଦଣ୍ଡାୟମାନ ଥିବା ତ୍ରିରଥ ଉପରେ ଆକର୍ଷଣୀୟ ସୁନାବେଶ ହୋଇ ଲକ୍ଷ ଲକ୍ଷ ଭକ୍ତଙ୍କ ସମ୍ମୁଖରେ ଦର୍ଶନ ଦେଇଥାନ୍ତି ।"
train/img_00242.jpg,ସରସ୍ୱତୀ ଶିଶୁ ମନ୍ଦିର-୧୩
train/img_00243.jpg,ଏହା ଉତ୍ତର ରୁ ’ ଅକ୍ଷାଂଶ ଏବଂ ’ ପୂର୍ବ ଦ୍ରାଘିମାଙ୍କ ମଧ୍ୟରେ ଅବସ୍ଥିତ ।
train/img_00244.jpg,"ରଥଯାତ୍ରା ଅବସରରେ ଗଜପତି ମହାରାଜାମାନେ ରଥରେ ଛେରା ପହଁରା ସେବା କରିବା ସମୟରେ ସୁସଜ୍ଜିତ ହସ୍ତୀ ମଧ୍ୟ ଶୋଭାଯାତ୍ରାର ଅଗ୍ରଭାଗରେ ରହୁଥିଲେ, ଯାହାକି ଅତ୍ୟନ୍ତ ମନମୁଗ୍ଧକର ଦୃଶ୍ୟ ଅଟେ।"
train/img_00245.jpg,"କଥିତ ଅଛି ଯେ, ମହାପ୍ରଭୁ ଲକ୍ଷ୍ମୀଦେବୀଙ୍କୁ ରସଗୋଲା ଖୁଆଇ ତାଙ୍କର ମନୋରଞ୍ଜନ କରିଥିଲେ ।"
train/img_00246.jpg,(୧) ଶବ୍ଦାଳାଙ୍କାର : ଶବ୍ଦାଳଙ୍କାର ବିମଣ୍ଡିତ କେତେଗୁଡ଼ିଏ ଝୁମର ନିମ୍ନମତେ ପରିଦୃଷ୍ଟ
train/img_00247.jpg,ଏହା ନିମ୍ନ ସାରଣୀରୁ ସ୍ପଷ୍ଟ ଜଣାପଡ଼େ।
train/img_00248.jpg,ସାତପଡା
train/img_00249.jpg,ଏହା ଖରିଆରଠାରୁ ୪୧କିମି ।
train/img_00250.jpg,ନୂଆଗଡ଼
train/img_00251.jpg,ଫାଗୁନ ମହିଳା ଆୟଃ ରାଞ୍ଚୀ ମେଲା ଲାଗେ ।’’
train/img_00252.jpg,"ଆଉ କେତେଜଣ ଆଗଧାଡ଼ିର ସାହିତ୍ୟ କାରମାନେ ହେଲେ, କବିଶେଖର ଚିନ୍ତାମଣି ମହାନ୍ତି, ଚାରଣକବି ବାଞ୍ଛାନିଧି ମହାନ୍ତି, କାନ୍ତକବି ଲକ୍ଷ୍ମୀକାନ୍ତ ମହାପାତ୍ର, ନିତ୍ୟାନନ୍ଦ ମହାପାତ୍ର, ଗୌରଚନ୍ଦ୍ର ମହାପାତ୍ର, ହରେକୃଷ୍ଣ ମହତାବ, ପୋଥି ବିଶାରଦ ନୀଳମଣି ମିଶ୍ର, କୃଷ୍ଣ ଚରଣ ବେହେରା।"
train/img_00253.jpg,ଇତିହାସରୁ ଜଣାଯାଏ ରାଜା ଇନ୍ଦ୍ରଦ୍ୟୁମ୍ନ ଅଶ୍ୱମେଧ ଯଜ୍ଞ ଏବଂ ଜଗନ୍ନାଥସଂସ୍କୃତିର ଜଗନ୍ନାଥଙ୍କ ସମେତ ଚାରି ବିଗ୍ରହ ସ୍ଥାପନ କରିଥିଲେ ।
train/img_00254.jpg,ଏହି ଆକ୍ରମଣ ପରେ ଭାରତ ତାର ଜଳପଥର ସୁରକ୍ଷା ବ୍ୟବସ୍ଥା କଡାକଡି କରିଥିଲା।
train/img_00255.jpg,"ପରିବା, ପିଆଜ ପଞ୍ଚଫୁଟଣ ଆଦି ଦେଇ ଭଜାଯାଇଥାଏ ।ଆଳୁ-କଲରା, ଆଳୁ-ପୋଟଳ, ଜହ୍ନି-ଆଳୁ, ବିଲାତି ବାଇଗଣ ଫେରି ଭଜା ଆଦି ଭଜାର ଉଦାହରଣ ଗୋଟା ଭଜା ଯଥା କଲରା, ଭେଣ୍ଡି ଆଦିରେ ପରିବାକୁ ଚିରି ବିଭିନ୍ନ ମସଲାର ପୂର ଦେଇ ତିଆରି କରାଯାଏ ।"
train/img_00256.jpg,ଲିଙ୍ଗରାଜ ମନ୍ଦିର ରୋଡ଼ ରେଳଷ୍ଟେସନ
train/img_00257.jpg,ରାଜା ରଥ ତଳେ ପଥରେ ଛେରା ପହଁରା କରୁଥିଲେ ।
train/img_00258.jpg,ଆୟୁର୍ବେଦ ଶାସ୍ତ୍ର ଅନୁସାରେ ପାନ ଜୀର୍ଣ୍ଣକାରକ ଏବଂ କୃମିନାଶକ ।
train/img_00259.jpg,"୨୦୧୧ ଜନଗଣନା ଅନୁସାରେ, କୋରାପୁଟ ଜିଲ୍ଲାର ମୋଟ ଲୋକସଂଖ୍ୟା ୧୩,୭୬,୯୩୪ ।"
train/img_00260.jpg,"ଉପନୟନ ପରେ,୧୮୭୩ ମସିହାରେ ଫେବୃଆରୀ ମାସରେ, ସେ ଯେତେବେଳେ ୧୧ବର୍ଷର ହୋଇଥିଲେ, ସେ ତାଙ୍କ ବାପାଙ୍କ ସହ ଭାରତ ପରିଦର୍ଶନ ଯାଇଥିଲେ ।"
train/img_00261.jpg,ଓସାର ୧ ଚଉଠା ନାଇକା ଉପରେ ୮ଚଉଠାଇ ଚଉତାଳ କରିବ।
train/img_00262.jpg,କଟକ ଭାରତର ଓଡ଼ିଶାର ପୂର୍ବପଟେ ଥିବା ଏକ ପ୍ରଶାସନିକ ଜିଲ୍ଲା ।
train/img_00263.jpg,"ପତିତ ପାବନ କ୍ଷେତ୍ର, ମର୍ତ୍ତ୍ୟବୈକୁଣ୍ଠ, ଯମନିକ କ୍ଷେତ୍ର ପ୍ରଭୃତି"
train/img_00264.jpg,ମରାଠା ଶାସନ
train/img_00265.jpg,ମହାନଦୀ ପୋଲ
train/img_00266.jpg,କଟକରେ ଜାତୀୟ ସ୍ତରରେ ପ୍ରତିଷ୍ଠିତ ନାନା ଶୈ କ୍ଷିକ ଅନୁଷ୍ଠାନ ଯଥା ରେଭେନ୍ସା ବିଶ୍ୱବିଦ୍ୟାଳୟ ରହିଛି ।
train/img_00267.jpg,ପ୍ରାରମ୍ଭିକ ଜୀବନ
train/img_00268.jpg,ଶୀତଋତୁ ନଭେମ୍ବରରୁ ଆରମ୍ଭ ହୋ ଇ ଜାନୁଆରୀ ଆରମ୍ଭ ଯାଏଁ ରହିଥାଏ ।
train/img_00269.jpg,ପରବର୍ତ୍ତୀ ସମୟରେ ଶୈଳୋଦ୍ଭବ ବଂଶୀୟ ରାଜା ଧର୍ମରାଜ ଓ ସୋମବଂଶୀ ରାଜା ଉଦ୍ୟୋତକେଶରୀ ଓଡ଼ିଶାରେ ଜୈନ ଧର୍ମର ପୃଷ୍ଠପୋଷକା କରିଲେ ।
train/img_00270.jpg,ଏହାର କିଛିମାସ ମରେ ୧୨ ମାର୍ଚ୍ଚ ୧୯୯୩ରେ ପୂର୍ବ ନିଯୋଜିତ ବମ ବିସ୍ଫୋଟ ସହରକୁ ଦୋହଲେଇଦେଇଥିଲା।
train/img_00271.jpg,ଚୈତ୍ର ମାସରେ ଶିବ ମନ୍ଦିରରେ ଏହି ତାମସା ଅଭିନୀତ ହେଉଥିବାରୁ ଏହାକୁ ଚଇତି ତାମସା ମଧ୍ୟ କୁହାଯାଏ।
train/img_00272.jpg,"ହେଲେ ତା ବାଦେ ଓଡ଼ିଶାକୁ ବେଢ଼ିରହିଥିବା ଆନ୍ଧ୍ର ପ୍ରଦେଶ, ଛତିଶଗଡ଼, ଝାଡ଼ଖଣ୍ଡ ଆଉ ପଶ୍ଚିମବଙ୍ଗ ଏହି ଚାରୋଟି ସୀମାନ୍ତରାଜ୍ୟର ଭାଷାରେ ମଧ୍ୟ ଓଡ଼ିଆ ଭାଷାଭାସୀ ଲୋକେ ଓଡ଼ିଆରେ କଥା କହନ୍ତି ଆଉ ଏସବୁ ଭାଷାରେ ଓଡ଼ିଆରେ ପ୍ରଭାବ ଦେଖିବାକୁ ମିଳେ ।"
train/img_00273.jpg,ମୁନି ପୂଜା
train/img_00274.jpg,"ସଡକପଥରେ କଟକ, କୋଲକାତା ଓ ଚେନ୍ନାଇକୁ ସଂଯୋଗ କରୁଥିବା ୫ ନଂ ଜାତୀୟ ରାଜପଥ ସହ ଉତ୍ତମ ଭାବେ ସଂଯୁକ୍ତ ରାଜ୍ୟର ପମୁଖ ବାଣିଜ୍ୟିକ କେନ୍ଦ୍ର ହୋ ଇଥିବାରୁ ଏହା ମଧ୍ୟ ରେଳପଥଦ୍ୱାରା ଉତ୍ତମ ରୂପେ ସଂଯୁକ୍ତ ।"
train/img_00275.jpg,ପଢୁଆ ହାର ୭୬ ୯୧
train/img_00276.jpg,ଏମାନଙ୍କ ଦୃଷ୍ଟି ଶକ୍ତି କମ୍ କିନ୍ତୁ ଶ୍ରବଣ ଓ ଘ୍ରାଣ ଶକ୍ତି ପ୍ରଖର।
train/img_00277.jpg,କଲାରିପାୟାଟ ସମରକଳା ୨୦୦ ଖ୍ରୀ ପୂ
train/img_00278.jpg,କଳିଙ୍ଗର ବୋଇତମାନ ଏହି ଲମ୍ବା ଯାତ୍ରା ସମୟରେ ବାଟରେ ଅନେକ ସ୍ଥାନରେ ଖାଦ୍ୟ ଓ ପିଇବା ପାଣିପାଇଁ ରହୁଥିବେ ।
train/img_00279.jpg,"ଆଳି ମହାବିଦ୍ୟାଳୟ, ଆଳି"
train/img_00280.jpg,କାକଟପୁର ମଙ୍ଗଳା
train/img_00281.jpg,"ଏହି କାଳରେ ଇତିହାସ, ସମାଲୋଚନା ସାହିତ୍ୟର ସାହିତ୍ୟ ଲେଖାଗଲା ।"
train/img_00282.jpg,ଜାତିର ପିତା ମହାତ୍ମା ଗାନ୍ଧୀ ଅହିଂସାର ପ୍ରତୀକ
train/img_00283.jpg,ଏହା ଛଡ଼ା ଚୁହାଇଁ ରାଜାମାନଙ୍କଦ୍ୱାରା ନିର୍ମିତ ମନ୍ଦିରଗୁଡ଼ିକ ମଧ୍ୟ ଏହି ସମୟର ଓ ସ୍ୱତନ୍ତ୍ର ।
train/img_00284.jpg,"ସେ ଚିତ୍ରକଳା, ବିଜ୍ଞାନ, ଇତିହାସ, ଭୂଗୋଳ, ଗଣିତ, ସାହିତ୍ୟ, ସଂସ୍କୃତ, ଓ ଇଂରାଜୀ ଇତ୍ୟାଦି ତାଙ୍କ ପସନ୍ଦର ବିଷୟରେ ଶିକ୍ଷା ଗ୍ରହଣ କରିଥିଲେ ।"
train/img_00285.jpg,"ଛ ବର୍ଷରୁ କମ: ୨,୦୬,୯୬୪"
train/img_00286.jpg,ଖ୍ରୀ ପୂ ୩୬୦-୨୬୦ - ନନ୍ଦ-ସାମ୍ରାଜ୍ୟରେ ଓଡ଼ିଶାର ଏକ ବଡ଼ ଭାଗ ଅନ୍ତର୍ଭୁକ୍ତ ।
train/img_00287.jpg,ନମାଜର ୩ଟି ଅଂଶ ରହିଛି:
train/img_00288.jpg,ସଂସ୍କୃତି ଓ ପରମ୍ପରା
train/img_00289.jpg,ସେଦିନ ବିଷ୍ଣୁଙ୍କର ପାଲିତ ଦକ୍ଷିଣାମୁଖୀ ଯାତ୍ରା ଅତ୍ୟନ୍ତ ଦୁର୍ଲଭ ।
train/img_00290.jpg,ଏଥିପାଇଁ ମନ୍ଦିର କାର୍ଯ୍ୟାଳୟ ତରଫରୁ ଆବଶ୍ୟକୀୟ ଅନୁମତି ପ୍ରଦାନ କରାଯାଇଥାଏ।
train/img_00291.jpg,ମନ୍ଦିରର ବିଧିବିଧାନ ଗଜପତି ବଂଶର ରାଜା ମାନଙ୍କଦ୍ୱାରା ଏବେ ମଧ୍ୟ ପାଳିତ ହେଉଅଛି ।
train/img_00292.jpg,"ଏହାର ମୁଣ୍ଡ ପାରାଠାରୁ ବଡ଼ ଓ ଶକ୍ତ, ଥଣ୍ଟଟି ଓଜନିଆ ଓ ମୁନିଆ।"
train/img_00293.jpg,୨୦୦୭ ମସିହାର ଗଣନା ଅନୁସାରେ ଏହା ସ୍ଥାନୀୟ ଭାଷାଭାଷୀଙ୍କ ସଂଖ୍ୟା ଭିତ୍ତିରେ ବିଶ୍ୱର ୨୬ ତମ ସର୍ବାଧିକ କଥିତ ଭାଷା ।
train/img_00294.jpg,ସମ୍ବଲପୁର ସହରରେ ଥିବା ୨୭ ଜଗନ୍ନାଥ ମନ୍ଦିରରୁ ୨୫ଟିରେ ରଥଯାତ୍ରା ଅନୁଷ୍ଠିତ ହେଉଛି ।
train/img_00295.jpg,ମାର୍କଣ୍ଡେଶ୍ୱର
train/img_00296.jpg,"ମହାପ୍ରଭୁ ପହଣ୍ଡି ବିଜେ ବିଜେରେ ଭିତର କାଠ ସମ୍ମୁଖସ୍ଥ ଭଣ୍ଡାର ଘରଠାରେ ପହଞ୍ଚିବା ପରେ ଗଇଁଠାଳ (ଋକ୍ମିଣୀ ବିବାହ କାଳର) ଫିଟେ ଓ ବନ୍ଦାପନା , ରସ ଗୋଲା ଭୋଗ ଇତ୍ୟାଦି ଭିତରଚ୍ଛ ମହାପାତ୍ରଙ୍କଦ୍ୱାରା ସମାହିତ ହୋଇଥାଏ।"
train/img_00297.jpg,ପ୍ରତିଦିନ ଏଠାରୁ ଶହଶହ ବସ୍ ଓଡ଼ିଶାର ବିଭିନ୍ନ ଅଞ୍ଚଳକୁ ଯାତାୟତ କରେ ।
train/img_00298.jpg,ରାଜା ଦେଉଳ ଚଳାଉଥବା ବେଳେ ଏଠାରେ ଆସି କଚେରି କରୁଥଲେ ।
train/img_00299.jpg,"ତା ବଦଳରେ ମୁଁ କିଛି ପାଇବାକୁ /ଗ୍ରହଣ ବାକୁ ଚାହୁଁଚି ଯେମିତି କି-ଭଲ ପାଇବା ,କ୍ଷମା ଏହା ମୋ ସହ ମୋ ଶେଷ ସମୟ ପର୍ଯ୍ୟନ୍ତ ମୋ ସହ ରହିବ, ଯେତେବେଳେ କି ମୁଁ ମୋ ଜୀବନ ଡଙ୍ଗାରେ ଧରା ପୃଷ୍ଟରୁ ବିଦାୟ ନଉଥିବୀ ।"
train/img_00300.jpg,ବୋଇତ ନିର୍ମାଣର ନିୟମାବଳୀ ସମ୍ବନ୍ଧରେ ସଂସ୍କୃତ ଭାଷାରେ ଲିଖିତ ଯୁକ୍ତିକଳ୍ପତରୁରେ ବିବରଣୀ ରହିଛି ।
train/img_00301.jpg,"ତନ୍ମଧ୍ୟରେ ଭାରତୀୟ ଜନତା ପାର୍ଟି, ଭାରତୀୟ ଜାତୀୟ କଂଗ୍ରେସ ଭଳି ପ୍ରମୁଖ ଦଳଗୁଡିକ ସହ ୪୦ଟି ପ୍ରାଦେଶିକ ଦଳ ମଧ୍ୟ ଅନ୍ତର୍ଭୁକ୍ତ ।"
train/img_00302.jpg,ପ୍ରଥମ ସାତପୁର ପଟଳ ଉପରେ ପଟଳ ଭୂଇଁ ଲଦା ହେବ।
train/img_00303.jpg,ଦେଉଳକରଣ ସମସ୍ତ ତଥ୍ୟ ରାଜାଙ୍କ ପାଖେ ରଖୁଥିଲେ ।
train/img_00304.jpg,ଓଡ଼ିଶାର ବର୍ଷର ବିଭିନ୍ନ ସମୟରେ ନାନା ପ୍ରକାର ଯାନିଯାତ୍ରା ଓ ପର୍ବପର୍ବାଣି ଅନୁଷ୍ଠିତ ହୋଇଥାଏ ।
train/img_00305.jpg,ବହେ ମନ୍ଦମନ୍ଦ ସମୀରଣ ତାୟ
train/img_00306.jpg,ଦେଖିବାକୁ ଉଜ୍ଜଳ ରଙ୍ଗର ଏହି କାଞ୍ଚୁଲି ସାଧାରଣତଃ ପାଟରେ ତିଆରି ହୋଇଥାଏ ।
train/img_00307.jpg,ପ୍ରକୃତ ପକ୍ଷେ ଏହା ଏକାଦଶୀ ଦିନ ମଧ୍ୟ ହୋଇ ନ ପାରି ଦ୍ୱାଦଶୀ ତିଥିରେ ଏହି ଅଧର ପଣା ଭୋଗ କରାଯାଉଛି।
train/img_00308.jpg,ଆଜ୍ୟଧାରଯୁକ୍ତ ଅଷ୍ଟୋତ୍ତର ଶତ ଆହୁତି ଦେବେ।
train/img_00309.jpg,ରେ ରାୟଗଡ଼ା ଜିଲ୍ଲା - -
train/img_00310.jpg,"୧୯୪୮ ମସିହା ଜାନୁଆରୀ ପହିଲା ତାରିଖରେ ୨୩ଟି ଗଡ଼ଜାତର (ଆଠଗଡ଼, ଆଠମଲ୍ଲିକ, କଳାହାଣ୍ଡି, କେନ୍ଦୁଝର, ଖଣ୍ଡପଡ଼ା, ଗାଙ୍ଗପୁର, ଢେଙ୍କାନାଳ, ତାଳଚେର, ତିଗିରିଆ, ଦଶପଲ୍ଲା, ନରସିଂହପୁର, ନୟାଗଡ଼, ନୀଳଗିରି, ପାଟନା, ପାଲଲହଡ଼ା, ବଉଦ, ବଡ଼ମ୍ବା, ବଣାଇ, ବାମଣ୍ଡା, ରଣପୁର, ରେଢ଼ାଖୋଲ, ସୋନପୁର ଓ ହିନ୍ଦୋଳ) ଓଡ଼ିଶା ସହିତ ମିଶ୍ରଣ ହୋଇଥିଲା ।"
train/img_00311.jpg,ଜାତୀୟ କ୍ରୀଡ଼ା ହକି
train/img_00312.jpg,ରିଆମାଳ
train/img_00313.jpg,ପଞ୍ଚଲିଙ୍ଗେଶ୍ୱର ଶିବ ମନ୍ଦିର
train/img_00314.jpg,ଆଳି
train/img_00315.jpg,"ନୀଳକଣ୍ଠେଶ୍ୱ୍ଅର ମନ୍ଦିର, ପାପଡାହାଣ୍ଡି"
train/img_00316.jpg,କୋରପୁଟ ଜିଲାର ସଡ଼କ ମାନଚିତ୍ର - -
train/img_00317.jpg,କାହାକୁ କହିବି ଓ ମୁଇଁ ଲାଜେ ମରିଯାଏଁ ।
train/img_00318.jpg,ଓଡ଼ିଶା ପ୍ରଚୀନ ସମୟରେ କଳିଙ୍ଗ ନାମରେ ଜଣାଶୁଣା ଥିଲା ।
train/img_00319.jpg,"ମିଖାଇଲ୍ ଏସ୍ ଆଣ୍ଡ୍ରୋନୋଭଙ୍କ ଅନୁଯାୟୀ, ଖ୍ରୀଷ୍ଟପୂର୍ବ ୧୦ ବେଳକୁ ତେଲୁଗୁ ପ୍ରୋଟୋ-ଦ୍ରାବିଡ଼ ଭାଷାରୁ ଅଲଗା ହୋଇଥିଲା।"
train/img_00320.jpg,"ଏହା ମୁଖ୍ୟତଃ ଓଡ଼ିଶାର ଗଞ୍ଜାମ, ଗଜପତି ଓ କନ୍ଧମାଳ ଜିଲ୍ଲାରେ ଏବଂ ଆନ୍ଧ୍ର ପ୍ରଦେଶରେ ଶ୍ରୀକାକଲୁଲ ଓ ପାର୍ବତୀପୁରମ ଜିଲ୍ଲାର ଲୋକମାନେ ବ୍ୟବହାର କରନ୍ତି ।"
train/img_00321.jpg,ଅନ୍ଧ ଚକ୍ଷୁଦାନ ପାଏ
train/img_00322.jpg,ଏହାକୁ ଗୁଣ୍ଡିଚା ପଞ୍ଚକ କୁହଯାଏ ।
train/img_00323.jpg,"ଏଠାରେ ୬୩ଟି ଜାତୀୟ ଉଦ୍ୟାନ ଏବଂ ଅନ୍ୟାନ୍ୟ ଶହ ଶହ ଫେଡେରାଲ୍ ପରିଚାଳିତ ପାର୍କ, ଜଙ୍ଗଲ ଏବଂ ମରୁଭୂମି ଅଞ୍ଚଳ ରହିଛି, ଯାହା ଜାତୀୟ ଉଦ୍ୟାନ ସେବାଦ୍ୱାରା ପରିଚାଳିତ ହୋଇଥାଏ ମୋଟ ଉପରେ, ଦେଶର ପ୍ରାୟ ୨୮ ଜମିର ମାଲିକାନା ଅଛି, ଯାହାକି ଅଧିକାଂଶ ପାଶ୍ଚାତ୍ୟ ରାଜ୍ୟରେ ରହିଛି।ଏହି ଜମିର ଅଧିକାଂଶ ଅଂଶ ସୁରକ୍ଷିତ, ଯଦିଓ କେତେକ ତୈଳ ଏବଂ ଗ୍ୟାସ୍ ଖନନ, ଖଣି, ଲଗିଂ କିମ୍ବା ଗୋରୁ ଚାଲାଣ ପାଇଁ ଲିଜ୍ ଦିଆଯାଇଛି ଏବଂ ପ୍ରାୟ ୮୬ ସାମରିକ ଉଦ୍ଦେଶ୍ୟରେ ବ୍ୟବହୃତ ହୋଇଥାଏ।"
train/img_00324.jpg,କାର୍ତ୍ତିକ ପୂର୍ଣ୍ଣିମାଠାରୁ ସାହାଡ଼ାଗ୍ରାମରେ ରାସଯାତ୍ରା ପାଳନ କରାଯାଏ।
train/img_00325.jpg,"ସମ୍ପ୍ରତି ପରମ୍ପରା ଅନୁଯାୟୀ ବିଭିନ୍ନ ପ୍ରକାରର ଓ ଧାର୍ଯ୍ୟ ପରିମାଣର ରଥ କୋରା, ବଲ୍ଲଭ ଖଇ, ଗଜାମୁଗ, ପାତି ନଡିଆ, ବିଭିନ୍ନ ଫଳ, ଶଙ୍ଖାକୃତି ଶାକର ଇତ୍ୟାଦି ଭୋଗ ରଥରେ ଠାକୁରଙ୍କ ଉଦ୍ଦେଶ୍ୟରେ ନୈବେଦ୍ୟ ହେଉଛି।"
train/img_00326.jpg,ସୂତା
train/img_00327.jpg,ରଥ ଛଅ ଗୋଟି ହେଉଥିଲା ।
train/img_00328.jpg,ଭୁବନେଶ୍ୱରକୁ ସହର ଭାବେ ଶ୍ରେଣୀବିଭକ୍ତ କରାଯାଇଛି ।
train/img_00329.jpg,ସେଥି ମଧ୍ୟରୁ ୫୦ ୫୪ ଜଣ ପରୁଷ ହୋଇଥିବା ବେଳେ ୪୯ ୪୬ ଜଣ ନାରୀ ଅଟନ୍ତି ।
train/img_00330.jpg,ସାକ୍ଷରତା ହାର: ୭୪ ୧୩
train/img_00331.jpg,ଏହାର ବୈଶିଷ୍ଟ୍ୟ
train/img_00332.jpg,"ପିପିଲି ତନ୍ତୁବାୟ ସହଯୋଗ ସମିତି,ମୋଉଦ ବେଗ, ବଳଙ୍ଗା, ପୁରୀ"
train/img_00333.jpg,ରଥଯାତ୍ରାରେ ଉକ୍ତ ମଠର ମହନ୍ତ ଚାମର ଓ ଆଲଟ ସେବା କରିବାର ଅଧିକାର ରହିଛି।
train/img_00334.jpg,"୧୮୪୪ ମସିହାରେ ସର୍ବ ପ୍ରଥମେ ଓଡ଼ିଶାର (କଟକ ସହର ନୁହେଁ) ହରିପୂର,ରେମୁଣା,କେନ୍ଦ୍ରାପଡ଼ାରେ ପ୍ରାଥମିକ ବିଦ୍ୟାଳୟ ସ୍ଥାପିତ ହୋଇଥିଲା ।୧୮୬୩ ମସିହାରେ ଏହି ବିଦ୍ୟାଳୟ ମଧ୍ୟ ଇଂରାଜୀ ଓ ୧୮୮୩ ମସିହାରେ ତତ୍କାଳୀନ ଏସଡିଓ କୀର୍ତିଗୋବିନ୍ଦ ଗୁପ୍ତଙ୍କଦ୍ୱାରା ଉଚ ବିଦ୍ୟାଳୟରେ ପରିଚିତ ହୋଇଥିଲା ।ବିଶିଷ୍ଟ ଶିକ୍ଷାବିତ ଜାମାଲଉଦ୍ଦୀନ ଓ ପଲ୍ଲୀକବି ନନ୍ଦକିଶୋର ବଳ ଏହି ବିଦ୍ୟାଳୟର ପ୍ରାକ୍ତନ ଛାତ୍ର ଥିଲେ।ଏହାପରେ ୧୮୯୩ ମସିହାରେ କେନ୍ଦ୍ରାପଡ଼ା ସହରରେ ନାରୀଶିକ୍ଷାର ପ୍ରସାର ପାଇଁ ଫ୍ରେଜର ବାଳିକା ବିଦ୍ୟାଳୟ ସ୍ଥାପିତ ହୋଇଥିଲା ।"
train/img_00335.jpg,"୨୦୧୧ ଜନଗଣନା ଅନୁସାରେ ଭୁବନେଶ୍ୱର ସହରର ଲୋକସଂଖ୍ୟା ୮,୩୭,୭୩୭ ।"
train/img_00336.jpg,ତାଙ୍କର ଲୀଳାରେ ଶ୍ରୀକ୍ଷେତ୍ର ବାହାରେ ନଈରୀଠାରେ ଗୋଟିଏ ଥର ରଥଯାତ୍ରା ହୋଇଥିଲା ।
train/img_00337.jpg,"ଭୋକ୍ତାମାନଙ୍କ ପାଇଁ କଠିନ ଆଚରଣ, ନିଷ୍ଠା ଏବଂ ତ୍ୟାଗର ବିଧିବିଧାନ ରହିଛି ।"
train/img_00338.jpg,"ପାନ ହେଉଛି ମୁଖବାସ, ପରିତୋଷ ।"
train/img_00339.jpg,ପଞ୍ଚସଖାଙ୍କ ଯୁଗ ଥିଲା ପୁରାଣ ଓ ଭକ୍ତିଯୁଗ ।
train/img_00340.jpg,ଏହି ମାଟିର ପରମ ଆରାଧ୍ୟ ଦେବତା ଶ୍ରୀ ଶ୍ରୀ ସିଦ୍ଧ ବଳଦେବଙ୍କ ‘କନ୍ଦରାସୁର ଉପାଖ୍ୟାନଙ୍କୁ ନେଇ ଏହାର ନାମ କେନ୍ଦ୍ରାପଡ଼ା ହୋଇଥିବାର ପୌରାଣିକ ତଥ୍ୟକୁ ବାଦ ଦେଲାପରେ ଅନେକ ପଲ୍ଲୀ ବା ଗ୍ରାମର ମଧ୍ୟସ୍ଥଳ ଭାବରେ ଏହାକୁ ପୂର୍ବେ ‘କେନ୍ଦ୍ରପଲ୍ଲୀ’ କୁହାଯାଉଥିବାର ଐତିହାସିକ ପ୍ରମାଣନୁଯାୟୀ ଏହାକୁ କେନ୍ଦ୍ରାପଡ଼ା କୁହାଯାଇଥାଏ ବୋଲି ବିଜ୍ଞ ଓ ଗବେଷକମାନେ ମତ ପୋଷଣ କରିଥାଆନ୍ତି ।
train/img_00341.jpg,ଅର୍ଥାତ ସ୍ୱର୍ଣ୍ଣପୁରୀରେ ଦେବଦୂତ ଦ୍ୱୟ ନାନା ରୁଚିର ଅଳଙ୍କାର ମାନ ସଂଯୁକ୍ତ କରି ରଥ ତିନୋଟି ନିର୍ମାଣ କରିଥିଲେ ।ନାରଦ କହିବା ଅନୁସାରେ ସେହିରଥ ତିନୋଟିକୁ ସୁନ୍ଦର ଓ ନରମ ବସ୍ତ୍ରଦ୍ୱାରା ସଜାଇଥିଲେ ।
train/img_00342.jpg,କଳିଙ୍ଗବାସୀଙ୍କର ସାମୁଦ୍ରିକ ବାଣିଜ୍ୟ ଖ୍ରୀଷ୍ଟପୂର୍ବ ୩୫୦ ପୂର୍ବରୁ ଆରମ୍ଭ ହୋଇସାରିଥିଲା ବୋଲି କେତେକ ପ୍ରାଚୀନ ସୂତ୍ରରୁ ଜଣାପଡେ ।
train/img_00343.jpg,ସାକ୍ଷରତା ହାର: ୭୫ ୧୬
train/img_00344.jpg,୧ ଏପ୍ରିଲ ୧୯୩୬ରେ ସ୍ୱତନ୍ତ୍ର ଉତ୍କଳ ପ୍ରଦେଶ ଗଠନ ପରେ ବାଲେଶ୍ୱର ଓଡ଼ିଶାର ଏକ ପ୍ରମୁଖ ଜିଲ୍ଲାରେ ପରିଣତ ହେଲା ।
train/img_00345.jpg,ପଶ୍ଚିମରେ: ନୟାଗଡ଼ ଜିଲ୍ଲା
train/img_00346.jpg,ଏଥି ପାଇଁ ପ୍ରାୟ ୧ ହଜାର ଜମିରେ ଗଛ ଲଗାଯାଇଥାଏ।
train/img_00347.jpg,ନଇଲେ ଡ଼ୁବ ଦିତିମାରେ ଏଇ ବାରେରେ ।
train/img_00348.jpg,ସେହି ତେରଜଣଙ୍କ ଭିତରୁ ଜଣେ ଶିବଙ୍କ ଶରଣାପନ୍ନ ହୋଇ ଦଣ୍ଡ ପାଳନ କରି ବ୍ରହ୍ମାଙ୍କୁ ତୁଷ୍ଟ କଲା ଓ ତେରଭାଇ ଶାପମୁକ୍ତ ହେଲେ।
train/img_00349.jpg,ଏଥିରେ ଅନ୍ତର୍ଭୁକ୍ତ ଓଡ଼ିଶୀ ନୃତ୍ୟକୁ ଭାରତ ସରକାର ଶାସ୍ତ୍ରୀୟ ନୃତ୍ୟ ଓ ଓଡ଼ିଶୀ ସଙ୍ଗୀତକୁ ଓଡ଼ିଶା ସରକାର ଶାସ୍ତ୍ରୀୟ ସଙ୍ଗୀତ ତାଲିକାଭୁକ୍ତ କରିଛନ୍ତି ।
train/img_00350.jpg,ଚେନ୍ନାଇର ପୂର୍ବ ନାମ ମାଡ୍ରାସ ଥିଲା।
train/img_00351.jpg,ସେହିପରି ନିଜକୁ ଏକ ପୌରାଣିକ ଚରିତ୍ରରୂପେ ଚିତ୍ରିତ କରି କଳାକାରମାନେ ବହୁରୂପା ନାଚ ପ୍ରସ୍ତୁତ କରିଥାନ୍ତି।
train/img_00352.jpg,ବ୍ରହ୍ମପୁର ସାହିତ୍ୟ ପରିଷଦ
train/img_00353.jpg,ଓଡ଼ିଆ ଉଇକିପିଡ଼ିଆରେ ଏଯାବତ ୪ଟି ଉଇକିପ୍ରକଳ୍ପ ଅଛି ।
train/img_00354.jpg,ଓଡ଼ିଶାରେ ଥିବା ପ୍ରାଚୀନ ମନ୍ଦିରମାନଙ୍କ ନିମନ୍ତେ ଓଡ଼ିଶା ମନ୍ଦିର ମାଳିନୀ ରାଜ୍ୟ ରୂପେ ପ୍ରସିଦ୍ଧ ।
train/img_00355.jpg,"ବିବାହ, ଅନ୍ନପ୍ରାସନ, ସାମାଜିକ କ୍ରିୟାନୁଷ୍ଠାନ ଏବଂ ମନୋରଞ୍ଜନ ନିମନ୍ତେ ଏହି ନୃତ୍ୟ କରାଯାଇଥାଏ ।"
train/img_00356.jpg,"ସୁରେନ୍ଦ୍ରନାଥ ଦ୍ୱିବେଦୀ: ୧୯୫୭, ୧୯୬୨ ଓ ୧୯୬୭"
train/img_00357.jpg,ପଞ୍ଚତୀର୍ଥର ଘାଟ ନିଲାମ ହୋଇ ମିଳୁଥିବା ଆୟ ଶ୍ରୀମନ୍ଦିରକୁ ଯାଏ ।
train/img_00358.jpg,ମହିଳା: ୮୦ ୮୮
train/img_00359.jpg,ଓଡ଼ିଶାର ନାବିକମାନଙ୍କର ସୀମା କ୍ରମଶଃ ସଂକୁଚିତ ହେବାରେ ଲାଗିଲା ।
train/img_00360.jpg,କୋନ ମହିନା ଆୟଃ ରାଞ୍ଚୀ ମେଲା ଲାଗେ ?
train/img_00361.jpg,ଏହି ଆସର ସହିତ ପରବର୍ତ୍ତୀ ସମୟରେ ସମ୍ପୃକ୍ତ ହୋଇଥିଲେ ପଦ୍ମଶ୍ରୀ ବାଣୀକଣ୍ଠ ନିମାଇ ହରିଚନ୍ଦନ ଓ ସଙ୍ଗୀତ ସୁଧାକର ବାଳକୃଷ୍ଣ ଦାସ ।
train/img_00362.jpg,ଝାରସୁଗୁଡ଼ା ସହର ଏହି ଜିଲ୍ଲାର ପ୍ରଶାସନିକ ମୁଖ୍ୟ ସହର ।
train/img_00363.jpg,ପରମ୍ପରା ଅନୁଯାୟୀ ଶ୍ରୀମନ୍ଦିରର ଘସା (ତେଲିଙ୍ଗି) ଓ କାହାଳି ବାଦ୍ୟ ସହ ବଣିଆ ସେବକମାନଙ୍କଠାରୁ ସୋଲ ଚିତା ତିନୋଟି ଅଣାଯାଇ ସିଂହଦ୍ୱାର ସଂଲଗ୍ନ ଛାଉଣୀ ମଠରେ ରଖାଯାଇଥାଏ।
train/img_00364.jpg,କନିକା ରାଜବଂଶର ଅପରାଜୟ ସ୍ୱାଧୀନଚେତା ରାଜା ବଳଭଦ୍ରଭଞ୍ଜ ଓ କୁଜଙ୍ଗର ଦୁର୍ଦାନ୍ତ ଷଣ୍ଢ ରାଜା ଚନ୍ଦ୍ରଧ୍ୱଜଷଣ୍ଢ ସର୍ବପ୍ରଥମେ ମିଳିତ ଭାବେ ହରିଶପୁର ରାଜା ନୀଳକଣ୍ଠ ମଙ୍ଗରାଜଙ୍କ ସହ ହାତ ମିଳେଇ ଇଂରେଜ ବିରୁଦ୍ଧରେ ସଂଗ୍ରାମ କରିଥିଲେ ।
train/img_00365.jpg,"ଭାରତକୁ ୧୯୫୦ ମସିହାରେ ଏକ ଗଣତନ୍ତ୍ର ରାଷ୍ଟ୍ର ଭାବେ ଘୋଷଣା କରିବା ପରଠାରୁ ନେଇ ୧୯୮୦ ମସିହା ପର୍ଯ୍ୟନ୍ତ, ଭାରତୀୟ ଜାତୀୟ କଂଗ୍ରେସ ଦଳ ସଂସଦରେ ଏକମାତ୍ର ଦଳ ହିସାବରେ ପୂର୍ଣ୍ଣବହୁମତ ହାସିଲ କରି ଆସୁଥିଲା ।"
train/img_00366.jpg,"ତେଣୁ ଏହାର ରାଗିଣୀଗୁଡ଼ିକ ଶାସ୍ତ୍ରୀୟସଙ୍ଗୀତର ତିଳୋକ କାମୋଦ, ଦେଶ, ଜୟଜୟନ୍ତୀର ଆଦି ରାଗକୁ ଭିତ୍ତିକର ସ୍ୱତନ୍ତ୍ର ସ୍ୱାଦରେ ପରିବେଷିତ ହୋଇଥାଏ ।"
train/img_00367.jpg,"ଭାରତରେ, ଭାରତୀୟ ଗଣତନ୍ତ୍ରର ସମ୍ବିଧାନଦ୍ୱାରା ସ୍ୱୀକୃତିପ୍ରାପ୍ତ ଅନୁସୂଚିତ ଜନଜାତି ମଧ୍ୟରୁ ୬୨ ପ୍ରକାର ଅନୁସୂଚିତ ଜନଜାତି ଓଡ଼ିଶାରେ ବସବାସ କରନ୍ତି ।"
train/img_00368.jpg,ଟ୍ରାଫିକ ନିୟନ୍ତ୍ରଣ ରକ୍ଷା କରିବା ପାଇଁ ଭୁବନେଶ୍ୱରର ବିଭିନ୍ନ ସ୍ଥାନରେ ନିୟନ୍ତ୍ରଣ କେନ୍ଦ୍ର ରହିଛି ।
train/img_00369.jpg,ସେସବୁକୁ ଲୋକ କଥା କୁହାଯାଏ ।
train/img_00370.jpg,ଆଖ୍ ଠାରା ଠାରି ।
train/img_00371.jpg,ଲୋକସଂଖ୍ୟାତ୍ମକ ତଥ୍ୟ
train/img_00372.jpg,"ବୋଣ୍ଡା, ଯେଉଁମାନେ ନଗ୍ନ ଲୋକ ଭାବରେ ପରିଚିତ ଥିଲେ, ସେମାନଙ୍କର ଜନସଂଖ୍ୟା ପ୍ରାୟ ୫,୦୦୦ ଏବଂ ସେମାନେ ମାଲକାନଗିରି ଜିଲ୍ଲାରେ ବାସ କରନ୍ତି ଯାହାକି ପୂର୍ବରୁ ଅବିଭକ୍ତ କୋରାପୁଟ ଜିଲ୍ଲାର ଏକ ଅଂଶ ଥିଲା ।"
train/img_00373.jpg,ସେଥି ମଧ୍ୟରୁ ୫୨ ୬୧ ଜଣ ପରୁଷ ହୋଇଥିବା ବେଳେ ୪୭ ୩୯ ଜଣ ନାରୀ ଅଟନ୍ତି ।
train/img_00374.jpg,"ପ୍ରଥମେ ଛଅଟି ଜିଲ୍ଲା କଟକ, ପୁରୀ, ବାଲେଶ୍ୱର, ସମ୍ବଲପୁର, କୋରାପୁଟ ଓ ଗଞ୍ଜାମକୁ ନେଇ ଓଡ଼ିଶା ଗଠନ କରାଯାଇଥିଲା ।"
train/img_00375.jpg,"ଆଗ କାଳରେ ଏହା ମହାକାନ୍ତର (ଅର୍ଥ ବିଶାଳ ଜଙ୍ଗଲ) ଓ କାରୁଣ୍ଡା ମଣ୍ଡଳ (କାରୁଣ୍ଡାର ଅର୍ଥ ମାଣିକ) ଭାବରେ ଜଣା ଥିଲା ଯାହା ଏଠାରେ ମାଣିକ, ଲାଲ ପଥର, ବେରୁଜ, ନୀଲମ, ଓ ଆଲେକଜାଣ୍ଡ୍ରା ଆଦି ମିଳୁଥିବାର ଜଣାଯାଏ ।"
train/img_00376.jpg,"ସାମ୍ୟ ମୈତ୍ରୀର ପ୍ରତୀକ ଶ୍ରୀଜଗନ୍ନାଥ ମହାପ୍ରଭୁ ଯେଉଁ ରଥରେ ବିରାଜମାନ କରି ଶ୍ରୀଗୁଣ୍ଡିଚା ମନ୍ଦିରକୁ ନବ ଦିନ ଯାତ୍ରା କରନ୍ତି, ସେ ରଥର ନାମ ନନ୍ଦିଘୋଷ।"
train/img_00377.jpg,ତତୋ ଦେବଂ କର୍ପୂରାତ୍ରିକଂ ଦଦ୍ୟାତ୍ ।
train/img_00378.jpg,ଏହି ମନ୍ଦିରଟି ଚୋଡ଼ଗଙ୍ଗ ଦେବଙ୍କଦ୍ୱାରା ପ୍ରତିଷ୍ଠିତ।କପିଳେନ୍ଦ୍ର ଦେବ ଏହାକୁ ପୁନଃ ନିର୍ମାଣ କରିଥିଲେ ।
train/img_00379.jpg,"ଭୟଙ୍କରୀ ରୂପେ ବିରାଜନ ସତୀ, ନମଃ ଭଗବତୀ ।"
train/img_00380.jpg,ସାକ୍ଷରତା ହାର ୬୯ ୦୦
train/img_00381.jpg,ସ୍ୱର୍ଗତଃ କୋହ୍ଲ ଚରଣ ସାହୁଙ୍କଦ୍ୱାରା ପରିଚାଳିତ ରାବଣଛାୟା ଆଜି ସାରା ପୃଥିବୀରେ ପରିଚିତ ।
train/img_00382.jpg,"ରାୟପୁର, ଛତିଶଗଡ଼ରେ ବାର୍ଷିକ ସର୍ବାଧିକ ହାରାହାରି ତାପମାତ୍ରା ୩୩ ୨ ଡିଗ୍ରୀ ସେଣ୍ଟିଗ୍ରେଡ ଅନୁଭୂତ ହେଉଥିବା ବେଳେ ସର୍ବନିମ୍ନ ହାରାହାରି ତାପମାତ୍ରା ୨୦ ୮ ଡିଗ୍ରୀ ସେଣ୍ଟିଗ୍ରେଡ ।"
train/img_00383.jpg,"ତାଙ୍କ ରଚିତ ବିଲଙ୍କା ରାମାୟଣ, ଚଣ୍ଡୀପୁରାଣ ଓ ସପ୍ତକାଣ୍ଡ ରାମାୟଣ ଗ୍ରନ୍ଥ ଏହି ଯୁଗର କିଛି କଳାଜୟୀ ସୃଷ୍ଟି ସମ୍ପଦ ।"
train/img_00384.jpg,"ଐତିହାସିକ ତଥ୍ୟ ଅନୁଯାୟୀ ଓଡ଼ିଆ ସାଧବପୁତ୍ରମାନେ ନୌବାଣିଜ୍ୟ କରିବା ପାଇଁ, କେଉଟମାନେ ସମୁଦ୍ରକୁ ମାଛ ମାରିବା ପାଇଁ ଏହି ସମୟରେ ଯାତ୍ରାରମ୍ଭ କରୁଥିଲେ ।"
train/img_00385.jpg,ବଙ୍ଗଳାଦେଶ ଏସିଆର ଗୋଟିଏ ଦେଶ ।
train/img_00386.jpg,ଚଳିତ ବିଧାନ ସଭାରେ ଏହି ୩ଟି ଯାକ ସିଟରେ ବିଜୁ ଜନତା ଦଳର ବିଧାୟକମାନେ ପ୍ରତିନିଧିତ୍ୱ କରୁଛନ୍ତି।
train/img_00387.jpg,ଏହି ଜଳର ଅଧିକାଂଶ ଭାଗ ତୁଳସୀ ଓ ବିହାର ତଥା ଅନ୍ୟ ଉତ୍ତରରେ ଥିବା ହ୍ରଦରୁ ଆସିଥାଏ।
train/img_00388.jpg,ଉଚ୍ଚ ଶିକ୍ଷା
train/img_00389.jpg,ବଡ଼ ଓଡ଼ିଆ ମଠ
train/img_00390.jpg,କୋକିଲା ହୁଙ୍କାରେ ଭ୍ରମର ଝଙ୍କାରେ
train/img_00391.jpg,ଏହାଛଡା ଅନ୍ୟାନ୍ୟ ହିନ୍ଦୁ ପର୍ବପର୍ବାଣି ମଧ୍ୟ କଟକରେ ବେଶ୍ ଆଡମ୍ବର ସହ ପାଳିତ ହୁଏ ।
train/img_00392.jpg,"ବିଜୁ ପଟ୍ଟନାୟକ ବିମାନ ବନ୍ଦର ( : , : ), (ଭୁବନେଶ୍ୱର ବିମାନ ବନ୍ଦର ନାମରେ ମଧ୍ୟ ଜଣାଶୁଣା), ଭାରତର ଓଡ଼ିଶାରେ ଭୁବନେଶ୍ୱର ନଗରରେ ଅବସ୍ଥିତ ।"
train/img_00393.jpg,ଏହି ରଥଟଣାର ତାତ୍ପର୍ଯ୍ୟ ହେଲା ଯେ ରଥର ଉଭୟ ସମ୍ମୁଖ ଓ ପଶ୍ଚାତ୍ ଭାଗରେ ଦଉଡି ସଂଯୋଗ ହେଉଥିଲା।
train/img_00394.jpg,ଶ୍ରୀବିଗ୍ରହମାନଙ୍କ ସମସ୍ତ ବିଜେ ସମୟର ଧାଡି଼ ପହଣ୍ଡି ଓ ବାହୁଡା଼ ବିଜେଗୁଡିକ ସମୟରେ ଗୋଟି ପହଣ୍ଡି ଅନୁଷ୍ଠିତ ହୋଇଥାଏ।
train/img_00395.jpg,ବରଂ ପ୍ରକୃତି ଘେରା ପରିବେଶ ମଧ୍ୟରେ ବାସ କରି ସେହି କମନୀୟ ରୂପଛବିଗୁଡ଼ିକୁ ନିଜର ଲେଖନୀର ଫନୋଗ୍ରାଫରେ ତୋଳି ଧରିଛନ୍ତି ସେ ।
train/img_00396.jpg,ସେ ମଧ୍ୟ ଶାନ୍ତିନିକେତନ ତାଙ୍କ ବାପାଙ୍କ ସହ ଯାଇଥିଲେ ।
train/img_00397.jpg,ଗୁଣ୍ଡିଚାଘାଇ ଜଳପ୍ରପାତ
train/img_00398.jpg,୧୯୦୦ ମସିହା ପରଠାରୁ ଏହି ଦେଶ ବିଶ୍ୱର ବୃହତ୍ତମ ଅର୍ଥନୀତି ହୋଇଆସୁଛି ।
train/img_00399.jpg,"ବାହାର ଚନ୍ଦନ ୨୧ଦିନ ନରେନ୍ଦ୍ରରେ ଚାପ, ଭଉଁରୀ ଓ ହଳଦିପାଣିରେ ଶେଷ ହେଲା ପରେ ୨୧ ଦିନ ଭିତର ଚନ୍ଦନ ଯାତ୍ରା ଜଳକ୍ରୀଡ଼ା ମଣ୍ଡପରେ ଜୀଉଙ୍କର ହୋଇଥାଏ।ଏହା ବିମଳା ମନ୍ଦିର ସମ୍ମୁଖ, ରୋହିଣୀ କୁଣ୍ଡ ଦକ୍ଷିଣ ପାର୍ଶ୍ୱ ଓ ଯଜ୍ଞ ଶ୍ରୀନୃସିଂହ ମନ୍ଦିରର ପଶ୍ଚିମ ଭାଗରେ ଅବସ୍ଥିତ।ମଦନମୋହନ,ଭୂଦେବୀ ଓ ଶ୍ରୀଦେବୀ ସୁବାସିତ ଚନ୍ଦନ କୁଣ୍ଡରେ ବୁଡି ଜଳକ୍ରୀଡ଼ା କରିଥାନ୍ତି।"
train/img_00400.jpg,ବୋଇତ
train/img_00401.jpg,ଓଡ଼ିଶାରେ ସର୍ବତ୍ର ଏହି ଗଛ ଦେଖାଯାଏ ।
train/img_00402.jpg,୧୯୪୮ ମସିହା ଅପ୍ରେଲ ୧୩ତାରିଖ ଦିନ ଭୁବନେଶ୍ୱରରେ ନୂଆ ରାଜଧାନୀର ପ୍ରତିଷ୍ଠା ଫଳକ ତତ୍କାଳିନ ପ୍ରଧାନମନ୍ତ୍ରୀ ଜବାହରଲାଲ ନେହେରୁଙ୍କ କରକମଳରେ ସ୍ଥାପିତ ହୋଇଥିଲା ।
train/img_00403.jpg,ନବରତ୍ନନିଉଜ - -
train/img_00404.jpg,"ଏଥିମଧ୍ୟରୁ ଗ୍ରାମାଞ୍ଚଳରେ ୧୧,୫୧,୫୨୮ ଓ ସହରାଞ୍ଚଳରେ ୨,୨୫,୪୦୬ ଲୋକ ବାସ କରନ୍ତି ।"
train/img_00405.jpg,"ସେ ବିଭିନ୍ନ ସ୍ଥାନ ପରିଦର୍ଶନ କରିଥିଲେ ,ତାହା ପଞ୍ଜାବର ଅମୃତସର ,ହିମାଳୟର ଡେଲହଉସି ।"
train/img_00406.jpg,ଅନ୍ୟ ସେବା ଛାଡ଼ି ଏ ସେବା କର
train/img_00407.jpg,କିନ୍ତୁ ତ୍ରୟୋଦଶ ଶତାଦ୍ଦୀ ପୂର୍ବରୁ ପୁରୀରେ ରଥ ଯାତ୍ରା ଅନୁଷ୍ଠିତ ହେଉଥିବାର ପ୍ରମାଣ ମିଳୁଛି।
train/img_00408.jpg,ଅନ୍ୟ ଏକ ସାମୁଦ୍ରିକ ପଥ ସିଂହଳ ଓ ସୁମାତ୍ରାକୁ ସଂଯୋଗ କରୁଥିଲା ।
train/img_00409.jpg,ଗ୍ରାମ ପଞ୍ଚାୟତ: ୧୦୯
train/img_00410.jpg,ଏହି ତାଲିକାରେ ସେ ସବୁ ମନ୍ଦିର ଉପରେ ଅଧିକ ଜାଣିପାରିବେ ।
train/img_00411.jpg,"ଏହାଛଡ଼ା ଏହା ଚୀନ (ବିଶେଷ କରେ ହଂକଂ), ଇଣ୍ଡୋନେସିଆ, ସିଙ୍ଗାପୁର, ଅଷ୍ଟ୍ରେଲିଆ ଏବଂ ବାହରିନ ଏବଂ ମଧ୍ୟ ପ୍ରାଚ୍ୟର ଦେଶଗୁଡ଼ିକରେ ମଧ୍ୟ କମ ପରିମାଣରେ କଥିତ ।"
train/img_00412.jpg,ଯୋରନ୍ଦା
train/img_00413.jpg,କେବଳ ନବକଳେବର ବର୍ଷମାନଙ୍କରେ ରୂପକାର ସେବକମାନେ ନିମ୍ବ କାଠରେ ମୋଟ ୨୭ ଗୋଟି ପାର୍ଶ୍ୱ ଦେବଦେବୀଙ୍କର ବିଗ୍ରହ ନିର୍ମାଣ କରିଥାନ୍ତି।
train/img_00414.jpg,"ଜୟପୁର ଉପଖଣ୍ଡର (୫): କୁନ୍ଦ୍ରା, କୋଟପାଡ଼, ବୈପାରିଗୁଡା, ଜୟପୁର ଓ ବୋରିଗୁମା"
train/img_00415.jpg,ଯଥା- (୧) ଝିଙ୍ଗାଫୁଲିଆ (୨) ଉଦାସିଆ (୩) ରସରସିଆ (୪) ରସପକ୍ଷୀଆ (୫) ଝୁମକା (୬) ଝୁମଟା (୭) ଖେମଟା (୮) ଆଡ଼ଖେମଟା (୯) ରିଝାଁମାଠା (୧୦) ତାମାଳିଆ (୧୧) ଗାଢଓ୍ୱା (୧୨) ଡ଼ମକଚ (୧୩) ନାଗପୁରିଆ (୧୪) ପତରତୁଳା (୧୫) ପାଟିଆମେଧା (୧୬) ଦୋଛୁଟା (୧୭) ଠାଳରିଙ୍ଗା ଇତ୍ୟାଦି ।
train/img_00416.jpg,"ଏଠିରେ ଏକ କାଠ ଯୋଡ଼ାକୁ ନିଜ ନିଜ ସହିତ ବଜାଇ ଏକ ନିଆରା ଶବ୍ଦ ତିଆରି କରାଯାଇଥାଏ, ପାଳିଆ ଓ ଗାହାଣ ଏହାକୁ ବ୍ୟବହାର କରି ଗୀତ ଓ ଅଭିନୟ ମାଧମରେ ଏକ ପୁରାଣ ବର୍ଣ୍ଣନାକୁ ପରିବେଷଣ କରିଥାନ୍ତି ।"
train/img_00417.jpg,"ଭାରତରେ ବହୁ ସ୍ଥାନୀୟ ଖେଳ ରହିଛି ଯାହା ଏବେ ମଧ୍ୟ ଲୋକମାନଙ୍କ ମଧ୍ୟରେ ଲୋକପ୍ରିୟ ହୋଇରହିଛି ଯଥା: କବାଡି, ଖୋ-ଖୋ, କୁସ୍ତି , ଗିଲି-ଦଣ୍ଡା ଇତ୍ୟାଦି କବାଡିରେ ଭାରତ ସମସ୍ତ ସ୍ୱର୍ଣ୍ଣ ପଦକ ପ୍ରାପ୍ତ କରିଛି ।"
train/img_00418.jpg,"ଗଳ୍ପର ପ୍ରସଙ୍ଗ ଓ ଅବସର କ୍ରମେ ପାଇଲାମାନେ ଏଥିରେ ଯମକ, ଅନୁପ୍ରାସ, ବ୍ୟାଘ୍ରଗତି, ମେଷ ଯୁଦ୍ଧ ଅବନା ଆଦି ଶବ୍ଦ ଅବରସ୍ ପୂର୍ଣ୍ଣ ପ୍ରାଚୀନ ସଙ୍ଗୀତ, ଚଉପଦୀ, ଡାହିକା, ଭଜନ, ବନ୍ଦନା ଆଦି ଲଗାଇ 'ପାଲାକୁ' ଜମକ୍ କରନ୍ତି ଓ କେତେକ ଗାୟକଙ୍କର ଅଭିଧାନ, ଅଳଙ୍କାର କାବ୍ୟନାଟକ, ଚମ୍ପୁ ଆଦିରେ ଅସାଧାରଣ ପାଣ୍ଡିତ୍ୟ ଦେଖାଯାଏ ଓ କେତେକଙ୍କଠାରେ ଆଶୁକବିତ୍ୱ ମଧ୍ୟ ଲକ୍ଷିତ ହୁଏ ।"
train/img_00419.jpg,"ଏଥି ମଧ୍ୟରୁ କେତକ ପ୍ରଧାନ ସମୁଦାୟ ହେଲେ ସାନ୍ତାଳ, କୋହ୍ଲ, ଭୂୟାଁ,ବାଥୁଡି, ଭୂମିଜ, ଗଣ୍ଡ, ମୁଣ୍ଡା, ଖଡ଼ିଆ, ଲୋଧା ।"
train/img_00420.jpg,ପୂର୍ବରେ ଦେବଗଡ଼ ଜିଲ୍ଲା
train/img_00421.jpg,ତ୍ରେତାଯୁଗରେ ସ୍ୱୟଂ ରାମଚନ୍ଦ୍ର ମହାଯଜ୍ଞରୁ ବାହାରି ରାମେଶ୍ୱରରେ ଶିବ ଓ ବିଷ୍ଣୁଙ୍କର ମିଶ୍ର ଯଜ୍ଞ କରି ସମନ୍ୱୟ ମତର ପ୍ରତିଷ୍ଠା କରି ଯଜ୍ଞ ସ୍ୱରୂପ ଯୁଗଧାମ ପ୍ରତିଷ୍ଠା କରିଲେ ।
train/img_00422.jpg,ସାନ୍ତାଳୀ ଏକ ଆଦିବାସୀ ଭାଷା ହୋଇଥିବାରୁ ଏହାର କୌଣସି ଲିପି ନଥିଲା ।
train/img_00423.jpg,"ମଙ୍ଗଳା ମହାବିଦ୍ୟଳୟ, କାକଟପୁର,ପୁରୀ"
train/img_00424.jpg,ଏହାର ବାନ୍ଧ କଳା ବିଶ୍ୱ ପ୍ରସିଦ୍ଧ ।
train/img_00425.jpg,ଗାନ୍ଧୀଜୀଙ୍କ ସାବରମତୀ ଆଶ୍ରମ ଅହମଦାବାଦର ଅନ୍ୟ ମୁଖ୍ୟ ପରିଚୟ ଅଟେ ।
train/img_00426.jpg,ଶ୍ରୀବିଗ୍ରହମାନଙ୍କ ଏହି ପହଣ୍ଡି ବିଜେରୁ ଉତ୍କଳୀୟ ସଂସ୍କୃତିର ମହାନତାର ପରିଚୟ ମିଳେ।
train/img_00427.jpg,ଚୁଡ଼ା
train/img_00428.jpg,ଏହିଭଳି ନାନା ପାଣ୍ଡିତ୍ୟପୂର୍ଣ୍ଣ ଝୁମର ଏହି ଯୁଗରେ ଦେଖିବାକୁ ମିଳେ ।
train/img_00429.jpg,ଆୟୁର୍ବେଦ ଶାସ୍ତ୍ର ଅନୁସାରେ ପାନ ଜୀର୍ଣ୍ଣକାରକ ଏବଂ କୃମିନାଶକ ।
train/img_00430.jpg,ପ୍ରତ୍ୟେକ ଚକର ଉଚ୍ଚତା ୬ ଫୁଟ ୮ ଇଞ୍ଚ ।
train/img_00431.jpg,ଦତବଂଶରେ କଳିଙ୍ଗ ରାଜା ଗୂହଶିବ ଓ ସିଂହଳ ରାଜା ମହାସେନାଙ୍କ (୨୭୭-୩୦୪ ଖ୍ରୀ ) ମିତ୍ରତାର ବିବରଣୀ ରହିଛି ।
train/img_00432.jpg,"ସିଆମ୍ ଏବଂ ଥାଇଲ୍ୟାଣ୍ଡ ମଧ୍ୟ ରିହାତି ପାଇଁ ଜଣାଶୁଣା, ଯେପରିକି ବୋଲିଂ ଚୁକ୍ତି ପରଠାରୁ ଅସମାନ ଚୁକ୍ତିନାମା ସ୍ୱାକ୍ଷର କରିବା ଏବଂ ଏଥିପାଇଁ ମାଲାୟା, ଲାଓସ୍ ଏବଂ କାମ୍ବୋଡିଆରେ ଏହାର ସଂରକ୍ଷଣ ସ୍ଥାନ ଛାଡିବା କେତେକ କ୍ଷେତ୍ରରେ ସିଆମ୍ ଏବଂ ଥାଇଲ୍ୟାଣ୍ଡ ନିରପେକ୍ଷତା ଛାଡିପାରନ୍ତି ଏବଂ ଏହାର ଲାଭ ପାଇଁ ଦ୍ୱନ୍ଦ୍ୱରେ ଏକ ପକ୍ଷ ରଖିଥିଲେ ଯେପରିକି ପ୍ରଥମ ବିଶ୍ୱଯୁଦ୍ଧରେ ସହଯୋଗୀ ଦଳ ଏବଂ ଦ୍ୱିତୀୟ ବିଶ୍ୱଯୁଦ୍ଧରେ ଜାପାନରେ ଯୋଗଦେବା।"
train/img_00433.jpg,ଶିକ୍ଷା
train/img_00434.jpg,କିନ୍ତୁ କେତେ ବର୍ଷ ଏକ ଦିନରେ ଦକ୍ଷିଣ ମୋଡ଼ ହୋଇଥିବାର ପ୍ରମାଣ ରହିଛି।
train/img_00435.jpg,"ରାଜା-ଜମିଦାରମାନଙ୍କ ପୃଷ୍ଠପୋଷକତା କାରଣରୁ ଏଥିରେ (ସଙ୍ଗୀତ, ନୃତ୍ୟ, ସାହିତ୍ୟ) ବହୁ ପରିବର୍ତ୍ତନ ମଧ୍ୟ ସଂଗଠିତ ହୋଇଛି ।"
train/img_00436.jpg,ଗୁମ୍ମା
train/img_00437.jpg,ଏଠାରେ ପାଖାପାଖି ୩୦ ଜଣ ସ୍ୱାଧୀନତା ସଂଗ୍ରାମୀ ବ୍ରିଟିଶ ସରକାର ବିରୋଧରେ ଲଢ଼ି ସ୍ୱାଧୀନତା ପାଇଁ ପ୍ରାଣ ବଳି ଦେଇଥିଲେ ।
train/img_00438.jpg,"ତୋର ଗୁଣଗୀତ କରିଣ ଇଙ୍ଗିତ, ଗାଇି ସଂଗୀତ ଦୋହାରେ ।’’"
train/img_00439.jpg,ପଢୁଆ ହାର ୭୩ ୦୭
train/img_00440.jpg,ଭାଜପା- ୧ ବିଜଦ-୯
train/img_00441.jpg,(ଛ) ବାତ୍ସଲ୍ୟ ରସ : (ଯଶୋଦା ଶ୍ରୀକୃଷ୍ଣଙ୍କୁ ସଜାଇ ଦେବାର ଚିତ୍ର)
train/img_00442.jpg,ସମ୍ବଲପୁର ସହର ଏହି ଜିଲ୍ଲାର ଶାସନ ମୁଖ୍ୟାଳୟ ।
train/img_00443.jpg,ମୁଖ୍ୟ ମନ୍ଦିର ସାମନାରେ ଜଗମୋହନ ଓ ମଝିରେ ପବିତ୍ର କଳାଘାଟ ଦ୍ୱାର ।
train/img_00444.jpg,ଦେଉଳକରଣ ସମସ୍ତ ତଥ୍ୟ ରାଜାଙ୍କ ପାଖେ ରଖୁଥିଲେ ।
train/img_00445.jpg,"ଆମ ରାଜ୍ୟରେ ବୟନ ଶିଳ୍ପକୁ କେବଳ ବ୍ୟବସାୟିକ ଦୃଷ୍ଟିରେ ଦେଖାଯାଏ ନାହିଁ, ବରଂ ଏହା ଆମ ସଂସୃତିର ଏକ ପରିଭାଷା ।"
train/img_00446.jpg,ଏହାକୁ ଗୁଣ୍ଡିଚା ପଞ୍ଚକ କୁହଯାଏ ।
train/img_00447.jpg,"ଏହା ଏପ୍ରିଲ ୧, ୧୯୩୬ରେ ଭାଷା ଭିତ୍ତିରେ ଏକ ଅଲଗା ରାଜ୍ୟ ଭାବରେ ନବଗଠିତ ହୋଇଥିଲା ।"
train/img_00448.jpg,"ଏହାର ସବୋଚ୍ଚ ସ୍ଥାନ ସମୁଦ୍ର ପତ୍ତନଠାରୁ ୨୫୬୫ ମିଟର (୮,୪୧୫ ଫୁଟ) ଉଚ୍ଚତାରେ ଥିବା ଥାନନ୍ ଥଙ୍ଗ ଚା ପର୍ବତ ମାଳାର ଡୋଇ ଇଁଥାନନ୍ ।"
train/img_00449.jpg,ଓଡ଼ିଶାରେ ଥିବା କ୍ରୀଡ଼ା ଷ୍ଟାଡ଼ିୟମଗୁଡ଼ିକ ମଧ୍ୟରେ ଅନ୍ତର୍ଭୁକ୍ତ :
train/img_00450.jpg,"ଏକକ ପ୍ରସ୍ତର ନିର୍ମିତ ବୁଦ୍ଧଙ୍କ ପ୍ରତିମା, ଏସିଆରେ ବୃହତ୍ତମ"
train/img_00451.jpg,"ନଭେମ୍ବର ୨୬ ୨୦୦୮ରେ ଜଳପଥରୁ ଆସିଥିବା ପାକିସ୍ତାନୀ ଆତଙ୍କବଦୀମାନେ ମୁମ୍ବାଇରେ ଛତ୍ରପତି ଶିବାଜି ଟର୍ମିନାଲ, କାମା ଚିକିତ୍ସାଳୟ, ତାଜ ହୋଟେଲ, ନାରିମାନ ପଏଣ୍ଟଠାରେ ଆକ୍ରମଣ କରି ୩୦୦ରୁ ଅଧିକ ନିରୀହ ଲୋକଙ୍କ ପ୍ରାଣ ନେଇଥିଲେ ଯେଉଁଥିରେ ୧୦ଜଣରୁ ୯ ଜଣ ଆତଙ୍କବାଦୀ ସେନାର ଗୁଳିରେ ପ୍ରାଣ ହରାଇଥିଲେ ଓ ବଞ୍ଚିଯାଇଥିବା ଆତଙ୍କବଦୀ ଆଜମଲ ଅମିର କସବକୁ ସୁପ୍ରିମକୋର୍ଟ ଫାଶୀଦଣ୍ଡ ଦେଇଥିଲା।"
train/img_00452.jpg,୮ ଅକ୍ଷରିଆ ୨ ପାଦ ଓ ୧ ଅକ୍ଷରିଆ ଏକପାଦ ଯୁକ୍ତ 'ତ୍ରିପଦୀ' ଦ୍ୱୟ ସମ୍ବଳିତ ଗୀତ ମଧ୍ୟ ବୋଲାଯାଏ ।
train/img_00453.jpg,"ରଥଯାତ୍ରା ଉତ୍ସବ ଅବସରରେ ବିଭିନ୍ନ ମଠ ତରଫରୁ ବିଭିନ୍ନ ଦ୍ରବ୍ୟ ଯୋଗାଣ, ପନ୍ତି ଭୋଗ, ମଠାଧୀଶମାନଙ୍କ ଉପଚାର ଚାମର ଓ ଆଲଟ ସେବା କରିବା ବିଷୟ ଜଗନ୍ନାଥ ମନ୍ଦିର ସ୍ୱତ୍ତ୍ୱଲିପିର ୧୧୯ ନମ୍ବର ତାଲିକାରେ ଥିବା ବ୍ୟକ୍ତିଗତ ଓ ଅନୁଷ୍ଠାନିକ ସେବା ତଥା ଉପସ୍ୱତରେ ଉଲ୍ଲେଖ ରହିଛି।"
train/img_00454.jpg,ଏକ ଉଇକିପିଡ଼ିଆ ପ୍ରସଙ୍ଗରେ ଅକ୍ଷର ଯୋଡ଼ିବା ପାଇଁ - ଏବଂ : : : / ଦେଖନ୍ତୁ ।
train/img_00455.jpg,ଏହାକୁ ଉତ୍ତର-ପୂର୍ବ ଭାରତର ପ୍ରବେଶ ଦ୍ୱାର ମଧ୍ୟ କୁହାଯାଏ ।
train/img_00456.jpg,ସେହିପରି ହୀରାପୁରର ଚଉଷଠି ଯୋଗିନୀ ମନ୍ଦିର ଭଳି ତନ୍ତ୍ର ମନ୍ଦିରମାନଙ୍କରେ ଥିବା ଯୋଗିନୀମାନଙ୍କ ମୁଦ୍ରାରେ ଓଡ଼ିଶୀ ସହ ସମାନତା ପରିଲକ୍ଷିତ ହୋଇଥାଏ ।
train/img_00457.jpg,ଏଠାରେ ପରିଶ୍ରମୀ କଳିଙ୍ଗୀୟ (ସାହସିକ) କୋଶଳୀୟ (କୁଶଳୀ) ଓ ଉତ୍କଳୀୟ (ଉତ୍କୃଷ୍ଟ କଳାକାର) ଓଡ୍ର (ଅରୁଆ ଉତ୍ପନ୍ନ କରୁଥିବା) ଲୋକମାନେ ମହାନଦୀ-ବ୍ରାହ୍ମଣୀ-ବୈତରଣୀ ଅବବାହିକାରେ ବୈଦିକ ସଭ୍ୟତାଠାରୁ ଭିନ୍ନ ଏକ ସଭ୍ୟତା କଳିଙ୍ଗ ସଭ୍ୟତାର ନିର୍ମାଣ କରିଥିଲେ।
train/img_00458.jpg,ଏହି କାର୍ଯ୍ୟ ହେଲା ବେଳେ ଓଝା ମହରଣାମାନେ ହବିଷାନ୍ନ କରି ଅତ୍ୟନ୍ତ ନିୟମ ନିଷ୍ଠାର ସହିତ ରହିଥାନ୍ତି।
train/img_00459.jpg,ପ୍ରଥମେ ବିଜେ କାହାଳି ବାଜିବା ପରେ ବନ୍ଦାପନା ଓ ଡୋରି ଲାଗି ନୀତି ହୋଇଥାଏ।
train/img_00460.jpg,"ଏହି ଜିଲ୍ଲାର କ୍ଷେତ୍ରଫଳ ୮,୨୪୦ ବର୍ଗ କି ମି ।"
train/img_00461.jpg,ସାରାଂଶ
train/img_00462.jpg,ବ୍ଲକ ପ୍ରାଥମିକ ସ୍ୱାସ୍ଥ୍ୟ କେନ୍ଦ୍ର ( )-୩ଟି
train/img_00463.jpg,"କାଶ୍ମୀରୀ ଭାଷା, ଭାରତର ଜମ୍ମୁ ଓ କାଶ୍ମୀରର ମୂଖ୍ୟ ଭାଷା ଅଟେ ।"
train/img_00464.jpg,ଉକ୍ତ ପାବଚ୍ଛ ଶ୍ରେଣୀର ଉଭୟ ପାର୍ଶ୍ୱରେ ଦୁଇଟି ସିଂହମୂର୍ତ୍ତି ବିଦ୍ୟମାନ ।
train/img_00465.jpg,ଗଙ୍ଗାମାତା ମଠ
train/img_00466.jpg,କୋଣାର୍କ ସୂର୍ଯ୍ୟ ମନ୍ଦିର
train/img_00467.jpg,ଉତ୍ପାଦନ ଏବଂ ରପ୍ତାନି
train/img_00468.jpg,ଏହା ସହିତ ଜଡ଼ିତ ସଙ୍ଗୀତକୁ ପାନ୍ତାଶାଲିଆ ଝୁମର କୁହାଯାଏ ।
train/img_00469.jpg,ତାଙ୍କ ମତରେ ଶିକ୍ଷାର ଗ୍ରହଣ କରିବା ହେଉଛି ପ୍ରତିଟି ମଣିଷର ସର୍ବଶ୍ରେଷ୍ଠ କର୍ତ୍ତବ୍ୟ।
train/img_00470.jpg,ପରବର୍ତ୍ତୀ ସମୟରେ ତାହା ଭଦ୍ରକ ଜିଲ୍ଲା ସ୍କୁଲରେ ପରିଣତ ହୋଇଛି।
train/img_00471.jpg,ନିରାମିଷ
train/img_00472.jpg,ରଥର ଦଉଡ଼ି: ସ୍ୱର୍ଣ୍ଣ୍ଣଚୂଡ଼ ।
train/img_00473.jpg,"ଇଂରାଜୀ ଓ ହିନ୍ଦୀରେ ""ଓଡ଼ିଶା"" ଓ ""ଓଡ଼ିଆ""କୁ ଓ ତଥା ଓ ଭାବେ ସମ୍ବିଧାନରେ ତଥା ସାଧାରଣରେ ବ୍ୟବହାର କରାଯାଉଥିଲା ।"
train/img_00474.jpg,"ଘୁଙ୍ଗୁର ତିଆରି ହେବାରୁ ବହୁ ପୂର୍ବରୁ ନୃତ୍ୟ ସମୟରେ ନୃତ୍ୟକାରୀମାନେ ଏକପ୍ରକାର ଖୋଳପାରକୁ ପାଦ, ବାହୁ ଓ ଅଣ୍ଟାରେ ବାନ୍ଧି ନାଚୁଥିଲେ ।"
train/img_00475.jpg,ଶିଳାଲେଖର ପ୍ରଥମ ପ୍ରାମାଣିକ ପଠନର ଶ୍ରେୟ ଐତିହାସିକ ଭଗବାନ ଲାଲ ଇନ୍ଦ୍ରଜୀଙ୍କୁ ଦିଆଯାଏ।
train/img_00476.jpg,ପ୍ରଥମ ଓଡ଼ିଆ ଉଇକିପ୍ରକଳ୍ପ ୨୩ ମେ ୨୦୧୧ ରେ ଆରମ୍ଭ କରାଯାଇଥିଲା ।
train/img_00477.jpg,କେଶରୀ ବଂଶ ପରେ କଟକ ୧୨୧୧ ଖ୍ରୀ ଅ ରେ ଗଙ୍ଗ ବଂଶଜ ଅନଙ୍ଗଭୀମଦେବଙ୍କ ସାମ୍ରାଜ୍ୟର ରାଜଧାନୀ ରୂପେ ରହିଥିଲା ।
train/img_00478.jpg,୪୯ ଆଲାସ୍କା
train/img_00479.jpg,୧୯୯୧ ଜନଗଣନା ଅନୁସାରେ ଜିଲ୍ଲାରେ ମୋଟ ୪୬ ପ୍ରକାରର ଆଦିବାସୀ ସଂପ୍ରଦାୟ ବାସକରନ୍ତି ।
train/img_00480.jpg,ଭାରତ
train/img_00481.jpg,ଯାହା କେବଳ ଭାରତ ନୁହେଁ ବରଂ ବିଶ୍ୱଦରବାରରେ ମଧ୍ୟ ବିଖ୍ୟାତ ଏବଂ ଉଚ୍ଚ ପ୍ରଶଂସିତ ।
train/img_00482.jpg,"ଏହାର ପରଦିନ କୁଳଭୋଜି ହୁଏ, ସମସ୍ତେ ଏକାଠି ବସି ଖାଆନ୍ତି ଓ ନିଜ ନିଜର ଶୁଦ୍ଧିକ୍ରିୟା କରି ଭୋକ୍ତାମାନେ ଘରକୁ ବାହୁଡ଼ନ୍ତି ।"
train/img_00483.jpg,"ପାରଳାଖେମୁଣ୍ଡି ମହାରାଜା ଶ୍ରୀ କୃଷ୍ଣ ଚନ୍ଦ୍ର ଗଜପତି ନାରାୟଣ ଦେଓ ଜଣେ ବିଚକ୍ଷଣ ତଥା ସର୍ବଗୁଣସମ୍ପନ୍ନ ରାଜା ଥିଲେ , ଯିଏ କି ଓଡ଼ିଶାରେ ପ୍ରାୟତଃ ସାତଶହ ବର୍ଷରୁ ଉର୍ଦ୍ଧ ପ୍ରଭାବ ବିସ୍ତାର କରିଥିବା ଗଜପତି ରାଜବଂଶୀୟ ରାଜା ଥିଲେ ।"
train/img_00484.jpg,"ଶ୍ରୀବିଗ୍ରହମାନଙ୍କ ପବିତ୍ର ପହଣ୍ଡି ବିଜେ ସମୟରେ ପ୍ରଥମେ ବିଜେ କାହାଳି ବାଜିବା ପରେ ଘଣ୍ଟୁଆ , କାହାଳିଆ, ବଜନ୍ତରୀ, ଓଲାର, ଛତାର ପ୍ରମୁଖ ସେବକମାନଙ୍କ ଉପସ୍ଥିତିରେ ଘଣ୍ଟ ଓ ବାଦ୍ୟ ଆଦି ତାଳ ସହକାରେ ବଜେ ।"
train/img_00485.jpg,ରାଜ୍ୟର ମୋଟ ଘରୋଇ ଉତ୍ପାଦରେ ପ୍ରଭାବଶାଳୀ ଅଭିବୃଦ୍ଧି ପରିସଂଖ୍ୟାନ ଏବଂ କାର୍ଯ୍ୟକ୍ରମ କାର୍ଯ୍ୟାନ୍ୱୟନ ମନ୍ତ୍ରଣାଳୟ ରିପୋର୍ଟ କରିଛନ୍ତି ।
train/img_00486.jpg,ବଂଶଧାରା ଓ ନାଗାବଳି ନଦୀ ଦୁଇଟି ପ୍ରମୁଖ ନଦୀ ।
train/img_00487.jpg,କଳିଙ୍ଗର ବୋଇତମାନ ଏହି ଲମ୍ବା ଯାତ୍ରା ସମୟରେ ବାଟରେ ଅନେକ ସ୍ଥାନରେ ଖାଦ୍ୟ ଓ ପିଇବା ପାଣିପାଇଁ ରହୁଥିବେ ।
train/img_00488.jpg,ମହିଳା: ୭୮ ୬୭
train/img_00489.jpg,(ଙ) ଗୋମୂତ୍ର ଛନ୍ଦ:
train/img_00490.jpg,ପୁରାତନ ଲେଖକ ଓ ଗବେଷକ ପ୍ଲିନି ଦି ଏଲ୍ଡର ଓ ଟଲେମି ଓଡ୍ର ଜଣଙ୍କୁ 'ଓରେଟସ' ବୋଲି ନାମିତ କରିଛନ୍ତି ।
train/img_00491.jpg,୧୮୧୭ ପର୍ଯ୍ୟନ୍ତ ସେତେବେଳେ ସମ୍ବଲପୁରର ବିଭିନ୍ନ ଅଞ୍ଚଳ କେତେକ ବିଞ୍ଝାଲ ରାଜା ଓ ଜମିଦାରଙ୍କ ଅଧୀନରେ କରଦ ରାଜ୍ୟ ଭାବରେ ଶାସିତ ହୋଇ ଆସୁଥିଲା ।
train/img_00492.jpg,"ଟାଗୋରଙ୍କ ପତ୍ରିକା ତାଙ୍କୁ କିଛି ଦିନରେ ଲୋକପ୍ରିୟ କରିଦେଇଥିଲା, ଟାଗୋରଙ୍କ ପତ୍ରିକା ତାଙ୍କୁ କିଛି ଦିନରେ ଲୋକପ୍ରିୟ କରିଦେଇଥିଲା, ସେହି ସମୟରେ ସେ ଥ୍ରୀ- ଭଲ୍ୟୁମ ଗଳ୍ପଅଧାରୁ ଅଧିକ ଲେଖିଥିଲ, ୮୪-ଗଳ୍ପ ଗଳ୍ପଗୁଚ୍ଛ ଲେଖିଥିଲେ ।"
train/img_00493.jpg,କଟକରେ ଥିବା କ୍ରୀଡା ସୁବିଧା
train/img_00494.jpg,ଓଡ଼ିଶା ଏହାର ମନ୍ଦିରମାନଙ୍କ ପାଇଁ ପୃଥିବୀ ପ୍ରସିଦ୍ଧ ।
train/img_00495.jpg,ଶୀତକାଳରେ ଜିଲ୍ଲାର ଜଳବାୟୁ ଶୀତଳ ଏବଂ ଶୁଷ୍କ ରହିଥାଏ ।
train/img_00496.jpg,ପରବର୍ତ୍ତୀ ଅନେକାଂଶ ପର୍ଯ୍ୟାୟରେ ଭାରତୀୟ ଜନତା ପାର୍ଟି ବହୁ ପ୍ରାଦେଶିକ ଦଳମାନଙ୍କ ସହ ମିଶି ଗଠବନ୍ଧନ ଜରିଆରେ ବହୁମତ ହାସିଲ କରିଥିଲା ।
train/img_00497.jpg,ଏହା ଭାରତର ପଶ୍ଚିମବଙ୍ଗରେ ଅଛି।
train/img_00498.jpg,"ଚତୁର୍ଦ୍ଧାମୂର୍ତ୍ତି ନାରାୟଣଙ୍କ ବିଗ୍ରହ କ୍ଷୁଦ୍ର ମନ୍ଦିର ମଧ୍ୟରେ ରହିଛନ୍ତି।କଳା ମୁଗୁନି ପ୍ରସ୍ତରରେ ଶଙ୍ଖ, ଚକ୍ର, ଗଦା ଓ ପଦ୍ମ ଧାରଣ କରିଥିବା ମନୋମୁଗ୍ଧକର ବିଗ୍ରହମାନେ ପୂଜା ପାଉଛନ୍ତି ଓ ଏହି ମନ୍ଦିରର ଆଗରେ ଥିବା ମଣ୍ଡପରେ ଫୁଲହାର ପ୍ରଭୁଙ୍କର ଗୁନ୍ଥାଯାଏ।"
train/img_00499.jpg,"ଗାନ୍ଧର୍ବ ବିଦ୍ୟାରେ ପାରଙ୍ଗମ ଖାରବେଳ ନଗରୀ ବାସୀଙ୍କୁ ନୃତ୍ୟ, ଗୀତ, ଆଦି ଉତ୍ସବଦ୍ୱାରା ନଗରୀ ବାସୀଙ୍କୁ ଆପ୍ୟାୟିତ କଲେ ।"
train/img_00500.jpg,"ବରାଳ ବାଲୁଙ୍କେଶ୍ୱର ମନ୍ଦିର,ବରାଳ"
train/img_00501.jpg,ଗ୍ୟାଲେରି ଓ ତଥ୍ୟ
train/img_00502.jpg,ଏହି ଚାନ୍ଦି ମେଢ଼ରେ ବିପୁଳ ପରିମାଣର ସୁନା ଓ ରୂପା ବ୍ୟବହୃତ ହୋ ଇଥାଏ।
train/img_00503.jpg,ପରିବହନ ଓ ଯୋଗାଯୋଗ
train/img_00504.jpg,୧୯୯୨ ମସିହାରେ ଓଡ଼ିଶାର ୧୩ଟି ଜିଲ୍ଲାକୁ ପୁନର୍ବିଭାଜନ କରି ୩୦ଟି ଜିଲ୍ଲାରେ ଭାଗ କରାଗଲା ।
train/img_00505.jpg,ଏହାକୁ ଉତ୍ତର-ପୂର୍ବ ଭାରତର ପ୍ରବେଶ ଦ୍ୱାର ମଧ୍ୟ କୁହାଯାଏ ।
train/img_00506.jpg,ସାକ୍ଷରତା ହାର ୪୯ ୪୯
train/img_00507.jpg,୧୫୮୬ ମସିହାରେ ବଙ୍ଗର ମୁସଲମାନ ଶାସକ ସୁଲେମାନ୍ ଖାନ୍ କର୍ରଣି ଓଡ଼ିଶା ଅଧିକାର କରିବା ଫଳରେ ଓଡ଼ିଶାର ସ୍ୱାଧୀନତା କ୍ଷୁଣ୍ଣ ହେଲା ।
train/img_00508.jpg,"କେବଳ ରସ, ଅଳଙ୍କାର, ଋତୁ, ପ୍ରକୃତି ବର୍ଣ୍ଣନା ନୁହେଁ, ଆହୁରି ଅନେକ ପ୍ରସଙ୍ଗ ଏହି ଝୁମର ଗୀତମାନଙ୍କୁ ବିଶ୍ଲେଷଣ କରାଯାଇ ପାରେ ।"
train/img_00509.jpg,ସେମାନଙ୍କଦ୍ୱାରା ଓଡ଼ିଶାରେ ବୌଦ୍ଧ ଧର୍ମର ଲୋକପ୍ରିୟତା ବୃଦ୍ଧି ପାଇଥିଲା ।
train/img_00510.jpg,ଅଠରନଳା ହେଉଛି ଅଷ୍ଟାଦଶ ପୁରାଣର ପ୍ରତୀକ ।
train/img_00511.jpg,"ବର୍ତ୍ତମାନ ଏହା ମୟୁରଭଞ୍ଜ, ସମ୍ବଲପୁର ଓ ଗଞ୍ଜାମ ଜିଲ୍ଲାରେ ସେବା ପ୍ରଦାନ କରୁଛି ।"
train/img_00512.jpg,ଭାରତର ଭାଷା ସମୂହ
train/img_00513.jpg,"୨୦୧୧ ଜନଗଣନା ଅନୁଯାୟୀ କଟକର ମୋଟ ଜନସଂଖ୍ୟା ୬,୦୬,୦୦୭ ।"
train/img_00514.jpg,"ଛ ବର୍ଷରୁ କମ: ୧,୩୨,୬୪୭"
train/img_00515.jpg,ଏ ଏସ ଆଇ ( ) ଏହା ପାଇଁ ନାନାଦି ଯୋଜନା ଆରମ୍ଭ କରିଅଛି ।
train/img_00516.jpg,୧୮୦୩ ମସିହା ପରଠାରୁ ଭାରତର ସ୍ୱାଧୀନତା ପର୍ଯ୍ୟନ୍ତ ପୁରୀ ମନ୍ଦିର ଇଂରେଜ ଶାସନାଧିନ ଥିଲା ।
train/img_00517.jpg,ଉକ୍ତଦିନ ଠାକୁରମାନଙ୍କ ବଡ଼ ସିଂହାର ନୀତି ସରିବା ପରେ ଶ୍ରୀମୁଖରେ ଖଣ୍ଡୁଆ ପକାଯାଇ ପୁଷ୍ପାଳକମାନେ ବାହାରକୁ ଆସିଥାନ୍ତି।
train/img_00518.jpg,"ଏଥିରେ ଉଲ୍ଲେଖ ଅଛି ଯେ, ବୀର ନରସିଂହ ଦେବ ରାଜା ରାଜ୍ୟ କଲେ।"
train/img_00519.jpg,ଭୁବନେଶ୍ୱର ଓ କଟକରୁ ବସଦ୍ୱାରା ଯଥାକ୍ରମେ ତିନି ଓ ଦୁଇ ଘଂଟାରେ ପହଂଚି ହେବ।ଭଦ୍ରକରୁ ଭାୟା ଚାନ୍ଦବାଲି ରାଜ୍ୟ ରାଜପଥଦ୍ୱାରା ଆସିପାରିବେ।
train/img_00520.jpg,ତରଣୀ ଋଷିଙ୍କର ୧୪ ଜଣ ଉଦ୍ଧତ ପୁଅ ଅନେକ ଅନ୍ୟାୟ ଅତ୍ୟାଚାର କରୁଥିଲେ।
train/img_00521.jpg,ଅଭିଶାପ ହେତୁ ଶିବଲିଙ୍ଗ ଭୂପତିତ ହେଲା ଏବଂ ଆଦିଶକ୍ତି ଉଭା ହୋଇ ଏହି ଲିଙ୍ଗକୁ ଧାରଣ କଲେ।
train/img_00522.jpg,ପୁରୁଷ: ୯୧ ୮୪
train/img_00523.jpg,ରାଜ୍ୟ ସରକାରଙ୍କ ଜଙ୍ଗଲ ବିଭାଗ ଉପରିବର୍ଣ୍ଣିତ କାଠ ଯୋଗାଇ ଆସୁଛନ୍ତି।
train/img_00524.jpg,ଚୀନ
train/img_00525.jpg,ନମାଜ
train/img_00526.jpg,ଜାହାନିଆ (ଅସ୍ତରଙ୍ଗ)
train/img_00527.jpg,ଭନେ ମୂଢ ରାମେଶ୍ୱରେରେ ।
train/img_00528.jpg,"ସହରାଞ୍ଚଳ: ୧୫,୫୩୭"
train/img_00529.jpg,"ଆଧୁନିକ ବଙ୍ଗୀୟମାନେ ସତ୍ୟ ନାରାୟଣ ବ୍ରତର ୪ ଗୋଟି କଥା ସ୍ଥାନରେ ୧୬ ଗୋଟି କଥା ସୃଷ୍ଟି କରିଅଛନ୍ତି ସେହି ୧୬ଟି କଥା ମଧ୍ୟରୁ ଉକ୍ତ ୪ ଗୋଟି ପୁରାଣରେ ଅଛି, ଅନ୍ୟ ୧୨ ଗୋଟି ନାହିଁ ସେମାନଙ୍କର ନାମ ନିମ୍ନରେ ଦିଆଗଲା ।"
train/img_00530.jpg,ବ୍ରାହ୍ମଣ୍ୟ ଧର୍ମ
train/img_00531.jpg,ଆଚାର୍ଯ୍ୟ ବରଣ କରିବେ ।
train/img_00532.jpg,ହିନ୍ଦୁଧର୍ମର ଅଧିକାଂଶ ଧର୍ମାବଲମ୍ବୀ ଭାରତ ଓ ନେପାଳରେ ବସବାସ କରନ୍ତି।
train/img_00533.jpg,"ବହୁ ସଂଖ୍ୟକ ଏଣ୍ଡେମିକ୍ ପ୍ରଜାତି ଧାରଣ କରିଥିବା ୧୭ଟି ମେଗାଡାଇବର୍ସ ଦେଶ ମଧ୍ୟରୁ ଯୁକ୍ତରାଷ୍ଟ୍ର ଆମେରିକା ଏବଂ ଆଲାସ୍କାରେ ପ୍ରାୟ ୧୭,୦୦୦ ପ୍ରଜାତିର ସଂବାହନୀ ଉଦ୍ଭିଦ ଦେଖାଯାଏ ଏବଂ ହାୱାଇରେ ୧୮୦୦ରୁ ଅଧିକ ପ୍ରଜାତିର ଫୁଲଗଛ ଦେଖିବାକୁ ମିଳେ, ସେଥିମଧ୍ୟରୁ କିଛି ମୁଖ୍ୟ ଭୂମିରେ ମିଳିଥାଏ ଯୁକ୍ତରାଷ୍ଟ୍ରରେ ୪୨୮ଟି ସ୍ତନ୍ୟପାୟୀ ପ୍ରାଣୀ, ୭୮୪ଟି ପକ୍ଷୀ, ୩୧୧ଟି ସରୀସୃପ ଏବଂ ୨୯୫ଟି ଉଭୟଚର, ଏବଂ ୯୧,୦୦୦ କୀଟପତଙ୍ଗ ବାସ କରନ୍ତି।"
train/img_00534.jpg,"ଦଣ୍ଡନାଚରେ ୧୩ଜଣ ମୁଖ୍ୟଭୋକ୍ତା ଥାଆନ୍ତି, ଏହି ୧୩ଜଣ ତେର ବର୍ଷ ପାଇଁ ଅଂଶଗ୍ରହଣ କରିବାକୁ ବାଧ୍ୟ ।"
train/img_00535.jpg,"ଓଡ଼ିଆ ଲୋକ (ଇଂରାଜୀ: , ) ଭାରତୀୟ ରାଜ୍ୟ ଓଡ଼ିଶାର ଏକ ଇଣ୍ଡୋ-ଆର୍ଯ୍ୟ ଜାତିଗତ ଗୋଷ୍ଠୀ ।"
train/img_00536.jpg,"ଦିନ ଦିପହରରେ ଧୂଳିଦଣ୍ଡ ପରିବେଷଣରେ କ୍ଷେତ୍ର ପ୍ରସ୍ତୁତି, ହଳ ଚାଳନା, ଧାନ ରୋପଣ, ବଛାବଛି, ଅମଳ, ଭୂମି ପୂଜା, ମନ୍ଦିର ନିର୍ମାଣ, ଲୁଗା ବୁଣା, ହଳଦୀ ବଟା, କୂଅ ଖୋଳା ଆଦି ପ୍ରଦର୍ଶିତ ହୁଏ।"
train/img_00537.jpg,ନୀଳାଦ୍ରି ବିଜେ ଦିନ ମଠ ତରଫରୁ ରତ୍ନସିଂହାସନ ମାର୍ଜନା କରାଯାଏ ଓ ନୀଳଚକ୍ରରେ ନୂତନ ଧ୍ୱଜା ବନ୍ଧାଯାଏ।
train/img_00538.jpg,ଅଣସର ତାଟି ସମ୍ମୁଖରେ ତିନୋଟି ପଟି ଚିତ୍ର ପ୍ରତିମା ରହିଥାଏ।
train/img_00539.jpg,"ରଥଯାତ୍ରା, ବାହୁଡା଼ ଯାତ୍ରା ଓ ନୀଳାଦ୍ରି ବିଜେ ଦିନ ଏହି ମଠର ବିଜେସ୍ଥଳୀଠାରେ ଠାକୁରମାନଙ୍କ ପହଣ୍ଡି ସମୟରେ ପନ୍ତି ଭୋଗ କରାଯାଇଥାଏ।"
train/img_00540.jpg,ମନ୍ଦିର ଇତିହାସ
train/img_00541.jpg,"ଛ ବର୍ଷରୁ କମ: ୧,୫୩,୪୪୩"
train/img_00542.jpg,୫-ବିବାହକାଳୀନ ଝୁମର : ବିବାହ ଭଳି ସାମାଜିକ ଅନୁଷ୍ଠାନମାନଙ୍କରେ ଏହି ନୃତ୍ୟ ପରିବେଷଣ କରା ଯାଇଥାଏ ।
train/img_00543.jpg,ଉଚ୍ଚ ବିଦ୍ୟାଳୟ- ୫୮ଟି
train/img_00544.jpg,ଭାରତରେ ପ୍ରଚଳିତ ଶାସ୍ତ୍ରୀୟ ନୃତ୍ୟମାନଙ୍କ ମଧ୍ୟରୁ ଓଡ଼ିଶୀ ନୃତ୍ୟ ଅନ୍ୟତମ ଓ ପ୍ରାଚୀନ ।
train/img_00545.jpg,"ଐତିହ୍ୟ ବିମଣ୍ଡିତ କେନ୍ଦ୍ରାପଡ଼ା ଜିଲ୍ଲା ବା ପ୍ରାଚୀନ ତୁଳସୀକ୍ଷେତ୍ରର ଇତିହାସ ଯେପରି ଘଟଣାବହୁଳ, ସେହିପରି ସୁଦୂରପ୍ରସାରୀ ।"
train/img_00546.jpg,ଶିଶୁଅନନ୍ତ ମଠ
train/img_00547.jpg,"ମୁମ୍ବାଇ ସହରରେ ବିଦ୍ୟୁତ ସରବରାହ ବେଷ୍ଟ, ରିଲାଏନ୍ସ ଏନର୍ଜି, ଟାଟା ପାଉଆର ଓ ମହାବିତରଣ (ମହାରାଷ୍ଟ୍ର ରାଜ୍ୟ ବିଦ୍ୟୁତ ବିତରଣ କମ୍ପାନୀ ଲି ) କରିଥାନ୍ତି।"
train/img_00548.jpg,ଉଚ୍ଛ ପ୍ରାଥମିକ ବିଦ୍ୟାଳୟ ସଖ୍ୟା-୩୯୧
train/img_00549.jpg,"ସମ୍ବଲପୁରୀ ଓଡ଼ିଆ ଓଡ଼ିଶାର ନିମ୍ନୋକ୍ତ ଜିଲ୍ଲାରେ କଥିତ: ସମ୍ବଲପୁର (ଏହି ଅଞ୍ଚଳର ମୁଖ୍ୟ ସାଂସ୍କୃତିକ ଏବଂ ବାଣିଜ୍ୟିକ କେନ୍ଦ୍ର ସମ୍ବଲପୁର ସହର), ଦେବଗଡ଼, ବରଗଡ଼, ନୂଆପଡ଼ା, କଳାହାଣ୍ଡି, ବୌଦ୍ଧ, ଅନୁଗୋଳ ଜିଲ୍ଲାର ଆଠମଲ୍ଲିକ ସବଡିଭିଜନ, ସୁନ୍ଦରଗଡ଼, ଝାରସୁଗୁଡ଼ା, ସମ୍ବଲପୁର ଜିଲ୍ଲା ।"
train/img_00550.jpg,"ଉଇକିପ୍ରକଳ୍ପ ଓଡ଼ିଆ ଉଇକିପିଡ଼ିଆ ଭିତରେ ନୂଆ ନୂଆ ପ୍ରକଳ୍ପ ମାଧ୍ୟମରେ ଏକ ନିର୍ଦ୍ଦିଷ୍ଟ ବିଭାଗରେ ଲେଖା, ଛବି ତଥା ଅନ୍ୟାନ୍ୟ ମାଧ୍ୟମକୁ ଆଣିବାର ଏକ ପ୍ରଚେଷ୍ଟା ।"
train/img_00551.jpg,"ଗୁଜରାଟୀ (; ଗୁଜରାଟୀ: , , ଆଗରୁ : ) ଏକ ଇଣ୍ଡୋ-ଆର୍ଯ୍ୟ ଭାଷା ।"
train/img_00552.jpg,ଏହି ଜିଲାର ପ୍ରଶାସନିକ ମୁଖ୍ୟ ଜାଗା ହେଲା ଛତ୍ରପୁର ।
train/img_00553.jpg,ବାହର ତଥ୍ୟ
train/img_00554.jpg,"ନୀଲାବାଡ଼ୀ, ଅଗ୍ନିଗଙ୍ଗାମା ଓ ପୁତ୍ୟାଲୁମା ଏ ଅଞ୍ଚଳର ଆରାଧ୍ୟଦେବୀ।"
train/img_00555.jpg,ଏ ଯୁଗର ଶ୍ରେଷ୍ଠ ଫାର୍ସୀକବି ଅମୀର ଖୁସ୍ରୋ ଭାରତୀୟ କାବ୍ୟ ଅନୁସରଣରେ କାବ୍ୟ ରଚନା କରିଥିଲେ ।
train/img_00556.jpg,:ଛାଞ୍ଚ:
train/img_00557.jpg,ତେଲ ଓ ମସଲା
train/img_00558.jpg,ରାଷ୍ଟ୍ରପତିଙ୍କ ମଞ୍ଜୁରୀ ପରେ ନିଯୁକ୍ତି ସଂପର୍କିତ ନୋଟିଫିକେସନ ଗେଜେଟରେ ପ୍ରକାଶ ପାଏ ।
train/img_00559.jpg,ତନ୍ତ
train/img_00560.jpg,ଏହା ଉତ୍ତର ରୁ ’ ଅକ୍ଷାଂଶ ଏବଂ ’ ପୂର୍ବ ଦ୍ରାଘିମାଙ୍କ ମଧ୍ୟରେ ଅବସ୍ଥିତ ।
train/img_00561.jpg,"ଗ୍ରାମ: ୧,୯୯୭"
train/img_00562.jpg,ସେଲଷିଙ୍ଗ
train/img_00563.jpg,"ତନ୍ମଧ୍ୟରୁ ଶଙ୍କର, ରାମାନୁଜ, ନିମ୍ବାର୍କ, ମାଧବାଚାର୍ଯ୍ୟ, ବଲ୍ଲଭାଚାର୍ଯ୍ୟ, କବୀର, ଗୁରୁ ନାନକ, ଚୈତନ୍ୟ ଆଦି ପ୍ରଧାନ ।"
train/img_00564.jpg,ମହାସୁଆରମାନେ ଭୋଗ ଆଣି ରଥ ଉପରେ ପନ୍ତିରେ ବାଢ଼ନ୍ତି ।
train/img_00565.jpg,ଖ୍ରୀଷ୍ଟପୂର୍ବ ୨ୟ ଶତାବ୍ଦୀରେ ତିଆରି ଭୁବନେଶ୍ୱରରେ ଥିବା ଖଣ୍ଡଗିରି ଓ ଉଦୟଗିରି ସେତେବେଳର ସମ୍ରାଟ ଖାରବେଳଙ୍କଦ୍ୱାରା ତିଆରି କରାଯାଇଥିଲା ।
train/img_00566.jpg,ବିଧାନ ସଭାର ସଦସ୍ୟ ହେବାପାଇଁ ପ୍ରାର୍ଥୀଙ୍କର ନିମ୍ନଲିଖିତ ଯୋଗ୍ୟତାଥିବା ଥିବା ଆବଶ୍ୟକ ।
train/img_00567.jpg,ଶାନ୍ତିନିକେତନ(୧୯୦୧-୧୯୩୨)
train/img_00568.jpg,୧୮୭୮ ମସିହାରେ ସେ ଲଣ୍ଡନ ଯାଇଥିଲେ ।
train/img_00569.jpg,ଠାକୁରଙ୍କ ଅଣସର/ଅନବସର ସମୟରେ ପଟିଦିଅଁମାନେ ଏଠାରୁ ଯାଆନ୍ତି ଓ ପରେ ଆସି ରଖାଯାଆନ୍ତି ।
train/img_00570.jpg,ଏହା ପୂର୍ଣ୍ଣଯୋଗ ଏବଂ ପିତୃମାନଙ୍କର ମୁକ୍ତିପଦ।
train/img_00571.jpg,ଉପଖଣ୍ଡ (ସବ୍ ଡିଭିଜନ): (୨) ୧ ଭୁବନେଶ୍ୱର ଓ ୨ ଖୋର୍ଦ୍ଧା ।
train/img_00572.jpg,ନବରଙ୍ଗପୁର
train/img_00573.jpg,ସକାଳ ସନ୍ଧ୍ୟା ଆଦିର ବର୍ଣ୍ଣନା ଆମ କାବ୍ୟକବିତାମାନଙ୍କରେ ଯେପରି ପରିଦୃଷ୍ଟ କୁଡ଼ୁମୀ ଝୁମର କବି ଦୃଷ୍ଟିରୁ ତାହା କଦାପି ଉପେକ୍ଷଣୀୟ ହୋଇନାହିଁ ।
train/img_00574.jpg,ଝୁମର ଗୀତରେ ବିଭିନ୍ନ ଋତୁର ବର୍ଣ୍ଣନା ଦେଖିବାକୁ ମିଳିଥାଏ ।
train/img_00575.jpg,୨୦୧୧ ଜନଗଣନା ଅନୁସାରେ ଗୁଜରାଟୀ ଭାରତରେ ମୋଟ ଜନସଂଖ୍ୟାର ୬ଷ୍ଠ ସର୍ବାଧିକ କଥିତ ଭାଷା ଓ ଏହା ୫୫ ୫ ମିଲିଅନ (୫ ୫ କୋଟି) ଭାଷାଭାଷୀଙ୍କଦ୍ୱାରା କଥିତ ଯାହା ଭାରତର ମୋଟ ଜନସଂଖ୍ୟାର ପ୍ରାୟ ୪ ୫ ।
train/img_00576.jpg,ସହର: ୮
train/img_00577.jpg,ଓଡ଼ିଆ ସାହିତ୍ୟକୁ ଏ ଅଞ୍ଚଳର ଦାନ ଅନନ୍ୟ।
train/img_00578.jpg,କେତେକ ଐତିହାସିକଙ୍କ ମତରେ ସିଂହଳର ପ୍ରଥମ ରାଜା ବିଜୟ ତତ୍କାଳୀନ ପୂର୍ବ ଭାରତୀୟ ରାଜ୍ୟ କଳିଙ୍ଗର ରାଜଧାନୀ ସିଂହପୁରରୁ ଆସିଥିଲେ ।
train/img_00579.jpg,ଥିପାଖୋଲ ଜଳପ୍ରପାତ
train/img_00580.jpg,(ରାମେଶ୍ୱର)
train/img_00581.jpg,ମୁମ୍ବାଇର ଉପକୂଳରେ ଫାଟ ଥିବାରୁ ଏହାର ପୋତାଶ୍ରୟ ପ୍ରକୃତିକ ଓ ସୁରକ୍ଷିତ ।
train/img_00582.jpg,ଓଡ଼ିଆ ବ୍ୟାକରଣ ବହିଗୁଡ଼ିକ ଭିତରେ ସର୍ବସାର ବ୍ୟାକରଣ ପ୍ରଧାନ ।
train/img_00583.jpg,"ବିଶ୍ୱ ଭ୍ରମଣ ଏବଂ ପର୍ଯ୍ୟଟନ ପରିଷଦ ଅନୁଯାୟୀ, ଥାଇଲ୍ୟାଣ୍ଡ ୨୦୧୮ରେ ୨ ୫ ମିଲିୟନରୁ ଅଧିକ ପର୍ଯ୍ୟଟକଙ୍କୁ ଆକର୍ଷିତ କରି ମେଡିକାଲ ପର୍ଯ୍ୟଟନ ଖର୍ଚ୍ଚର ପଞ୍ଚମ ବୃହତ୍ତମ ମେଡିକାଲ ପର୍ଯ୍ୟଟନ ସ୍ଥାନ ଗ୍ରହଣ କରିଛି ।"
train/img_00584.jpg,ଏହି ଉଦ୍ୟାନରେ ଚିତାବାଘ ଭଳି ପଶୁ ମଧ୍ୟ ମିଳିଯା'ନ୍ତି।
train/img_00585.jpg,"ଉଲ୍ଲେଖଯୋଗ୍ୟ ଯେ, ବଡ଼ସିଂହାର ସରିବା ପରେ ଅଧିକା ଭୋଗ ହେଲେ ଏହାକୁ ବଲ୍ଲଭ ବଡ଼ସିଂହାର ଭୋଗ କହନ୍ତି।"
train/img_00586.jpg,କିନ୍ତୁ ପରବର୍ତ୍ତୀ ସମୟରେ ଚଣ୍ଡାଶୋକ ଧର୍ମାଶୋକରେ ପରିବର୍ତ୍ତିତ ହୋଇଥିଲେ ।
train/img_00587.jpg,"ଏହି ଜଣାଣ ଏବଂ ଚଉତିଶା ମଧ୍ୟରେ ଜଗବନ୍ଧୁ ଜଣାଣ (ସାଧୁ), ରାମଚନ୍ଦ୍ର ଜଣାଣ (ଭୋବନି), ସର୍ପ ଜଣାଣ (କବିସୂର୍ଯ୍ୟ ବଳଦେବ ରଥ) ଓ ଆର୍ତ୍ତତ୍ରାଣ ଚଉତିଶା (ଭକ୍ତକବି ଦୀନକୃଷ୍ଣ) ଆଦି ପ୍ରମୁଖ ଅଟେ ।"
train/img_00588.jpg,"ଲୋକମାନେ ମାସେ କାଳ ଆମିଷ ଖାଦ୍ୟରୁ ନିବୃତ୍ତ ରହି କାର୍ତ୍ତିକ ମାସ ଉପରାନ୍ତେ, ପ୍ରଥମ ଦିନ ହିଁ ଆମିଷ ଖାଦ୍ୟ ଖାଇବାକୁ ପସନ୍ଦ କରନ୍ତି ।"
train/img_00589.jpg,"ନୀଳକଣ୍ଠେଶ୍ୱର ମନ୍ଦିର, ଷ୍ଟାଣ୍ଡରା ।"
train/img_00590.jpg,ସେଇ ବିଶ୍ୱାସର ନିଦର୍ଶନ ସ୍ୱରୂପ ଅଗିରା ପୁନେଇଁ ପରଦିନ ଏଠାରେ ଗୁଣ୍ଡୁଣିଯାତ୍ରା ଅନୁଷ୍ଠିତ ହୁଏ।
train/img_00591.jpg,"ନାରାୟଣଙ୍କ ଲିଖିତ ଚଉତିଶାମାଳାରେ ନାରୀମାନଙ୍କର ନାନା ବିଭାଗରେ ସ୍ୱାଧିନଭର୍ତ୍ତୃକା, ବାସକସଜ୍ଜା, କଳହାନ୍ତରିତା ଓ ଅଭିସାରିକା ଆଦି ନାୟିକାମାନଙ୍କ କଥା ବଖଣାଯାଇଅଛି ।"
train/img_00592.jpg,ଏହି ଝୁମର ସ୍ୱାଧୀନ ଭାବରେ ଗାନ କରାଯାଇଥାଏ ।
train/img_00593.jpg,୨୦୧୩ ମସିହା ଜୁଲାଇ ୨୩ ତାରିଖରେ ଭାଷାବିଶେଷଜ୍ଞ କମିଟି ଓଡ଼ିଆକୁ ଶାସ୍ତ୍ରୀୟ ମାନ୍ୟତା ପ୍ରଦାନପାଇଁ କେନ୍ଦ୍ର ସରକାରଙ୍କୁ ସୁପାରିଶ କରିଥିଲେ।
train/img_00594.jpg,ଏହା ଜାତୀୟ ହାରଠାରୁ -୬ ୯୨ ପ୍ରତିଶତ କମ ଅଟେ ।
train/img_00595.jpg,"ଯେଉଁଠାରେ ନାମ ସଙ୍କୀର୍ତ୍ତନ ହୁଏ, ତାହା ପ୍ରଧାନତମ ତୀର୍ଥ ଏବଂ ଯେଉଁଠି ସଙ୍କୀର୍ତ୍ତନକାରୀଙ୍କର ପାଦ ପଡ଼େ ସେହି ସ୍ଥାନ ପବିତ୍ରତମ ।"
train/img_00596.jpg,୧୯୧୫ରେ ତାଙ୍କ ଜନ୍ମ ଦିନରେ ରାଜା ଗେଓରେଗ ତାଙ୍କୁ ନାଇଟହୁଡ଼ ସମ୍ମାନୀତ କରିଥିଲେ କିନ୍ତୁ ୧୯୧୯ ଜଲିୱନାବାଗ ହତ୍ୟାକାଣ୍ଡ ପରେ ସେ ସନମ୍ମାନକୁ ଫେରାଇ ଦେଇଥିଲେ ।
train/img_00597.jpg,ଓଡ଼ିଶା ରାଜ୍ୟ ସଡ଼କ ପରିବହନ ନିଗମର ପ୍ରଶାସନିକ କେନ୍ଦ୍ର ଭୁବନେଶ୍ୱରରେ ଅବସ୍ଥିତ ।
train/img_00598.jpg,ଇନଫର୍ମମେସନ ଟେକନୋଲଜି (ଆଇ ଟି )
train/img_00599.jpg,ପରବର୍ତ୍ତୀ କାଳରେ ଶତପଥ ବ୍ରାହ୍ମଣ ଗ୍ରନ୍ଥରେ ମଧ୍ୟ ଏହାର ଆଭାସ ମିଳିଥାଏ ।
train/img_00600.jpg,"ବିଶ୍ୱ ଭ୍ରମଣ ଏବଂ ପର୍ଯ୍ୟଟନ ପରିଷଦ ଅନୁଯାୟୀ, ଥାଇଲ୍ୟାଣ୍ଡ ୨୦୧୮ରେ ୨ ୫ ମିଲିୟନରୁ ଅଧିକ ପର୍ଯ୍ୟଟକଙ୍କୁ ଆକର୍ଷିତ କରି ମେଡିକାଲ ପର୍ଯ୍ୟଟନ ଖର୍ଚ୍ଚର ପଞ୍ଚମ ବୃହତ୍ତମ ମେଡିକାଲ ପର୍ଯ୍ୟଟନ ସ୍ଥାନ ଗ୍ରହଣ କରିଛି ।"
train/img_00601.jpg,"ଏହା ଓଡ଼ିଶାର ନୁହେଁ ମାତ୍ର ପ୍ରାୟ୧୨ଟି ଜିଲ୍ଲା ଯଥା ଗଜପତି,ରାୟଗଡା,କୋରାପୁଟ,ଫୁଲବାଣୀ,କଳାହାଣ୍ତି,ସୋନପୁର ଇତ୍ୟାଦିରେ ଚାଷ କରାଯାଇଥାଏ।ଏଥିରୁ ବର୍ଷକୁ ପ୍ରାୟ ଚାଳିଶି ହଜାର କେଜି ରେଶମ ପୋକ ଉତ୍ପାଦନ କରାଯାଉଛି।"
train/img_00602.jpg,ମହାନଦୀ ହେଉଛି ଓଡ଼ିଶାର ବୃହତ୍ତମ ନଦୀ ଏବଂ ଭାରତର ଷଷ୍ଠ ବୃହତ୍ତମ ନଦୀ ଏହାର ପ୍ରକୃତ ଉତ୍ପତ୍ତି ଜଣା ପଡିନାହିଁ କିନ୍ତୁ ଛତିଶଗଡର ଧାମଟାରୀ ଜିଲ୍ଲାର ବସ୍ତର ମାଳଭୂମିର ସିହାୱା ପାହାଡରେ ଦୂରତମ ଜଳରାଶି ମିଳିପାରିବ।
train/img_00603.jpg,ଏହି ଶବ୍ଦ ଗୁଡ଼ହାଣ୍ଡି ଗୁମ୍ଫାରେ କଳା ଓ ନାଲି ରଙ୍ଗରେ ଖୋଦିତ ପ୍ରାକ-ଐତିହାସିକ କଳାରୁ ଆସିଥିବା ବିଶ୍ୱାସ କରାଯାଇଥାଏ ।
train/img_00604.jpg,ଆଜିକାଲି ଏହା ବଦଲରେ କେତେକ ଆଧୁନିକ ଓ ଆଗରୁ ବନ୍ଧା ଓ ସିଲାଇକରା ପୋଷାକ ପିନ୍ଧାଯାଉଅଛି ଯେଉଁଥିରେ ଏହି ପୁରାତନ ଲୁଗା ପରି ଖୋସିବାକୁ ପଡ଼ିନଥାଏ ।
train/img_00605.jpg,ଅର୍ଥ ସୁନ୍ଦରୀ ନାରୀର ତୀରାଘାତ ରତିକ୍ରୀଡ଼ା ମଧ୍ୟରେ ଶ୍ରେଷ୍ଠ ଅଟ ।
train/img_00606.jpg,"ସୁବର୍ଣ୍ଣରେଖା ଏକ ବର୍ଷାଜଳ ନଦୀ ଯାହାକି ାଡଖଣ୍ଡର ଛଟନଗପୁର ମାଳଭୂମିରେ ନାଗ୍ରି ଗ୍ରାମ ନିକଟରେ ଉତ୍ପନ୍ନ ଏଥିରେ ଭାରତ ମଧ୍ୟରେ ପ୍ରମୁଖ ନଦୀଗୁଡ଼ିକର କ୍ଷୁଦ୍ରତମ ନଦୀ ଅବବାହିକା ଅଛି ଏହା ାଡଖଣ୍ଡର ପ୍ରମୁଖ ସହର ଦେଇ ପ୍ରବାହିତ ହୁଏ ଏବଂ ତା’ପରେ ଓଡ଼ିଶାରେ ପ୍ରବେଶ କରେ ଏହା କିଲୋମିଟର (ଓଡ଼ିଶାରେ କିଲୋମିଟର) ଏବଂ ଏହାର , କିଲୋମିଟର (ଓଡ଼ିଶାରେ , କିଲୋମିଟର)ର ବାର୍ଷିକ ହାରାହାରି , ମିଲିୟନ ପ୍ରବାହିତ ହେଉଛି ଏହା ଶେଷରେ ଓଡ଼ିଶାର କିର୍ତ୍ତାନିଆ ବନ୍ଦରରେ ବଙ୍ଗୋପସାଗରରେ ଯୋଗ ଦେଇଥାଏ"
train/img_00607.jpg,ଶିଳାଧା(୧୮୭୮-୧୯୦୧)
train/img_00608.jpg,"ଏହା ମୁଖ୍ୟତଃ ଶିବଙ୍କ ବନ୍ଦନା-ଗୀତନାଟ ହୋଇଥିଲେ ମଧ୍ୟ ଏଥିରେ କାଳୀ, ଗଣେଶ ଆଦି ଦେବଦେବୀଙ୍କ ବନ୍ଦନା ମଧ୍ୟ ଏଥିରେ ସ୍ଥାନ ପାଇଥାଏ ।"
train/img_00609.jpg,୧୮୦୩ ଖ୍ରୀ - ବ୍ରିଟିଶମାନଙ୍କର ଓଡ଼ିଶା ଅଧିକାର(ଏହା ବ୍ରିଟିଶ ଅଧିକୃତ ଶେଷ ଭାରତୀୟ ରାଜ୍ୟ) ।
train/img_00610.jpg,"ଶ୍ରୀଜଗନ୍ନାଥ ଓ ରାଧା-କୃଷ୍ଣଙ୍କର ଉପରେ ଆଧାରିତ ପାରମ୍ପାରିକ ଭକ୍ତିସଙ୍ଗୀତ ଓଡ଼ିଶୀ ସଙ୍ଗୀତ ମାଧ୍ୟମରେ ଏକ ସ୍ୱତନ୍ତ୍ର ରାଗ, ତାଳ ଓ ଗାୟନଶୈଳୀ ମାଧ୍ୟମରେ ପରିବେଷିତ ହୁଏ ।"
train/img_00611.jpg,ଶ୍ରୀସାବିତ୍ରୀ
train/img_00612.jpg,ହାତ ଓ ପାଦ
train/img_00613.jpg,ବଂଶଧାରା ଓ ନାଗାବଳି ନଦୀ ଦୁଇଟି ପ୍ରମୁଖ ନଦୀ ।
train/img_00614.jpg,କଟକ ଡିଭିଜନଟି ଦାଉଦଙ୍କ ଅକ୍ତିଆରରେ ଥିଲାବେଳେ ଭଦ୍ରକ ଓ ବାଲେଶ୍ୱର ଡିଭିଜନ ମୋଗଲଙ୍କ ଅଧୀନରେ ଥିଲା।
train/img_00615.jpg,ଭନେ ମୂଢ ରାମେଶ୍ୱରେରେ ।
train/img_00616.jpg,"ସେଗୁଡିକ ହେଲା :୧-ପ୍ରକୃତି ପ୍ରଭାବ,୨-ଧର୍ମ ଚିନ୍ତନ,୩-କୃଷି ସଭ୍ୟତା,୪-ସାମରିକ ପରମ୍ପରା,୫- କାରୁକଳା,୬-ଆଦିବାସୀ ଓ ଓଡିଶୀ ନୃତ୍ୟ ।"
train/img_00617.jpg,ମହାପ୍ରଭୁମାନଙ୍କ ପହଣ୍ଡି ପୂର୍ବରୁ ଶ୍ରୀମନ୍ଦିରର କୋଠ ସୁଆଁସିଆ ସେବକମାନେ ଗୁଣ୍ଡିଚା ମନ୍ଦିର ରତ୍ନ ସିଂହାସନ ଏବଂ ସ୍ନାନ ପୂର୍ଣ୍ଣିମାରେ ଶ୍ରୀମନ୍ଦିରସ୍ଥ ରତ୍ନ ସିଂହାସନଠାରେ ଚାରମାଳ ବାନ୍ଧିଥାନ୍ତି।
train/img_00618.jpg,"ବାବା ଶ୍ରୀ ସ୍ୱପ୍ନେଶ୍ୱର ମନ୍ଦିର,କେନ୍ଦୁସାହି ।"
train/img_00619.jpg,ଗ୍ରାମ ପଞ୍ଚାୟତ: ୩୧୬
train/img_00620.jpg,ଜୋଙ୍କ ନଦୀ
train/img_00621.jpg,ସାଧାରଣତଃ 'ଗଂଜ'ରୁ ଏହାର ସୃଷ୍ଟି ବୋଲି କୁହାଯାଏ ; ଗଂଜ ଅର୍ଥାତ୍ କୌଣସି ସ୍ଥାନ ବା ଅଞ୍ଚଳ ।
train/img_00622.jpg,ଭୁବନେଶ୍ୱର(ମଧ୍ୟ) (୧୧୨)
train/img_00623.jpg,ତେଣୁ ସଂଗୀତକୁ ଗାନ କରିବା ନିମନ୍ତେ କେତେକ ରାଗରାଗିଣୀର ଆବଶ୍ୟକତା ହୋଇଥାଏ ।
train/img_00624.jpg,"ବର୍ତ୍ତମାନ ଏହା ମୟୁରଭଞ୍ଜ, ସମ୍ବଲପୁର ଓ ଗଞ୍ଜାମ ଜିଲ୍ଲାରେ ସେବା ପ୍ରଦାନ କରୁଛି ।"
train/img_00625.jpg,ଗୋଦାବରୀଶଙ୍କ ନିଆଁଖୁଣ୍ଟା ପତ୍ରିକା ଓଡ଼ିଶାରେ ବେଶ ପଠନଯୋଗୀ ଓ ଜନପ୍ରିୟ ହୋଇପାରିଥିଲା ।
train/img_00626.jpg,ଉନ୍ନବିଂଶ ଶତାବ୍ଦୀର ଓଡ଼ିଶା ଇତିହାସ ପୃଷ୍ଠାରେ କେନ୍ଦ୍ରାପଡ଼ା ସ୍ୱତନ୍ତ୍ର ସ୍ଥାନ ଅଧିକାର କରିଅଛି ।
train/img_00627.jpg,ଇଂରେଜ ପ୍ରଶାସକ ଜନ୍ ବିମସ୍ (୧୮୬୯-୧୮୭୭)ଙ୍କଦ୍ୱାରା ରଚିତ ପୁସ୍ତକର ୩୨୩ ପୃଷ୍ଠାର ଶେଷଭାଗରେ ବର୍ଣ୍ଣିତ ତଥ୍ୟ ଅନୁଯାୟୀ ଜଗନ୍ନାଥ ରଥରେ ବସିଯିବାର ବଡ଼ ଉତ୍ସବ ଦିନ ରାଜା ମନ୍ଦିର ଆଗରେ ଥିବା ପାହାଚକୁ ସୁନାର ପହଁରାରେ ଓଳାନ୍ତି ।
train/img_00628.jpg,ଦାସକାଠିଆ ଏକ ପାରମ୍ପାରିକ ଓଡ଼ିଆ ସଙ୍ଗୀତ-ନାଟ କଳା ।
train/img_00629.jpg,ଶ୍ରୀ ରାମଚନ୍ଦ୍ର ଭଞ୍ଜ ମେଡ଼ିକାଲ କଲେଜ ଛଡା ଅନେକ ଇଞ୍ଜିନିୟରିଂ କଲେଜ ମଧ୍ୟ ଏଠାରେ ରହିଛି ବାରବାଟି ଦୁର୍ଗ ପରି ଐତିହାସିକ ସ୍ଥାନ ଓ କେନ୍ଦ୍ରୀୟ ଧାନ ଗବେଷଣା କେନ୍ଦ୍ର (ବିଦ୍ୟାଧରପୁର) ପରି ବୈଜ୍ଞାନିକ ଅନୁଷ୍ଠାନ ଏଠାରେ ରହିଛି ସହର ଉତ୍ତର ଆଡକୁ ଚାରବାଟିଆଠାରେ ଉଡ୍ଡୟନ ଗବେଷଣା କେନ୍ଦ୍ର ସହିତ ସେନାବାହିନୀର ଏକ ବିମାନବନ୍ଦର ରହିଛି ଏହାର ନିୟନ୍ତ୍ରଣ ଦାୟିତ୍ୱ ଭାରତ ସରକାରଙ୍କ ଗୁଇନ୍ଦା ସଂସ୍ଥା ( ) ଉପରେ ନ୍ୟସ୍ତ
train/img_00630.jpg,ଏହି ଶାସକମାନେ ଖ୍ରୀଷ୍ଟାବ୍ଦ ୮୧୦ରୁ ୮୫୦ ପର୍ଯ୍ୟନ୍ତ ବଙ୍ଗର ପାଳବଂଶୀୟ ଶାସକ ଦେବପାଳଙ୍କ ଅଧୀନରେ ରହିଥିଲେ କିନ୍ତୁ ଉତ୍କଳ ଦେବପାଳଙ୍କ ପରବର୍ତ୍ତୀ ଶାସକମାନଙ୍କ କବଳରୁ ନିଜର ସ୍ୱାଧୀନତା ହାସଲ କରିଥିଲା ।
train/img_00631.jpg,ଭବାନୀପାଟଣା
train/img_00632.jpg,ଓଡ଼ିଶାର ପର୍ବପର୍ବାଣି
train/img_00633.jpg,ଚିଲିକା (୧୧୮)
train/img_00634.jpg,ଆଦିଯୁଗ (ପ୍ରାଚୀନରୁ ୧୭୫୦) : ଆଦିଯୁଗରେ ଝୁମରର ରୂପ ଲୋକଗୀତ ଧାରାରେ ଆବଦ୍ଧ ଥିଲା ।
train/img_00635.jpg,ଶ୍ରୀ ବେଡ଼ି ହନୁମାନ
train/img_00636.jpg,ଭୈରବୀ ମନ୍ଦିର
train/img_00637.jpg,ଏହି ଚକଡାକୁ ୯ ଭାଗ କରି ୧୦ ଧାରଣା ପକାଯାଏ।
train/img_00638.jpg,ନାଟମନ୍ଦିରରୁ ଜଗମୋହନକୁ ଯିବା ବାଟରେ ଥିବା ଦ୍ୱାର ହେଲା ‘ଜୟ-ବିଜୟ’ ଦ୍ୱାର ।
train/img_00639.jpg,"ବାଲେଶ୍ୱର ୩,୦୭୬୨ କି ମି ର ଜାଗାରେ ବ୍ୟାପିଛି ଦକ୍ଷିଣ-ପୂର୍ବ ପର୍ବତ ମାଳାର ତିନୋଟି ଅଞ୍ଚଳ ବାଲେଶ୍ୱର ଭିତରେ ଅଛି ।"
train/img_00640.jpg,ଏହି ଜଳ ପ୍ରପାତରେ ୨୦୦ଫୁଟ ଉପରୁ ଜଳ ନିର୍ଗତ ହେଇ ତାହା ବହି ଯାଏ ଓ ମହାନଦୀରେ ମିଶ୍ରଣ ହୁଏ ।
train/img_00641.jpg,୫୦ଟି ରାଜ୍ୟକୁ ଏକାଠି ନେଇ ତିଆରି ଏହା ଏକ ସଙ୍ଘୀୟ ଗଣରାଜ୍ୟ ।
train/img_00642.jpg,"ସେଥିମଧ୍ୟରୁ କେତେକ ପର୍ଯ୍ୟଟନ ସ୍ଥଳ ହେଉଛି: ଶ୍ରୀ ବଳଦେବଜୀଉ ମନ୍ଦିର, ଗହିରମଥା, ତାଳଚୁଆ ଜେଟୀ, ପେଣ୍ଠ, ବରୁଣେଇ ମୁହାଣ ଇତ୍ୟାଦି"
train/img_00643.jpg,କଳିଙ୍ଗର ଅନେକାଂଶ ବର୍ତ୍ତମାନ ଆଧୁନିକ ଓଡ଼ିଶାର ଅଂଶବିଶେଷ ।
train/img_00644.jpg,"ମୂଳ ଆମେରିକୀୟ, ଦେଶୀ ହାୱାଇନ୍ ଏବଂ ଦେଶୀ ଆଲାସ୍କାନ୍ ଜନସଂଖ୍ୟା ବ୍ୟତୀତ ପ୍ରାୟ ସମସ୍ତ ଆମେରିକୀୟ କିମ୍ବା ସେମାନଙ୍କ ପୂର୍ବଜମାନେ ଗତ ପାଞ୍ଚ ଶତାବ୍ଦୀ ମଧ୍ୟରେ ସ୍ଥାନାନ୍ତରିତ ହୋଇଥିଲେ କିମ୍ବା ଦାସ ଭାବରେ ଆମଦାନୀ ହୋଇଥିଲେ।"
train/img_00645.jpg,"୨୦୦୦ ବର୍ଷରୁ ଅଧିକ ଆଗରୁ ଓଡ଼ିଶାରେ ବୁଦ୍ଧଙ୍କ ଜନ୍ମ, ଧର୍ମପ୍ରଚାର ଓ ବୌଦ୍ଧ ଧର୍ମର ବିକାଶ କାଳରେ ପାଳି ଭାଷା ହିଁ ଥିଲା ଓଡ଼ିଆ ଭାଷା ତିଆରିର ମୂଳଦୁଆ ଯାହାକି ଆଧୁନିକ ଓଡ଼ିଆ ଭାଷାର ମୂଳଦୁଆ ।"
train/img_00646.jpg,"ଏହି ଜଙ୍ଗଲଗୁଡିକ ମୁଖ୍ୟତଃ ଉତ୍ତର ଗ୍ରୀଷ୍ମମଣ୍ଡଳୀୟ ଆର୍ଦ୍ର, ପର୍ଣ୍ଣମୋଚୀ ବୃକ୍ଷଲତାରେ ପରିପୂର୍ଣ୍ଣ; ସେସବୁ ମଧ୍ୟରେ ଶାଳ, ପିଆଶାଳ, ଅସନ ଆଦି ପ୍ରଧାନ ।"
train/img_00647.jpg,ନଦୀଗୁଡ଼ିକ
train/img_00648.jpg,ରଥଯାତ୍ରା ବହୁ ପ୍ରାଚୀନ ବୋଲି ଗବେଷକମାନେ ମତ ପ୍ରଦାନ କରିଛନ୍ତି ।
train/img_00649.jpg,କପିଳାସ ଅଭୟାରଣ୍ୟ: ଢେଙ୍କାନାଳ ଜିଲ୍ଲାର କପିଳାସ ସଂରକ୍ଷିତ ଜଙ୍ଗଲକୁ ୨୦୧୧ ଅପ୍ରେଲ ୨ତାରିଖରେ ଅଭୟାରଣ୍ୟ ଭାବେ ୱାଇଲ୍ଡ ଲାଇଫ ପକ୍ଷରୁ ଘୋଷଣା କରାଯାଇଛି ।
train/img_00650.jpg,"'ରବୀନ୍ଦ୍ରନାଥ ଠାକୁର ' ( ( ); : ), (୧୮୬୧-୧୯୪୧) ଏକାଧାରରେ ଜଣେ କବି, ଚିତ୍ରଶିଳ୍ପୀ, ସଂଗୀତଜ୍ଞ, ଶିକ୍ଷାବିତ, ଗାଳ୍ପିକ ଓ ଦାର୍ଶନିକ ଥିଲେ ।"
train/img_00651.jpg,ଏହିସବୁ ଚଉତିଶା ଶରୀର ଭେଦ ଚଉତିଶା ନାମରେ କଥିତ ।
train/img_00652.jpg,"୧୯୮୧ ଜନଗଣନାରେ କେନ୍ଦୁଝର ଜିଲ୍ଲାର ଆଦିବାସୀ ଲୋକସଂଖ୍ୟା ୪,୯୯,୬୫୭ ଥିଲା ଏବଂ ୧୯୯୧ ଜନଗଣନା ବେଳକୁ ତାହା ୧୧ ୯୦ ହାରରେ ବଢ଼ି ୫,୯୫,୧୮୪ରେ ପହଞ୍ଚିଥିଲା ।"
train/img_00653.jpg,ଦକ୍ଷିଣରେ: ବଲାଙ୍ଗୀର ଜିଲ୍ଲା ଓ ସୁବର୍ଣ୍ଣପୁର ଜିଲ୍ଲା
train/img_00654.jpg,"ଏଭଳି ଏକ ଅନୁଷ୍ଠାନ ସାରା ଓଡ଼ିଶାରେ ଶିକ୍ଷା, ସାହିତ୍ୟ, ସଂସ୍କୃତି, ଅର୍ଥନୀତି ଏବଂ ପ୍ରଜ୍ଞା ଓ ଜ୍ଞାନର ଏକ ଆଦର୍ଶ ଭିତ୍ତିଭୂମି ତିଆରି କରିପାରିଥିଲା ।"
train/img_00655.jpg,ରାଜ୍ୟସଭା ସାଂସଦ (୨୦୨୪)
train/img_00656.jpg,ସେ ଚଣ୍ଡୀପୁରାଣରେ ନିଜର ରଚନା ସମ୍ପର୍କରେ ସୂଚନା ଦେଇଛନ୍ତି ।-
train/img_00657.jpg,ଭାଷାଗତ ସମ୍ପର୍କ
train/img_00658.jpg,୧୯୨୭ରେ ଏହାର ନାମ ନୂଆଦିଲ୍ଲୀ ରଖାଯାଇଥିଲା ।
train/img_00659.jpg,ଦକ୍ଷିଣରେ କନ୍ଧମାଳ ଜିଲ୍ଲା
train/img_00660.jpg,ଭଞ୍ଜ ସାହିତ୍ୟର ପ୍ରଭାବ କେବଳ ସେମାନଙ୍କ ଲେଖନୀକୁ ପ୍ରଭାବିତ କରିନି; ନୂତନ ଶୈଳୀ ଓ ଅଳଙ୍କରଣ ପ୍ରୟୋଗ କରିବାରେ ମଧ୍ୟ ଯଥେଷ୍ଟ କବି ପ୍ରସିଦ୍ଧ ଆଣିଦେଇଛି ।
train/img_00661.jpg,ପୂର୍ଣ୍ଣଚନ୍ଦ୍ର ବିଡିକା
train/img_00662.jpg,ପ୍ରେମର ପ୍ରସଙ୍ଗ ଝୁମର ଗୀତରେ ନିଆରା ।
train/img_00663.jpg,ଜଗସିଂହପୁର ସହର ସହିତ ଜାତୀୟ ରାଜପଥ ସଂଯୋଗ ନାହିଁ।
train/img_00664.jpg,ଏହାକୁ ଦୃଷ୍ଟିରେ ରଖି ଝୁମର ନୃତ୍ୟର ବହୁ ବିଭାଗ ସୃଷ୍ଟି ହୋଇଛି ।
train/img_00665.jpg,ରଥଯାତ୍ରା ବେଳେ ଛୁଆମାନଙ୍କୁ ନୂଆ କନା ନୂଆ ଜାମା ପିନ୍ଧାଇ ରଥାଋଢ଼ ବିଗ୍ରହଙ୍କୁ ଦର୍ଶନ କରାଯାଏ ।
train/img_00666.jpg,ଗୁଣ୍ଡିଚା ମନ୍ଦିରରେ ଶ୍ରୀଜଗନ୍ନାଥ ସାତଦିନ ରହନ୍ତି ଏବଂ ସପ୍ତାହର ପ୍ରତ୍ୟେକ ବାରକୁ ଆବୃତ୍ତ କରନ୍ତି ।
train/img_00667.jpg,"ଅଭିଆଡ଼ି ଝିଅମାନେ ଶାଢ଼ୀ ଆଦି ପିନ୍ଧି ରଜ ଦୋଳି ଖେଳ, ପୁଚି ଖେଳ ଆଦିରେ ସମୟ ଅତିବାହିତ କରିଥାନ୍ତି ।"
train/img_00668.jpg,ବିଜୟା ରାମାସ୍ୱାମୀ ଏହାକୁ ପ୍ରାୟ ସମାନ ଯୁଗରେ ଆଧୁନିକ ୟୁରୋପର ସାଂସ୍କୃତିକ ଭାଷା ଭାବରେ ଫ୍ରାନ୍ସର ଅତ୍ୟଧିକ ଆଧିପତ୍ୟ ସହିତ ତୁଳନା କରିଥିଲେ ।
train/img_00669.jpg,ଓଡ଼ିଶାରେ ଟସର ଚାଷ ଏକ ପୁରୁଣା ପରମ୍ପରା।
train/img_00670.jpg,ଏହା ବ୍ୟତୀତ ବହୁ ବିଦ୍ୟାଳୟ ଓ ମହାବିଦ୍ୟାଳୟ ଏବେ ବି ସ୍ୱୀକୃତି ପାଇନାହିଁ।
train/img_00671.jpg,ନୁଆପଡା ଜିଲ୍ଲା ଓଡିଶାର ପଶ୍ଚିମ ଅଂଶରେ ଅବସ୍ଥିତ ।
train/img_00672.jpg,ମୋହନା
train/img_00673.jpg,ତନ୍ମଧ୍ୟରୁ ଗଙ୍ଗାରାମ ନାମକ ଏକ ହସ୍ତୀକୁ ଗଜପତି ମହାରାଜ ବୀରକିଶୋର ଦେବ (ଖ୍ରୀ ଅ ୧୯୫୬-୧୯୭୦)ଙ୍କ ସମୟରେ ମସ୍ତିଷ୍କ ବିକୃତି ଯୋଗୁଁ ମାରି ଦିଆଯାଇଥିଲା ଏବଂ ମୋତି ନାମକ ଶେଷ ହସ୍ତୀଟିର ଏକ ଆକସ୍ମିକ ଦୁର୍ଘଟଣା ବଶତଃ ୧୯୭୭ ମସିହାରେ ମୃତ୍ୟୁ ହୋଇଯାଇଥିଲା ।
train/img_00674.jpg,"ଏହାଛଡା ବର୍ମା, ଶ୍ରୀଲଙ୍କା ଓ ଫିଲିପାଇନସରେ ମଧ୍ୟ ଏମାନେ ଦେଖିବାକୁ ମିଳନ୍ତି ।"
train/img_00675.jpg,କବି ରଘୁନାଥ ପରିଚ୍ଛା
train/img_00676.jpg,ତେଣୁ ଏହି ନୃତ୍ୟରେ ବ୍ୟବହୃତ ହେଉଥିବା ଗୀତକୁ ‘ଝୁମର’ ଗୀତ ବୋଲି ଆଖ୍ୟାୟିତ କରାଗଲା।(୩)
train/img_00677.jpg,"ଶବ୍ଦକ୍ଳିଷ୍ଟତା, ଆଳଙ୍କ।ରିକ ଅଟୋପତାକୁ ପରିହାର କରି ଲୋକମୁଖୀ ଭାଷାକୁ ଆଦରି ନେଇଛି।"
train/img_00678.jpg,"ଆଳି ରାଜା ନୀଳକଣ୍ଠ ଦେବଙ୍କଦ୍ୱାରା ବର୍ତ୍ତମାନର ପ୍ରସିଦ୍ଧ ଆଳି ଶ୍ରୀ ଶ୍ରୀ ବରାହଜିଉଙ୍କ ମନ୍ଦିର ନିର୍ମିତ ହୋଇଥିବା ସମୟରେ କନିକା ରାଜା ବଳଭଦ୍ରଭଞ୍ଜ ରିଘାଗଡର ଶ୍ରୀ ଶ୍ରୀ ବଳଦେବଜୀଉଙ୍କ ମନ୍ଦିର ଓ କେରଡାଗଡର ଜଗନ୍ନାଥ ମନ୍ଦିର ନିର୍ମାଣ କରିଥିଲେ ଏହି କେରଡାଗଡରେ ଜନ୍ମ ନେଇଥିଲେ ଦୁଇ ମହାନ ସନ୍ଥ ନାମାଚାର୍ଯା ବାୟାବାବା ଓ ଶୂନ୍ୟବାଦୀ ପୁରୁଷ କ୍ଷେତ୍ରବାସୀ ବାବା, କୁଜଙ୍ଗ ନରେଶ ଅନନ୍ତ ନରେନ୍ଦ୍ର ସାମନ୍ତ କୁଜଙ୍ଗର ଶ୍ରୀ ଜଗନ୍ନାଥ ମନ୍ଦିର ନିର୍ମାଣ କରିଥିଲେ ।"
train/img_00679.jpg,୧୮୦୩ରେ ଇଂରେଜମାନେ ଓଡ଼ିଶା ଅଧିକାର କଲେ ।
train/img_00680.jpg,ପୁରାତନ ଓଡ଼ିଆ ସାହିତ୍ୟରେ ଅନେକ ଚଉତିଶା ଲୋକପ୍ରିୟତା ହାସଲ କରିଥିଲା ।
train/img_00681.jpg,ପରେ ହିନ୍ଦୁ ସିଲହରା ବଂଶର ରାଜାମାନେ ଏହାକୁ ୧୩୪୩ ପର୍ଯ୍ୟନ୍ତ ରାଜୁତି କରିଥିଲେ ଯେପର୍ଯ୍ୟନ୍ତ ଗୁଜରାଟର ରାଜାମାନେ ଏହାକୁ ଅଧିକାର ନକରିଥିଲେ।
train/img_00682.jpg,"ସାଧାରଣ ଶିକ୍ଷାଦାନ ସହ ଆତ୍ମନିର୍ଭରଶୀଳ ହେବା ପାଇଁ ଅରଟରେ ଲୁଗାବୁଣା, ସୂତା କଟା ଆଦି ଶିକ୍ଷା ଦିଆଯାଉଥିଲା ।"
train/img_00683.jpg,ଲୋକ ସଭା ନିର୍ବାଚନ ମଣ୍ଡଳୀ
train/img_00684.jpg,ବାରବାଟି ଷ୍ଟାଡିଅମ ନିକଟରେ ଐତିହାସିକ ବାରବାଟି ଦୁର୍ଗର ଭଗ୍ନାବଶେଷ ରହିଛି ।
train/img_00685.jpg,ଏହି ବସ୍ତ୍ରର ବିଶେଷତ୍ତ୍ୱ ଏହା ଯେ ଏହାର ରଙ୍ଗ ବହୁଦିନ ପରେ ମଧ୍ୟ ସତେଜ ଥାଏ ।
train/img_00686.jpg,କାଳକ୍ରମେ ଏହା ଦ୍ରୁତ ଶିଳ୍ପାୟନ ପଥରେ ଆଗେଇ ଚାଲୁଅଛି।
train/img_00687.jpg,ଜଣେ ଅନ୍ୟଜଣଙ୍କୁ ଲିଖିତ ଭାବରେ ଜଣାଇ ନିଜ ପଦରୁ ଇସ୍ତଫା ଦେଇଥାନ୍ତି ।
train/img_00688.jpg,ପହଣ୍ଡି ଶବ୍ଦଟି ସଂସ୍କୃତରେ ପାଦହୁଣ୍ଡନ ବା ପାଦ ହୁଣ୍ଡ ଶବ୍ଦରୁ ସୃଷ୍ଟି।
train/img_00689.jpg,"ଏକାନ୍ତ ଗୋପନୀୟ ସିଦ୍ଧ ତନ୍ତ୍ର ପୀଠ ଓ ଦେବୀ ନିଜେ ବିମଳା ମହାଭୈରବୀ ଆଦିଶକ୍ତି ଅଟନ୍ତି।ମା' ବିମଳା ପାଦ ପୀଠେଶ୍ୱରୀ ଓ କେହି କେହି ଏହାକୁ ଜିହ୍ୱା ପୀଠ, ଶ୍ରୀପୀଠ, ଉଦ୍ଦିଷ୍ଟ ପୀଠ, ନାଭି ପୀଠ, ମସ୍ତକ ପୀଠ ବୋଲି ବର୍ଣ୍ଣନା କରିଛନ୍ତି ।"
train/img_00690.jpg,ତହସିଲ: (୧୨):
train/img_00691.jpg,ସ୍ୱାଧୀନତା ପ୍ରାପ୍ତି ପରେ ଅନନ୍ତ ବର୍ମନ୍ ଚୋଡ଼ଗଙ୍ଗଦେବ ୧୦୭୮ରୁ ୧୧୯୧ ମଧ୍ୟରେ ଏହି ଅଞ୍ଚଳକୁ ନିଜ କବ୍ଜାକୁ ଆଣିଥିଲେ ।
train/img_00692.jpg,ଟଲେମି ଏବଂ ପ୍ଲିନି ଦି ଏଲଡର ଭାରତର ପୂର୍ବ ଉପକୂଳରେ ବାସ କରୁଥିବା ଓରେଟାମାନଙ୍କ ବାବଦରେ ମଧ୍ୟ ବର୍ଣ୍ଣନା କରିଛନ୍ତି ।
train/img_00693.jpg,ଏକଦା ସେ ପ୍ରଚାର କରିଥିଲେ କଳିଯୁଗରେ ହରିନାମ ସଙ୍କୀର୍ତ୍ତନ ହିଁ ମନୁଷ୍ୟ ପାଇଁ ମୁକ୍ତିଲାଭର ଏକ ମାତ୍ର ପଥ ।
train/img_00694.jpg,କାଳକ୍ରମେ ଏହା ଦ୍ରୁତ ଶିଳ୍ପାୟନ ପଥରେ ଆଗେଇ ଚାଲୁଅଛି।
train/img_00695.jpg,ରାଜଧାନୀଠାରୁ ଦୂରତା
train/img_00696.jpg,ଏହା ଛଡ଼ା ଝାରସୁଗୁଡ଼ାରୁ ୨୫ କିଲୋମିଟର ଦୂର ବିକ୍ରମଖୋଲର ଗୁମ୍ଫା ଭିତରେ ପ୍ରାକ- ଐତିହାସିକ ଶିଳା ଲେଖ ମାନ ପ୍ରତ୍ନତତ୍ତ୍ୱ ବସ୍ତୁ ହିସାବରେ ଐତିହାସିକ ଓ ପ୍ରତ୍ନତତ୍ତ୍ୱବିଦମାନଙ୍କୁ ଆକର୍ଷିତ କରେ ।
train/img_00697.jpg,ପାରାଦୀପ ବନ୍ଦର
train/img_00698.jpg,ତୋ ଲାବଣ୍ୟରୂପ ଚାହିଁ ଅଧୈର୍ଯ୍ୟ ହୋଇଲି ସହି
train/img_00699.jpg,ସେହିପରି ଜାନୁଆରୀରେ ପାଳିତ ହେଉଥିବା ମକର ସଂକ୍ରାନ୍ତିରେ ରଙ୍ଗବେରଙ୍ଗର ଗୁଡ଼ିରେ ଭରିଯାଇଥିବା ଆକାଶ ଅତ୍ୟନ୍ତ ସୁନ୍ଦର ଦିଶେ।
train/img_00700.jpg,ଆଇ ପି ଏ:
train/img_00701.jpg,ବାଚସ୍ପତି ଶରତ କୁମାର କର ଏହି ଆଲୋଚନା ମାଧ୍ୟମରେ ସରକାରଙ୍କୁ ବିଧିବଦ୍ଧ ସର୍କୁଲାର ଜାରୀ କରି ଏହାକୁ ରାଜ୍ୟ ସଙ୍ଗୀତ ମାନ୍ୟତା ଦେବାକୁ ନିର୍ଦ୍ଦେଶ ଦେଇଥିଲେ ।
train/img_00702.jpg,ଉମାଚରଣ ପଟ୍ଟନାୟକ ଯାନ୍ତ୍ରିକ ବିଦ୍ୟାଳୟ
train/img_00703.jpg,ସିଂହସନରୁ ନେହି ଚାରମାଳ ଉପରେ ଠାକୁରମାନେ ଧିରେ ଧିରେ ପହଣ୍ଡି ବିଜେ କରିଥାନ୍ତି।
train/img_00704.jpg,ବଙ୍ଗଳାଦେଶର ସରକାରୀ ଜାତୀୟ ଭାଷା ଏହାର ଆଧୁନିକ ମାନକ ବଙ୍ଗଳା ବା ସାହିତ୍ୟ ବଙ୍ଗଳା ।
train/img_00705.jpg,ଖ୍ରୀ ପୂ ୧୮୦୦- ଏ ପର୍ଯ୍ୟନ୍ତ
train/img_00706.jpg,ଅବଶିଷ୍ଟ ଲୋକ କେବଳ ମାସର ଶେଷ ପାଞ୍ଚଦିନ --- ପଞ୍ଚୁକରେ ଆମିଷ ଭକ୍ଷଣରୁ ନିବୃତ୍ତ ରହନ୍ତି ।
train/img_00707.jpg,"୨୦୧୧ ଜନଗଣନା ଅନୁସାରେ, ବଲାଙ୍ଗୀର ଜିଲ୍ଲାର ମୋଟ ଲୋକସଂଖ୍ୟା ୧୬,୪୮,୫୭୪ ।"
train/img_00708.jpg,ଭାରତୀୟ ସ୍ୱତନ୍ତ୍ରତା ସଂଘର୍ଷ ସମୟରେ ଅହମଦାବାଦ ଆନ୍ଦୋଳନର ପେଁଠସ୍ଥଳି ରହିଥିଲା ।
train/img_00709.jpg,ଅନେକ ଟଙ୍କା ନେଇ ବୁଢ଼ା କଥାରେ ରାଜି ହୋଇଗଲେ ।
train/img_00710.jpg,"ବାଘା ଯତୀନ,"
train/img_00711.jpg,ଟୀକା
train/img_00712.jpg,"ବେଦାନ୍ତ ଆଲୁମିନା,ଝାରସୁଗୁଡା"
train/img_00713.jpg,ସରକାରୀ ତନ୍ତ୍ରର ଢାଞ୍ଚା ଭାରତରେ କେନ୍ଦ୍ର ଓ ରାଜ୍ୟ ସ୍ତରରେ ଏକା ପ୍ରକାର ହୋଇଥାଏ ।
train/img_00714.jpg,"୨୦୧୧ ଜନଗଣନା ଅନୁସାରେ, ବୌଦ୍ଧ ଜିଲ୍ଲାର ଲୋକସଂଖ୍ୟା ୪,୩୯,୯୧୭ ।"
train/img_00715.jpg,ରଜ ଆସିଲେ ବଜାରରେ ମଧ୍ୟ ପାନର ଦର ବଢିଯାଏ ।
train/img_00716.jpg,ଜନ୍ମ ଲାଭ ହେ।ଇନଥିଲା ।
train/img_00717.jpg,ଶାନ୍ତିନିକେତନ(୧୯୦୧-୧୯୩୨)
train/img_00718.jpg,କିମ୍ବଦନ୍ତୀରେ ଓଡ଼ିଶା - ଓଡ଼ିଶାରେ ପ୍ରଚଳିତ ଲୋକକଥା ଅନୁସାରେ ଏଠି କଳା ଓ ବାଣିଜ୍ୟର ସଂସ୍କୃତି ପ୍ରଭାବ ବିସ୍ତାର କରିଥିଲା ।
train/img_00719.jpg,ଏହାର ମୂଳ ଉଦ୍ଦେଶ୍ୟ ଥିଲା ସାନ୍ତାଳୀ ଭାଷାର ସରକାରୀ ସ୍ୱୀକୃତି ପାଇଁ ଦାବୀ ଜଣାଇବା ।
train/img_00720.jpg,ଏହାବାଦ୍ ୬ଟି ବାଇପାସ୍ କରାଯିବ ।
train/img_00721.jpg,ତାଙ୍କର ଲୀଳାରେ ଶ୍ରୀକ୍ଷେତ୍ର ବାହାରେ ନଈରୀଠାରେ ଗୋଟିଏ ଥର ରଥଯାତ୍ରା ହୋଇଥିଲା ।
train/img_00722.jpg,ପ୍ରତିଷ୍ଠା
train/img_00723.jpg,କେଶରୀ ବଂଶର ରାଜା ନୃପ କେଶରୀଙ୍କଦ୍ୱାରା ୯୮୯ ଖ୍ରୀ ଅ ରେ
train/img_00724.jpg,ସେଗୁଡିକ ହେଲା ଯୋଗଧାରୀ ନିକଟରେ ସରଳା ଦେବୀ କଲ୍ୟାଣ ମଣ୍ଡପ ଓ ସାନ ବଜାରସ୍ଥିତ ମ୍ୟୁନିସିପାଲିଟି ମାର୍କେଟ୍ ଉପର ଥିବା କଲ୍ୟାଣ ମଣ୍ଡପ ଏହାବାଦ୍ ୪ଟି ବେସରକାରୀ କଲ୍ୟାଣ ମଣ୍ଡପ ରହିଛି ।
train/img_00725.jpg,"ଆଲ୍ଲା ଏକମାତ୍ର ପ୍ରଭୁ, ତାଙ୍କଛଡ଼ା ଅନ୍ୟ କେହି ପ୍ରଭୁ ନାହାଁନ୍ତି ।"
train/img_00726.jpg,"ମାଲଗୋଦାମ- ଖାଦ୍ୟ ଶସ୍ୟ, ମସଲା"
train/img_00727.jpg,ଶ୍ରୀ ବଳଦେବ ମହାପ୍ରଭୁଙ୍କୁ ବାଦ ଦେଲାପରେ କେନ୍ଦ୍ରାପଡ଼ା ଥିଲା ପ୍ରାଚୀନ ନୌବାଣିଜ୍ୟର ଗନ୍ତାଘର ।
train/img_00728.jpg,ସେହିପରି ଜାନୁଗଞ୍ଜ ମରହଟ୍ଟା ଶାସକ ଜାନୋଜୀଙ୍କ ନାଁରୁ ଆସିଛି ବୋଲି କେତେକ ଗବେଷକ ମତ ଦିଅନ୍ତି।
train/img_00729.jpg,ଏକ ଦଳ ପାଲାବାଲା ପାଲା ଅଭିନୟ କଲେ ତାକୁ 'ଗୋଟିକିଆ ପାଲା' କହନ୍ତି ।
train/img_00730.jpg,"ଟାଗୋର ମାନସୀ( ୧୮୯୦) ନାମକ ଏକ କବିତା ଲେଖିଥିଲେ, ଯେତେ କାମ କରିଥିଲେ ସେ ମଧ୍ୟରେ ସବୁଠାରୁ ଭଲ କାମ ଥିଲା ।"
train/img_00731.jpg,ଗାୟକ ଏକୁଟିଆ ଗୀତର ପ୍ରସଙ୍ଗରେ ଗଲେ ତାଙ୍କୁ ସାହାଯ୍ୟ କରିବାକୁ କିମ୍ବା ଗୀତର ପ୍ରସଙ୍ଗରେ କଥୋପକଥନ ଛଳରେ ଗାୟକଙ୍କୁ ଉତ୍ତର ଦେବାକୁ ଗାୟକଙ୍କ ସଙ୍ଗେ 'ଶିରୀ ପାଳିଆ' ବା 'ଡାହାଣ ପାଳିଆ' ବା 'ଶ୍ରୀ ପାଳିଆ' ଥାଆନ୍ତି ଗାୟକଙ୍କ ଡାହାଣ ହାତରେ 'ମନ୍ଦିରା' ବା ଗିନି ବନ୍ଧା ହୋଇଥାଏ ଓ କାଖରେ ଚଅଁର ମୁଠାଥାଏ ।
train/img_00732.jpg,"କପିଳେଶ୍ୱର ଶିଳାଲିପିରୁ ଏହା ସୁସ୍ପଷ୍ଟ ଯେ ଶାକ୍ୟ ମୁନି ବୁଦ୍ଧଙ୍କ ଜନ୍ମସ୍ଥଳୀ, କର୍ମସ୍ଥଳୀ, ବୌଦ୍ଧ ସଂସ୍କୃତିର ଅଭିବୃଦ୍ଧି, ପ୍ରମୁଖ ପ୍ରଚାର, ପ୍ରସାରର ସ୍ଥଳୀ କଳିଙ୍ଗ ହିଁ ଥିଲା ।"
train/img_00733.jpg,ଉଦ୍ୟୋଗ
train/img_00734.jpg,ପହଣ୍ଡି ଦେଖିବା ନିମନ୍ତେ ମନ୍ଦିର ପ୍ରଶାସନ ପକ୍ଷରୁ ପହଣ୍ଡି ଦର୍ଶନ ଟିକେଟ ବିକ୍ରୟ କରାଯାଇ ଦର୍ଶନାର୍ଥୀମାନଙ୍କୁ ମନ୍ଦିର ପରିସରକୁ ଆସିବା ନିମନ୍ତେ ଅନୁମତି ପ୍ରଦାନ କରାଯାଇଥାଏ।
train/img_00735.jpg,ପରବର୍ତ୍ତୀ ସମୟରେ କଳିଙ୍ଗ ରାଜା ଗୁହଶିବ ବୁଦ୍ଧଙ୍କ ଦନ୍ତଭସ୍ମ ଅଣାଇ ଦନ୍ତପୁରଠାରେ ଏକ ପବିତ୍ର ସ୍ତୂପ ନିର୍ମାଣ କରାଇଥିଲେ ।
train/img_00736.jpg,ନହେଲେ ବୁଡ଼ିମରିବା ହିଁ ସାର ହେବ ।
train/img_00737.jpg,ଓଷାବ୍ରତ ଆଦିରେ ଗାନ କରାହେବା ଲାଗି ମଧ୍ୟ ଅନେକ ଗୀତ ରହିଛି ।
train/img_00738.jpg,ଶିଳ୍ପ ଭାବରେ ସ୍ୱୀକୃତି
train/img_00739.jpg,ଇନ୍ଧନ
train/img_00740.jpg,'ସୁବର୍ଣ୍ଣରେଖା '
train/img_00741.jpg,ଜାମସେଦପୁର (ସାନ୍ତାଳୀ: : : ( )) ଏକ ଭାରତୀୟ ବିଜ୍ଞାପିତ ଅଞ୍ଚଳ ଅଟେ ।
train/img_00742.jpg,ଏକଟି ଚାଲକେ ଚାଲଇ ସାଇେକଲ
train/img_00743.jpg,"'ଓଡ଼ିଆ ଚଳଚ୍ଚିତ୍ରର ଇତିହାସ', ଓଡ଼ିଶା ବୁକ ଷ୍ଟୋର, ୧୯୮୪ (୧୯୩୪-୧୯୮୪ ମଧ୍ୟରେ ତିଆରି କଥାଚିତ୍ର), ଲେଖକ: କାର୍ତ୍ତିକ କୁମାର ଘୋଷକ"
train/img_00744.jpg,ମହାନଦୀ ହେଉଛି ଓଡ଼ିଶାର ବୃହତ୍ତମ ନଦୀ ଏବଂ ଭାରତର ଷଷ୍ଠ ବୃହତ୍ତମ ନଦୀ ଏହାର ପ୍ରକୃତ ଉତ୍ପତ୍ତି ଜଣା ପଡିନାହିଁ କିନ୍ତୁ ଛତିଶଗଡର ଧାମଟାରୀ ଜିଲ୍ଲାର ବସ୍ତର ମାଳଭୂମିର ସିହାୱା ପାହାଡରେ ଦୂରତମ ଜଳରାଶି ମିଳିପାରିବ।
train/img_00745.jpg,ପୁରାତନ ଲେଖକ ଓ ଗବେଷକ ପ୍ଲିନି ଦି ଏଲ୍ଡର ଓ ଟଲେମି ଓଡ୍ର ଜଣଙ୍କୁ 'ଓରେଟସ' ବୋଲି ନାମିତ କରିଛନ୍ତି ।
train/img_00746.jpg,ଧଉଳି ଭୁବନେଶ୍ୱରଠାରୁ ୮ କିମି ଦୁରରେ ରହିଛି ।
train/img_00747.jpg,ଏହାର ୬୦ ଅଞ୍ଚଳ ଜଙ୍ଗଲଦ୍ୱାରା ଘେରା ।
train/img_00748.jpg,୪୯ ଆଲାସ୍କା
train/img_00749.jpg,ଯାହା କେବଳ ଭାରତ ନୁହେଁ ବରଂ ବିଶ୍ୱଦରବାରରେ ମଧ୍ୟ ବିଖ୍ୟାତ ଏବଂ ଉଚ୍ଚ ପ୍ରଶଂସିତ ।
train/img_00750.jpg,ପ୍ରବେଶ ଦ୍ୱାରର ଓସାର ମାତ୍ର ଅଢେ଼ଇ ଫୁଟ ଓ ଉଚ୍ଚତାରେ ୪ଫୁଟ ।
train/img_00751.jpg,"୧ମ ଅର୍ଥ: (ବନ ଅର୍ଥରେ) ଶ୍ରୀରାମଚନ୍ଦ୍ର ବା ଶ୍ରୀକୃଷ୍ଣ ନିଜ ପ୍ରେୟସୀକୁ ନ ଦେଖି ହରିତ୍ ବର୍ଣ୍ଣର ବଣକୁ ଅବଲୋକନ କରି ନିଜର ସଖାମାନଙ୍କୁ ଶୋକେ ଆକୁଳ ହୋଇ କହୁଛନ୍ତି, ‘ମୁଁ ଏହି ସୁରମ୍ୟ ବନକୁ ଦେଖି କିପରି ବଞ୍ଚି ରହିବି ?"
train/img_00752.jpg,"ଏହି ରଥ ଟଣା ସମୟରେ ବିଭିନ୍ନ ମଠ, ଜାଗା, ଅନୁଷ୍ଠାନ ଓ ବ୍ୟକ୍ତିବିଶେଷଙ୍କ ତରଫରୁ ଠାକୁରମାନଙ୍କ ଉଦ୍ଦେଶ୍ୟରେ ବଡ଼ଦାଣ୍ଡର ଉଭୟ ପାର୍ଶ୍ୱର କେତେକ ନିର୍ଦ୍ଦିଷ୍ଟ ସ୍ଥାନରେ ପନ୍ତି ଭୋଗ ହୋଇଥାଏ।"
train/img_00753.jpg,ଗୁଣ୍ଡିଚାୟା ପଞ୍ଚମ ଦିବସେ ବିମାନେପରି ଶ୍ରୀମହାଲକ୍ଷ୍ମୀ ଗୃହୀତ୍ୱା ରଥ ସମୀପେ ତିଷ୍ଠେତ୍ ।
train/img_00754.jpg,"ଜ୍ୟେଷ୍ଠ ପୂର୍ଣ୍ଣିମା ଦିନ ପ୍ରତ୍ୟୁଷରୁ ରତ୍ନ ସିଂହାସନରେ ମହାପ୍ରଭୁମାନଙ୍କର କେବଳ ମଙ୍ଗଳାର୍ପଣ କରାଯାଇ ସର୍ବ ପ୍ରଥମେ ଶ୍ରୀସୁଦର୍ଶନ ଓ ପରେ ବଳଭଦ୍ର, ସୁଭଦ୍ରା, ଜଗନ୍ନାଥଙ୍କ ପହଣ୍ଡି ବିଜେ ହୋଇଥାଏ।"
train/img_00755.jpg,ଆଜିକାଲି ଏମାନଙ୍କ ମଧ୍ୟରୁ ଅନେକ ଖଣି-ଖାଦାନମାନଙ୍କରେ କାମକରୁଛନ୍ତି ।
train/img_00756.jpg,"ଏକାମ୍ର କ୍ଷେତ୍ର, କପିଳେଶ୍ୱର ଆଦି ମୁଖ୍ୟସ୍ଥାନ ସମୂହ ଲୁମ୍ବାଇ ପ୍ରଗଣା ରୂପେ ପ୍ରସିଦ୍ଧି ଲାଭ କରିଥିଲା ।"
train/img_00757.jpg,ଈଶାନେଶ୍ୱରଙ୍କୁ ଶ୍ରୀଜଗନ୍ନାଥଙ୍କ ଗୁରୁ ବୋଲି ବିବେଚନା କରାଯାଏ ଓ ଶ୍ରୀଜଗନ୍ନାଥ ମନ୍ଦିର ବହୁ ପୂର୍ବରୁ ସେ ଏଠାରେ ରହିଛନ୍ତି।ଗର୍ଭଗୃହରେ ୨ ଫୁଟରେ ୨ ଫୁଟ୍ ଆୟତନର ଉତ୍ତରାଭିମୁଖୀ ଶକ୍ତି ପୂଜା ପାଉଛନ୍ତି ।
train/img_00758.jpg,"ସଂସ୍କୃତ (, -, -, ସାଧାରଣତଃ , ) ବିଶ୍ବର ଏକ ପୁରାତନ ତଥା ଭାରତରେ ପ୍ରଚଳିତ ଏକ ଶାସ୍ତ୍ରୀୟ ଭାଷା ।"
train/img_00759.jpg,ଏମାନଙ୍କ ଦୃଷ୍ଟି ଶକ୍ତି କମ୍ କିନ୍ତୁ ଶ୍ରବଣ ଓ ଘ୍ରାଣ ଶକ୍ତି ପ୍ରଖର।
train/img_00760.jpg,ଶିଳାପଦ୍ମ
train/img_00761.jpg,ସାକ୍ଷରତା ହାର ୬୫ ୫୦
train/img_00762.jpg,"ପରମ୍ପରା ଅନୁଯାୟୀ ନନ୍ଦିଘୋଷ ରଥ ପାଇଁ ନାଲି ଓ ହଳଦିଆ କନା, ତାଳଧ୍ୱଜ ରଥ ପାଇଁ ନାଲି ଓ ନେଳି କନା ଓ ଦର୍ପଦଳନ ରଥ ପାଇଁ ନାଲି ଓ କଳା କନା ବ୍ୟବହାର ହୋଇଥାଏ।"
train/img_00763.jpg,ମହିଳା: ୮୦ ୮୮
train/img_00764.jpg,ମରାଠା ସେନାପତି ଭାସ୍କର ପଣ୍ଡିତ ଏହାର ଦାୟିତ୍ୱରେ ଥିଲେ ।
train/img_00765.jpg,କେଶରୀ ବଂଶର ରାଜା ନୃପ କେଶରୀଙ୍କଦ୍ୱାରା ୯୮୯ ଖ୍ରୀ ଅ ରେ ଏକ ସେନା ଛାଉଣି ଭାବରେ କଟକର ପ୍ରତିଷ୍ଠା ହୋ ଇଥିଲା ।
train/img_00766.jpg,କେତେକାଂଶରେ ତାହା ବୃତ୍ତ ବା ରାଗିଣୀ ଭାବରେ ମଧ୍ୟ ପରିଚିତ ।
train/img_00767.jpg,"ଗ୍ରାମାଞ୍ଚଳ: ୬,୫୭,୧୨୧"
train/img_00768.jpg,ବିଶେଷକରି ଶୃଙ୍ଗାର ରସର ପ୍ରାବଲ୍ୟ ସର୍ବପେକ୍ଷା ଅଧିକ ପରିଦୁଷ୍ଟ ହୋଇଥାଏ ଝୁମରମାନଙ୍କରେ ।
train/img_00769.jpg,ସୁଖଦୁଃଖରେ ସମଦର୍ଶୀ ସ୍ଥିତପ୍ରଜ୍ଞ ରହି ବିଭୁଉକ୍ତିରେ ତଦ୍ ଗତ ପ୍ରାଣୀ ହୋଇ ଝୁରି ଝୁରି ମର ଶରୀରକୁ ଅମରତ୍ୱ ଆଡ଼କୁ ନେବାର ସ୍ୱର ଝଙ୍କା ହିଁ ଝୁମର ।’’ (୪)
train/img_00770.jpg,"ସମ୍ବଲପୁରୀ ଓଡ଼ିଆ ଓଡ଼ିଶାର ନିମ୍ନୋକ୍ତ ଜିଲ୍ଲାରେ କଥିତ: ସମ୍ବଲପୁର (ଏହି ଅଞ୍ଚଳର ମୁଖ୍ୟ ସାଂସ୍କୃତିକ ଏବଂ ବାଣିଜ୍ୟିକ କେନ୍ଦ୍ର ସମ୍ବଲପୁର ସହର), ଦେବଗଡ଼, ବରଗଡ଼, ନୂଆପଡ଼ା, କଳାହାଣ୍ଡି, ବୌଦ୍ଧ, ଅନୁଗୋଳ ଜିଲ୍ଲାର ଆଠମଲ୍ଲିକ ସବଡିଭିଜନ, ସୁନ୍ଦରଗଡ଼, ଝାରସୁଗୁଡ଼ା, ସମ୍ବଲପୁର ଜିଲ୍ଲା ।"
train/img_00771.jpg,ମନ୍ଦିରା ଡ୍ୟାମ
train/img_00772.jpg,ତାଙ୍କ ପିତାଙ୍କ ନାମ ଯଶୋବନ୍ତ ଥିଲାବୋଲି ଜଣାଯାଏ।
train/img_00773.jpg,ତେଣୁ ସମାଜର ସକଳ ରୂପଛବି ଝୁମର ଗୀତରେ ପ୍ରସ୍ଫୁଟିତ ଏବଂ ଏହି ସମସ୍ତ ଗୀତ ମଧ୍ୟ ସମାଜରେ ବେଶ୍ ଆଦୃତ ।
train/img_00774.jpg,ଅଣସର ତାଟି ସମ୍ମୁଖରେ ତିନୋଟି ପଟି ଚିତ୍ର ପ୍ରତିମା ରହିଥାଏ।
train/img_00775.jpg,"ବିଶାଖାପାଟଣା, ଆନ୍ଧ୍ର ପ୍ରଦେଶର ଏକ ପ୍ରମୁଖ ସହର ଓ ବାଣିଜ୍ୟ କେନ୍ଦ୍ର ।"
train/img_00776.jpg,"ଓଡ଼ିଶାର ଦକ୍ଷିଣଭାଗରେ ଅବସ୍ଥିତ ମାଲକାନଗିରି ଜିଲ୍ଲାର ଆୟତନ ୫,୭୯୧ ବର୍ଗ କିମି୤"
train/img_00777.jpg,'ବ୍ରାହ୍ମଣ'
train/img_00778.jpg,ଆଧୁନିକ ଗଣିତର ମୂଳଦୁଆ ପ୍ରଥମେ ଶାସ୍ତ୍ରୀୟ ସଂସ୍କୃତରେ ବର୍ଣ୍ଣନା କରାଯାଇଥିଲା ।
train/img_00779.jpg,ନୂଆଖାଇ ସରିବା ପରେ ନର୍ତ୍ତକ ଘୁମୁରା ବଜାଇ ଗ୍ରାମ ପରିକ୍ରମା କରିଥାନ୍ତି ।
train/img_00780.jpg,ଚମ୍ପେଶ୍ୱର ଶିବ ମନ୍ଦିର ଏହି ମନ୍ଦିର ବୀରମହାରାଜପୁର ବ୍ଲକ ଅନ୍ତର୍ଗତ ଚମ୍ପାମାଳ ଗ୍ରାମରେ ଅବସ୍ଥିତ ।
train/img_00781.jpg,ଷ୍ଟୁଆର୍ଟ ବିଜ୍ଞାନ ମହାବିଦ୍ୟାଳୟ
train/img_00782.jpg,ଓଡ୍ର ଦେଶର ରାଜା ଶୁଭକରଋଷ ସାଧୁ ହେବାପାଇଁ ୭୧୬ ମସିହାରେ ଚୀନଯାତ୍ରା କରିଥିଲେ ଓ ଚୀନରେ ତାନ୍ତ୍ରିକ ବୌଦ୍ଧଧର୍ମର ଆରମ୍ଭ କରାଇଥିଲେ ।
train/img_00783.jpg,କୋଲାବ
train/img_00784.jpg,"କଟକ, କଟକ ଜିଲ୍ଲାର ମୁଖ୍ୟାଳୟ ହେବା ସହିତ ଓଡ଼ିଶାର ଉପ-ରାଜଧାନୀ ତଥା ତତ୍ ସହିତ ରାଜ୍ୟର ସର୍ବପୁରାତନ ନ ଗର ମଧ୍ୟ ।"
train/img_00785.jpg,ଆରବମାନେ ଖ୍ରୀ ୮ମ ଶତାବ୍ଦୀ ବେଳକୁ ଏକ ମହାନ ସାମୁଦ୍ରିକ ଶକ୍ତି ଭାବେ ଉଭାନ୍ ହେବାରୁ କଳିଙ୍ଗର ବାଣିଜ୍ୟରେ ଭଟ୍ଟା ପଡିଆସିଥିଲା ।
train/img_00786.jpg,ବାସୁଦେବପୁରର ‘ଶ୍ରୀଗୋପାଳ ଓଗାଳ ସମିତି’ ଓ ‘ରାଧାମାଧବ ଯାଦବ ସମିତି’ ଓଡ଼ିଶା ବାହାରେ ବିଭିନ୍ନ ସମୟରେ ଲଉଡ଼ିଖେଳ ପ୍ରଦର୍ଶନ କରି ପୁରସ୍କୃତ ହୋଇଛନ୍ତି।
train/img_00787.jpg,ଏହୋ ସଂଖ୍ୟା ୧୯୯୦ରେ ପ୍ରାୟ ୮୪ ୬ ଥିଲା।
train/img_00788.jpg,୨୦୧୨ରେ ସଂସ୍କୃତି ମନ୍ତ୍ରୀ ମହେଶ୍ୱର ମହାନ୍ତିଙ୍କ ଅଧ୍ୟକ୍ଷତାରେ ଏକ ବୈଠକରେ ଏହାକୁ ରାଜ୍ୟ ସଙ୍ଗୀତ ମାନ୍ୟତ ଦିଆଯିବାକୁ ନିଷ୍ପତି ନିଆଗଲା ଓ ଗୃହ ବିଭାଗ ଅନୁମୋଦନ ପାଇଁ ପ୍ରସ୍ତାବ ପଠାଯାଇଥିଲା ।
train/img_00789.jpg,ହଳଧର ନାଗ (ଜନ୍ମ: ୩୧ ମାର୍ଚ୍ଚ ୧୯୫୦) - ସମ୍ବଲପୁରୀ ଭାଷାକୁ ସେ ବରଦାନ ସଦୃଶ ।
train/img_00790.jpg,ରାମାଭିଷେକ
train/img_00791.jpg,ସରସ୍ୱତୀ ବିଦ୍ୟା ମନ୍ଦିର-୧୩
train/img_00792.jpg,ଏହା ଗୌତମ ବୁଦ୍ଧଙ୍କ ଶିକ୍ଷାକୁ ନେଇ ଗଠିତ ।
train/img_00793.jpg,ଆଧୁନିକ ଗୁଜରାଟୀ
train/img_00794.jpg,ସେଥିମଧ୍ୟରୁ ଜଗସିଂହପୁର ସହରରେ ଟାଉନ ଥାନା ଓ କଲେଜ ଛକ ନିକଟରେ ଏକ ଫାଣ୍ଡି ଅଛି ।
train/img_00795.jpg,"ସମ୍ବଲପୁରୀ ଓଡ଼ିଆ ଓଡ଼ିଶାର ନିମ୍ନୋକ୍ତ ଜିଲ୍ଲାରେ କଥିତ: ସମ୍ବଲପୁର (ଏହି ଅଞ୍ଚଳର ମୁଖ୍ୟ ସାଂସ୍କୃତିକ ଏବଂ ବାଣିଜ୍ୟିକ କେନ୍ଦ୍ର ସମ୍ବଲପୁର ସହର), ଦେବଗଡ଼, ବରଗଡ଼, ନୂଆପଡ଼ା, କଳାହାଣ୍ଡି, ବୌଦ୍ଧ, ଅନୁଗୋଳ ଜିଲ୍ଲାର ଆଠମଲ୍ଲିକ ସବଡିଭିଜନ, ସୁନ୍ଦରଗଡ଼, ଝାରସୁଗୁଡ଼ା, ସମ୍ବଲପୁର ଜିଲ୍ଲା ।"
train/img_00796.jpg,ଢ଼ଗରେ ଅଛି-
train/img_00797.jpg,ରାତି ପାହିଲାଣି ‘ଉଠ’ ।
train/img_00798.jpg,"ଶ୍ୟାମସୁନ୍ଦର ମହାପାତ୍ର, ଗଣକବି ବୈଷ୍ଣବ ପାଣି, ପଲ୍ଲୀ କବି କୃଷ୍ଣପ୍ରସାଦ ବେହେରା, ନାଟ୍ୟାଚାର୍ଯ୍ୟ ରଘୁନାଥ ପଣ୍ଡା, ନାଟ୍ୟ ଭୁଷଣ ଉମାକାନ୍ତ ବେହେରା, ନବ କିଶୋର ବେହେରା, ସୁଧାଂଶୁ ଶେଖର ନାୟକ ଇତ୍ୟାଦି ଏ ଦିଗରେ ଅଗ୍ର ସ୍ମରଣୀୟ।"
train/img_00799.jpg,୧୮୯୪ ମସିହାରେ ନ୍ୟୁୟର୍କ ସିଟିରେ କିନେଟୋସ୍କୋପ ବ୍ୟବହାର କରି ବିଶ୍ୱର ପ୍ରଥମ ବାଣିଜ୍ୟିକ ଚଳଚ୍ଚିତ୍ର ଚିତ୍ର ପ୍ରଦର୍ଶନୀ ଦିଆଯାଇଥିଲା।
train/img_00800.jpg,ବେଢା଼ ପରିକ୍ରମା ସମୟରେ ଭକ୍ତମାନଙ୍କର ଅଭିଳାଷକୁ ସାକାର କରି ରିଷ୍ଟ ଖଣ୍ଡନ କରିବାକୁ ଓ ଭବିଷ୍ୟତ ପଥକୁ କୁସୁମିତ କରିବା ଲକ୍ଷ୍ୟରେ ପାଣି ଲାଗି କରିଥାନ୍ତି ।
train/img_00801.jpg,ଗ୍ରାମ ପଞ୍ଚାୟତ: ୧୭୧
train/img_00802.jpg,ଗୁରୁତ୍ୱପୂର୍ଣ୍ଣ କାର୍ଯ୍ୟାଳୟ
train/img_00803.jpg,ଅକ୍ଟୋବର ୧୮୨୮ରେ ବାଲେଶ୍ୱର ଏକ ଅଲଗା ଜିଲ୍ଲାରେ ପରିଣତ ହେଲା ।
train/img_00804.jpg,ନମାଜର ମର୍ମ
train/img_00805.jpg,ବ୍ୟାଘ୍ର ବ୍ୟତୀତ ଝରଣା ଓ ସବୁଜିମା ପୂର୍ଣ୍ଣ ଏହି ଜଙ୍ଗଲରେ ହସ୍ତୀ ଓ ଅନ୍ୟାନ୍ୟ ପଶୁପକ୍ଷୀ ବାସ କରନ୍ତି ।
train/img_00806.jpg,"ସନ୍ଧ୍ୟା ପ୍ରକୃତି : ‘ବସି ସନ୍ଧ୍ୟା ସମୀରନେରେ, କାନ୍ଦେ ଶ୍ରୀମତୀ ସୁନ୍ଦରୀ"
train/img_00807.jpg,ଏହି ଦୁଇଟି ସୁନ୍ଦରର ସମାହାର ହେଲା ‘‘ଝୁମର’’ ଉତ୍ତର ଓଡ଼ିଶାର ଏକ ସାଂସ୍କୃତିକ ପରମ୍ପରା ।’’
train/img_00808.jpg,"ଭୋଗରାଇରୁ ମିଳିଥିବା ତମ୍ବା ମୁଦ୍ରା ଓ ଅଭଣା, କୁପାରି, ବସ୍ତା ଓ ଅଯୋଦ୍ଧାରୁ ମିଳିଥିବା ବୁଦ୍ଧଙ୍କ ମୂର୍ତ୍ତି ଏଠାରେ ବୁଦ୍ଧ ଧର୍ମର ଅବସ୍ଥିତି ଉପରେ ପ୍ରମାଣ ଦିଏ ଯାହା ଭୌମକର ରାଜଶାସନ କାଳରେ ବିକାଶ କରିଥିଲା ।"
train/img_00809.jpg,ଚୈତ୍ର ମାସରେ ଶିବ ମନ୍ଦିରରେ ଏହି ତାମସା ଅଭିନୀତ ହେଉଥିବାରୁ ଏହାକୁ ଚଇତି ତାମସା ମଧ୍ୟ କୁହାଯାଏ।
train/img_00810.jpg,"ସେଗୁଡିକ ହେଲା ବରଗଡ଼, ବରପାଲି, ଅତାବିରା, ଭେଡେନ, ସୋହେଲା, ବିଜେପୁର, ପଦମପୁର୍, ଗାଇସିଲେଟ, ପାଈକମାଲ, ଝାରବନ୍ଧ, ଆମ୍ବାଭୋନା ଏବଂ ଭଟଲି ।"
train/img_00811.jpg,ଚାର୍ଲ୍ସଙ୍କର ବାହାଘର କ୍ୟାଥରିନ ଡେ ଭର୍ଗିଞ୍ଜାଙ୍କ ସହ ହେଇଥିଲା।
train/img_00812.jpg,"ତେଲୁଗୁ ଭାଷା କର୍ଣ୍ଣାଟକ, ତାମିଲନାଡୁ, ମହାରାଷ୍ଟ୍ର, ଛତିଶଗଡ଼ ଏବଂ କେନ୍ଦ୍ର ଶାସିତ ଅଞ୍ଚଳ ପୁଡୁଚେରୀ ଏବଂ ଆଣ୍ଡାମାନ ଓ ନିକୋବର ଦ୍ୱୀପପୁଞ୍ଜରେ ମଧ୍ୟ କହାଯାଏ ।"
train/img_00813.jpg,ଏମାନେ ପ୍ରଶାସନିକ ରୂପରେ ମନ୍ତ୍ରାଳୟ ଅଧିନରେ କାମ କରିଥାନ୍ତି ।
train/img_00814.jpg,ଗୋପେଶ୍ୱର ମହାଶିବ ଓ ମହାବିଷ୍ଣୁଙ୍କ ସମାହାର ଅଟନ୍ତି ।
train/img_00815.jpg,ସ୍ଥାନୀୟ ବଣ୍ଡା ଜନଜାତିର ଲୋକମାନେ ଏଠାକୁ ଆସୁଥିବାରୁ ଏହା ବହୁ ବିଦେଶୀ ପର୍ଯ୍ୟଟକଙ୍କୁ ଆକର୍ଷିତ କରିଥାଏ ।
train/img_00816.jpg,କ୍ଷୀରଚୋରା ଗୋପୀନାଥ
train/img_00817.jpg,ଘୁ ଉଦୟଗିରି
train/img_00818.jpg,ଅପିଜୟ ସୁରେନ୍ଦ୍ର ଗ୍ରୁପ ଓ ଭାରତ ସିପୟାର୍ଡ ଲିମିଟେଡ୍ ଏହି ଆଧୁନିକତମ ଜାହାଜ ତିଆରି କାରଖାନାକୁ ୨୨୦୦କୋଟି ଟଙ୍କାର ପୁଞ୍ଜି ବିନିଯୋଗ କରି ମିଳିତ ଭାବେ ଗଢିବେ।
train/img_00819.jpg,ବିଶିଷ୍ଟ ନାଟ୍ୟକାର ମନୋରଞ୍ଜନ ଦାସଙ୍କ ଅନେକ ଏକାଙ୍କିକା ଓ ନାଟକ ଚଳଚ୍ଚିତ୍ରର ରୂପ ନେଇଛି ।
train/img_00820.jpg,ଉମାଚରଣ ପଟ୍ଟନାୟକ ଯାନ୍ତ୍ରିକ ବିଦ୍ୟାଳୟ
train/img_00821.jpg,ରୋଲାଣ୍ଡ ଇନଷ୍ଟିଚ୍ୟୁଟ୍ ଅଫ୍ ଫାର୍ମାସୁଟିକାଲ ସାଇନ୍ସ କଲେଜ
train/img_00822.jpg,ଝାଡ଼ଖଣ୍ଡ (ଅର୍ଥାତ୍ 'ଜଙ୍ଗଲର ଭୂମି') ହେଉଛି ପୂର୍ବ ଭାରତର ଏକ ରାଜ୍ୟ।
train/img_00823.jpg,ସାକ୍ଷରତା ହାର ୪୯ ୪୯
train/img_00824.jpg,୧୯୯୨ମସିହା ଅକ୍ଟୋବର ୨ତାରିଖ ଦିନ ମାଲକାନଗିରି କୋରାପୁଟ ଜିଲ୍ଲାରୁ ଅଲଗା ହୋଇ ଏକ ନୂଆ ଜିଲ୍ଲାର ପରିଚୟ ପାଇଥିଲା୤
train/img_00825.jpg,ଶ୍ରୀ ଗୋପୀନାଥ ଓ ରାମଚନ୍ଦ୍ର ମନ୍ଦିରରେ ରାମାୟଣ ଓ ମହାଭାରତ ଯୁଗର ସହାବସ୍ଥାନ ଦେଖାଯାଇଥାଏ।ଏଠାରେ ପ୍ରଭୁ ଶ୍ରୀକୃଷ୍ଣ ଓ ମର୍ଯ୍ୟାଦା ପୁରୁଷ ଶ୍ରୀରାମଚନ୍ଦ୍ରଙ୍କ ପୂଜା କରାଯାଇଥାଏ।
train/img_00826.jpg,ଭିତର ବେଢାରୁ ଉତ୍ତର ଦ୍ୱାରକୁ ଯିବା ସମୟରେ ପୂର୍ବ ପଟ ସଂଲଗ୍ନ ହୋଇ ଈଶାନେଶ୍ୱର ମହାଦେବ ବିଦ୍ୟମାନ ହୋଇଛନ୍ତି ଓ ଏହାର ପ୍ରବେଶ ଦ୍ୱାରଟି ଉତ୍ତରାଭିମୁଖୀ ହୋଇ ରହିଛି।ମାଦଳା ପାଞ୍ଜିରୁ ଜଣାପଡେ ଯେ ଏହାକୁ ଧ୍ରୁବ କେଶରୀ ନିର୍ମାଣ କରିଛନ୍ତି ।
train/img_00827.jpg,"କିଛି ଐତିହାସିକମାନଙ୍କ ମତରେ, ଛାଡ଼ଖାଇରୁ ଶୀତ ଋତୁର ମାତ୍ରା ପ୍ରବଳ ହୋଇଯାଏ ।"
train/img_00828.jpg,ମୂଳ ଭୂଖଣ୍ଡରେ ଥିବା ଯୁକ୍ତରାଷ୍ଟ୍ର ଆମେରିକାର ରାଜ୍ୟଗୁଡିକ ହେଲା ।
train/img_00829.jpg,କଳାହାଣ୍ଡି (ଆଞ୍ଚଳିକ ଭାଷାରେ କଳାହାନି ମଧ୍ୟ କୁହାଯାଇଥାଏ) ଓଡ଼ିଶାର ପଶ୍ଚିମାଞ୍ଚଳରେ ଅବସ୍ଥିତ ଏକ ଜିଲ୍ଲା ।
train/img_00830.jpg,"ହିନ୍ଦୁଙ୍କ ବ୍ୟତୀତ କଟକରେ ବସବାସ କରୁଥିବା ମୁସ୍ ଲିମ୍, ଖ୍ରୀଷ୍ଟିଆନ, ଶିଖ୍ ଓ ଅନ୍ୟାନ୍ୟ ଧର୍ମାବଲମ୍ବୀମାନେ ମଧ୍ୟ ନିଜ ନିଜ ଧାର୍ମିକ ପର୍ବ ପାଳନ କରନ୍ତି।"
train/img_00831.jpg,ପଥରରେ ତିଆରି କରାଯାଇଥିବା ହାତୀ ଯାହା ଏହି ଶିଳାଲେଖ ଉପରେ ଅଛି ତାହା ଅନେକ ଦିନ ଆଗରୁ ତିଆରି କରାଯାଇଥିବା ଓଡ଼ିଶାର ବୌଦ୍ଧ କୀର୍ତ୍ତି ।
train/img_00832.jpg,ଖାରବେଳ ତାଙ୍କ ସୈନ୍ୟ ବାହିନୀକୁ ପଠେଇଥିବା କଥା ବି ଉଲ୍ଲେଖ କରେ ।
train/img_00833.jpg,"ମୁଖ୍ୟରୂପେ ଦକ୍ଷିଣ ଏସିଆରେ ଭାଷା କୁହାଯାଏ, କିନ୍ତୁ ଇଣ୍ଡୋ-ଆର୍ଯ୍ୟନ ଭାଷା ୟୁରୋପ ଏବଂ ମଧ୍ୟ ପୂର୍ବରେ କୁହାଯିବ ।"
train/img_00834.jpg,ବୈଜୟନ୍ତ ପଣ୍ଡା: ୨୦୦୯ ଓ ୨୦୧୮
train/img_00835.jpg,ଶ୍ରୀମନ୍ଦିର ପ୍ରଶାସନ ତରଫରୁ ପ୍ରତିବର୍ଷ ତିନିଗୋଟି ରଥ ସମ୍ପୂର୍ଣ୍ଣ ଶିଳ୍ପ ଶାସ୍ତ୍ରୀୟ ପଦ୍ଧତିରେ ନିର୍ମାଣ କରାଯାଉଥିଲେ ହେଁ ପ୍ରତି ରଥରେ ଅଧିଷ୍ଠିତ ହେଉଥିବା ପାର୍ଶ୍ୱ ଦେବତାଙ୍କର ନିର୍ମାଣ ହୋଇନଥାଏ।
train/img_00836.jpg,ସାଇକେଲ ଛୁଟିଛି ଆସମାନେ ।
train/img_00837.jpg,ଏହା ପରେ ଦଇତାପତିମାନେ ଠାକୁରମାନଙ୍କ ଅନ୍ୟାନ୍ୟ ଗୁପ୍ତସେବା କରିବା ସହିତ କୋଠ ସୁଆଁସିଆମାନେ ସିଂହାସନକୁ ଲଗାଇ ଚାରମାଳ ବାନ୍ଧିଥାନ୍ତି।
train/img_00838.jpg,ଏହାର ସର୍ବମୋଟ ଆୟତନ ୨୬୭୭ ବର୍ଗ କିମି ।
train/img_00839.jpg,ଅନ୍ୟାନ୍ୟ
train/img_00840.jpg,"ଜନ୍ମପାଲା: ଏକ ବାଦଶାହଙ୍କ ପତ୍ନୀଙ୍କ ଗର୍ଭରେ ସତ୍ୟପୀରଙ୍କର, ଅବତାର ମୃତ ବାଳକର ପୁନର୍ଜନ୍ମ ଲାଭ"
train/img_00841.jpg,"ଆମ ରାଜ୍ୟରେ ବୟନ ଶିଳ୍ପକୁ କେବଳ ବ୍ୟବସାୟିକ ଦୃଷ୍ଟିରେ ଦେଖାଯାଏ ନାହିଁ, ବରଂ ଏହା ଆମ ସଂସୃତିର ଏକ ପରିଭାଷା ।"
train/img_00842.jpg,ନିକଟତମ ବିମାନଘାଟି: ଭୁବନେଶ୍ୱର (୧୯୧ କି ମି ) ଓ କଲିକତା ଯାହାକି ଏଠାରୁ ପ୍ରାୟ ସାଢେ ୩ ଘଣ୍ଟାର ବାଟ ।
train/img_00843.jpg,ଝୁରରରେ ପରିଲକ୍ଷିତ ଅଳଙ୍କାରଗୁଡ଼ିକୁ ଅବଲୋକ କଲେ ଭଞ୍ଜୀୟ କାବ୍ୟାଳଙ୍କାର ସ୍ୱତ ଆଖି ଆଗରେ ଝଲସି ଉଠା ।
train/img_00844.jpg,ଏହା ପରେ ଘଟୁଆରୀ ପ୍ରଦତ୍ତ ରୂପା ପିଙ୍ଗଣରେ ଥିବା ଚନ୍ଦନ ପାଣିକୁ ରାଜଗୁରୁ ସଂସ୍କାର କରିବାପରେ ଭଣ୍ଡାର ମେକପ ଗଜପତିଙ୍କ ହସ୍ତକୁ ବଢ଼ାଇଥାନ୍ତି।
train/img_00845.jpg,"ମେକ୍ସିକୋ ଗଲ୍ଫର ସୀମାବର୍ତ୍ତୀ ରାଜ୍ୟଗୁଡିକ ଝଡର ଶିକାର ହୋଇଥାନ୍ତି ମୁଖ୍ୟତଃ, ମଧ୍ୟପଶ୍ଚିମ ଏବଂ ଦକ୍ଷିଣାଞ୍ଚଳ ଗୁଡିକରେ ବିଶ୍ବର ଅଧିକାଂଶ ଘୂର୍ଣ୍ଣିବଳୟ ଘଟିଥାଏ ମୋଟ ଉପରେ, ବିଶ୍ବର ଅନ୍ୟ ଦେଶ ଅପେକ୍ଷା ଆମେରିକା ପାଣିପାଗଦ୍ୱାରା ଅଧିକ ପ୍ରଭାବିତ ହୋଇଥାଏ"
train/img_00846.jpg,"ମନୋଜ ଦାସ,"
train/img_00847.jpg,ଉଚ୍ଚ ଶିକ୍ଷା
train/img_00848.jpg,"ଗ୍ରାମାଞ୍ଚଳ: ୩,୬୩,୭୮୩"
train/img_00849.jpg,ନୃସିଂହନାଥ
train/img_00850.jpg,ଓଡ଼ିଶାର ସର୍ବୋଚ୍ଚ ପର୍ବତ ଶୃଙ୍ଗ ହେଉଛି ଦେଓମାଳୀ (୧୬୭୨ ମି ) ଯାହାକି ଦକ୍ଷିଣ ଓଡ଼ିଶାର କୋରାପୁଟ ଜିଲ୍ଲାରେ ଅବସ୍ଥିତ ଏବଂ ଚନ୍ଦ୍ରଗିରି-ପଟ୍ଟାଙ୍ଗୀ ପର୍ବତମାଳାର ଅନ୍ତର୍ଗତ ।
train/img_00851.jpg,ଭୂଟାନରେ ମଧ୍ୟ କିଛିସଂଖ୍ଯକ ଅସମୀୟା ଭାଷୀ ଲୋକ ଅଛନ୍ତି ।
train/img_00852.jpg,ଯଥା : ଶ୍ରୀରାମଚନ୍ଦ୍ର ଦେବ ମୋଗଲ ହେବାରୁ ରାମଚନ୍ଦ୍ର ବଡ଼ଜେନା ରାଉତ ରାଜୁତିରେ ମୁନିମ୍ ଖାଁ ଡରରେ ପାଲରେ ପଡି ମୋଗଲ ବୋଲାଇଲେ ।
train/img_00853.jpg,ଘନେ ଘନେ ପାଦେ ଅଳତା ଗୋ
train/img_00854.jpg,ଫଳତଃ ଗରୁଡ଼ଙ୍କ ଆଦେଶରେ ଶିବଙ୍କର ସର୍ପ ଦଂଶନ କରି ମାରିଦେଲେ।
train/img_00855.jpg,କଳିରେ ସ୍ୱୟଂ ବ୍ରହ୍ମ ପୁରୁଷୋତ୍ତମ ଓଁକାର ବା ବ୍ରହ୍ମ ନାମରେ ପ୍ରତୀକ ରୂପରେ ପୁରୁଷୋତ୍ତମ କ୍ଷେତ୍ରରେ ସ୍ୱୟଂ ପ୍ରକଟ ହୋଇ ହରିକୀର୍ତ୍ତନ ସୂତ୍ରରେ ନାମମୟ ଧାମର ପ୍ରତିଷ୍ଠା କରିଲେ ।
train/img_00856.jpg,"ମହିଳା: ୮,୧୭,୨୨୫"
train/img_00857.jpg,"ସ୍ଥାନ ଭେଦରେ ଏହାର ରୂପ, ଲୟ, ପ୍ରକାଶଭଙ୍ଗୀରେ ଭିନ୍ନତା ପରିଲକ୍ଷିତ ହୋଇଥାଏ ସତ ; ମାତ୍ର ଏହା ଏତେ ମାତ୍ରାରେ ଭିନ୍ନ ନୁହେଁ, ଯାହା ଅନ୍ୟ ଝୁମର ସହିତ ଥିବା ସମ୍ପର୍କକୁ ଅସ୍ୱୀକାର କରିବ ।"
train/img_00858.jpg,"ଭାରତର ପଶ୍ଚିମ କୂଳରେସ୍ଥିତ ମୁମ୍ବାଇ (ପୂର୍ବ ନାମ ବମ୍ବେ), ଭାରତୀୟ ରାଜ୍ୟ ମହାରାଷ୍ଟ୍ରର ରାଜଧାନୀ ।"
train/img_00859.jpg,"କାଶ୍ମୀରୀ ଭାଷା, ଭାରତର ଜମ୍ମୁ ଓ କାଶ୍ମୀରର ମୂଖ୍ୟ ଭାଷା ଅଟେ ।"
train/img_00860.jpg,"ପାକିସ୍ତାନରେ, ପଞ୍ଜାବୀ ବହୁଳ ଭାବେ କୁହାଯାଉଥିବା ଏକ ଭାଷା ।, ଭାରତରେ ୧୧ତମ ବହୁଳ ଭାବେ କୁହାଯାଉଥିବା ଭାଷା ।"
train/img_00861.jpg,-ବଳି - ଟିକାବଳି ଇତ୍ୟାଦି।
train/img_00862.jpg,ଏହା ହୋ ଓ ମୁଣ୍ଡାରି ଭାଷାସହିତ କେତେକାଂଶରେ ମିଶିଥାଏ ।
train/img_00863.jpg,ଶ୍ରୀ ନରସିଂହ ନାରାୟଣ ଭଞ୍ଜ (୧୭୩୬-୧୭୫୭)
train/img_00864.jpg,ଏହି ମନ୍ଦିରଟି ଚୋଡ଼ଗଙ୍ଗ ଦେବଙ୍କଦ୍ୱାରା ପ୍ରତିଷ୍ଠିତ।କପିଳେନ୍ଦ୍ର ଦେବ ଏହାକୁ ପୁନଃ ନିର୍ମାଣ କରିଥିଲେ ।
train/img_00865.jpg,"ସ୍ୱପ୍ନାଦେଶ ପାଇଥିବା ଦଣ୍ଡୁଆମାନେ କଳା ପୋଷାକ ପିନ୍ଧିଥାନ୍ତି, ମୁଣ୍ଡରେ କଳା କନା ବାନ୍ଧିଥାନ୍ତି ଓ ରକ୍ତ ସିନ୍ଦୁର ଚିତା ଲଗାଇ କାଳୀପ୍ରଭା ଧାରଣ କରିଥାନ୍ତି।"
train/img_00866.jpg,ନୌବାଣିଜ୍ୟରେ ସମୃଦ୍ଧ ଥିବାରୁ କଳିଙ୍ଗର ବିଶାଳ ସୈନ୍ଯବାହିନୀ (୬ ଲକ୍ଷରୁ ଉର୍ଦ୍ଧ୍ବ) ଥିଲା ।
train/img_00867.jpg,ଓଡ଼ିଶାର ନାବିକମାନଙ୍କର ସୀମା କ୍ରମଶଃ ସଂକୁଚିତ ହେବାରେ ଲାଗିଲା ।
train/img_00868.jpg,ତାଳଧ୍ୱଜ
train/img_00869.jpg,ବୋଡ଼ୋ-ଗାରୋ ଉପ-ପରିବାରରେ ପ୍ରାୟ ସମସ୍ତ ଭାଷା ନିମ୍ନ ଏବଂ ଉଚ୍ଚ ସ୍ୱରଦ୍ୱାରା ପୃଥକ ହୋଇଥିଲେ ମଧ୍ୟ ଗାରୋ ଏକମାତ୍ର ବ୍ୟତିକ୍ରମ ।
train/img_00870.jpg,ବିଶେଷତଃ ଏକ ଦିନର ରାତ୍ରିକାଳୀନ ଦର୍ଶନରେ ଉକ୍ତ ଫଳ ଦଶଗୁଣ ପରିବର୍ଦ୍ଧିତ ହୋଇଥାଏ।
train/img_00871.jpg,ଶ୍ରୀ ଧନୁର୍ଯୟ ନାରାୟଣ ଭଞ୍ଜଦେଓ (୧୮୬୧-୧୯୦୫)
train/img_00872.jpg,"ପଞ୍ଚତୀର୍ଥ: ବ୍ରହ୍ମ ପୁରାଣ ଅନୁସାରେ ମାର୍କଣ୍ଡେୟ ପୁଷ୍କରିଣୀରେ ସ୍ନାନ, ଜଗନ୍ନାଥ ଓ ବଳରାମଙ୍କୁ ରତ୍ନବେଦୀରେ ଦର୍ଶନ, ସମୁଦ୍ରରେ ସ୍ନାନ ଓ ଇନ୍ଦ୍ରଦ୍ୟୁମ୍ନରେ ସ୍ନାନ ।"
train/img_00873.jpg,ଦୟାକରି ତୁ ଚାକରରେ
train/img_00874.jpg,ସେହିପରି ଗୁଣ୍ଡିଚା ମନ୍ଦିର ଓ ବାହୁଡା଼ ପହଣ୍ଡି ସମୟରେ ମଧ୍ୟ ପନ୍ତି ଭୋଗ ହୋଇଥାଏ।
train/img_00875.jpg,"ବୈଦିକ ଯୁଗରେ ଏହାକୁ ଆର୍ଯ୍ୟାବର୍ତ୍ତ, ଜମ୍ବୁଦ୍ୱୀପ ଓ ଅଜନାଭ ଦେଶ ବୋଲି ମଧ୍ୟ କୁହାଯାଇଛି।"
train/img_00876.jpg,ସେପ୍ ଟେମ୍ବରରୁ ଅକ୍ଟୋବର ମଧ୍ୟଭାଗ ଯାଏଁ ସର୍ବାଧିକ ବୃଷ୍ଟିପାତ ହୋ ଇଥାଏ ।
train/img_00877.jpg,ପୂର୍ବରେ : ବଲାଙ୍ଗୀର ଜିଲ୍ଲା
train/img_00878.jpg,"ବିଶ୍ୱାସ ଅଛି ଯେ, ପ୍ରତ୍ୟେକ ମଣିଷ ୨୨ ପ୍ରକାର ପାପରୁ ମୋକ୍ଷ ନିମନ୍ତେ ୨୨ ପାହାଚ ଅତିକ୍ରମ କରିବା ଆବଶ୍ୟକ ।"
train/img_00879.jpg,ବଳଭଦ୍ର
train/img_00880.jpg,ଚାଳକ
train/img_00881.jpg,ରାମଚଣ୍ଡୀ
train/img_00882.jpg,ବେଢ଼ା ମଧ୍ୟରୁ ଭକ୍ତ ଦ୍ୱାର ଦେଇ ପ୍ରବେଶ କରିବାକୁ ହେଲେ ଦ୍ୱାରଦେଶରେ ପହଞ୍ଚିବାନିମନ୍ତେ କେତୋଟି ପାହାଚ ଚଢ଼ିବାକୁ ପଡେ ।
train/img_00883.jpg,ପରେ ପରେ ଅନ୍ୟ କ୍ଲଷ୍ଟର ଗୁଡିକର ବିକାଶ ପାଇଁ ସରକାରୀ ଏବଂ ବେସରକାରୀ ସ୍ତରରେ ଉଦ୍ୟମ ଆରମ୍ଭ ହୋଇଥିଲା ।
train/img_00884.jpg,ଏହି ମାଟିର ପରମ ଆରାଧ୍ୟ ଦେବତା ଶ୍ରୀ ଶ୍ରୀ ସିଦ୍ଧ ବଳଦେବଙ୍କ ‘କନ୍ଦରାସୁର ଉପାଖ୍ୟାନଙ୍କୁ ନେଇ ଏହାର ନାମ କେନ୍ଦ୍ରାପଡ଼ା ହୋଇଥିବାର ପୌରାଣିକ ତଥ୍ୟକୁ ବାଦ ଦେଲାପରେ ଅନେକ ପଲ୍ଲୀ ବା ଗ୍ରାମର ମଧ୍ୟସ୍ଥଳ ଭାବରେ ଏହାକୁ ପୂର୍ବେ ‘କେନ୍ଦ୍ରପଲ୍ଲୀ’ କୁହାଯାଉଥିବାର ଐତିହାସିକ ପ୍ରମାଣନୁଯାୟୀ ଏହାକୁ କେନ୍ଦ୍ରାପଡ଼ା କୁହାଯାଇଥାଏ ବୋଲି ବିଜ୍ଞ ଓ ଗବେଷକମାନେ ମତ ପୋଷଣ କରିଥାଆନ୍ତି ।
train/img_00885.jpg,ପୁରୁଷ: ୯୧ ୮୪
train/img_00886.jpg,"ଏତଦ୍ ବ୍ୟତୀତ ଶ୍ରୀଗୁଣ୍ଡିଚା ଦିନ ରଥ ଉପରେ ଘଣ୍ଟ ଛତା ଅଧିକ ଭୋଗ ମଧ୍ୟରେ କୋରା - ୭୪ ମୂର୍ତ୍ତି, ଖଇ- ୨୧ ଓଳି, ବଡ଼ କାକରା- ୪୮ ମୂର୍ତ୍ତି, ଉଠା କାକର -୨୬ ମୂର୍ତ୍ତି, ମହା ପ୍ରଶସ୍ତ ମନହର - ୮ମୂର୍ତ୍ତି, ବଡ଼ ଅମାଲୁ- ୩୦ମୂର୍ତ୍ତି, ସାନ ଅମାଲୁ- ୬୧ ମୂର୍ତ୍ତି, , ଝଡେଇ ନେଦା - ୧ ତାଡ଼, ମାଣ୍ଡୁଅ - ୨୭ ମୂର୍ତ୍ତି, ଟାକୁଆ - ୨୨ ମୂର୍ତ୍ତି, ଟାକୁଆ ବଡ଼ସେରା - ୪ ମୂର୍ତ୍ତି, ରଥ ମନହର- ୨୬ ମୂର୍ତ୍ତି, ମରିଚ ନଡୁ-୧୦୪ ମୂର୍ତ୍ତି ଉଲ୍ଲେଖ ଥିବା ଜଣାଯାଏ।"
train/img_00887.jpg,ଏହାକୁ ଉତ୍ତର-ପୂର୍ବ ଭାରତର ପ୍ରବେଶ ଦ୍ୱାର ମଧ୍ୟ କୁହାଯାଏ ।
train/img_00888.jpg,ପୂର୍ବ ପରମ୍ପରାକୁ ରକ୍ଷାକରି ପୁରୀ ଗଜପତି ମହାରାଜାଙ୍କଦ୍ୱାରା ପ୍ରତିପାଳିତ ପ୍ରାୟ ଚାରି ପାଞ୍ଚଗୋଟି ହସ୍ତୀ ମଧ୍ୟରୁ କ୍ରମେ କ୍ରମେ କ୍ଷୟହୋଇ ଶେଷକୁ ମାତ୍ର ଦୁଇଗୋଟି ହସ୍ତୀ ଥିଲେ ।
train/img_00889.jpg,ଅର୍ଥାତ ନବମ ଦିବସରେ ଦେବତାମାନଙ୍କୁ ରଥରେ ଅଧିଷ୍ଠିତ କରାଇବେ।
train/img_00890.jpg,ଚୁଲି ଲଗାଇ ନିୟମିତ ରୋଷେଇ କରିବା ମହିଳାଙ୍କ କାର୍ଯ୍ୟ ।
train/img_00891.jpg,"ଭୋଗରାଇରୁ ମିଳିଥିବା ତମ୍ବା ମୁଦ୍ରା ଓ ଅଭଣା, କୁପାରି, ବସ୍ତା ଓ ଅଯୋଦ୍ଧାରୁ ମିଳିଥିବା ବୁଦ୍ଧଙ୍କ ମୂର୍ତ୍ତି ଏଠାରେ ବୁଦ୍ଧ ଧର୍ମର ଅବସ୍ଥିତି ଉପରେ ପ୍ରମାଣ ଦିଏ ଯାହା ଭୌମକର ରାଜଶାସନ କାଳରେ ବିକାଶ କରିଥିଲା ।"
train/img_00892.jpg,"ଉଭୟ ଆସିବା ଓ ବାହୁଡା଼ ବିଜେ ସମୟରେ ଲକ୍ଷ୍ମୀ ଠାକୁରାଣୀଙ୍କ ଉଦ୍ଦେଶ୍ୟରେ ବିଭିନ୍ନ ମଠ, ସେବକ, ଜାଗା, ଆଖଡା଼ ଅନୁଷ୍ଠାନ ଓ ବ୍ୟକ୍ତିବିଶେଷଙ୍କ ତରଫରୁ ବଡ଼ଦାଣ୍ଡ, ହେରାଗୋହିରୀ ସାହି ଓ ମଠ ବିଜେ ସ୍ଥଳୀଠାରେ ପନ୍ତି ଭୋଗ କରାଯାଇଥାଏ।"
train/img_00893.jpg,ବଙ୍ଗଳାଦେଶ ବିଶ୍ୱର ତୃତୀୟ ବୃହତ୍ତମ ମୁସଲମାନ ଦେଶ ଭାବରେ ପରିଗଣିତ ।
train/img_00894.jpg,ବଙ୍ଗୋପସାଗର ବେଷ୍ଟୀତ ଏହି ଅଞ୍ଚଳ ସର୍ବଦା ବାତ୍ୟା ଓ ବନ୍ୟା ପ୍ରପିଡିତ ।
train/img_00895.jpg,ମୁଣ୍ଡରେ ତେଲ ଲଗାଇବାକୁ ଦିଏନା ।
train/img_00896.jpg,ବତୀଘର ମହାକାଳପଡ଼ା
train/img_00897.jpg,ଅବସ୍ଥାନ
train/img_00898.jpg,"ଉଲ୍ଲେଖଯୋଗ୍ୟ ଯେ, ରଥଖଳାର ପରମ୍ପରା ଅନୁଯାୟୀ ପ୍ରଥମେ ଜଗନ୍ନାଥ, ସୁଭଦ୍ରା ଓ ଶେଷରେ ବଳଭଦ୍ରଙ୍କ ରଥ ଟଣା ହୋଇଥାଏ।"
train/img_00899.jpg,ରେଳ ଯୋଗେ ଗୋରେଖନାଥ ଷ୍ଟେଶରୁ ଯିବାଆସିବା ସମ୍ଭବ।
train/img_00900.jpg,ସେ ଜୋରସଙ୍କୋ କଲିକତାରେ ଜନ୍ମଗ୍ରହଣ କରିଥିଲେ ।
train/img_00901.jpg,ତାଙ୍କରି ନାମାନୁଯାୟୀ ଆମ ଦେଶ ଭାରତ ବର୍ଷ ନାମରେ ଅଭିହିତ ।
train/img_00902.jpg,"-ପୁର - ସମ୍ବଲପୁର , ବ୍ରହ୍ମପୁର , ସାଲେପୁର , ପଦ୍ମପୁର , ବିଜେପୁର , ଯାଯପୁର ଇତ୍ୟାଦି"
train/img_00903.jpg,ଧୂଳି ଦଣ୍ଡ ପରେ ଆରମ୍ଭ ହୁଏ ପୋଖରୀ କିମ୍ବା ନଦୀରେ ପାଣି ଦଣ୍ଡ।
train/img_00904.jpg,"'ଓଡ଼ିଆ ଚଳଚ୍ଚିତ୍ରର ଅଜ୍ଞାତ ଅଧ୍ୟାୟ', ୨୦୦୮, ସଂକଳକ: ଭୀମ ସିଂ,"
train/img_00905.jpg,ଚିପିଳିମା
train/img_00906.jpg,ଭାଜପା- ୨୦ କଂଗ୍ରେସ-୧ଚଳିତ ୧୮ଶ ଲୋକ ସଭା (୨୦୨୪-ବର୍ତ୍ତମାନ ପର୍ଯ୍ୟନ୍ତ)ରେ ଓଡ଼ିଶାରୁ ପ୍ରତିନିଧିତ୍ବ କରୁଥିବା ଲୋକ ସଭା ସାଂସଦଗଣଙ୍କ ତାଲିକା:
train/img_00907.jpg,ସାଇକେଲ ଛୁଟିଛି ଆସମାନେ ।
train/img_00908.jpg,"ଯଥା ବସ୍ତରର ଗ୍ରାମ ବକାଊଣ୍ଡ ଓଡ଼ିଆରେ ବକାହାଣ୍ଡି , ବାଜାଊଣ୍ଡକୁ ବଜାହାଣ୍ଡି , ନଲପାଊଣ୍ଡକୁ ନାଲଫାହାଣ୍ଡି ଓ କୁମାରଊଣ୍ଡକୁ କୁମାରହାଣ୍ଡି କୁହାଯାଇଥାଏ ।"
train/img_00909.jpg,"ଦେଶିଆରେ କୋମଳତାଳୁ ବ୍ୟଞ୍ଜନ ବଳ କମିବା ଦେଖାଯାଏ ଯଥା: ମାନକ ଓଡ଼ିଆରେ ସଘୋଷ କୋମଳତାଳୁ ପାଖ ସନ୍ନିକଟ (ଳ), ଏବଂ କୋମଳତାଳୁ ଅଘୋଷ ନାସିକା (ସଘୋଷ କୋମଳତାଳୁ ନାସିକା) (ଣ)ର ସୀମିତ ବ୍ୟବହାର ରହିଛି ।"
train/img_00910.jpg,"ତଥା ଜନ୍ତ୍ର ବିଶେଷତଃ ନୀଳତନ୍ତ୍ର, ଉଡ଼ାନ ତନ୍ତ୍ର, କହନ୍ତି ।"
train/img_00911.jpg,ପରବର୍ତ୍ତୀ କ୍ଷୁଦ୍ର ମନ୍ଦିରରେ ନୃସିଂହ ନାଥଙ୍କ ଶିଳା ମୂର୍ତ୍ତି ଓ ପାର୍ଶ୍ୱରେ ଗଣନାଥଙ୍କ ମୂର୍ତ୍ତି ଦେଖାଯାଏ ।
train/img_00912.jpg,ଗରାବଡ଼ୁ ସେବକ ମଙ୍ଗଳାର୍ପଣର ସମସ୍ତ ଜିନିଷମାନ ନୀତି ସମ୍ପୃକ୍ତ ସେବକଙ୍କ ହାତକୁ ବଢ଼ାଇଥାନ୍ତି।
train/img_00913.jpg,"ଆମେରିକୀୟ ରୋଷେଇରେ ଯୁକ୍ତରାଷ୍ଟ୍ରରେ ପ୍ରସ୍ତୁତ ରନ୍ଧନ ଶୈଳୀ ଏବଂ ପାରମ୍ପାରିକ ଖାଦ୍ୟ ରହିଛି ଏହା ୟୁରୋପୀୟ, ଆଦିବାସୀ ମୂଳ ଆମେରିକୀୟ, ଆଫ୍ରିକୀୟ, ଏସିଆନ, ପ୍ରଶାନ୍ତ ଦ୍ୱୀପପୁଞ୍ଜ ଏବଂ ଅନ୍ୟାନ୍ୟ ସଂସ୍କୃତି ଏବଂ ପରମ୍ପରାଦ୍ୱାରା ଯଥେଷ୍ଟ ପ୍ରଭାବିତ ହୋଇଛି ଏହାର ରୋଷେଇର ଗୁଣବତ୍ତା ପାଇଁ, କୃଷକ ବଜାରଠାରୁ ଆରମ୍ଭ କରି ଏହାର ରୋଷେୟା ଚାଳିତ ରେଷ୍ଟୁରାଣ୍ଟ ପର୍ଯ୍ୟନ୍ତ ଆମେରିକା ଜଣାଶୁଣା ଯୁକ୍ତରାଷ୍ଟ୍ରର ଅନେକ ରେଷ୍ଟୁରାଣ୍ଟ ପରିଦର୍ଶନ କରିବା ଯୋଗ୍ୟ, ଦେଶ ମଧ୍ୟ ଏକ ଉନ୍ନତ ଷ୍ଟ୍ରିଟ୍ ଫୁଡ୍ ଦୃଶ୍ୟ ପାଇଁ ଗର୍ବ କରେ ଯାହା ଆମକୁ ଅନେକ ବିକ୍ରେତାଙ୍କ ସହିତ ଅଧିକ ଆକର୍ଷିତ କରାଇଥାଏ ରାସ୍ତାରେ ଖାଇବା ସମସ୍ତ ପାଞ୍ଚଟି ଇନ୍ଦ୍ରିୟ ବ୍ୟବହାର କରିବା ସହିତ ଜଡିତ ଷ୍ଟ୍ରିଟ୍ ଫୁଡ୍ ହେଉଛି କାଜୁଆଲ୍ ଡାଇନିଂର ଶିଖର ଏବଂ ଏକ ସହରର ରୋଷେଇ ଘରର ଉତ୍ତରାଧିକାରୀ ବିଷୟରେ ଏକ ସମୃଦ୍ଧ ସମ୍ବେଦନଶୀଳ ପ୍ରଦାନ କରେ"
train/img_00914.jpg,"'ଓଡ଼ିଆ ଚଳଚ୍ଚିତ୍ରର ଇତିହାସ', ଓଡ଼ିଶା ବୁକ ଷ୍ଟୋର, ୧୯୮୪ (୧୯୩୪-୧୯୮୪ ମଧ୍ୟରେ ତିଆରି କଥାଚିତ୍ର), ଲେଖକ: କାର୍ତ୍ତିକ କୁମାର ଘୋଷକ"
train/img_00915.jpg,ଯାତାୟତ
train/img_00916.jpg,ପୂର୍ବରେ : ସମ୍ବଲପୁର ଜିଲ୍ଲା
train/img_00917.jpg,ଏହି ଜିଲ୍ଲାର ଅନ୍ୟ କିଛି ଚର୍ଚ୍ଚିତ ବ୍ୟକ୍ତିତ୍ୱ ହେଲେ:
train/img_00918.jpg,ନାଟବେଳେ ପିନ୍ଧା ଲୁଗାକୁ କାଞ୍ଚୁଲି କୁହାଯାଇଥାଏ ।ଏହା ସମୟାନୁସାରେ ବଦଳିଛି ।
train/img_00919.jpg,"ଜଗସିଂହପୁର ସହରର ମୋଟ ୨୧ଟି ୱାର୍ଡରେ ୧,୩୮,୪୦୦।"
train/img_00920.jpg,ବାମ ପାର୍ଶ୍ୱରେ ଲକ୍ଷ୍ମୀଙ୍କ ମୂର୍ତ୍ତି ।
train/img_00921.jpg,"ଶିଳାଲେଖ ଏହି ବିଷୟରେ ଏକ ସଂଖ୍ୟା ଉଲ୍ଲେଖ କରିଛି, ଯାହାର ବିଭିନ୍ନ ଅର୍ଥ କରାଯାଏ ।"
train/img_00922.jpg,ଝୁମର ଗୀତରେ ‘ପ୍ରକୃତି’
train/img_00923.jpg,ସମୁଦ୍ର ପତନଠାରୁ ଏହା ୮୩୦ ଫୁଟ ଉଚ୍ଚତାରେ ରହିଛି ।
train/img_00924.jpg,ଚୈତନ୍ୟ
train/img_00925.jpg,ଶିବପ୍ରସାଦ ଗନ୍ତାୟତ
train/img_00926.jpg,ରାଜା ଗୋବିନ୍ଦ ଭଞ୍ଜ ହିଁ ପୁରୀରୁ ମାଆ' ତାରିଣୀଙ୍କୁ ଘଟଗାଁ ଆଣିଥିଲେ।
train/img_00927.jpg,"ସାଧୁସଙ୍ଗ ବିନେ ଅନ୍ୟେ କିବା ଜାନେ,"
train/img_00928.jpg,ବନ୍ଧା କୋବି ଚଟଣୀ
train/img_00929.jpg,ସେରଭିଡା ( ) ପରିବାରର ପ୍ରାଣୀ ସମ୍ବର ଏକ ପ୍ରକାର ମୃଗ।
train/img_00930.jpg,ସେକାଳର ସରକାରଙ୍କ ଦୋଷ ତ୍ରୁଟିସବୁକୁ ପଦାରେ ପକାଇଦେବାରେ ଓ ଇଂରେଜ ସରକାର ବିରୋଧରେ ଜାତୀୟତାବାଦର ଉନ୍ମେଷ ପାଇଁ ଏହି ସମୟର ରଚନାସବୁ ବାଟ କଢ଼ାଇଥିଲା ।
train/img_00931.jpg,ପ୍ରାଚୀନ କାଳରୁ ହିନ୍ଦୁ ଧର୍ମକୁ ସନାତନ ଧର୍ମ ମଧ୍ୟ କୁହାଯାଉଛି।
train/img_00932.jpg,ବିଗତ କିଛି ସମୟ ଧରି ଭାରତୀୟ ପ୍ରତ୍ନତାତ୍ତ୍ୱିକ ବିଭାଗ ( )ଦ୍ୱାରା ଉତ୍ ଖନନ କାର୍ଯ୍ୟ ଚାଲୁ ରହିଛି
train/img_00933.jpg,ରଥଯାତ୍ରା ଦିନ ଠାକୁରମାନେ ରଥାରୂଢ଼ ହେବା ପରେ ମଠର ମଠାଧୀଶ ଜଗତ୍ ଗୁରୁ ଶଙ୍କରାଚାର୍ଯ୍ୟ ପରମ୍ପରା ଅନୁଯାୟୀ ରଥ ଉପରେ ଶ୍ରୀବିଗ୍ରହମାନଙ୍କ ଦର୍ଶନ କରିଥାନ୍ତି।
train/img_00934.jpg,ପହଣ୍ଡି ସମୟରେ ବେହେରା ଖୁଣ୍ଟିଆ ମଣିମା ଡା଼କ ଦେଇଥାନ୍ତି।
train/img_00935.jpg,ଆକାଶ ପଥ
train/img_00936.jpg,"ପୁରୁଷ: ୨,୯୭,୦୧୪"
train/img_00937.jpg,"ବାଲିଆପାଳ ଅନ୍ୟ ଏକ ସହର, ଏହାକୁ ପାନ, ଧାନ ଓ ମୀନର ସହର କୁହାଯାଏ ।"
train/img_00938.jpg,ପୁରାତନ ଓଡ଼ିଆ ସାହିତ୍ୟରେ ଅନେକ ଅଳଙ୍କାରିକ ତଥା କାବ୍ୟତତ୍ତ୍ୱ ନାନାଦି ବିଷୟକୁ ନେଇ ଚଉତିଶା ଲେଖାଯାଇଅଛି ।
train/img_00939.jpg,ପହଁରା ଶବ୍ଦର ଅର୍ଥ ଓଳାଇବା ।
train/img_00940.jpg,ଗୋରେଖନାଥରୁ କନ୍ଦରପୁର ୨୮ ଓ କଟକ ୪୫ କି ମି ଦୂର ବୋଲି ରେଳ ବିଭାଗ ପକ୍ଷରୁ ସୂଚନା ମିଳିଛି ।
train/img_00941.jpg,ଚିତ୍ରଶିଳ୍ପୀ
train/img_00942.jpg,ଏହା ପୂର୍ଣ୍ଣଯୋଗ ଏବଂ ପିତୃମାନଙ୍କର ମୁକ୍ତିପଦ।
train/img_00943.jpg,ଏ ଦୁଇ ପାଖେ ବଳଗଣ୍ଡି କଲେ ।
train/img_00944.jpg,ବେଗୁନିଆ (୧୧୬)
train/img_00945.jpg,ଓଡ଼ିଆ ଭାଷାର ଇତିହାସ - -
train/img_00946.jpg,"ଏହାପରେ, ୧୮୭୭ରେ ଆଲେକଜାଣ୍ଦର କନିଙ୍ଗହାମ ଏହାକୁ ""କର୍ପସ ଇନସ୍କ୍ତିପସନମ ଇଣ୍ଡିକାରମ-ପ୍ରଥମ ଭାଗ"" ଏବଂ ୧୮୮୦ରେ ଆର ଏଲ ମିତ୍ରା ଏକ ସ୍ୱଳ୍ପ ପରିବର୍ତ୍ତିତ ଲେଖା ""ଆଣ୍ଟିକୁଇଟିଜ ଅଫ ଓଡ଼ିଶା-ଦ୍ୱିତୀୟ ଭାଗ""ରେ ପ୍ରକାଶ କରିଥିଲେ ।"
train/img_00947.jpg,ଉପରୋକ୍ତ ପର୍ଯ୍ୟଟନ ସ୍ଥଳୀ ଭିନ୍ନ ନିମ୍ନସ୍ଥ ସ୍ଥାନ ଗୁଡ଼ିକ ମଧ୍ୟ ଅନେକ ପର୍ଯ୍ୟଟକଙ୍କୁ ଆକର୍ଷିତ କରିଥାଏ।
train/img_00948.jpg,ଯଥା :
train/img_00949.jpg,ଶିକ୍ଷାରେ
train/img_00950.jpg,ସୁନାରେ ଘୋଡ଼ା ନିର୍ମାଣ କରି ରଥରେ ସଂଯୋଗ କଲେ ।
train/img_00951.jpg,ମହାବିଦ୍ୟାଳୟ
train/img_00952.jpg,ଏହି ସମୟରେ ସଂପୂର୍ଣ୍ଣ ଓଡ଼ିଆ କଥାବସ୍ତୁ ସହ ନିଜସ୍ୱ କହାଣୀକୁ ନେଇ ଚଳଚ୍ଚିତ୍ର ପ୍ରସ୍ତୁତ କରାଯାଉଥିଲା।
train/img_00953.jpg,ରେଶମ ପୋକ ଚାଷ ରୋଜଗାରର ଏପରି ଏକ ପନ୍ଥା ଯାହା ବର୍ଷଯାକ ଚାଷୀଙ୍କୁ ରୋଜଗାରକ୍ଷମ କରିଥାଏ।
train/img_00954.jpg,"ପ୍ରମୁଖ ରପ୍ତାନିରେ କାର, କମ୍ପ୍ୟୁଟର, ବୈଦ୍ୟୁତିକ ଉପକରଣ, ଚାଉଳ, ବସ୍ତ୍ର ଏବଂ ପାଦୁକା, ମତ୍ସ୍ୟ ଉତ୍ପାଦ, ରବର, ଏବଂ ଅଳଙ୍କାର ଅନ୍ତର୍ଭୁକ୍ତ"
train/img_00955.jpg,ଏହି ସବୁ ପର୍ବପର୍ବାଣି ଓ ଓଷା ବ୍ରତ ଜନଜୀବନରେ ଧର୍ମୀୟ ଚେତନା ଦୃଢିଭୂତ କରିବାରେ ସହାୟକ ହୋଇଥାଏ ।
train/img_00956.jpg,ଗୁଣ୍ଡିଣି ଯାତ୍ରା
train/img_00957.jpg,ସମ୍ପ୍ରତି ମାତ୍ର ଚାରି ଘର ଏହି ଓଝା ମହାରଣା ସେବା ନିର୍ବାହ କରୁଛନ୍ତି।
train/img_00958.jpg,"୨୦୦୭ରେ, ମହାବିହାର ପାଖରେ ଅଧିକ ଜାଗା ଅଧିଗ୍ରହଣ କାମ ଆରମ୍ଭ କରାଯାଇଥିଲା ।"
train/img_00959.jpg,: : (୭୩୬ )
train/img_00960.jpg,ଏହି ରଥ ଚକଡା ପାଣ୍ଡୁଲିପିଟି ପୁରୀ ବାସେଳି ସାହିର ତତକାଳୀନ ରଥ ଅମୀନ ଓ ରଥକାର ଫକୀର ମହାପାତ୍ରଙ୍କଠାରୁ ପ୍ରାପ୍ତ ଓ ପୁରୀ ବଡ଼ ଓଡ଼ିଆ ମଠରେ ତାହା ସୁରକ୍ଷିତ ଥିଲା ବୋଲି ରଥଶର୍ମା ଉଲ୍ଲେଖ କରିଛନ୍ତି।
train/img_00961.jpg,ପ୍ରାୟତଃ ଏହି ନାଚରେ ଗୋଡ଼ ଏବଂ ବିଶେଷ କରି ପାଦର ବ୍ୟବହାର ଅଧିକ ହୁଏ ।
train/img_00962.jpg,ଓଡ଼ିଆରେ ଚଳଚ୍ଚିତ୍ର ଶିଳ୍ପ ଆରମ୍ଭ ହେବ ପରେ ପରେ ଅନେକ ପ୍ରଥିତଯଶା କଥାକାରଙ୍କ ଉପନ୍ୟାସ ଓ ନାଟକ ଚଳଚ୍ଚିତ୍ରରେ ସ୍ଥାନ ପାଇବା ଆରମ୍ଭ କଲା ।
train/img_00963.jpg,ଓଡ଼ିଆ ହେଉଛି ଏକ ଶାସ୍ତ୍ରୀୟ ଭାରତୀୟ-ଆର୍ଯ୍ୟ ଭାଷା ଯାହା ଭାରତୀୟ ରାଜ୍ୟ ଓଡ଼ିଶାରେ କଥିତ ହୋଇଥାଏ ।
train/img_00964.jpg,ଉଚ୍ଚତମ ଓ ଉଚ୍ଚ ନ୍ୟାୟାଳୟର ବିଚାର ପତିମାନଙ୍କୁ ରାଷ୍ଟ୍ରପତି ନିଯୁକ୍ତ କରିଥାନ୍ତି ।
train/img_00965.jpg,ଏହି ପର୍ବତଶ୍ରେଣୀମାନଙ୍କରେ ଓଡ଼ିଶାର କିଛି ଉଚ୍ଚତମ ଶୃଙ୍ଗମାନ ରହିଛି ।
train/img_00966.jpg,ମାହାରି ସମ୍ମାନ
train/img_00967.jpg,"ଜୁନରୁ ସେପ୍ଟେମ୍ବର ଯାଏଁ ମୌସୁମୀ ଜନିତ ବର୍ଷା ସହରକୁ ଭିଜାଏ, ଯାହା ଫଳରେ କି ମୁମ୍ବାଇର ବାର୍ଷିକ ବର୍ଷା ସ୍ତର ୨,୨୦୦ ମିଲିମିଟର (୮୬ ୬ ଇଞ୍ଚ) ହେଇଥାଏ।"
train/img_00968.jpg,"ବିଜୁ ପଟ୍ଟନାୟକ: ୧୯୭୭, ୧୯୮୦ ଓ ୧୯୮୪"
train/img_00969.jpg,ଏହା ଆଗରୁ ରଥଛିଆଁ ବିଧି ଅଛି ।
train/img_00970.jpg,"ବଲାରପୁର କାଗଜକଳ (ସେବା) ଜୟପୁର, କୋରାପୁଟ"
train/img_00971.jpg,ଦଉଡ଼ିର ମାପ ଓ ସଂଖ୍ୟା ନିମ୍ନରେ ଉଲ୍ଲେଖ କରାଯାଇଛି।
train/img_00972.jpg,ଭୁବନେଶ୍ୱର ହେଉଛି ଓଡ଼ିଶାର ରାଜଧାନୀ ଏବଂ ଏଥିରେ ବିଧାନ ସଭା (ବିଧାନ ସଭା) ଏବଂ ସଚିବାଳୟ ରହିଛନ୍ତି ।
train/img_00973.jpg,ବିଧାନ ସଭା
train/img_00974.jpg,"୯୦' ଦଶକରେ ତାହା ରାଜ୍ଯବାସୀଙ୍କ ଆକର୍ଷଣର କେନ୍ଦ୍ର ପାଲଟିଥିଲା, କାହିଁକିନା ତା' ପୂର୍ବରୁ ବନ୍ୟଜନ୍ତୁଙ୍କ ଭୟରୁ କଟକସହର ମୁଖ୍ଯ ଥିଲା ।"
train/img_00975.jpg,ଏଥିରେ ଅତି ସରଳ ଗ୍ରାମୀଣ ଭାଷା ବ୍ୟବହାର କରାଯାଇଥାଏ ।
train/img_00976.jpg,ଏହି ଦୁଇଟି ସୁନ୍ଦରର ସମାହାର ହେଲା ‘‘ଝୁମର’’ ଉତ୍ତର ଓଡ଼ିଶାର ଏକ ସାଂସ୍କୃତିକ ପରମ୍ପରା ।’’
train/img_00977.jpg,ଶ୍ରୀମନ୍ଦିର ରୋଷ ଘରେ ସ୍ୱତ୍ତ୍ୱଲିପି ମୁତାବକ ୨୪୦ଟି ଚୂଲି ଅଛି ଓ ସେଥିମଧ୍ୟରୁ ଚୂଲି କୋଠ ଭୋଗ ଚୂଲି ରୂପେ ପରିଚିତ।
train/img_00978.jpg,ପଞ୍ଚୁଟିକ୍ରି ଓ ଉଗ୍ରତରାରେ ତାଙ୍କର ଦୁଇଟି ଆଶ୍ରମ ରହିଛି।
train/img_00979.jpg,ଜମ୍ବେଶ୍ୱର ରାଜାଙ୍କ ଭକ୍ତିରେ ସନ୍ତୁଷ୍ଟ ହୋଇ ଶ୍ରୀମନ୍ଦିର ଭିତରେ ବାଇଶି ପାହାଚ ନିର୍ମାଣ କରିବାକୁ ଆଜ୍ଞା ଦେଲେ ।
train/img_00980.jpg,"ସକାଳ ଧୂପ : ସକାଳ ଧୂପରେ ସାଦା ଅନ୍ନ, ମୁଗ ଖେଚୁଡ଼ି, ଘିଅ ଅନ୍ନ, ଡାଲି, ଡାଲମା, ଶାଗ, ବେସର, ଭଜା, ମହୁର, ଖଟା, ବିଭିନ୍ନ ବିରି ଓ ଅଟା ଜାତୀୟ ପିଠା ଇତ୍ୟାଦି ଲାଗିଥାଏ।ସ୍ଥଳ ବିଶେଷରେ ମାଟି କୁଡୁଆ, ପିତଳ ହାଣ୍ଡିରେ ରନ୍ଧନ କରାଯାଇ ଭୋଗ ବଢାଯାଏ।ପଞ୍ଚୋପଚାର/ଷୋଡ଼ଶପଚାର ମନ୍ତ୍ରରେ ପୂଜା କରାଯାଏ।ଏହି ପୂଜା ଅଷ୍ଟାଦଶାକ୍ଷର ଗୋପାଳ ମନ୍ତ୍ର / ଏକାକ୍ଷରୀ ଭୁବନେଶ୍ୱରୀ ମନ୍ତ୍ର ଏବଂ ଓଁ ନମୋ ଭଗବତେ ବାସୁଦେବାୟ (ଦ୍ୱାଦଶାକ୍ଷର) ମନ୍ତ୍ରରେ ପୂଜା କରାଯାଏ।"
train/img_00981.jpg,ସୀତାବିଞ୍ଜି
train/img_00982.jpg,ଏହା ତିନିଦିନ ଧରି ପାଳନ କରାଯାଇଥାଏ ।
train/img_00983.jpg,"ନାରାୟଣଙ୍କ ଲିଖିତ ଚଉତିଶାମାଳାରେ ନାରୀମାନଙ୍କର ନାନା ବିଭାଗରେ ସ୍ୱାଧିନଭର୍ତ୍ତୃକା, ବାସକସଜ୍ଜା, କଳହାନ୍ତରିତା ଓ ଅଭିସାରିକା ଆଦି ନାୟିକାମାନଙ୍କ କଥା ବଖଣାଯାଇଅଛି ।"
train/img_00984.jpg,(୨) ମଧ୍ୟଯୁଗ (୧୭୫୦ ୧୮୫୦)
train/img_00985.jpg,'ରଙ୍ଗବତୀ ' ଗୀତ ଦୀର୍ଘ ୫୦ ବର୍ଷ ଧରି ଏକ ବହୁ ପ୍ରଚାରିତ ଜନପ୍ରିୟ ଗୀତ ହିସାବରେ ଆଜି ପର୍ଯ୍ୟନ୍ତ ପ୍ରଚଳିତ ।
train/img_00986.jpg,"ସୁନ୍ଦରଶାଳି-ସୁଶୋଭିତ-କ୍ଷେତ୍ର,"
train/img_00987.jpg,ମଇତେଇ ବା ମଣିପୁରି ଭାରତ ଉତ୍ତର-ପୂର୍ବାଞ୍ଚଳରେ ଅବସ୍ଥିତ 'ମଣିପୁର' ରାଜ୍ୟର ସରକାରୀ ଭାଷା ଅଟେ ।
train/img_00988.jpg,ଭାରତ ସଞ୍ଚାର ନିଗମ ଓ ଓରଟେଲ୍ ଆଦି ସଂସ୍ଥା ବ୍ରଡ୍ ବ୍ୟାଣ୍ଡ ଇଣ୍ଟରନେଟ ସେବା ଯୋଗାଇ ଦେଉଛନ୍ତି ।
train/img_00989.jpg,ଏହାର ଏକ ଜ୍ୱଳନ୍ତ ଉଦାହରଣ ହେଲା ଚିଲିକା ଯାହା ବହୁ କାଳ ପର୍ଯ୍ୟନ୍ତ ବୋଇତ ଯାତାୟତ ପାଇଁ ଉପଯୁକ୍ତ ଥିଲା ।
train/img_00990.jpg,"ପଞ୍ଚାୟତ ସମିତି (ବ୍ଲକ): (୧୪): ଆଗଲପୁର, ଖପ୍ରାଖୋଲ, ଗୁଡ଼ଭେଲା, ଦେଓଗାଁ, ପାଟଣାଗଡ଼, ପୁଇଁତଳା, ବଙ୍ଗମୁଣ୍ଡା, ବଲାଙ୍ଗୀର, ବେଲପଡ଼ା, ଲୋଇସିଂହା, ମୁରିବାହାଲ, ସଇଁତଳା, ଟିଟିଲାଗଡ଼ ଓ ତୁରେଇକେଲା,"
train/img_00991.jpg,ପାଇକମାନେ ଭୂସୈନିକ ରୂପେ କାର୍ଯ୍ୟ କରୁଥିଲେ ଓ ସେବା ବିନିମୟରେ ସେମାନଙ୍କୁ କର ଦେବାକୁ ପଡ଼ୁନଥିଲା ।
train/img_00992.jpg,"ଦିନ ଦିପହରରେ ଧୂଳିଦଣ୍ଡ ପରିବେଷଣରେ କ୍ଷେତ୍ର ପ୍ରସ୍ତୁତି, ହଳ ଚାଳନା, ଧାନ ରୋପଣ, ବଛାବଛି, ଅମଳ, ଭୂମି ପୂଜା, ମନ୍ଦିର ନିର୍ମାଣ, ଲୁଗା ବୁଣା, ହଳଦୀ ବଟା, କୂଅ ଖୋଳା ଆଦି ପ୍ରଦର୍ଶିତ ହୁଏ।"
train/img_00993.jpg,(ଆହୁରି) କୋଜୁଛି ବେଣୀ ବନ୍ଧା ଫିତାଗୋ ।
train/img_00994.jpg,"ପୂର୍ବେ ଓ ଟି ଏମ୍ ମିଲରୁ ଆସୁଥିବା ଏହି କନା ମୂଖ୍ୟତଃ ନଲି,ହଳଦିଆ,ନେଳି ଓ କଳା ରଙ୍ଗର ଅଟେ।"
train/img_00995.jpg,ଏହା ବିଶ୍ୱାସ କରାଯାଏ ଯେ କଦମ୍ ରସୁଲ୍ ରେ ମନିଷୀ ମହମ୍ମଦଙ୍କ ପଦଚିହ୍ନ ରହିଛି ।
train/img_00996.jpg,ଜଗନ୍ନାଥ ମନ୍ଦିର
train/img_00997.jpg,"ଗ୍ରାମାଞ୍ଚଳ: ୬,୭୨,୦୦୪"
train/img_00998.jpg,ଠାକୁରାଣୀ ପର୍ବତ (ବଡ଼ବିଲ)
train/img_00999.jpg,"କଳିଙ୍ଗର ସମୁଦ୍ର ତଟରେ ମନ୍ନଦ, କୋଣାଗାର, କଟିକର୍ଦମ, ପାଲୁର, ଆଫେତାରିଆନ୍ , ତାମ୍ରଲିପ୍ତି ପ୍ରଭୃତି ବନ୍ଦର ନୌବାଣିଜ୍ୟ କ୍ଷେତ୍ରରେ ପ୍ରସିଦ୍ଧିଲାଭ କରିଥିଲା ବୋଲି ବିଶ୍ୱପ୍ରସିଦ୍ଧ ଭୌଗୋଳିକ ଓ ନୌବିତ୍ ଜି ଇ ଜେରିନି ସ୍ୱରଚିତ ରିସର୍ଚେସ୍ ଅନ୍ ଟଲେମିକ୍ ଜିଓଗ୍ରାଫିରେ ବର୍ଣ୍ଣନା କରିଛନ୍ତି।"
train/img_01000.jpg,ଭାରତ ସଞ୍ଚାର ନିଗମ ଓ ଓରଟେଲ୍ ଆଦି ସଂସ୍ଥା ବ୍ରଡ୍ ବ୍ୟାଣ୍ଡ ଇଣ୍ଟରନେଟ ସେବା ଯୋଗାଇ ଦେଉଛନ୍ତି ।
train/img_01001.jpg,ତେଣୁ ପୁରାଣମାନଙ୍କରେ କୁହାଯାଇଛି - ଶ୍ରୀମନ୍ଦିରରେ ଦଶବର୍ଷ ଦର୍ଶନ କଲେ ଯାହା ଫଳ ମିଳେ ଗୁଣ୍ଡିଚା ମନ୍ଦିରରେ ଏକ ଦିବସ ଦର୍ଶନରେ ସେତିକି ଫଳ ଲାଭ ହୁଏ।
train/img_01002.jpg,କଟକରେ ଥିବା ବାରବାଟି ଷ୍ଟାଡିଅମ ଓଡ଼ିଶାରେ ଥିବା ଏକମାତ୍ର ଆନ୍ତର୍ଜାତୀୟ କ୍ରିକେଟ ପଡ଼ିଆ।
train/img_01003.jpg,"ପ୍ରଥମ ସାତପୁର ପଟଳ ଉଚ୍ଚ ୨ ଚଉଠ, ସାତପୁରରେ କୋଣ ଓରା ପକାଇ ପଟଳ ଲଦିବ।"
train/img_01004.jpg,ଏହାକୁ ଏଣ୍ତି ପୋକ କୁହାଯାଏ ।
train/img_01005.jpg,ଉପର କୋଲାବ ଜୈବ ଉଦ୍ୟାନ
train/img_01006.jpg,ଖାରବେଳଙ୍କ ଉତଥାନ
train/img_01007.jpg,"ଏଥିମଧ୍ୟରୁ ଗ୍ରାମାଞ୍ଚଳରେ ୮,୮୨,୪୮୯ ଓ ସହରାଞ୍ଚଳରେ ୭୯,୭୨୬ ଲୋକ ବାସ କରନ୍ତି ।"
train/img_01008.jpg,ଭୁବନେଶ୍ୱର(ଏକାମ୍ର) (୧୧୪)
train/img_01009.jpg,ଥେରବାଦ
train/img_01010.jpg,ଦଣ୍ଡସୁଆଙ୍ଗକୁ ଦଣ୍ଡ ଚଢ଼େୟା ନାଚ ବୋଲି ମଧ୍ୟ କୁହାଯାଏ।
train/img_01011.jpg,"ଛ ବର୍ଷରୁ କମ: ୨,୪୯,୦୨୦"
train/img_01012.jpg,ଜିଲ୍ଲାର ଦକ୍ଷିଣାଞ୍ଚଳର କିଛି ଅଂଶରେ ଥିବା କୃଷ୍ଣକାର୍ପାସ ମୃତ୍ତିକାକୁ ଛାଡିଦେଲେ ବାକି ଅଞ୍ଚଳରେ ମୁଖ୍ୟତଃ ଲୋହିତ ମୃତ୍ତିକାହିଁ ମିଳିଥାଏ ।
train/img_01013.jpg,ଭୌଗଳିକ ଅବସ୍ଥିତି
train/img_01014.jpg,"ଭାରତ ମଧ୍ୟରେ ପଶ୍ଚିମବଙ୍ଗ, ତ୍ରିପୁରା ଓ ଆସାମର ବରାକ ଉପତ୍ୟକାରେ ବଙ୍ଗଳା ସରକାରୀ ଭାଷା ।"
train/img_01015.jpg,"ସୂଚନାଯୋଗ୍ୟ ଯେ, ଯେଉଁ ବର୍ଷ ଉଭା ପଡିଥାଏ, ଉକ୍ତ ଦିନ ରଥଖଳାରୁ ତିନି ରଥ ଟଣାଯାଇ ସିଂହଦ୍ୱାରକୁ ଅଣାଯାଇଥାଏ।"
train/img_01016.jpg,ଥରେ ନିଷିଦ୍ଧ ଅଞ୍ଚଳରେ ପକ୍ଷୀ ଶିକାର କରିବାରୁ ପକ୍ଷୀମାନେ ଗରୁଡ଼ଙ୍କୁ ନିଜର ଦୁଃଖ ଜଣାଇଲେ।
train/img_01017.jpg,ଏଥିରେ ସେଲସେଟ ଦ୍ୱୀପର ଆଂଶିକ ଭାଗ ଅଛି ବାକି ଭାଗ ଠାଣେ ଜିଲ୍ଲାରେ ରହିଛି।
train/img_01018.jpg,"ଯଦିଓ ୧୬ଶ ଓ ୧୭ଶ ଶତାବ୍ଦୀରେ ଓଡ଼ିଶାର ବାହାର-ବାଣିଜ୍ୟ ଉନ୍ନତି ସାଧନ କରିଥିଲା, ତଥାପି କେଇ ବର୍ଷର ରାଜନୀତିକ ଅସ୍ଥିରତା ସକାଶେ ଅର୍ଥନୀତିର ପ୍ରଗତି ବାଧା ପାଇଥିଲା ।"
train/img_01019.jpg,"ବ୍ଳକ: (୧୧): ୧ ରାୟଗଡ଼, ୨ କାଶୀପୁର, ୩ କୋଲୋନରା, ୪ କଲ୍ୟାଣସିଂହପୁର, ୫ ଗୁଣୁପୁର, ୬ ଗୁଡ଼ାରୀ, ୭ ପଦ୍ମପୁର, ୮ ରାମନଗୁଡ଼ା, ୯ ବିଷମକଟକ, ୧୦ ମୁନିଗୁଡ଼ା ଓ ୧୧ ଚନ୍ଦ୍ରପୁର ।"
train/img_01020.jpg,"ଇନଫୋସିସ , ଇନ୍ଫୋସିଟି, ଭୁବନେଶ୍ୱର"
train/img_01021.jpg,ସମ୍ବଲପୁରୀ ଓଡ଼ିଆ ଭାଷା (କୋଶଳୀ ଓ କୋସଲି ନାମରେ ମଧ୍ୟ ଜଣା) ଏକ ଓଡ଼ିଶାରେ ପଶ୍ଚିମାଞ୍ଚଳରେ କଥିତ ଏକ ଭାଷା ପ୍ରକାର ।
train/img_01022.jpg,ସାରସ ବଦନତାର ତାର ପତି ଛାର
train/img_01023.jpg,"ଦିଏ, ନିଏ, ଖାଏ, ଖୁଆଏ, ଗୋପନ କଥା କହେ ଓ ପଚାରେ, ଏ ଛ'ଟି ଆନ୍ତରିକତା ଓ ନିବିଡ଼ତାର କଥା ।"
train/img_01024.jpg,୨୨୦ ଫୁଟ୍ ଲମ୍ବର ଏକଗୋଟି ଦଉଡି ଜରୁରୀ ଆବଶ୍ୟକତା ପାଇଁ ସଂରକ୍ଷିତ ରଖାଯାଇଥାଏ ବୋଲି ମନ୍ଦିର ପ୍ରଶାସନ ସୂତ୍ରରୁ ପ୍ରକାଶ ।
train/img_01025.jpg,ମାରଶର ଦର ତୁଳସୀର ଗେଲ ନାହିଁ
train/img_01026.jpg,ଶ୍ରୀ ନୃସିଂହ ମନ୍ଦିର
train/img_01027.jpg,ବିଜୟଙ୍କ ଜେଜେମା କଳିଙ୍ଗ ରାଜାଙ୍କ ଝିଅ ଥିଲେ ।
train/img_01028.jpg,"ନେତ୍ରୋତ୍ସବ ଦିନ ବିଳମ୍ବିତ ରାତ୍ରରେ ଅଣସର ପିଣ୍ଡିରେ ବିରାଜମାନ କରିଥିବା ଶ୍ରୀବିଗ୍ରହମାନଙ୍କ କେତେକ ଗୁପ୍ତ ନୀତି ଯଥା ବାହୁଟକଣ୍ଟ, ସେନାପଟା, ଶୁକ୍ଳ ସଜ ଲାଗି ଇତ୍ୟାଦି କାର୍ଯ୍ୟ ଶେଷ ହୋଇଥାଏ।"
train/img_01029.jpg,ଲୋକ ସଭା ନିର୍ବାଚନ ମଣ୍ଡଳୀ
train/img_01030.jpg,ସେଗୁଡିକ ମଧ୍ୟରୁ ଜଗତ୍ ସିଂହପୁର ପୌର ପରିଷଦଦ୍ୱାରା ପରିଚାଳିତ ଗୋଟିଏ ମାତ୍ର ଅଡିଟୋରିୟମ ଟାଉନ ହଲ୍ ଅଛି ।
train/img_01031.jpg,"କଲିକତା, ଆନନ୍ଦର ସହର"
train/img_01032.jpg,ବିଧାନ ସଭାର କାର୍ଯ୍ୟକାଳ ପାଞ୍ଚବର୍ଷ ।
train/img_01033.jpg,ମୁଖ ଚୁମ୍ବନେ ମଦନ ରାଜନ ବିଦାୟ
train/img_01034.jpg,ବାଲେଶ୍ୱରୀ ଓଡ଼ିଆ ଓଡ଼ିଆ ଭାଷାର ଏକ ଉପଭାଷା ବା ବୋଲି ।
train/img_01035.jpg,ଓଡ଼ିଶା ବିଧାନ ସଭାର ସଭ୍ୟ ସଂଖ୍ୟା ୧୪୭ ।
train/img_01036.jpg,"କବି ରଘୁନାଥଙ୍କର କୌଶଲ୍ୟା ବିଳାପ ଚଉତିଶା, ହଋମାତଙ୍କର କାନ୍ଦି କହେ ନନ୍ଦରାଣୀ ଓ ମୁକୁନ୍ଦ ରଚିତ କରେ କୋଦଣ୍ଡ ଚଉତିଶା ଏହି ଶ୍ରେଣୀର ରଚନା ଅଟେ ।"
train/img_01037.jpg,ଝୁମରର ଯୁଗବିଭାଜନ
train/img_01038.jpg,ବିଦ୍ୟାଳୟ
train/img_01039.jpg,ଧ୍ୟାନକୁଦ (ପଞ୍ଚଶାଖା ପୀଠ)
train/img_01040.jpg,ଦକ୍ଷିଣ ଥାଇଲ୍ୟାଣ୍ଡ ଏକ ସଂକୀର୍ଣ୍ଣ ସ୍ଥଳଭାଗ (ଇଷ୍ଟମସ୍) ଯାହା ମାଳ୍ୟୟ ଉପଦ୍ୱୀପ ପର୍ଯ୍ୟନ୍ତ ବିସ୍ତୃତ ।
train/img_01041.jpg,ଆଦିଯୁଗରେ ଓଡ଼ିଆ ଭାଷା ଏବେକାର ଓଡ଼ିଆ ଭାଷା ପରି ନଥିଲା ।
train/img_01042.jpg,ଏହି କାର୍ଯ୍ୟକ୍ରମ ସରିବା ପରେ ରଥରେ ଦଉଡି଼ ଲଗାଯାଇ ରଥଟଣା ହୋଇଥାଏ।
train/img_01043.jpg,"ଧର୍ମଯାଜକମାନେ ସ୍କୁଲ, ଡାକ୍ତରଖାନା ଇତ୍ୟାଦି ମଧ୍ୟ ସ୍ଥାପନା କଲେ ।"
train/img_01044.jpg,"ଗଜପତି ଜିଲ୍ଲାର ନାମକରଣ ମହାରାଜା ଶ୍ରୀ କୃଷ୍ଣ ଚନ୍ଦ୍ର ଗଜପତି ନାରାୟଣ ଦେଓ , ଯିଏକି ପାରଳାଖେମୁଣ୍ଡି ଜମିଦାରୀର ପୂର୍ବତନ ରାଜା ସାହେବ ତଥା ଓଡ଼ିଶାର ପ୍ରଥମ ପ୍ରଧାନମନ୍ତ୍ରୀ ଥିଲେ।"
train/img_01045.jpg,ସମ୍ବନ୍ଧବାଚକ (ସର୍ବନାମ) - ତୁମର - ତୋର ( ) - ତୋହୋର୍ ( )
train/img_01046.jpg,ଡିସେମ୍ବରରୁ ମାର୍ଚ୍ଚ ମାସ ପର୍ଯ୍ୟନ୍ତ ପ୍ରତ୍ୟାବର୍ତ୍ତନ କରୁଥିବା ମୌସୁମୀ ବାୟୁ ବିପରୀତ ଦିଗରେ ପ୍ରବାହିତ ହୋଇଥାଏ ।
train/img_01047.jpg,ତାଳଦଣ୍ଡା କେନାଲ ଓଡ଼ିଶାର ସବୁଠାରୁ ଲମ୍ବା ଏବଂ ବଡ଼ କେନାଲ ।
train/img_01048.jpg,ରାଜନୀତି
train/img_01049.jpg,"୨୦୧୧ ଜନଗଣନା ଅନୁସାରେ ବାଲେଶ୍ୱର ଜିଲ୍ଲାର ମୋଟ ଲୋକସଂଖ୍ୟା ୨,୩୧୭,୪୧୯ ଏଥିମଧ୍ୟରୁ ଗ୍ରାମାଞ୍ଚଳରେ ୨୦,୬୪,୩୫୭ ଓ ସହରାଞ୍ଚଳରେ ୨,୫୩,୦୬୨ ଲୋକ ବାସ କରନ୍ତି ।"
train/img_01050.jpg,ମୋଟ ୭୧୧ଖଣ୍ଡ କାଠରେ ତିଆରି ଏହି ରଥର ଉଚ୍ଚତା ୪୪ଫୁଟ ୬ ଇଞ୍ଚ ଅଟେ ।
train/img_01051.jpg,"ମୁସଲିମ ଶବ୍ଦଟି (ଆରବୀୟ: ; ଇଂରାଜୀ: ମୁସଲିମ, ମୋସ୍ଲେମ୍) ଆରବୀ ତ୍ରୈଧ୍ୱନି ସ-ଲ-ମରୁ (ଅର୍ଥାତ ସମ୍ପୂର୍ଣ୍ଣ ଥିବା) ଆନୀତ ।"
train/img_01052.jpg,ପାରାଦୀପ ବନ୍ଦର
train/img_01053.jpg,"୧୫୧୪ରେ ପର୍ତୁଗୀଜମାନେ ଓ ତା ପରେ ଫରାସୀ, ଦିନାମାର ଓ ଓଳନ୍ଦାଜମାନେ ବାଲେଶ୍ୱରରେ ବାଣିଜ୍ୟ କୋଠି ସ୍ଥାପନ କରିଥିଲେ ।"
train/img_01054.jpg,ଏହି ମାଟିର ପରମ ଆରାଧ୍ୟ ଦେବତା ଶ୍ରୀ ଶ୍ରୀ ସିଦ୍ଧ ବଳଦେବଙ୍କ ‘କନ୍ଦରାସୁର ଉପାଖ୍ୟାନଙ୍କୁ ନେଇ ଏହାର ନାମ କେନ୍ଦ୍ରାପଡ଼ା ହୋଇଥିବାର ପୌରାଣିକ ତଥ୍ୟକୁ ବାଦ ଦେଲାପରେ ଅନେକ ପଲ୍ଲୀ ବା ଗ୍ରାମର ମଧ୍ୟସ୍ଥଳ ଭାବରେ ଏହାକୁ ପୂର୍ବେ ‘କେନ୍ଦ୍ରପଲ୍ଲୀ’ କୁହାଯାଉଥିବାର ଐତିହାସିକ ପ୍ରମାଣନୁଯାୟୀ ଏହାକୁ କେନ୍ଦ୍ରାପଡ଼ା କୁହାଯାଇଥାଏ ବୋଲି ବିଜ୍ଞ ଓ ଗବେଷକମାନେ ମତ ପୋଷଣ କରିଥାଆନ୍ତି ।
train/img_01055.jpg,ମହନଦୀ କୂଳରେ ଥିବା ଶ୍ରୀ ରାମଚନ୍ଦ୍ର ଭଞ୍ଜ ଭେଷଜ ମହାବିଦ୍ୟାଳୟ ଓ ଡାକ୍ତରଖାନା ଓଡ଼ିଶାର ସର୍ବ ପୁରାତନ ଓ ସର୍ବବୃହତ ଅଟେ।
train/img_01056.jpg,ପୌରାଣିକ ଉପାଖ୍ୟାନ ୧
train/img_01057.jpg,ଭୁବନେଶ୍ୱରକୁ ୧୯୬୮ ମସିହାରେ ଓଡ଼ିଶାର ରାଜଧାନୀ ଭାବେ ସ୍ଥାପିତ ହେଲା ।
train/img_01058.jpg,"୧୯୧୨ ମାର୍ଚ୍ଚ ୨୨ରେ ବିହାର ଓ ଓଡ଼ିଶା ପ୍ରଦେଶ ଗଠନ ହେବା ପରେ ଓଡ଼ିଶା, କଲିକତା ଉଚ୍ଚ ନ୍ୟାୟାଳୟର ଅଧୀନରେ ରହିଲା ।"
train/img_01059.jpg,ବହୁ ପୁରାତନ ଦକ୍ଷିଣ ଭାଗ ବିଶିଷ୍ଟ ଏହି ସହରଟି ଓଡ଼ିଆ ପରମ୍ପରା ବିଶିଷ୍ଟ ଓଡ଼ିଶାର ଖ୍ୟାତନାମା ସହର ।
train/img_01060.jpg,"୨୦୧୧ ଜନଗଣନା ଅନୁସାରେ, କଟକ ଜିଲ୍ଲାର ମୋଟ ଲୋକସଂଖ୍ୟା ୨୬,୧୮,୭୦୮ ।"
train/img_01061.jpg,ଭୋଗମଣ୍ଡପ ।
train/img_01062.jpg,୮-ମହଡ଼ା ନାଚିଆ ଝୁମର : ‘ମହଡ଼ା’ ଅର୍ଥ ହେଉଛି ମୁଖା ।
train/img_01063.jpg,"୨୦୧୧ ଜନଗଣନା ଅନୁସାରେ, ଦେବଗଡ଼ ଜିଲ୍ଲାର ମୋଟ ଲୋକସଂଖ୍ୟା ୩,୧୨,୧୬୪ ଏଥିମଧ୍ୟରୁ ଗ୍ରାମାଞ୍ଚଳରେ ୨,୮୯,୮୧୪ ଓ ସହରାଞ୍ଚଳରେ ୨୨,୩୫୦ ଲୋକ ବାସ କରନ୍ତି"
train/img_01064.jpg,"୧୯୪୬ ମସିହାରେ, ଭୁବନେଶ୍ୱରକୁ ଏକ ମନୋହର ନଗରୀରେ ଗଢ଼ି ତୋଳିବାର ନକ୍ସା ଜର୍ମାନୀର ସ୍ଥପତି ଓ ଯୋଜନାକାରୀ ଅଟୋ କଏନ୍ସବର୍ଗର ପ୍ରସ୍ତୁତ କରିଥିଲେ ।"
train/img_01065.jpg,ଆଷାଢ଼ ମାସର ତୃତୀୟା ତିଥି ଯେଉଁଦିନ ପଡ଼ିବ ସେହିଦିନ ଶ୍ରୀଜଗନ୍ନାଥ ସେହିବାରର ପ୍ରତୀକଗ୍ରହ ରୂପେ ପୂଜା ପାଆନ୍ତି ।
train/img_01066.jpg,ଉତ୍ତରରେ : କନ୍ଧମାଳ ଜିଲ୍ଲା
train/img_01067.jpg,ଯଥା- (୧) ଝିଙ୍ଗାଫୁଲିଆ (୨) ଉଦାସିଆ (୩) ରସରସିଆ (୪) ରସପକ୍ଷୀଆ (୫) ଝୁମକା (୬) ଝୁମଟା (୭) ଖେମଟା (୮) ଆଡ଼ଖେମଟା (୯) ରିଝାଁମାଠା (୧୦) ତାମାଳିଆ (୧୧) ଗାଢଓ୍ୱା (୧୨) ଡ଼ମକଚ (୧୩) ନାଗପୁରିଆ (୧୪) ପତରତୁଳା (୧୫) ପାଟିଆମେଧା (୧୬) ଦୋଛୁଟା (୧୭) ଠାଳରିଙ୍ଗା ଇତ୍ୟାଦି ।
train/img_01068.jpg,"ଖ୍ରୀ ୧୪୩୫ରୁ ୧୪୬୬ ମଧ୍ୟରେ, କପିଳେନ୍ଦ୍ରଦେବଙ୍କ ରାଜୁତି ସମୟରେ ଓଡ଼ିଶା ଏକ ମହାନ ରାଜନୈତିକ ଶକ୍ତିକେନ୍ଦ୍ର ଭାବେ ପରିଗଣିତ ହେଉଥିଲା ।"
train/img_01069.jpg,ଭାଷାବିଜ୍ଞାନୀମାନଙ୍କ ମତରେ ପାଳି ଭାଷାରୁ ହିଁ ଓଡ଼ିଆ ଭାଷାର ଜନ୍ମ ।
train/img_01070.jpg,ମଙ୍ଗଳାର୍ପଣ ସମୟରେ ସୁଦ୍ଧ ସୁଆର ଓ ଭଣ୍ଡାର ମେକାପ ମଧ୍ୟ ସେଠାରେ ଉପସ୍ଥିତ ଥାଇ ଉକ୍ତ ନୀତିରେ ଅଂଶଗ୍ରହଣ କରିଥାନ୍ତି।
train/img_01071.jpg,ଚିତ୍ରକୋଣ୍ଡା (୧୪୭)
train/img_01072.jpg,"ଓଡ଼ିଶା ବାହାରେ ଉତ୍ପନ୍ନ ନଦୀଗୁଡ଼ିକ (ବ୍ରାହ୍ମଣ, ସୁବର୍ଣ୍ଣରେଖା, ଇବ, ଏବଂ ମହାନଦୀ)"
train/img_01073.jpg,ଯଥା- (୧) ଝିଙ୍ଗାଫୁଲିଆ (୨) ଉଦାସିଆ (୩) ରସରସିଆ (୪) ରସପକ୍ଷୀଆ (୫) ଝୁମକା (୬) ଝୁମଟା (୭) ଖେମଟା (୮) ଆଡ଼ଖେମଟା (୯) ରିଝାଁମାଠା (୧୦) ତାମାଳିଆ (୧୧) ଗାଢଓ୍ୱା (୧୨) ଡ଼ମକଚ (୧୩) ନାଗପୁରିଆ (୧୪) ପତରତୁଳା (୧୫) ପାଟିଆମେଧା (୧୬) ଦୋଛୁଟା (୧୭) ଠାଳରିଙ୍ଗା ଇତ୍ୟାଦି ।
train/img_01074.jpg,"ସହରାଞ୍ଚଳ: ୧୫,୫୩୭"
train/img_01075.jpg,: : (୪୦ )
train/img_01076.jpg,ବେଙ୍ଗାଳୁରୁ
train/img_01077.jpg,ଜାନୁଆରୀ ମଧ୍ୟରୁ ମାର୍ଚ୍ଚ ମଧ୍ୟଭାଗ ଯାଏଁ ବସନ୍ତ ଋତୁର ପ୍ରଭାବ ଦେଖାଯାଏ ଓ ତାପମାତ୍ରା ସର୍ବୋଚ୍ଚ ୩୩ ୪ ସେ ରୁ ୨୨ ୨ ସେ ମଧ୍ୟରେ ରହେ ।
train/img_01078.jpg,"ଅଶୋକ ପତ୍ରକୁ ବାଟି ଲେପଦେଲେ ବାଗୀ, ବ୍ରଣ, ବଥ ଆଦି ଭଲ ହୁଏ।"
train/img_01079.jpg,: : (୧ )
train/img_01080.jpg,ନାଟୁଆମାନେ ଅଲଗା ଭାବେ ତିଆରି ଅଳଙ୍କାରରେ ସଜାଇ ହୋଇଥାନ୍ତି ।
train/img_01081.jpg,ଲୋକବାକ
train/img_01082.jpg,ଗେରୁଆ ରଙ୍ଗରେ ବିଭିନ୍ନ ଚିତ୍ର ଅଙ୍କିତ।
train/img_01083.jpg,ଦ୍ୱିତୀୟ ଜଳପ୍ରପାତଟି ନିକଟରେ ଅପରାହ୍ଣରେ (ସୂର୍ଯ୍ୟ ପଶ୍ଚିମ ଦିଗରେ ଥିବା ସମୟରେ) ଇନ୍ଦ୍ରଧନୁ ସୃଷ୍ଟି ହୋଇଥାଏ ।
train/img_01084.jpg,ପ୍ରାକୃତିକ ଗଠନ
train/img_01085.jpg,ଅଷ୍ଟାଦଶ ଶତାବ୍ଦୀରେ ରାଜା-ଜମିଦାରମାନେ ନିଜର ମନୋରଞ୍ଜନ ନିମେନ୍ତ ଦରବାରରେ ବିଭିନ୍ନ ନର୍ତ୍ତକୀ ଓ ନାଚୁଣୀମାନଙ୍କଦ୍ୱାରା ଏହି ଝୁମରକୁ ପରିବେଷଣ କରାଉଥିଲେ ।
train/img_01086.jpg,"ଉକ୍ତଦିନ ଶ୍ରୀମନ୍ଦିର କାର୍ଯ୍ୟାଳୟ ସମ୍ମୁଖରେ ଶ୍ରୀମନ୍ଦିର ପୁରୋହିତ, ରାଜଗୁରୁ ଓ ଅନ୍ୟାନ୍ୟ ଶୋତ୍ରୀୟ ବ୍ରାହ୍ମଣମାନଙ୍କଦ୍ୱାରା ରଥ ନିର୍ମାଣ ଉପଲକ୍ଷେ ଶୁଭାରମ୍ଭ କାର୍ଯ୍ୟ ଯଜ୍ଞ ଓ ଆନୁସଙ୍ଗିକ ପୂଜା, ନୀତି ଇତ୍ୟାଦି ଅନୁଷ୍ଠିତ ହେବା ସଙ୍ଗେ ସଙ୍ଗେ ପୂଜାପଣ୍ଡା ତିନି ରଥ ନିର୍ମାଣର ଅନୁକୂଳ ନିମନ୍ତେ ଅଜ୍ଞାମାଳ ପ୍ରଦାନ କରିଥାନ୍ତି।"
train/img_01087.jpg,ଏହି ସମୟରେ ବଙ୍ଗୋପସାଗର କୂଳରେ ଚରିତ୍ରପୁର ନାମକ ବନ୍ଦର ଖୁବ ପ୍ରସିଦ୍ଧି ଲାଭ କରିଥିଲ ।
train/img_01088.jpg,"ଦକ୍ଷିଣରେ: ନବରଙ୍ଗପୁର ଜିଲ୍ଲା, କୋରାପୁଟ ଜିଲ୍ଲା ଓ ରାୟଗଡ଼ା ଜିଲ୍ଲା"
train/img_01089.jpg,ବିଧାନ ସଭାର ସଦସ୍ୟ ହେବାପାଇଁ ପ୍ରାର୍ଥୀଙ୍କର ନିମ୍ନଲିଖିତ ଯୋଗ୍ୟତାଥିବା ଥିବା ଆବଶ୍ୟକ ।
train/img_01090.jpg,ପିଠା
train/img_01091.jpg,"ମୁସଲମାନଙ୍କ ବିଶ୍ବାସ ଯେ କୋରାନ ପୂର୍ବରୁ ଆଲ୍ଲା ତାୱରତ୍ (ତୋରାଃ) ମୁସାଙ୍କୁ, ଜାବୁର (ସାଲମସ) ଡେଭିଡଙ୍କୁ ଏବଂ ଇଞ୍ଜିଲ (ଗୋସ୍ପେଲ) ଯୀଶୁଙ୍କୁ ପ୍ରଦାନ କରିଥିଲେ ।"
train/img_01092.jpg,ନୀଳମଣି ରାଉତରାୟ ଓ ନବକୃଷ୍ଣ ଚୌଧୁରୀ ପୂର୍ବତନ ମୁଖ୍ୟମନ୍ତ୍ରୀ
train/img_01093.jpg,ଚିତ୍ର ଏବଂ କଳାକୃତୀରେ ଅଧିକାଂଶ ଭାବରେ ଜଗନ୍ନାଥ ସଂସ୍କୃତିର ପ୍ରଭାବ ଦେଖିବାକୁ ମିଳେ ।
train/img_01094.jpg,ଗୁଣ୍ଡିଚା ଘରେ ଷଷ୍ଠୀ ଦିନ ସର୍ବାଙ୍ଗ ନୀତି ନିମନ୍ତେ ଆବଶ୍ୟକୀୟ ଚନ୍ଦନ ଇତ୍ୟାଦି ସାମଗ୍ରୀ ବଡ଼ ଓଡ଼ିଆ ମଠ ଯୋଗାଇଥାଏ।
train/img_01095.jpg,ଯୁକ୍ତରାଷ୍ଟ୍ର ଆମେରିକା ହେଉଛି ଏକ ଫେଡେରାଲ୍ ରିପବ୍ଲିକ୍ ଯେଉଁଥିରେ ଦ୍ୱିପାକ୍ଷିକ ବିଧାନ ସଭା ଅନ୍ତର୍ଭୁକ୍ତ।
train/img_01096.jpg,"ମହିଳା: ୬୩,୯୨୧ (୭୧ ୦୮ )"
train/img_01097.jpg,"ଏଥିରେ ବ୍ୟୋମକେଶ ତ୍ରିପାଠି, ଅନିମା ପ୍ରମୁଖ ଅଭିନୟ କରିଥିଲେ।"
train/img_01098.jpg,"ଏହି ପ୍ରକାରର ସିଲ୍କଗୁଡ଼ିକ ଆକାର, ଓଜନ, ଆଦ୍ରତା, ରଙ୍ଗ, ଦକ୍ଷତାରେ ଭିନ୍ନ ।"
train/img_01099.jpg,ବୈଦିକ ସଂସ୍କୃତ ଭାରତୀୟ ଉପମହାଦେଶର ପୂର୍ବବର୍ତ୍ତୀ ପ୍ରାଚୀନ ଭାଷାମାନଙ୍କ ସହ ଆଦାନ ପ୍ରଦାନ କରିବା ବେଳେ ପ୍ରଥମ କରି ଭେଟିଥିବା ଗଛ ଏବଂ ପଶୁମାନଙ୍କ ନାମ ମଧ୍ୟ ଆହରଣ କରିଥିଲା ।
train/img_01100.jpg,ପ୍ରାଥମିକ ବିଦ୍ୟାଳୟ ସଖ୍ୟା-୮୪୯
train/img_01101.jpg,ତତୋ ଜଗନ୍ନାଥ ଦେବସ୍ୟ ପ୍ରାସାଦ ମାଳଂ ଲକ୍ଷ୍ମୀ ଦଧ୍ୟାତ୍ ।
train/img_01102.jpg,ଏ ରାଜା ବାଙ୍କୀ ମୁହାଣ ପୋତାଇଲେ ।
train/img_01103.jpg,"ଏତଦ୍ ବ୍ୟତୀତ ରତ୍ନଗିରି, ଲଳିତଗିରି, ଉଦୟଗିରି, ଲାଙ୍ଗୁଡ଼ି ପାହାଡ଼, କାଏମା, ବଜ୍ରଗିରି, ରମେଶ୍ୱର, ସୋଲପୁର, ଖଡ଼ିପଦାରୁ ଆବିଷୃତ ବିହାର, ସ୍ତୂପ, ଚୈତ୍ୟଗୃହ, ଉପାସନା ଗୃହ ଓ ଆବାସସ୍ଥଳୀ ତଥା ବୌଦ୍ଧମୂର୍ତ୍ତି ଆଦିରୁ ଏହି ଅଞ୍ଚଳରେ ବୌଦ୍ଧଧର୍ମର ପ୍ରାଧାନ୍ୟ ବିଷୟରେ ସୂଚନା ମିଳିଛି ।"
train/img_01104.jpg,ଯୌବନ କାନନାଙ୍ଗନେ ଶିକାରି ସାଜିଲରେ
train/img_01105.jpg,ଶ୍ରୀ ଲକ୍ଷ୍ମୀନାରାୟଣ
train/img_01106.jpg,ଅପରପକ୍ଷରେ ହସ୍ତୀ ପାଳନ ବହୁ ବ୍ୟୟ ସାପେକ୍ଷ ହେଉଥିବାରୁ ଗଜପତିଙ୍କ ବଂଶରେ ହସ୍ତୀ ପାଳନ ପରମ୍ପରାରେ ପୂର୍ଣ୍ଣଛେଦ ପଡିଲା ।
train/img_01107.jpg,"ରବିଙ୍କ ଉଦ୍ଦେଶ୍ୟରେ ରବିବାର, ଚନ୍ଦ୍ରଙ୍କ ଉଦ୍ଦେଶ୍ୟରେ ସୋମବାର, ମଙ୍ଗଳଙ୍କ ଉଦ୍ଦେଶ୍ୟରେ ମଙ୍ଗଳବାର, ବୁଧଙ୍କ ଉଦ୍ଦେଶ୍ୟରେ ବୁଧବାର, ଦେବଗୁରୁ ବୃହସ୍ପତିଙ୍କ ଉଦ୍ଦେଶ୍ୟରେ ଗୁରୁବାର, ଶୁକ୍ରଙ୍କ ଉଦ୍ଦେଶ୍ୟରେ ଶୁକ୍ରବାର ଓ ଶନିଙ୍କ ଉଦ୍ଦେଶ୍ୟରେ ଶନିବାର ।"
train/img_01108.jpg,"ଯଦିଓ ୧୬ଶ ଓ ୧୭ଶ ଶତାବ୍ଦୀରେ ଓଡ଼ିଶାର ବାହାର-ବାଣିଜ୍ୟ ଉନ୍ନତି ସାଧନ କରିଥିଲା, ତଥାପି କେଇ ବର୍ଷର ରାଜନୀତିକ ଅସ୍ଥିରତା ସକାଶେ ଅର୍ଥନୀତିର ପ୍ରଗତି ବାଧା ପାଇଥିଲା ।"
train/img_01109.jpg,ହିନ୍ଦୁ ଜ୍ୟୋତିଷ ମତେ
train/img_01110.jpg,ନାଟକ
train/img_01111.jpg,ସେ ମଧ୍ୟ ଶାନ୍ତିନିକେତନ ତାଙ୍କ ବାପାଙ୍କ ସହ ଯାଇଥିଲେ ।
train/img_01112.jpg,କୋଏଲ
train/img_01113.jpg,ନୂଆପଡ଼ା ସହର ଏହାର ସଦର ମହକୁମା ।
train/img_01114.jpg,"ତିନି ରଥ ଉପରେ ଶ୍ରୀବିଗ୍ରହହମାନଙ୍କ ପହଣ୍ଡି ବିଜେ ହୋଇ ରଥାରୁଢ଼ ହେବାପରେ ଏବଂ ଅନ୍ୟାନ୍ୟ ନୀତି ଯଥା ମଦନମୋହନ, ରାମ, କୃଷ୍ଣ ବିଜେ , ସୋଲ, ଚିତା ଲାଗି ରୁନ୍ଧା ଇତ୍ୟାଦି ନୀତି ବଢ଼ିବା ପରେ ମୁଖ୍ୟ ବିଗ୍ରହଙ୍କ ମଇଲମ ଓ ମାଳଫୁଲ ଲାଗି ହୋଇଥାଏ।"
train/img_01115.jpg,ସୁଗନ୍ଧେ ଜନମନ ହରେ
train/img_01116.jpg,୧୮୦୩ ଖ୍ରୀ - ବ୍ରିଟିଶମାନଙ୍କର ଓଡ଼ିଶା ଅଧିକାର(ଏହା ବ୍ରିଟିଶ ଅଧିକୃତ ଶେଷ ଭାରତୀୟ ରାଜ୍ୟ) ।
train/img_01117.jpg,ଗ୍ରାମପଞ୍ଚାୟତ-୨୮୬ଟି
train/img_01118.jpg,"ଏଥିରେ ଉଲ୍ଲେଖ ଅଛି ଯେ, ବୀର ନରସିଂହ ଦେବ ରାଜା ରାଜ୍ୟ କଲେ।"
train/img_01119.jpg,ପିଆଜ ଚଟଣୀ
train/img_01120.jpg,ପ୍ରତି ରଥ ଉପରେ ଶ୍ରୀମନ୍ଦିର ପୋଲିସ କର୍ମଚାରୀ (ବରକନ୍ଦାଜ) ଏକ ନାଲି ରଙ୍ଗର ପତାକା ଧରି ରଥଟଣା ସମୟରେ ଭକ୍ତମାନଙ୍କୁ ଦିଗ ନିର୍ଦ୍ଦେଶ ଦେବା ସହିତ ରଥ ଘେର ମଧ୍ୟରେ ଜଣେ ସରକାରୀ ପୋଲିସ ବିଗୁଲ ଓ ନାଲି ରଙ୍ଗର ଏକ ପତାକା ଧରି ରଥଟଣାର ନିୟନ୍ତ୍ରଣରେ ସାହାହର୍ଯ୍ୟ କରିଥାନ୍ତି ।
train/img_01121.jpg,ଏହା ମୌର୍ଯ୍ୟଯୁଗୀୟ ହୋଇଥିଲେ ହେଁ ଏଥିରେ କଳିଙ୍ଗ ପ୍ରସ୍ତର କଳା ରହିଛି ।
train/img_01122.jpg,ନଶ୍ୱରତା ଓ ବୈରାଗ ପରାୟଣତାକୁ ନେଇ ପ୍ରାଚୀନ ସାହିତ୍ୟରେ ଅନେକ ଛୋଟ ବଡ଼ କବିତା ରଚିତ ହୋଇଥିଲା ।
train/img_01123.jpg,ଏହାବାଦ୍ ୬ଟି ବାଇପାସ୍ କରାଯିବ ।
train/img_01124.jpg,"ସେମାନଙ୍କଦ୍ୱାରା ହିନ୍ଦୁ, ବୌଦ୍ଧ ଧର୍ମ ଆଦି ଧର୍ମ ସଂସ୍କୃତି ସେହି ଦେଶ ଗୁଡିକରେ ପ୍ରସାର ଲାଭ କରିଥିଲା ।"
train/img_01125.jpg,ଓଡ଼ିଆ ଉଇକିପିଡ଼ିଆରେ ୧୦୦୦ଟି ଲେଖାର ମେଳା
train/img_01126.jpg,ଏହା ମଧ୍ୟ ପ୍ରାଚୀନ ଓଡ଼ିଶାର ଏକ ଲୋକକଳା ।
train/img_01127.jpg,ଶିକ୍ଷା
train/img_01128.jpg,ଗରାବଡ଼ୁ ସେବକ ମଙ୍ଗଳାର୍ପଣର ସମସ୍ତ ଜିନିଷମାନ ନୀତି ସମ୍ପୃକ୍ତ ସେବକଙ୍କ ହାତକୁ ବଢ଼ାଇଥାନ୍ତି।
train/img_01129.jpg,"ଓଡ଼ିଆ ଉପନ୍ୟାସକୁ କାହ୍ନୁଚରଣ ମହାନ୍ତି, ସୁରେନ୍ଦ୍ର ମହାନ୍ତି, ପ୍ରତିଭା ରାୟ, ସଚି ରାଉତରାୟ,ମନୋଜ ଦାସ, ରାମଚନ୍ଦ୍ର ବେହେରା, ଶାନ୍ତନୁ ଆଚାର୍ଯ୍ୟ, ବିଭୂତି ପଟ୍ଟନାୟକଙ୍କ ଉପନ୍ୟାସସବୁ ବହୁ ଭାବରେ ଉତ୍କୃଷ୍ଟ କରିଛନ୍ତି ।"
train/img_01130.jpg,"ନୀଳଗିରିର ଛଉ ନାଟ, ପାଟୁଆ ନାଟ, ଯାତ୍ରା, ଗୀତିନାଟ୍ୟ, ସଜନାଗଡ଼, ବାହାନଗା ଓ ଚନ୍ଦନେଶ୍ୱର ମେଳାର ଚଇତି ଘୋଡ଼ା ନାଚ ଆଦି ଖୁବ ଜଣାଶୁଣା ।"
train/img_01131.jpg,ଅନ୍ୟ ଏକ ସାମୁଦ୍ରିକ ପଥ ସିଂହଳ ଓ ସୁମାତ୍ରାକୁ ସଂଯୋଗ କରୁଥିଲା ।
train/img_01132.jpg,ଖ୍ରୀଷ୍ଟପୂର୍ବ ଦ୍ୱିତୀୟ ଶତାବ୍ଦୀରେ ଓଡ଼ିଶୀର ଇତିହାସ ଉଦୟଗିରିର ରାଣୀଗୁମ୍ଫାରୁ ମିଳିଥିବା ପୋଥିରୁ ଜଣାଯାଏ ।
train/img_01133.jpg,"ଶାସ୍ତ୍ରୋଚିତ ରାଗରାଗିଣୀ, ଅଳଙ୍କାର, ରସ ମଦିର ମଧୁର ସମନ୍ୱୟ ଏହି ଗୀତମାନଙ୍କରେ ଦେଖା ଯାଇଥାଏ ।"
train/img_01134.jpg,"ଏହା ମଧ୍ୟ ବିଭିନ୍ନ ନାମରେ ଯଥା ଅଗ୍ନି ପାଟୁଆ, କଣ୍ଟାପାଟୁଆ, ଖଣ୍ଡା ପାଟୁଆ, ଝୁଲା ପାଟୁଆ ଓ ଫୋଡ଼ ପାଟୁଆ ଆଦି ନାମରେ ଜଣା ।"
train/img_01135.jpg,ଖୋର୍ଦ୍ଧା (୧୧୭)
train/img_01136.jpg,ଏହା କଠିଣତର ଓ ଅନେକ ଶାରୀରିକ ବଳର ବ୍ୟବହାର କରିବାକୁ ପଡ଼ିଥାଏ ଯାହା ପାଇଁ କୋମଳ ଶିଶୁ ବୟସରୁ ଶିକ୍ଷା ଆରମ୍ଭ କରିବାକୁ ପଡ଼େ ।
train/img_01137.jpg,"ତଳକୁସୁମା ଗୋବିନ୍ଦପୁର ଉଚ୍ଚବିଦ୍ୟାଳୟ,ତଳକୁସୁମା,ଗରଦପୁର"
train/img_01138.jpg,ଘୁ ଉଦୟଗିରି
train/img_01139.jpg,ହାତୀଗୁମ୍ଫା ଶିଳାଲେଖ ତାଙ୍କ ଶାସନର ୧୩ ବର୍ଷର ବର୍ଣ୍ଣନା କରିଥାଏ
train/img_01140.jpg,ନୃତ୍ୟ ମନ୍ଥର ଗତିରେ ଆରମ୍ଭ ହୋଇ ଧୀରେଧୀରେ ନାଚର ଗତି ଦ୍ରୁତତର ହୋଇଥାଏ ।
train/img_01141.jpg,ପ୍ରଧାନମନ୍ତ୍ରୀଙ୍କ ପରାମର୍ଶରେ ରାଜାଙ୍କଦ୍ୱାରା କ୍ୟାବିନେଟ ନିଯୁକ୍ତ କରାଯାଇଥାଏ।
train/img_01142.jpg,ଅନ୍ୟ ଶ୍ରୀପାଳିଆ ଝାଞ୍ଜ ଧରିଥାଆନ୍ତି କିନ୍ତୁ ଗାୟକ ଗୀତ ବୋଲିବା ବେଳେ ଶ୍ରୀପାଳିଆ ଝାଞ୍ଜ ବଜାନ୍ତି ନାହିଁ ।
train/img_01143.jpg,ଜିଲାପାଳଙ୍କ କାର୍ଯ୍ୟାଳୟ ପରିସର ଏକତା ଶିଶୁ ।
train/img_01144.jpg,ଜିଲାପାଳଙ୍କ କାର୍ଯ୍ୟାଳୟ ପରିସର ଏକତା ଶିଶୁ ।
train/img_01145.jpg,ସମୁଦାୟ
train/img_01146.jpg,ରାଜ୍ୟ ସଙ୍ଗୀତର ଅବଧି ୨ ମିନିଟ ୧୧ ସେକେଣ୍ଡ ରହିଥାଏ ।
train/img_01147.jpg,ଗାନ୍ଧୀଜୀଙ୍କ ସାବରମତୀ ଆଶ୍ରମ ଅହମଦାବାଦର ଅନ୍ୟ ମୁଖ୍ୟ ପରିଚୟ ଅଟେ ।
train/img_01148.jpg,ତାମସା ହେଉଛି ଓଡ଼ିଶାର ସଂସ୍କୃତିକୁ ଭଦ୍ରକର ନିଜସ୍ୱ ଅବଦାନ।
train/img_01149.jpg,"ସ୍ୱର୍ଣ୍ଣଚୁଡ଼ ମହାବିଦ୍ୟାଳୟ, ମିତ୍ରପୁର"
train/img_01150.jpg,"ଏହାପରେ ଶ୍ରୀମନ୍ଦିର ପ୍ରଶାସନ ତରଫରୁ ଜନୈକ ପଦାଧିକାରୀ, ଶ୍ରୀମନ୍ଦିର କମାଣ୍ଡର, ଆବଶ୍ୟକ ସଂଖ୍ୟକ ପୋଲିସ ଶ୍ରୀନଅର ନିକଟକୁ ଯାଇ ବିଧିବଦ୍ଧ ଭାବରେ ଗଜପତି ମହାରାଜାଙ୍କୁ ଛେରା ପହଁରା ସେବା କରିବା ପାଇଁ ଖବର ପଠାଇଥାନ୍ତି।"
train/img_01151.jpg,"ଗୋପାଳ ଛୋଟରାୟଙ୍କ ଅନେକ ନାଟକ, ଚୌଧୁରୀ ହେମକାନ୍ତ ମିଶ୍ରଙ୍କ ରମ୍ୟ ରଚନା ବ୍ୟଙ୍ଗ ସାହିତ୍ୟରେ ଅନେକ ନୂଆ ଫରଦ ଯୋଡ଼ିଛନ୍ତି ।"
train/img_01152.jpg,"୨୦୧୧ ଜନଗଣନା ଅନୁସାରେ ଭୁବନେଶ୍ୱର ସହରର ଲୋକସଂଖ୍ୟା ୮,୩୭,୭୩୭ ।"
train/img_01153.jpg,"ବାତ୍ୟାଦ୍ୱାରା ଧ୍ୱଂସ ହୋଇ ଯାଇଥିବା ତୋରଣ ଓ ଘର ସବୁର ପୁନର୍ଗଠନ କଲେ, ଅନେକ ପୋଖରୀ ଆଦି ଖୋଳାଇଲେ ଓ ବଗିଚା ସବୁ ଆଉଥରେ ତିଆରି କଲେ ।"
train/img_01154.jpg,ଶ୍ରୀ ଶ୍ୟାମାକାଳୀ
train/img_01155.jpg,ଦେଉଳଟି ଚାରି ଭାଗରେ ବିଭକ୍ତ:
train/img_01156.jpg,ଓଡ଼ିଆ ଭାଷାର ଇତିହାସ - -
train/img_01157.jpg,"ତହସିଲ: (୪): ୧ ବାଣପୁର, ବେଗୁନିଆ, ଭୁବନେଶ୍ୱର, ବୋଲଗଡ଼, ଜଟଣୀ, ଖୋର୍ଦ୍ଧା, ଟାଙ୍ଗୀ ଓ ବାଲୁଗାଁ"
train/img_01158.jpg,"ବୈଦିକ ଓଡ଼ିଶା - କୃଷ୍ଣ ଯଜୁର୍ବେଦ ବୌଧାୟନ କଳ୍ପସୂତ୍ର କହେ (ଖ୍ରୀ ପୂ ଷଷ୍ଠ ଶତାବ୍ଦୀ), ବୈଦିକ ସଭ୍ୟତା ବାହାରେ କଳିଙ୍ଗ ଥିଲା ଭିନ୍ନ ଏକ ସଭ୍ୟତା (ନା ଆର୍ଯ୍ୟ ନା ଦ୍ରାବିଡ଼)"
train/img_01159.jpg,"ରଥଯାତ୍ରା ଉତ୍ସବ ଅବସରରେ ବିଭିନ୍ନ ମଠ ତରଫରୁ ବିଭିନ୍ନ ଦ୍ରବ୍ୟ ଯୋଗାଣ, ପନ୍ତି ଭୋଗ, ମଠାଧୀଶମାନଙ୍କ ଉପଚାର ଚାମର ଓ ଆଲଟ ସେବା କରିବା ବିଷୟ ଜଗନ୍ନାଥ ମନ୍ଦିର ସ୍ୱତ୍ତ୍ୱଲିପିର ୧୧୯ ନମ୍ବର ତାଲିକାରେ ଥିବା ବ୍ୟକ୍ତିଗତ ଓ ଅନୁଷ୍ଠାନିକ ସେବା ତଥା ଉପସ୍ୱତରେ ଉଲ୍ଲେଖ ରହିଛି।"
train/img_01160.jpg,ନବଯୌବନ ଦର୍ଶନ
train/img_01161.jpg,ବାଲ୍ୟ ଜୀବନ (୧୮୬୧-୧୯୦୧)
train/img_01162.jpg,"ଶାସ୍ତ୍ରରେ ଉଲ୍ଲେଖ ଅଛି ସତ୍ୟ ଯୁଗରେ ତୀର୍ଥ, ତ୍ରେତୟାରେ ଯଜ୍ଞ, ଦ୍ୱାପରରେ ଦାନ ଏବଂ କଳି ଯୁଗରେ ନାମ ସଙ୍କୀର୍ତ୍ତନ ହିଁ ଯୁଗଧର୍ମ ।"
train/img_01163.jpg,ଏହା ଏକ ଶିବ ମନ୍ଦିର ।
train/img_01164.jpg,ମାର୍କଣ୍ଡେୟ ଆଶ୍ରମ
train/img_01165.jpg,ତତ୍ ପରେ ପାଳିଆ ପୂଜା ପଣ୍ଡା ପଞ୍ଚୋପଚାରରେ ପୂଜା କରିଥାନ୍ତି।
train/img_01166.jpg,"ସେଥିମଧ୍ୟରୁ ଲିପି, ଆକୃତି ଆଦି ପୂର୍ବରୁ ଥିବା ବେଳେ ମାଇକ୍ରୋସଫ୍ଟଦ୍ୱାରା ଇଣ୍ଡିକ ଇନ୍ପୁଟ ଭାରତୀୟ ଭାଷାରେ ଉପଲବ୍ଧ, ଯାହାଦ୍ୱାରା ଓଡ଼ିଆ ଲିପିରେ ସହଜରେ ଯେ କୌଣଶି ଆପ୍ଲିକେସନରେ ଓଡ଼ିଆରେ ଟାଇପ କରାଯାଇ ପାରୁଛି।"
train/img_01167.jpg,କପିଳାସ ଅଭୟାରଣ୍ୟ: ଢେଙ୍କାନାଳ ଜିଲ୍ଲାର କପିଳାସ ସଂରକ୍ଷିତ ଜଙ୍ଗଲକୁ ୨୦୧୧ ଅପ୍ରେଲ ୨ତାରିଖରେ ଅଭୟାରଣ୍ୟ ଭାବେ ୱାଇଲ୍ଡ ଲାଇଫ ପକ୍ଷରୁ ଘୋଷଣା କରାଯାଇଛି ।
train/img_01168.jpg,"ସହରାଞ୍ଚଳ: ୭୩,୩୮୦"
train/img_01169.jpg,ଜନସଂଖ୍ୟା ଦୃଷ୍ଟିରୁ କନ୍ଧ ଜନଜାତି ହେଉଛି ରାଜ୍ୟର ସବୁଠାରୁ ବଡ଼ ଜନଜାତି ।
train/img_01170.jpg,"ଅର୍ଥାତ୍ ନବଉଦିତ ଇଷତ୍ ରକ୍ତବର୍ଣ୍ଣ, ରକ୍ତମନ୍ଦାର ପୁଲର ରଙ୍ଗ ଭଳି ପ୍ରଭାତକାଳୀନ ସୂର୍ଯ୍ୟଙ୍କ ଛବି ପ୍ରକଟିତ ହେଉଛି ।"
train/img_01171.jpg,ଚର୍ମରୋଗରୁ ରକ୍ଷାକରିବାକୁ ଲୋକେ ଠାକୁରଙ୍କୁ ଫୁଲଛତା ଓ ଫୁଲବିଞ୍ଚଣା ଦେଇ ପ୍ରାର୍ଥନା କରିଥାନ୍ତି।
train/img_01172.jpg,ପଣସ ପଲଉ
train/img_01173.jpg,ସେ ବ୍ରାହ୍ମଣଙ୍କୁ ଲୁଟ କରିବାକୁ ପ୍ରଥମେ ଚେଷ୍ଟା କଲେ ମଧ୍ୟ ପରବର୍ତ୍ତୀ ସମୟରେ ତାଙ୍କ ସଂସ୍ପର୍ଶରେ ଆସି ପୁଣ୍ୟାତ୍ମାରେ ପରିଣତ ହୋଇଛି।
train/img_01174.jpg,ତଙ୍କଦ୍ୱାରା ୧୯୮୫ରେ ନିର୍ମିତ ହାକିମ୍ ବାବୁକୁ ଜାତୀୟ ଫିଲ୍ମ ପୁରସ୍କାର ମିଳିଥିଲା।
train/img_01175.jpg,ଓଡ଼ିଶା ରାଜସ୍ୱ ପରିଷଦ
train/img_01176.jpg,ସମ୍ରାଟ ଖାରବେଳଙ୍କ ଆତ୍ମଜୀବନୀ
train/img_01177.jpg,ଏହି ଦୁଇଟି ସୁନ୍ଦରର ସମାହାର ହେଲା ‘‘ଝୁମର’’ ଉତ୍ତର ଓଡ଼ିଶାର ଏକ ସାଂସ୍କୃତିକ ପରମ୍ପରା ।’’
train/img_01178.jpg,"ଏହା ମଧ୍ୟ ବିଭିନ୍ନ ନାମରେ ଯଥା ଅଗ୍ନି ପାଟୁଆ, କଣ୍ଟାପାଟୁଆ, ଖଣ୍ଡା ପାଟୁଆ, ଝୁଲା ପାଟୁଆ ଓ ଫୋଡ଼ ପାଟୁଆ ଆଦି ନାମରେ ଜଣା ।"
train/img_01179.jpg,'ବ୍ରାହ୍ମଣ'
train/img_01180.jpg,ଓଡ଼ିଶା ଉଚ୍ଚ ନ୍ୟାୟାଳୟ ଓଡ଼ିଶାର କଟକରେ ଅବସ୍ଥିତ ଏକ ଭାରତୀୟ ରାଜ୍ୟସ୍ତରୀୟ ଉଚ୍ଚନ୍ୟାୟାଳୟ ।
train/img_01181.jpg,କେବେ ଉତ୍ତର କଳିଙ୍ଗ ଓ ଦକ୍ଷିଣ କଳିଙ୍ଗ ଭଳି ଦୁଇଟି ରାଜ୍ୟର ଗଠନ ହୋଇଥିଲା ତ କେବେ ଦୁଇଟି ରାଜ୍ୟ ମିଳିତ ହୋଇ କଳିଙ୍ଗ ନାମରେ ଅଭିହିତ ହେଉଥିଲେ ।
train/img_01182.jpg,୨୦୧୫ଠାରୁ ଭୁବନେଶ୍ୱରର ଭାରତୀୟ ବୈଷୟିକ ଅନୁଷ୍ଠାନର ଇଞ୍ଜିନିୟରିଂରେ ସ୍ନାତକ ପାଠ୍ୟକ୍ରମରେ ଓଡ଼ିଶୀ ଅନ୍ତର୍ଭୁକ୍ତ ହୋଇଛି ।
train/img_01183.jpg,ସାତ ଦିନ ପରେ ନବଦିନ ଯାତ୍ରା ସମାପ୍ତ କରି ବାହୁଡା ଯାତ୍ରା ହେଉଥିଲା।
train/img_01184.jpg,"ବାବା ଶ୍ରୀ ସ୍ୱପ୍ନେଶ୍ୱର ମନ୍ଦିର,କେନ୍ଦୁସାହି ।"
train/img_01185.jpg,କଣ୍ଢେଇ ନାଚ
train/img_01186.jpg,ଷର ପ୍ରମୁଖ ମ୍ୟାଗ୍ନିଟୋଗୋରସ୍କ୍ ଆଇରନ୍ ଆଣ୍ଡ ଷ୍ଟିଲ୍ କମ୍ପାନୀ ( ) ମଧ୍ୟ ଓଡ଼ିଶାରେ ୧୦ଟି ଷ୍ଟିଲ୍ ପ୍ଲାଣ୍ଟ ସ୍ଥାପନ କରିବାକୁ ଯୋଜନା କରିଛି।
train/img_01187.jpg,୩ ୨୮ ନିୟୁତ ବର୍ଗ କି ମି କ୍ଷେତ୍ରଫଳ
train/img_01188.jpg,"ବାହାଦା ନଦୀ ଗଜପତି ଜିଲ୍ଲାର ପୂର୍ବ ଘାଟର ସିଙ୍ଗରାଜ ପାହାଡରୁ ଲୁବା ଗାଁ ନିକଟରେ ଉତ୍ପନ୍ନ ଏହା କିଲୋମିଟର ପର୍ଯ୍ୟନ୍ତ ଉତ୍ତର-ପୂର୍ବ ଦିଗରେ ପ୍ରବାହିତ ହେଉଛି ତା’ପରେ ଏହା ଦକ୍ଷିଣ-ପୂର୍ବ ଦିଗକୁ ପରିବର୍ତ୍ତନ କରେ ଏବଂ ଆନ୍ଧ୍ରପ୍ରଦେଶରେ ପ୍ରବେଶ କରିବା ପୂର୍ବରୁ ଓଡ଼ିଶା ଭିତରେ କିଲୋମିଟର ପ୍ରବାହିତ ହୁଏ ଏବଂ ଆହୁରି କିଲୋମିଟର ପର୍ଯ୍ୟନ୍ତ ପ୍ରବାହିତ ହୁଏ ତା’ପରେ ଏହା ପୁଣି ଓଡ଼ିଶାର ସୁନାପୁରପେଟା ଗାଁ ନିକଟ ବଙ୍ଗୋପସାଗରକୁ ଭେଟିବା ପୂର୍ବରୁ ଓଡ଼ିଶାରେ କିଲୋମିଟର ପର୍ଯ୍ୟନ୍ତ ଉତ୍ତର-ପୂର୍ବ ଦିଗକୁ ଗତି କରେ ଏହାର ମୋଟ ଦ ର୍ଘ୍ୟ ହେଉଛି କିଲୋମିଟର ସହିତ ଓଡ଼ିଶା ଭିତରେ କିଲୋମିଟର ଏହାର ଏକ ଧରିବା କ୍ଷେତ୍ର କିଲୋମିଟର, ସେଥିମଧ୍ୟରୁ କିଲୋମିଟର ଓଡ଼ିଶା ଭିତରେ ଅଛି"
train/img_01189.jpg,ବଡ଼ ମାଆର ପିଲାମାନେ ହେଲେ କୁଡ଼ୁମି ଓ ଛୋଟମାଆର ସନ୍ତାନମାନ ହେଲେ ସାନ୍ତାଳ ।
train/img_01190.jpg,ନମାଜ
train/img_01191.jpg,ଉଛ ମାଧ୍ୟମିକ ବିଦ୍ୟାଳୟ-୧୩୧
train/img_01192.jpg,କଳିଙ୍ଗ ସୀମାରେ ସମତଳ ସମୁଦ୍ର ଉପକୂଳ ଅଞ୍ଚଳକୁ ନେଇ କଂଗୋଦ ରାଜ୍ୟ ଗଠିତ ହୋଇଥିଲା ।
train/img_01193.jpg,ପୌର ପରିଷଦ: (୧): ବଲାଙ୍ଗୀର କଣ୍ଟାବାଞ୍ଜି ଟିଟିଲାଗଡ଼
train/img_01194.jpg,ଭାରତର ଭାଷା ସମୂହ
train/img_01195.jpg,ପ୍ରଥମେ ଗରାବଡ଼ୁ ସେବକଙ୍କଠାରୁ ହାତୁଆଣି (ରାଜାଙ୍କ ହାତକୁ ଉକ୍ତ ସେବକ ପାଣି ବଢ଼ାଇଥାନ୍ତି) ନେଇ ଗଜପତି ପୁଷ୍ପାଞ୍ଜଳି ପ୍ରଦାନ କରିଥାନ୍ତି।
train/img_01196.jpg,ଯୁଦ୍ଧ ବିରତି ସମୟରେ ସେନାଛାଉଣୀରେ ମନୋରଞ୍ଜନ ଲାଗି ରସଧର୍ମୀ ଘୁମୁରା ନୃତ୍ୟ ଓ ବାଦ୍ୟ ପରିବେଷଣ ମଧ୍ୟ କରାଯାଉଥିଲା ।
train/img_01197.jpg,ଠାକୁରମାନଙ୍କ ବାହୁଡା଼ ପହଣ୍ଡି ଓ ରଥଟଣା ସମୟରେ ହେଉଥିବା ପନ୍ତି ତାଲିକା ନିମ୍ନରେ ଉଲ୍ଲେଖ କରାଯାଇଛି।
train/img_01198.jpg,"ଶବ୍ଦ ମଧ୍ୟର ସ୍ୱରବର୍ଣ୍ଣ ହଟିଯିବାର ବ୍ୟତିକ୍ରମ : - ଦ୍ୱୈତସ୍ୱରରେ ( ) ଦେଖିବାକୁ ମିଳେ ଅର୍ଥାତ୍ ଶବ୍ଦ ମଧ୍ୟର ସ୍ୱର ସାଧାରଣତଃ ହଟିଯାଏ, କିନ୍ତୁ - ଯୋଡ଼ା ଥିଲେ ହଟେ ନାହିଁ"
train/img_01199.jpg,"ଏହି ସମୟରୁ ବିଭିନ୍ନ ପଦ୍ୟ ଯଥା କୋଇଲି, ଚଉତିଶା ଇତ୍ୟାଦିର ରଚନା ଆରମ୍ଭ ହୋଇଥିଲା ।"
train/img_01200.jpg,ଏହି ମନ୍ଦିରର ସ୍ଥାପତ୍ୟ ମଧ୍ୟ ଆକର୍ଷଣୀୟ ।
train/img_01201.jpg,ଉଚ୍ଚ ଶିକ୍ଷା
train/img_01202.jpg,"ସିଂହଦ୍ୱାର ଗୁମୁଟରୁ ମନ୍ଦିର ଭିତରକୁ ପ୍ରବେଶ କରିବାକୁ ଅର୍ଥାତ କୁର୍ମବେଢ଼ା, ରୋଷଶାଳ, ଆନନ୍ଦ ବଜାର ଯିବା ପାଇଁ ଥିବା ବାଇଶି ଗୋଟି ପାହାଚ ବାଇଶି ପାହାଚ ନାମରେ ଜଣା ।"
train/img_01203.jpg,"ଐତିହାସିକମାନେ/ଗବେଷକମାନେ ଭିନ୍ନ ଭିନ୍ନ ମତ ରଖନ୍ତି ଯେ, ଏହି ମନ୍ଦିର ନିର୍ମାଣ କାର୍ଯ୍ୟ ଅନଙ୍ଗ ଭୀମଦେବ କିମ୍ବା ଚୋଡ଼ଗଙ୍ଗ ଦେବ କରାଇଛନ୍ତି।ମାଦଳା ପାଞ୍ଜି ଅନୁଯାୟୀ ପ୍ରଥମେ ଏହି ମନ୍ଦିର କାର୍ଯ୍ୟ ଯଯାତି କେଶରୀ ଓ ପରେ ଅନଙ୍ଗ ଭୀମଦେବ କରାଇଛନ୍ତି।ମନ୍ଦିରର ପୂର୍ବ ଦିଗକୁ ଛାଡ଼ି ତିନି ପଟେ ଗଜଲକ୍ଷ୍ମୀଙ୍କ ବିଗ୍ରହ ବିଦ୍ୟମାନ ହୋଇଛନ୍ତି।ଗର୍ଭ ଗୃହର ଦୁଇ ପାର୍ଶ୍ୱରେ ମା' ଗଙ୍ଗା ଓ ଯମୁନାଙ୍କ ମୂର୍ତ୍ତି ବିରାଜିତା।"
train/img_01204.jpg,ଚଢ଼େୟା ଚଢ଼େୟାଣୀ ନାଚ
train/img_01205.jpg,ସରଦାର ବଲ୍ଲଭଭାଇ ପଟେଲ ଶିଶୁରୋଗ ସ୍ନାତକୋତ୍ତର ସଂସ୍ଥାନ
train/img_01206.jpg,"ପୁରୁଷ: ୧୨,୫୩,୬୩୩"
train/img_01207.jpg,"ଚିତ୍ରକାର : (ସେବା ନଂ ୮୭) ଏହି ସେବକ ରଥବାଡ଼, ପାର୍ଶ୍ୱ ଦେବଦେବୀ, ଓଲଟ ଶୁଆ, କଳସ ଓ ରଥରେ ପରମ୍ପରା ଅନୁଯାୟୀ ଅନ୍ୟାନ୍ୟ ସମସ୍ତ ଚିତ୍ର କାର୍ଯ୍ୟ କରିଥାନ୍ତି।"
train/img_01208.jpg,"ପ୍ରଥମ ବିଶ୍ୱଯୁଦ୍ଧ, ମହା ଅବସାଦ ଏବଂ ଦ୍ୱିତୀୟ ବିଶ୍ୱଯୁଦ୍ଧ"
train/img_01209.jpg,ମିର୍ଜାପୁର ଓ ଛଡ଼ାକ ମହଲାରେ ରାଜା ପୁରୁଷୋତ୍ତମ ଦେବଙ୍କ ମନ୍ତ୍ରୀ ବିଦ୍ୟାଧର ଖୋଳାଇଥିବା ପୋଖରୀ ତାଙ୍କ ନାମାନୁସାରେ ବିଦ୍ୟାଧର ପୋଖରୀ ବୋଲି ପରିଚିତ।
train/img_01210.jpg,"ଓଡ଼ିଶାର ଲୋକସଂଗୀତ ତଥା ମୟୁରଭଞ୍ଜର ପାରମ୍ପରିକ ଲୋକଗୀତ-ନୃତ୍ୟ ଭାବରେ ଝୁମର ଯେଉଁ ମର୍ଯ୍ୟୋଦା ଲାଭ କରିଛି, ସେ ସଂପର୍କରେ ସାମାନ୍ୟ ଅବଧାରଣା କରିବା ନିମିତ୍ତ ଝୁମରର ବିଭିନ୍ନ ପ୍ରସଙ୍ଗଗୁଡ଼ିକ ଚୁମ୍ବକରେ ଆଲୋଚନା କରାଗଲା।"
train/img_01211.jpg,କେନ୍ଦ୍ରର ସଂସଦ ଦୁଇ ଭାଗରେ ବିଭକ୍ତ ଲୋକ ସଭା ଓ ରାଜ୍ୟ ସଭା।
train/img_01212.jpg,ଭୁବନେଶ୍ୱରର ହାତୀଗୁମ୍ଫା ଶିଳାଲେଖ ଅନୁସାରେ ସେ ମଗଧର ରାଜଗୃହ ଆକ୍ରମଣ କରିଥିଲେ ଯାହା ଇଣ୍ଡୋ-ଗ୍ରୀକ ରାଜା ଦେମେଟ୍ରିଅସଙ୍କୁ ମଥୁରା ଫେରିଯିବାକୁ ବାଧ୍ୟ କରିଥିଲା ।
train/img_01213.jpg,ଏହାବାଦ୍ ଜଗତ୍ ସିଂହପୁର ସହରରେ ଥିବା ସୋମନାଥ ମନ୍ଦିର ମଧ୍ୟ ସରକାରୀ ଭାବେ ପର୍ଯ୍ୟଟନ କ୍ଷେତ୍ରର ମାନ୍ୟତା ପାଇଛି।
train/img_01214.jpg,"୨୦୧୧ ଜନଗଣନା ଅନୁସାରେ, ଭଦ୍ରକ ଜିଲ୍ଲାର ମୋଟ ଲୋକସଂଖ୍ୟା ୧୫,୦୬,୫୨୨ ।"
train/img_01215.jpg,ସମ୍ବଲପୁର ଜିଲ୍ଲାର ଇତିହାସ ବହୁତ ଚଳଚଞ୍ଚଳ ରହିଆସିଛି ବିଗତ ଷୋହଳ ଶତାବ୍ଦୀରୁ ଉର୍ଦ୍ଧ କାଳ ପାଇଁ ।
train/img_01216.jpg,ନୀଳକଣ୍ଠ (ଇନ୍ଦ୍ରଦ୍ୟୁମ୍ନ ସରୋବର କୂଳରେ) ଏହି ଶଙ୍ଖର ଅଗ୍ରଭାଗରେ ଅବସ୍ଥାନ କରୁଛନ୍ତି ।
train/img_01217.jpg,"ଆର୍କିଟେକଚରାଲ ପ୍ଲାନିଙ୍ଗ, କ୍ୱାଲିଟି, କ୍ୱାଲିଟି କଣ୍ଟ୍ରୋଲ, ସର୍ଭେ ବର୍କ ଆଣ୍ଡ ସିଭିଲ କନସଲଟାନ୍ସି - -"
train/img_01218.jpg,"ଏହି ଜିଲ୍ଲାରେ ଜନ୍ମିତ ଦ୍ୱିତୀଚନ୍ଦ୍ର ସାହୁ ଓଡ଼ିଆ ଭାଷାର ଜଣେ ଲେଖକ, ଓଡ଼ିଆ ସ୍ତମ୍ଭକାର ତଥା ରାଷ୍ଟ୍ରପତି ପୁରସ୍କାରପ୍ରାପ୍ତ ଶିକ୍ଷକ ।"
train/img_01219.jpg,ମୁଗା' ମହାଦେବ ମନ୍ଦିର
train/img_01220.jpg,ଭାରତର ରାଷ୍ଟ୍ରୀୟ ଖେଳ ହେଉଛି ହକି ।
train/img_01221.jpg,ସେମାନଙ୍କ ଭିତରୁ ଜଣେ ଅଭକ୍ଷ୍ୟ ଭକ୍ଷଣ କରି ମୃତ୍ୟୁବରଣ କଲା ଓ ଅନ୍ୟମାନଙ୍କୁ ବ୍ରହ୍ମା ଉଇହୁଙ୍କା ପାଲଟି ଯିବାକୁ ଅଭିଶାପ ଦେଲେ।
train/img_01222.jpg,"୨୦୧୧ ଜନଗଣନା ଅନୁସାରେ ପୁରୀ ଜିଲ୍ଲାର ମୋଟ ଲୋକସଂଖ୍ୟା ୧୬,୯୭,୯୮୩ ଏଥିମଧ୍ୟରୁ ଗ୍ରାମାଞ୍ଚଳରେ ୧୪,୩୨,୫୩୭ ଓ ସହରାଞ୍ଚଳରେ ୨,୬୫,୪୪୬ ଲୋକ ବାସ କରନ୍ତି"
train/img_01223.jpg,‘‘ଆନରେ ପ୍ରଲୟୀ ମୂଲ ଢାକେନ ପଞ୍ଚାନନ
train/img_01224.jpg,ଏ ସମ୍ପର୍କରେ ତତ୍କାଳୀନ ହରିହରପୁର ଫ୍ୟାକ୍ଟ୍ରି ଦାୟିତ୍ୱରେ ଥିବା ମିଷ୍ଟର କୋଲି ଏକ ଚିଠିରେ ଉଲ୍ଲେଖ କରିଛନ୍ତି ଯେ ସେତେବେଳେ ସେ ଏଠାରୁ ୪ ହଜାର ଖଣ୍ଡ ବସ୍ତ୍ର କ୍ରୟ କରି ଇଂଲଣ୍ଡ ପାରିପାର୍ଶ୍ୱିକ ସୁବିଧା ଓ ଅନ୍ୟ କାରଣରୁ ଇଂରେଜ ବଣିକମାନେ ୧୬୩୩ ବେଳକୁ ହରିହର ପୁରରେ ବ୍ୟବସାୟ କେନ୍ଦ୍ର ଅର୍ଥାତ୍ ବାଣିଜ୍ୟ କୋଠି ସ୍ଥାପନ କରିବାକୁ ସକ୍ଷମ ହୋଇଥିଲେ ।
train/img_01225.jpg,ଓଡ଼ିଆ ଚଉତିଶା ଗୁଡ଼ିକ ନିମ୍ନୋକ୍ତ ଭାବରେ ବିଭକ୍ତ ।
train/img_01226.jpg,ଏ ଏସ ଆଇ ( ) ଏହା ପାଇଁ ନାନାଦି ଯୋଜନା ଆରମ୍ଭ କରିଅଛି ।
train/img_01227.jpg,ଶକବତ୍ସରେ ୧୫୦୮ରେ ରଥଯାତ୍ରାରେ ରାଜାଥାଇ ମୁଗଲ ହୋଇଯିବାରୁ ଛେରା ପହଁରା କରିବା ନୋହିଲା ମୁଦିରଥ (ମୁଦ୍ର ହସ୍ତ) ଶାଢ଼ୀ଼ ନଥିବାରୁ ଛେରା ପହଁରା ଦାମୋଦର ଚମ୍ପତିରାୟ ଛେରା ପହଁରା କରିବା କଥା ଉଠିଲା ।
train/img_01228.jpg,ସମ୍ପ୍ରତି ଓଝା ମହାରଣାଙ୍କଦ୍ୱାରା ପ୍ରସ୍ତୁତ ଶାଳ ଦୋଳବେଦୀ କୁଞ୍ଜଠାରେ ହେଇଥିବା ଜଣାଯାଏ।
train/img_01229.jpg,"ଦକ୍ଷିଣକାଳୀ ମନ୍ଦିର,ବୀରଗୋବିନ୍ଦପୁର ।"
train/img_01230.jpg,ଉତ୍ପାଦନ ଏବଂ ରପ୍ତାନି
train/img_01231.jpg,ଓଷାବ୍ରତ ଆଦିରେ ଗାନ କରାହେବା ଲାଗି ମଧ୍ୟ ଅନେକ ଗୀତ ରହିଛି ।
train/img_01232.jpg,ଶିଶୁପାଳଗଡ଼
train/img_01233.jpg,ଧୂଳିଦଣ୍ଡ
train/img_01234.jpg,"ସେହି ପରି ଜନସାଧାରଣରେ ବହୁ ପ୍ରଚାରିତ ନୀଳାଦ୍ରୌ ଶତବର୍ଷାଣି ଆଡ଼ପେ ମଣ୍ଡପେ ଦିନେ ଉକ୍ତିକୁ ସ୍ମରଣ କରି ସନ୍ଧ୍ୟା ଦର୍ଶନ ଦିନ ଭକ୍ତମାନଙ୍କର ଶ୍ରୀଗୁଣ୍ଡିଚା ମନ୍ଦିରରେ ଶ୍ରୀବିଗ୍ରହମାନଙ୍କୁ ଦର୍ଶନ , ଦୀପ ପ୍ରଜ୍ଜ୍ୱଳନ , ବ୍ରାହ୍ମଣମାନଙ୍କୁ ମହାପ୍ରସାଦ ସେବନରେ ଅପ୍ୟାୟିତ କରିଥିବା ଜଣାଯାଏ।"
train/img_01235.jpg,"୨୦୧୯ ନଭେମ୍ବର ୧୧ ତାରିଖରେ ଉଚ୍ଚ ନ୍ୟାୟାଳୟର ଜଷ୍ଟିସ ସିଆର ଦାଶଙ୍କ ଅଧିନରେ ଗଠିତ ଖଣ୍ଡପୀଠ ଏକ ମାମଲାର ଶୁଣାଣି କରି, ରାଜ୍ୟ ମୁଖ୍ୟ ଶାସନ ସଚିବଙ୍କୁ ୬ ମାସ ମଧ୍ୟରେ ଏହି ମାମଲାରେ ପଦକ୍ଷେପ ନେବାକୁ ନିର୍ଦ୍ଦେଶ ଦେଇଥିଲେ ।"
train/img_01236.jpg,"ଦକ୍ଷିଣ କାଳୀ ପୀଠ, ବୀରନରସିଂହପୁର ।"
train/img_01237.jpg,କନ୍ଦର୍ପଶ୍ରୀ ପାଟରାଣୀ ଧୂସିଙ୍କ ଜ୍ୟେଷ୍ଠ ପୁତ୍ର ଥିଲେ ଏବଂ ସମ୍ରାଟ ଖାରବେଳଙ୍କ ପରେ କଳିଙ୍ଗ ସାମ୍ରାଜ୍ୟର ଉତ୍ତରାଧିକାରୀ ହୋଇଥିଲେ ।
train/img_01238.jpg,ଗ୍ରାମ ପଞ୍ଚାୟତ: ୨୨୬
train/img_01239.jpg,ଝରେକି ନିର୍ଝରୀ ତହିଁତାର ମୁକ୍ତା ହାରେ ।
train/img_01240.jpg,"ନ୍ୟାସ୍ ନାଲ୍ ଇନ୍ ଷ୍ଟିଚ୍ୟୁଟ ଅଫ ସାଇନ୍ସ ଆଣ୍ଡ ଟେକ୍ନୋଲୋଜି (ନିଷ୍ଟ୍), ବ୍ରହ୍ମପୁର"
train/img_01241.jpg,"ତେଣୁ ପରିବର୍ତ୍ତନର ସ୍ରୋତରେ ସାମିଲ ହୋଇ ବିଭିନ୍ନ ପ୍ରାଦେଶିକ ସ୍ତରରେ ଝୁମର ଆଜି ଭିନ୍ନରୂପ ପରିଗ୍ରହ କରିବା ସହିତ ନିଜର ସ୍ୱାତନ୍ତ୍ର୍ୟ ମହକରେ ସମଗ୍ର ଶ୍ରୋତା, ପାଠକ ଓ ଦର୍ଶକଙ୍କୁ ମତୁଆଲା କରିରଖିଛି, ଏହା କହିବା ବାହୁଲ୍ୟ ମାତ୍ର ।"
train/img_01242.jpg,ନାଟବେଳେ ପିନ୍ଧା ଲୁଗାକୁ କାଞ୍ଚୁଲି କୁହାଯାଇଥାଏ ।ଏହା ସମୟାନୁସାରେ ବଦଳିଛି ।
train/img_01243.jpg,ଲୋକ ସଭାର ସଞ୍ଚାଳନ ଅଧ୍ୟକ୍ଷ ଓ ରାଜ୍ୟ ସଭାର ସଞ୍ଚାଳନ ଉପ ରାଷ୍ଟ୍ରପତି କରିଥାନ୍ତି।
train/img_01244.jpg,"ରଥଯାତ୍ରା ଉତ୍ସବ ଅବସରରେ ବିଭିନ୍ନ ମଠ ତରଫରୁ ବିଭିନ୍ନ ଦ୍ରବ୍ୟ ଯୋଗାଣ, ପନ୍ତି ଭୋଗ, ମଠାଧୀଶମାନଙ୍କ ଉପଚାର ଚାମର ଓ ଆଲଟ ସେବା କରିବା ବିଷୟ ଜଗନ୍ନାଥ ମନ୍ଦିର ସ୍ୱତ୍ତ୍ୱଲିପିର ୧୧୯ ନମ୍ବର ତାଲିକାରେ ଥିବା ବ୍ୟକ୍ତିଗତ ଓ ଅନୁଷ୍ଠାନିକ ସେବା ତଥା ଉପସ୍ୱତରେ ଉଲ୍ଲେଖ ରହିଛି।"
train/img_01245.jpg,କନକ ମୁଣ୍ଡିର ତଳେ ଏକ ବିରାଟ ଚାନ୍ଦୁଆ ଆବରଣ ହୋଇଛି ।
train/img_01246.jpg,ବହୁ ପ୍ରାଚୀନ ସମୟରୁ ଏହାର ଦକ୍ଷିଣ ମୋନ୍ ଅଞ୍ଚଳରେ ବାହାରୁ ଆସିଥିବା ଲୋକଙ୍କଦ୍ୱାରା ଏକ ସଭ୍ୟତାର ପ୍ରତିଷ୍ଠା ହେବାର ପ୍ରମାଣ ମଧ୍ୟ ମିଳେ ।
train/img_01247.jpg,"୧୮୯୦ ମସିହାରେ ପରିବାର ଚଳେଇବା ପାଇଁ ଶିଳଧା ଚାଲିଯାଇଥିଲେ, ବର୍ତ୍ତମାନ ସେ ଯାଗା ବଙ୍ଗଳାଦେଶେ ।"
train/img_01248.jpg,ଗୁପ୍ତେଶ୍ୱର ଶିବ ମନ୍ଦିର
train/img_01249.jpg,"ଏହି ସଂଘର୍ଷରେ ସାହିତ୍ୟରେ ପୂର୍ବବର୍ତ୍ତୀ ଧାରା ସେହି ଏକା ଦିନରେ ତିରେ।ହିତ ହୋଇ ଯାଇ ନଥିଲା, ସେହିପରି ଆଧୁନିକ ଯୁଗର ସୃଷ୍ଟି ଇତିହାସ କୌଣସି ଏକ ନିର୍ଦ୍ଦିଷ୍ଟ ବିନ୍ଦୁରୁ ସାହସ।"
train/img_01250.jpg,ଏହି ଜିଲ୍ଲାର ଅନ୍ୟ କିଛି ଚର୍ଚ୍ଚିତ ବ୍ୟକ୍ତିତ୍ୱ ହେଲେ:
train/img_01251.jpg,"ସନ ୧୦୦୬ରେ ରାଜା ମର୍କତ କେଶରୀଙ୍କ ଶାସନ କାଳରେ ମହାନଦୀ ଉପରେ ପଥର ବନ୍ଧ ତିଆରି ହୋଇଥିଲା, ଆଉ ଲୋକଙ୍କୁ ବନ୍ୟା ଦାଉରୁ ବଞ୍ଚାଇବା ପାଇଁ ଏହି ପଥରବନ୍ଧ ତିଆରି ପଛରେ ଥିଲେ ସେକାଳର କୁଶଳୀ ବିନ୍ଧାଣି ବାଇଧର ମୁଣ୍ଡି (ଲୋକତୁଣ୍ଡରେ ବାଇମୁଣ୍ଡି ନାମରେ ଜଣାଶୁଣା) ।"
train/img_01252.jpg,ସରସ୍ୱତୀ ବିଦ୍ୟା ମନ୍ଦିର-୧୩
train/img_01253.jpg,"ଚତୁର୍ଦ୍ଧାମୂର୍ତ୍ତି ସାତ ପାହାଚ ଉପରକୁ ପରମ୍ପରା କ୍ରମେ ବିଜେ ହୋଇ ଆସିବା କ୍ଷଣି ରାଘବଦାସ ମଠ ପକ୍ଷରୁ ଯୋଗାଇ ଦିଆଯାଇଥିବା ସୋଲ, ଜରି, ତୁଳସୀ, ଫୁଲ ଓ ବାଉଁଶ ପାତିଆରେ ସ୍ୱତନ୍ତ୍ର ଶୈଳୀରେ ନିର୍ମିତ ଟାହିୟା ଠାକୁରମାନଙ୍କ ଶ୍ରୀମସ୍ତକରେ ଲାଗି କରାଯାଏ ଓ ଏହି ସମୟରେ କେତେକ ନିର୍ଦ୍ଦିଷ୍ଟ ମଠମାନଙ୍କ ପକ୍ଷରୁ ପନ୍ତି ଭୋଗ ତଥା ଚାମର, ଆଲଟ ସେବା କରାଯାଏ।"
train/img_01254.jpg,ପାର୍କ
train/img_01255.jpg,ଦକ୍ଷିଣାଭିମୁଖୀ ଯାତ୍ରାରେ ତିନି ରଥ ସିଂହଦ୍ୱାରରେ ପହଞ୍ଚିବା ପରେ ବଡ଼ ଏକାଦଶୀ ଦିନ ରଥ ଉପରେ ସୁନାବେଶ କରିବାକୁ ରାଜା ଅନୁମତି ଦେଇଥିଲେ ।
train/img_01256.jpg,ସ୍ୱାଧୀନତା ସଂଗ୍ରାମ ଇତିହାସରେ ଏହି ଅଞ୍ଚଳର ନାମ ସ୍ୱର୍ଣ୍ଣାକ୍ଷରରେ ଲିପିବଦ୍ଧ ।
train/img_01257.jpg,ପୁରୁଷ: ୮୮ ୦୬
train/img_01258.jpg,"ସେ ଲୋକମାନଙ୍କୁ ନଦୀ ପାରକରିବାକୁ ଦାଉଥିଲେ ବହୁତ ନାମକ ମାତ୍ର ପଇସା ନେଉଥିଲେ, ଓ ଲୋକମାନେ ଖୁସିହୋଇ ଦହି ଭାତ ଖାଇବାକୁ ଦେଉଥିଲେ।"
train/img_01259.jpg,ଜାତୀୟ ବୃକ୍ଷ ବରଗଛ
train/img_01260.jpg,"ପ୍ରଚଣ୍ଡ ଖରାରେ ତତଲା ବାଲି ଉପରେ ଗଡ଼ି, ପିରାମିଡ଼ କରି ଭୋକ୍ତାମାନେ ପାଣିଦଣ୍ଡ ନୃତ୍ୟ ପରିବେଷଣ କରନ୍ତି ।"
train/img_01261.jpg,ଏଠାରେ ଜଗନ୍ନାଥଙ୍କୁ ଆରାଧ୍ୟ ଦେବତା ଭାବେ ପୂଜା କରାଯାଏ ।
train/img_01262.jpg,ଉଚ୍ଚତମ ଓ ଉଚ୍ଚ ନ୍ୟାୟାଳୟର ବିଚାର ପତିମାନଙ୍କୁ ରାଷ୍ଟ୍ରପତି ନିଯୁକ୍ତ କରିଥାନ୍ତି ।
train/img_01263.jpg,"ବିକ୍ରମ କେଶରୀ ଆରୁଖ: ଗ୍ରାମ୍ୟ ଉନ୍ନୟନ, ସୂଚନା ଓ ଲୋକସମ୍ପର୍କ, ସଂସଦୀୟ ବ୍ୟାପାର"
train/img_01264.jpg,ଅଧିକ ତଥ୍ୟ ବା ପ୍ରଶ୍ନ ପଚାରିବା ନିମନ୍ତେ ଦୟାକରି ଉଇକିପ୍ରକଳ୍ପ ସଙ୍ଘ ଯାନ୍ତୁ କିମ୍ବା ସବିଶେଷ ଜାଣିବା ନିମନ୍ତେ ଉଇକିମିଡ଼ିଆ ପ୍ରକଳ୍ପ ତାଲିକା ଦେଖନ୍ତୁ ।
train/img_01265.jpg,ଭୋଜନ ଶେଷରେ ତାମ୍ବୁଳ ସେବା ଏକ ପ୍ରାଣମୟ ବ୍ୟବସ୍ଥା ।
train/img_01266.jpg,ଏହା ଗଜପତି ମହାରାଜାଙ୍କ ଦେଉଳ କଚେରି ଥିଲା।
train/img_01267.jpg,ନିମ୍ନରେ ମାନକ ଓଡ଼ିଆ ସହିତ ବୈଶିଷ୍ଟ୍ୟ ଏବଂ ତୁଳନା ତାଲିକା ଦିଆଯାଇଛି:
train/img_01268.jpg,ନାଚ ଓ ଗୀତର ତାଳେ ତାଳେ ସେଥିରୁ ‘ଝମ୍ ଝମ୍’ ଶବ୍ଦ ବାହାରୁଥିଲା ।
train/img_01269.jpg,ଡାଲି ଓ ଅନ୍ୟ ଶସ୍ୟ ତିଆରି
train/img_01270.jpg,ତନ୍ତ
train/img_01271.jpg,"ସଂସ୍କୃତ ହିନ୍ଦୁ ଧର୍ମର ପବିତ୍ର ଭାଷା ଓ ଶାସ୍ତ୍ରୀୟ ହିନ୍ଦୁ ଦର୍ଶନ ଶାସ୍ତ୍ରରେ, ବୌଦ୍ଧ ଏବଂ ଜୈନ ଧର୍ମର ଐତିହାସିକ ପାଠ୍ୟରେ ବ୍ୟବହାର ହୋଇଥିଲା ।"
train/img_01272.jpg,ମହିଳା: ୬୮ ୪୭
train/img_01273.jpg,ଅସର: ଅପରାହ୍ନ ୩ଟାଠାରୁ ୪ଟା ମଧ୍ୟରେ
train/img_01274.jpg,"ଏଥିରେ ଉଲ୍ଲେଖ ଅଛି ଯେ, ବୀର ନରସିଂହ ଦେବ ରାଜା ରାଜ୍ୟ କଲେ।"
train/img_01275.jpg,ଏହି ରାଜ୍ୟଟି ୨୦୦୦ ମସିହାରେ ବିହାର ରାଜ୍ୟରୁ ଅଲଗା ହୋଇ ଏକ ସତନ୍ତ୍ର ରାଜ୍ୟରେ ପରିଣତ ହୋଇଛି।
train/img_01276.jpg,ବିଧାନ ସଭାର କାର୍ଯ୍ୟକାଳ ପାଞ୍ଚବର୍ଷ ।
train/img_01277.jpg,"ପୁରୁଷ: ୬,୦୬,୦୪୬"
train/img_01278.jpg,ସମ୍ବର ବୁଢ଼ା ହୋଇଗଲେ ଦେହର ରଙ୍ଗ ସାମାନ୍ୟ କଳା ହୋଇଯାଏ।
train/img_01279.jpg,ପରିବହନ ଓ ଯୋଗାଯୋଗ
train/img_01280.jpg,ଶ୍ରୀ ଐଶାନେଶ୍ୱର ମହାଦେବ
train/img_01281.jpg,ପ୍ରଶାନ୍ତ କୁମାର ମଙ୍ଗରାଜ ଓଡ଼ିଆ ଶିଶୁସାହିତ୍ୟର ଅନ୍ୟତମ ସ୍ରଷ୍ଟା।
train/img_01282.jpg,"ସେହି ସବୁ ନୀତି ନିୟମ ବିଷୟରେ "" ମାଦଳା ପାଞ୍ଜି ""ରେ ବିଷଦ ଭାବରେ ବର୍ଣ୍ଣନା ରହିଛି ।"
train/img_01283.jpg,୨୦୦୮ ମସିହାରେ ଓଡ଼ିଶା ସରକାର ଓଡ଼ିଶୀ ସଙ୍ଗୀତକୁ ଶାସ୍ତ୍ରୀୟତା ମାନ୍ୟତା ପ୍ରଦାନ କରିଥିଲେ ।
train/img_01284.jpg,"ସହର ଭୋଟର ସଂଖ୍ୟା ରହିଛି ୨୩,୪୮୫ ।"
train/img_01285.jpg,ଏହା ୫୦ତମ ବୃହତ୍ତମ ଦେଶ
train/img_01286.jpg,ମହିଳା: ୫୩ ୧୮
train/img_01287.jpg,ମହନଦୀ କୂଳରେ ଥିବା ଶ୍ରୀ ରାମଚନ୍ଦ୍ର ଭଞ୍ଜ ଭେଷଜ ମହାବିଦ୍ୟାଳୟ ଓ ଡାକ୍ତରଖାନା ଓଡ଼ିଶାର ସର୍ବ ପୁରାତନ ଓ ସର୍ବବୃହତ ଅଟେ।
train/img_01288.jpg,"ତୁଳସୀ ମହିଳା ମହାବିଦ୍ୟାଳୟ, କେନ୍ଦ୍ରାପଡ଼ା"
train/img_01289.jpg,"ଚିଲିକା ହ୍ରଦ ଏହା ଏକ ସୁନ୍ଦର ସ୍ଥାନ, ଶୀତଦିନେ ଏଠାକୁ ଅନେକ ସୁନ୍ଦର ପକ୍ଷୀମାନେ ବିଦେଶରୁ ଆସନ୍ତି ।"
train/img_01290.jpg,ବିଶ୍ୱର ପ୍ରଥମ ବିଶ୍ୱବିଦ୍ୟାଳୟ ତକ୍ଷଶିଳା ୭୦୦ ଖ୍ରୀ ପୂ
train/img_01291.jpg,ରିଆମାଳ ବ୍ଳକ ଅଧିନରେ: ୨୨ଟି
train/img_01292.jpg,ସର୍ବ ମଙ୍ଗଳା ମନ୍ଦିର ବାହାର ପଟ ଉତ୍ତର ପାର୍ଶ୍ୱସ୍ଥ କାନ୍ଥରେ ସଙ୍କଟ ତାରିଣୀଙ୍କ ଏକ କ୍ଷୁଦ୍ର ମୂର୍ତ୍ତି ପୂଜା ପାଉଛନ୍ତି ।
train/img_01293.jpg,ଭଗବାନ ନରନାରାୟଣ ସତ୍ୟଯୁଗରେ ବଦ୍ରିକାଶ୍ରମରେ ତପସ୍ୟା କରି ତାକୁ ତପୋଭୂମି ରୂପରେ ସତ୍ୟଯୁଗର ଧାମ ରୂପରେ ପ୍ରତିଷ୍ଠା କରିଲେ ।
train/img_01294.jpg,ଝୁମରର ଯୁଗବିଭାଜନ
train/img_01295.jpg,ଏପରି ଚାରିଦିଗେ ୧୨ ପାଖୁଡା ମାରିବ।
train/img_01296.jpg,ଭାରତ
train/img_01297.jpg,ମୁମ୍ବାଇର ଉପକୂଳରେ ଫାଟ ଥିବାରୁ ଏହାର ପୋତାଶ୍ରୟ ପ୍ରକୃତିକ ଓ ସୁରକ୍ଷିତ ।
train/img_01298.jpg,"ଜାନୁଆରୀ ଓ ଫେବୃଆରୀରେ ଅଳ୍ପ ଥଣ୍ଡା ପଡିଥାଏ, ଏଠାରେ ହଉଥିବା ଶୀତ ଉତ୍ତରରୁ ଆସୁଥିବା ଥଣ୍ଡା ପବନ ଯୋଗୁଁ ହେଇଥାଏ।"
train/img_01299.jpg,ପହଣ୍ଡି ବିଜେ ପୂର୍ବରୁ ଚାରିବାଡ଼ର ବାଡ଼ଗ୍ରାହୀ ଦଇତା ସେବକମାନେ ଉପସ୍ଥିତ ହୋଇଥାନ୍ତି ଓ ପହଣ୍ଡି ସହ ତତପୂର୍ବ ନୀତିରେ ଅଂଶଗ୍ରହଣ କରିଥାନ୍ତି।
train/img_01300.jpg,"ସମଗ୍ର ଭାରତବର୍ଷରେ ଦେବତାମାନଙ୍କ ନିମନ୍ତେ ଯେତେ ପ୍ରକାରର ରଥ ବ୍ୟବହାରରେ ଆସୁଛି, ତାହା ମଧ୍ୟରେ ଶ୍ରୀକ୍ଷେତ୍ରର ତିନି ରଥ ନିର୍ମାଣ ଶୈଳୀ ଅତୀବ ରହସ୍ୟମୟ ।"
train/img_01301.jpg,ଓଡ଼ିଆରେ ଚଳଚ୍ଚିତ୍ର ଶିଳ୍ପ ଆରମ୍ଭ ହେବ ପରେ ପରେ ଅନେକ ପ୍ରଥିତଯଶା କଥାକାରଙ୍କ ଉପନ୍ୟାସ ଓ ନାଟକ ଚଳଚ୍ଚିତ୍ରରେ ସ୍ଥାନ ପାଇବା ଆରମ୍ଭ କଲା ।
train/img_01302.jpg,ମିଜୋ ଭାଷା ଭାରତର ଉତ୍ତର-ପୂର୍ବାଞ୍ଚଳରେ ଅବସ୍ଥିତ 'ମିଜୋରାମ' ରାଜ୍ୟର ସରକାରୀ ଭାଷା ଅଟେ
train/img_01303.jpg,ଅମରାବତି ଏହାର ରାଜଧାନୀ।
train/img_01304.jpg,ଶଙ୍ଖ କ୍ଷେତ୍ରରେ ନାଭି ମଣ୍ଡଳରେ ଶ୍ରୀମନ୍ଦିର ଓ କ୍ଷେତ୍ରର ଅଧିପତି କ୍ଷେତ୍ରପାଳ ।
train/img_01305.jpg,ବିମାନ ସେବା ଓ ଗନ୍ତବ୍ୟ ସ୍ଥଳ
train/img_01306.jpg,ଏହି ସମୟରେ ବଙ୍ଗୋପସାଗର କୂଳରେ ଚରିତ୍ରପୁର ନାମକ ବନ୍ଦର ଖୁବ ପ୍ରସିଦ୍ଧି ଲାଭ କରିଥିଲ ।
train/img_01307.jpg,ସେ କୌଣସି ସରକାରୀ ଲାଭଜନକ ପଦବୀରେ ଅବସ୍ଥାପିତ ହୋଇଥିବେ ।
train/img_01308.jpg,ସେମିତି ୯୯୧ ସନର ଲେଖ ଓ ୭୧୫ ସନର ଲେଖରେ ଓଡ଼ିଆ ଶବ୍ଦ ଭିତୁରୁ / / ଆଉ ପନ୍ଦର / / ପ୍ରଭୃତିର ବ୍ୟବହାର ଦେଖିବାକୁ ମିଳେ।
train/img_01309.jpg,ଏହା ଓଡ଼ିଶାର ପୁରୀ ଜିଲ୍ଲାରୁ ଜନ୍ମ ଲାଭ କରିଛି ।
train/img_01310.jpg,"ପୁରୁଷ: ୬,୧୨,୫୯୭"
train/img_01311.jpg,ଲୋକସଂଖ୍ୟା ଘନତା: କି ମି ପ୍ରତି ୨୩୧
train/img_01312.jpg,"୨୦୧୧ ଜନଗଣନା ଅନୁସାରେ, ଦେବଗଡ଼ ଜିଲ୍ଲାର ମୋଟ ଲୋକସଂଖ୍ୟା ୩,୧୨,୧୬୪ ଏଥିମଧ୍ୟରୁ ଗ୍ରାମାଞ୍ଚଳରେ ୨,୮୯,୮୧୪ ଓ ସହରାଞ୍ଚଳରେ ୨୨,୩୫୦ ଲୋକ ବାସ କରନ୍ତି"
train/img_01313.jpg,ଜଷ୍ଟିସ୍ ବୀର କିଶୋର ରାୟ ଓଡ଼ିଶା ଉଚ୍ଚ ନ୍ୟାୟାଳୟର ପ୍ରଥମ ମୁଖ୍ୟ ବିଚାରପତି ହେଲେ ।
train/img_01314.jpg,"ମୂଳ ଆମେରିକୀୟ, ଦେଶୀ ହାୱାଇନ୍ ଏବଂ ଦେଶୀ ଆଲାସ୍କାନ୍ ଜନସଂଖ୍ୟା ବ୍ୟତୀତ ପ୍ରାୟ ସମସ୍ତ ଆମେରିକୀୟ କିମ୍ବା ସେମାନଙ୍କ ପୂର୍ବଜମାନେ ଗତ ପାଞ୍ଚ ଶତାବ୍ଦୀ ମଧ୍ୟରେ ସ୍ଥାନାନ୍ତରିତ ହୋଇଥିଲେ କିମ୍ବା ଦାସ ଭାବରେ ଆମଦାନୀ ହୋଇଥିଲେ।"
train/img_01315.jpg,ପ୍ରଥମ ଓଡ଼ିଆ ଉଇକିପ୍ରକଳ୍ପ ୨୩ ମେ ୨୦୧୧ ରେ ଆରମ୍ଭ କରାଯାଇଥିଲା ।
train/img_01316.jpg,"ଭିତରକନିକା ଜାତୀୟ ଉଦ୍ୟାନ, ରାଜନଗର"
train/img_01317.jpg,ପର୍ଯ୍ୟଟନ
train/img_01318.jpg,"ଜବାହରଲାଲ ନେହରୂ ଇଣ୍ଡୋର ଷ୍ଟାଡିୟମ- ବ୍ଯାଡମିନ୍ଟନ, ଭଲି ବଲ, ଜିମ୍ନାଷ୍ଟିକ୍ସ ପ୍ରତିଯୋଗିତା ସ୍ଥଳ"
train/img_01319.jpg,ହ୍ରଦ
train/img_01320.jpg,"ସନ ୧୦୦୬ରେ ରାଜା ମର୍କତ କେଶରୀଙ୍କ ଶାସନ କାଳରେ ମହାନଦୀ ଉପରେ ପଥର ବନ୍ଧ ତିଆରି ହୋଇଥିଲା, ଆଉ ଲୋକଙ୍କୁ ବନ୍ୟା ଦାଉରୁ ବଞ୍ଚାଇବା ପାଇଁ ଏହି ପଥରବନ୍ଧ ତିଆରି ପଛରେ ଥିଲେ ସେକାଳର କୁଶଳୀ ବିନ୍ଧାଣି ବାଇଧର ମୁଣ୍ଡି (ଲୋକତୁଣ୍ଡରେ ବାଇମୁଣ୍ଡି ନାମରେ ଜଣାଶୁଣା) ।"
train/img_01321.jpg,ଛାଞ୍ଚ:
train/img_01322.jpg,"୧- ଦରବାରୀ ଝୁମର : ଯେଉଁ ଝୁମରଗୁଡ଼ିକ ରାଜ ଦରବାରରେ ସୃଷ୍ଟି ହୋଇଛି, ତାହା ଦରବାରୀ ଝୁମରର ନାମରେ ଅଭିହିତ ।"
train/img_01323.jpg,"ଉଲ୍ଲେଖଯୋଗ୍ୟ ଯେ, ରଥଖଳାର ପରମ୍ପରା ଅନୁଯାୟୀ ପ୍ରଥମେ ଜଗନ୍ନାଥ, ସୁଭଦ୍ରା ଓ ଶେଷରେ ବଳଭଦ୍ରଙ୍କ ରଥ ଟଣା ହୋଇଥାଏ।"
train/img_01324.jpg,", ( ) , , , , :// / / - - - - ମାର୍ଚ୍ଚ ୨୦୨୬ , / ,"
train/img_01325.jpg,ପ୍ରାସାସନିକ ବିଭାଜନ
train/img_01326.jpg,ଅପିଲ ସମ୍ବନ୍ଧୀୟ ଅଧିକାର କ୍ଷେତ୍ର:
train/img_01327.jpg,ଶୁକ୍ଳ ଦ୍ୱିତୀୟା ଦିନ ଇନ୍ଦ୍ରଦ୍ୟୁମ୍ନ ସରୋବରରେ ସ୍ନାନକରି ନୃସିଂହଙ୍କଠାରେ ସଂକଳ୍ପ ବ୍ରତ ଆରମ୍ଭ କଲେ ମହାପୂଣ୍ୟ ହୋଇଥାଏ।
train/img_01328.jpg,ଅଧୁନା ଏହି ସହରଟି ଏକ ପ୍ରମୁଖ ଶିକ୍ଷା କେନ୍ଦ୍ର ଭାବେ ଗଢ଼ି ଉଠିଛି ।
train/img_01329.jpg,ଜନସଂଖ୍ୟା ଦୃଷ୍ଟିରୁ କନ୍ଧ ଜନଜାତି ହେଉଛି ରାଜ୍ୟର ସବୁଠାରୁ ବଡ଼ ଜନଜାତି ।
train/img_01330.jpg,"ପ୍ରତ୍ନତାତ୍ତ୍ୱିକ ଖନନରୁ ବିଭିନ୍ନ ପ୍ରକାରର ମାଟି ନିର୍ମିତ ପାତ୍ର, ସିଂହଳ ଓ ଚୀନର ମୁଦ୍ରା ଇତ୍ୟାଦି ଆବିଷ୍କାର ହୋଇଛି ।"
train/img_01331.jpg,"ସମୁଦାୟ ଆୟତନ ୬,୭୦୨ ବର୍ଗ କି ମି ।"
train/img_01332.jpg,ମୁକ୍ତି ମଣ୍ଡପର ପଛଭାଗରେ ଦକ୍ଷିଣାଭିମୁଖୀ ମହାଦେବ ମନ୍ଦିରଟିକୁ କ୍ଷେତ୍ରପାଳ ମହାଦେବ କୁହାଯାଏ।ଏହା ଅନନ୍ତ ବାସୁଦେବ ମନ୍ଦିରର ନିକଟରେ ପୂଜା ପାଉଛନ୍ତି।ଶ୍ରୀକ୍ଷେତ୍ର ଓ ଶ୍ରୀମନ୍ଦିରର ରକ୍ଷକ ରୂପେ କ୍ଷେତ୍ରପାଳ ମହାଦେବ ସମସ୍ତଙ୍କର ନମସ୍ୟ।ଗଙ୍ଗ ବଂଶୀୟ ନରପତି ଅନଙ୍ଗ ଭୀମଦେବ ଏହାକୁ ନିର୍ମାଣ କରିଥିଲେ ।
train/img_01333.jpg,କଟକ ଜିଲ୍ଲା
train/img_01334.jpg,ଜିଲ୍ଲା ମୁଖ୍ୟ ଡାକ୍ତରଖାନା- ୧ଟି (କେନ୍ଦୁଝର)
train/img_01335.jpg,"ଏଥିମଧ୍ୟରୁ ରଥଯାତ୍ରା ଗୋଟିଏ ଅଙ୍ଗ, ଗୁଣ୍ଡିଚା ମଣ୍ଡପରେ ବାସ ଦ୍ୱିତୀୟ ଅଙ୍ଗ ଏବଂ ବାହୁଡା଼ ୟାତ୍ରା ପୂର୍ବକ ଶ୍ରୀମନ୍ଦିରକୁ ବାହୁଡା଼ ବିଜେ ପର୍ଯ୍ୟନ୍ତ ତୃତୀୟ ଅଙ୍ଗ ।"
train/img_01336.jpg,"୧୦୦ତମ ମେରିଡିଆନ ର ପଶ୍ଚିମ ମହାନ ସମତଳ ଅର୍ଦ୍ଧ-ଶୁଷ୍କ ଅଟେ ଆମେରିକୀୟ ପାଶ୍ଚାତ୍ୟର ଅନେକ ପାର୍ବତ୍ୟ ଅଞ୍ଚଳରେ ଆଲପାଇନ୍ ଜଳବାୟୁ ରହିଛି ଦକ୍ଷିଣ-ପଶ୍ଚିମ ମରୁଭୂମି ମହାନ ବସ୍ତିରେ ଜଳବାୟୁ ଶୁଷ୍କ, ଭୂମଧ୍ୟସାଗରର ଉପକୂଳ କାଲିଫର୍ଣ୍ଣିଆରେ ଏବଂ ଉପକୂଳ ଓରେଗନ୍ ଏବଂ ୱାଶିଂଟନ୍ ଏବଂ ଦକ୍ଷିଣ ଆଲାସ୍କାରେ ମହାସାଗରୀୟ ଜଳବାୟୁ ରହିଥାଏ"
train/img_01337.jpg,"କିଛି ଐତିହାସିକମାନଙ୍କ ମତରେ, ଛାଡ଼ଖାଇରୁ ଶୀତ ଋତୁର ମାତ୍ରା ପ୍ରବଳ ହୋଇଯାଏ ।"
train/img_01338.jpg,ପଣା
train/img_01339.jpg,କୋଣାର୍କ ସୂର୍ଯ୍ୟ ମନ୍ଦିର
train/img_01340.jpg,ଉନବିଂଶ ଶତାବ୍ଦୀର ଶେଷ ଭାଗଠାରୁ ବିଂଶ ଶତାବ୍ଦୀର ମଧ୍ୟଭାଗ ପର୍ଯ୍ୟନ୍ତ ବୈଜ୍ଞାନିକ ଅନୁସନ୍ଧାନରେ ଆମେରିକା ଅଗ୍ରଣୀ ରହିଆସିଛି।
train/img_01341.jpg,ଭୁବନେଶ୍ୱରର ପାଣିପାଗ ହାସ୍ୟାସ୍ପଦ ଅଟେ ।
train/img_01342.jpg,ସାଧାରଣ ଦିନର ପାନଠାରୁ ରଜପାନର ସ୍ୱାଦ ସ୍ୱତନ୍ତ୍ର ।
train/img_01343.jpg,"ତଳକୁସୁମା ଗୋବିନ୍ଦପୁର ଉଚ୍ଚବିଦ୍ୟାଳୟ,ତଳକୁସୁମା,ଗରଦପୁର"
train/img_01344.jpg,"ଗୁଜରାଟୀ (; ଗୁଜରାଟୀ: , , ଆଗରୁ : ) ଏକ ଇଣ୍ଡୋ-ଆର୍ଯ୍ୟ ଭାଷା ।"
train/img_01345.jpg,ଚୂଳବଂଶ ଅନୁଯାୟୀ କଳିଙ୍ଗର ରାଜା ଅଗ୍ରବୋଧି ଦ୍ୱିତୀୟଙ୍କ(ଖ୍ରୀ ୬୧୦-୬୧୧) ସମୟରେ ସିଂହଳ ଭ୍ରମଣ କରିଥିଲେ ।
train/img_01346.jpg,"ତୃତୀୟେ ଲିଖନ କଲି ଶିରୀ ଭାଗବତ"""
train/img_01347.jpg,ବିଶିଷ୍ଟ ନାଟ୍ୟକାର ମନୋରଞ୍ଜନ ଦାସଙ୍କ ଅନେକ ଏକାଙ୍କିକା ଓ ନାଟକ ଚଳଚ୍ଚିତ୍ରର ରୂପ ନେଇଛି ।
train/img_01348.jpg,ଶେଷ ସ୍ୱାଧୀନ ରାଜା ଥିଲେ ମୁକୁନ୍ଦ ଦେବ।
train/img_01349.jpg,"ଖ୍ରୀ ପୂ ତୃତୀୟ ଶତାବ୍ଦୀରେ ଅଶୋକ କଳିଙ୍ଗ ଯୁଦ୍ଧରେ ଜୟଲାଭ କରିବା ପରେ କଳିଙ୍ଗରେ ବୌଦ୍ଧ ଧର୍ମର ପ୍ରଚାର ପାଇଁ ମୋଗଲିପୁତ୍ତଟିସ୍ପ, ଉପଗୁପ୍ତ ଓ ମହାଦେବ ପ୍ରଭୃତି ବୌଦ୍ଧଭିକ୍ଷୁମାନଙ୍କୁ ପଠାଇଥିଲେ ।"
train/img_01350.jpg,"ପ୍ରଥମ ଶତାବ୍ଦୀରେ ପାର୍ସୀ, ଖ୍ରୀଷ୍ଟିଆନ ଓ ମୁସଲମାନମାନଙ୍କ ଆଗମନ ପରେ ପ୍ରଚୀନ ଭାରତର ରୂପରେଖରେ ଉନ୍ନତି ଘଟିଥିଲା ।"
train/img_01351.jpg,୭ମ ଶତାବ୍ଦୀ କାଳରେ ଓଡ଼ିଶାର ଶାସକମାନେ ସ୍ୱାଧୀନ ଥିଲେ ।
train/img_01352.jpg,ତାମସା ହେଉଛି ଓଡ଼ିଶାର ସଂସ୍କୃତିକୁ ଭଦ୍ରକର ନିଜସ୍ୱ ଅବଦାନ।
train/img_01353.jpg,ଖାରବେଳଙ୍କ ଅନୁଶାସନ ଓଡ଼ିଆ ଲିପିରେ ଓ ପାଳି ଭାଷାରେ ଲେଖାଯାଇଥିଲା ବେଳେ ଅଶୋକଙ୍କ ଅନୁଶାସନ ବ୍ରାହ୍ମୀ ଲିପିରେ ଲେଖାଯାଇଥିଲା ।
train/img_01354.jpg,ସୁଭଦ୍ରା
train/img_01355.jpg,ବାଟ ମଙ୍ଗଳା ।
train/img_01356.jpg,ଏହି ସମ୍ପୂର୍ଣ୍ଣ ତାଲିକା ତିଆରି କରାଯାଇ ପାରିନାହିଁ ।
train/img_01357.jpg,ଶିଳ୍ପ ଶାସ୍ତ୍ରାନୁଯାୟୀ ରଥର ଅଙ୍ଗ ଗୁଡିକୁ ସାଧାରଣତଃ ୧୩ଟି ମୂଖ୍ୟ ଅଙ୍ଗରେ ବିଭକ୍ତ କରାୟାଇଛି।
train/img_01358.jpg,ପୁରୀ ଶ୍ରୀଜଗନ୍ନାଥ ମନ୍ଦିର ନବୀକରଣ ପ୍ରାରମ୍ଭ ।
train/img_01359.jpg,"ବୈଦିକ ଯୁଗରେ ଏହାକୁ ଆର୍ଯ୍ୟାବର୍ତ୍ତ, ଜମ୍ବୁଦ୍ୱୀପ ଓ ଅଜନାଭ ଦେଶ ବୋଲି ମଧ୍ୟ କୁହାଯାଇଛି।"
train/img_01360.jpg,କଟକର ରେଭେନ୍ସା କ୍ଯାମ୍ପସରେ ଥିବା ଉତ୍କଳ ବିଶ୍ୱବିଦ୍ୟାଳୟକୁ ଭୁବନେଶ୍ୱର ବାଣୀବିହାରଠାରେ ଏକ ସ୍ୱତନ୍ତ୍ର କ୍ଯାମ୍ପସ କରି ପ୍ରତିଷ୍ଠା କରାଗଲା ।
train/img_01361.jpg,"ଅଖିଳ ଭାରତୀୟ ଦୁଃଖୀ ସମାଜ ଆନୁକୁଲ୍ୟରେ ଏକ ଆମ୍ବୁଲାନ୍ସ ସେବା, ପ୍ରତି ବର୍ଷ ସାନ ସରକାର ବାବାଙ୍କ ଜନ୍ମ ଦିନ (୨୪ ଜାନୁଆରୀ)ରେ ଭଦ୍ରକ, ବାଲେଶ୍ୱର, ସୋର, ଆଦି ଅଞ୍ଚଳରେ ରକ୍ତଦାନ ଶିବିର ଅନୁଷ୍ଠିତ କରାଯାଉଅଛି।"
train/img_01362.jpg,ସରକାର
train/img_01363.jpg,ବେଢା଼ ପରିକ୍ରମା ସମୟରେ ଭକ୍ତମାନଙ୍କର ଅଭିଳାଷକୁ ସାକାର କରି ରିଷ୍ଟ ଖଣ୍ଡନ କରିବାକୁ ଓ ଭବିଷ୍ୟତ ପଥକୁ କୁସୁମିତ କରିବା ଲକ୍ଷ୍ୟରେ ପାଣି ଲାଗି କରିଥାନ୍ତି ।
train/img_01364.jpg,"ଶ୍ରୀବିଗ୍ରହମାନେ ଜଗମୋହନ ଦୁଆର ପାଖେ ପହଞ୍ଚିବା କ୍ଷଣି ରାଘବ ଦାସ ମଠ ପ୍ରଦତ୍ତ ଟାହିୟା ଶ୍ରୀମସ୍ତକରେ ଲାଗି କରାଯିବା ସହିତ, ପତି ମହାପାତ୍ର ପ୍ରସାଦ ଲାଗି, ବନ୍ଦାପନା, କର୍ପୂର ଆଳତି, ସାତବତୀ , ସଞ୍ଜ କାହାଳି ଓ ଘସା, ବିଡ଼ିଆ ମଣୋହି କରିଥାନ୍ତି।"
train/img_01365.jpg,ଓଡ଼ିଶା ମାଟିରେ ଅଗଣିତ ଦେବୀ ଦେବତାଙ୍କର ଉପାସନା ହୋଇଥାଏ ।
train/img_01366.jpg,ପ୍ରତିବର୍ଷ ଆଷାଢ଼ ଶୁକ୍ଳ ଏକାଦଶୀ ଦିନ ମଧ୍ୟାହ୍ନ ଧୂପ ଶେଷ ହେବା ପରେ ରଥ ଉପରେ ଚତୁର୍ଦ୍ଧାମୂର୍ତ୍ତିଙ୍କର ସୁନା ବେଶ ଅନୁଷ୍ଠିତ ହୋଇଥାଏ।
train/img_01367.jpg,ଇତିହାସ
train/img_01368.jpg,ଓଡ଼ିଆ ସାହିତ୍ୟ
train/img_01369.jpg,ଗଦ୍ୟ ସାହିତ୍ୟ
train/img_01370.jpg,ପ୍ରାବନ୍ଧକ ଡକ୍ଟର ହରିହର କାନୁନଗୋଙ୍କ ମତରେ ଯଯାତିଙ୍କ ସମୟରେ ହୋଇଥିବା ଘଟଣାଟି ବିଶ୍ୱାସଯୋଗ୍ୟ ମନେହୁଏ।
train/img_01371.jpg,ସିଦ୍ଧେଶ୍ୱର ମନ୍ଦିର
train/img_01372.jpg,"ମହିଳା: ୬,୧୪,୭୧୬"
train/img_01373.jpg,"୧୯୬୮ରେ ଭୁବନେଶ୍ୱର ଓଡ଼ିଶାର ରାଜଧାନୀ ଘୋଷିତ ହେବା ଆଗରୁ, ପ୍ରାୟ ନ ଅ ଶତାବ୍ଦୀ ଧରି କଟକ ଓଡ଼ିଶାର ରାଜଧାନୀ ରହି ଆସିଥିଲା ।"
train/img_01374.jpg,"୨୦୧୧ ମସିହା ଅନୁସାରେ ଏହି ନଗରୀର ଜନସଂଖ୍ୟା ୩,୫୫,୮୨୩ ଥିଲା ।"
train/img_01375.jpg,ଜୋବ୍ରା ପାର୍କ
train/img_01376.jpg,ଏହାର ସମୟ ଖ୍ରୀଷ୍ଟପୂର୍ବ ପାଞ୍ଚ ହାଜର ବର୍ଷ ବୋଲି ମତ ଦିଅନ୍ତି।
train/img_01377.jpg,କଟକରେ ଜଳ ପରିବହନର ବିଶେଷ ଚାହିଦା ନଥିଲେ ମଧ୍ୟ ମାଛ ଧରିବା ଓ ଆଞ୍ଚଳିକ ନୌପରିବହନ ଲାଗି ଛୋଟ ଛୋଟ ଡଙ୍ଗାମାନ ମହାନଦୀ ଓ କାଠଯୋଡ଼ିରେ ଚଳାଚଳ କରନ୍ତି ।
train/img_01378.jpg,(ଛ) ବାତ୍ସଲ୍ୟ ରସ : (ଯଶୋଦା ଶ୍ରୀକୃଷ୍ଣଙ୍କୁ ସଜାଇ ଦେବାର ଚିତ୍ର)
train/img_01379.jpg,ସମୁଦ୍ର ପତନଠାରୁ ଏହା ୯୫୮ ଫୁଟ ଉଚ୍ଚତାରେ ରହିଛି ।
train/img_01380.jpg,ଜଣାଣ ବା ସ୍ତୁତିମୂଳକ ଚଉତିଶା
train/img_01381.jpg,ତା’ସ୍ୱାମୀ ନେବାକୁ ଆସିବା ବେଳେ ଭାଉଜ କହୁଛି ‘‘ ହେ ନନ୍ଦସୁ ଭାଇ’ (ନଣନ୍ଦର ସ୍ୱାମୀ) ମୋର ନଣନ୍ଦ ଫୁଲଠାରୁ ଆହୁରି କୋମଳ ।
train/img_01382.jpg,୧୯୧୨ ଖ୍ରୀ - ବିହାର-ଓଡ଼ିଶା ବଙ୍ଗରୁ ଅଲଗା ପ୍ରାନ୍ତ ଭାବେ ଗଠିତ ।
train/img_01383.jpg,ଏହା ଲୋକରେ ପୁରୁଷୋତ୍ତମ ବା ପୁରୁଷୋତ୍ତମ କ୍ଷେତ୍ର ରୂପରେ
train/img_01384.jpg,ମୋଟୁ
train/img_01385.jpg,ପ୍ରାଚୀନ ଓଡ଼ିଶାର ଦକ୍ଷିଣ-ପୁର୍ବ ଏସିଆର ଦେଶ ମାନଙ୍କ ସହିତ ନୌବାଣିଜ୍ୟ ସମ୍ପର୍କ ରହିଥିଲା ।
train/img_01386.jpg,ସେ ଉର୍ଦ୍ଧୁ ସାହିତ୍ୟର ସାଧନାରେ ନିଜ ଜୀବନକୁ ଉତ୍ସର୍ଗ କରିଥିଲେ।
train/img_01387.jpg,ସେ ଏହି ଦଳକୁ ୧୯୧୯ରେ ପ୍ରକାଶିତ ହୋଇଥିବା ଲାଙ୍ଗୁଏଜ୍ ସର୍ଭେ ଅଫ୍ ଇଣ୍ଡିଆ (ଏଲ୍ ଏସ୍ ଟି)ରେ ଲାହଣ୍ଡା ଉପଭାଷା ନାମରେ ନାମିତ କରିଥିଲେ ।
train/img_01388.jpg,ହୋଇଥିବାରୁ ଶଙ୍ଖକ୍ଷେତ୍ର ନାମରେ ମାନିଛନ୍ତି ଓ ସେହି କ୍ଷେତ୍ରରେ
train/img_01389.jpg,"ସୁରେନ୍ଦ୍ରନାଥ ଦ୍ୱିବେଦୀ: ୧୯୫୭, ୧୯୬୨ ଓ ୧୯୬୭"
train/img_01390.jpg,ସେପ୍ ଟେମ୍ବରରୁ ଅକ୍ଟୋବର ମଧ୍ୟଭାଗ ଯାଏଁ ସର୍ବାଧିକ ବୃଷ୍ଟିପାତ ହୋ ଇଥାଏ ।
train/img_01391.jpg,ପ୍ରତିବର୍ଷ ଡିସେମ୍ବର ୨୨ ତାରିଖରେ ସାନ୍ତାଳୀ ଭାଷା ଦିବସ ପାଳନ ହୁଏ ।
train/img_01392.jpg,ମୋଟ ୭୩୧ଖଣ୍ଡ କାଠରେ ତିଆରି ଏହି ରଥର ଉଚ୍ଚତା ୪୫ଫୁଟ ଅଟେ ।
train/img_01393.jpg,ଶ୍ରୀମନ୍ଦିର ଭିତର ବେଢା଼ରେ ଥିବା ସମସ୍ତ ଗଣେଶଙ୍କ ମଧ୍ୟରେ ବଟ ଗଣେଶ ପ୍ରଥମ ଓ ମୂଖ୍ୟ ଅଟନ୍ତି ।
train/img_01394.jpg,ଏ ଅଞ୍ଚଳର ନୌବାଣିଜ୍ୟ ଭିତ୍ତିଭୂମିକୁ ଆଧାର କରି ଗଢ଼ି ଉଠିଛି ପାରାଦୀପ ବନ୍ଦର ।
train/img_01395.jpg,ଏହିସବୁ କରୁଣ ରସ ପ୍ରଧାନ ଓ ଓଡ଼ିଶାର ଗାଉଁଲି ଜୀବନ ଓ ସାହିତ୍ୟରେ ପ୍ରଧାନ ସାହିତ୍ୟରେ ପ୍ରଧାନ ସ୍ଥାନ ଅଧିକାର କରିଅଛି ।
train/img_01396.jpg,ଏଠାରେ ଅନେକ ସ୍ଥାନରୁ ଏହି ଯୁଗର ହାତ ହତିଆର ମିଳିଛି।
train/img_01397.jpg,କେହି କେହି କାର୍ତ୍ତିକ ମାସର ଶୁକ୍ଳପକ୍ଷ ଦଶମୀଠାରୁ ଏହି ବ୍ରତର ସଂକଳ୍ପ କରି ପୂର୍ଣ୍ଣମୀ ଦିନ ଉଦ୍ ଯାପନ କରିଥାନ୍ତି ।
train/img_01398.jpg,ତେଲ ଓ ମସଲା
train/img_01399.jpg,ଖ୍ରୀ ପୂ ପ୍ରଥମ ଶତାବ୍ଦୀରେ କଳିଙ୍ଗ ରାଜା ଖାରବେଳ ଜୈନ ଧର୍ମର ପୃଷ୍ଠପୋଷକତା କରିବା ସହିତ ଏହାର ପ୍ରସାର ଘଟାଇଥିଲେ ।
train/img_01400.jpg,ଏହି ଗ୍ରନ୍ଥଟି ୩୦ ଭାଗରେ ବିଭକ୍ତ ଓ ପ୍ରତି ଭାଗକୁ ପାରା କୁହାଯାଏ ।
train/img_01401.jpg,କେତେକ ଗବେଷକଙ୍କ ମତରେ ରଥ ଉପରେ ଠାକୁରମାନଙ୍କ ଏହି ବେଶର ନାମ ବଡ଼ ବଢା଼ଉ ବେଶ ।
train/img_01402.jpg,"(କ) ଗ୍ରୀଷ୍ମ ଋତୁ - ନିଦ୍ରାଯେମଦନରାଜ, ଧରିକୁସୁମ ନାରାଚ"
train/img_01403.jpg,ଖାରବେଳଙ୍କଦ୍ୱାରା ଉଦୟଗିରି ଏବଂ ଖଣ୍ଡଗିରିରେ ହୋଇଥିବା କାରୁକାର୍ଯ୍ୟ ଦେଖିବାକୁ ମିଳେ ।
train/img_01404.jpg,"ତାହା ପରେ କପିଳେନ୍ଦ୍ରଦେବ, ପ୍ରତାପରୁଦ୍ରଦେବ, ଗୋବିନ୍ଦ ବିଦ୍ୟାଧର, ମୁକୁନ୍ଦ ହରିଚନ୍ଦନ ଓଡ଼ିଶାର ଶାସକ ଥିଲେ ।"
train/img_01405.jpg,"ଆଦିବାସୀମାନଙ୍କ କରମା ଗୀତ, ପାଲା ଓ ଦାସକାଠିଆ ସଙ୍ଗୀତ, ବାଲେଶ୍ୱରର ଚଢ଼େଇଆ ସଙ୍ଗୀତ ଆଦିସବୁ ଏହି ଶ୍ରେଣୀର ।"
train/img_01406.jpg,ଯେଉଁ ବ୍ଯକ୍ତି ନିଜର ସମସ୍ତ ପୂଜା ଅର୍ଚ୍ଚନା କେବଳ ଏବଂ କେବଳ ଆଲ୍ଲାଙ୍କୁ (ଆଲ୍ଲାଙ୍କୁ) ସମର୍ପି ଥାଏ ସେ ହିଁ ବାସ୍ତବ ମୁସଲମାନ ଅଟେ ଇସଲାମ ଅର୍ଥ ନିଜର ଧର୍ମ ଏବଂ ବିଶ୍ବାସକୁ କେବଳ ଆଲ୍ଲା(ଆଲ୍ଲା)ଙ୍କଠାରେ ରଖିବା ।
train/img_01407.jpg,ନବଦିନାତ୍ମକ ଯାତ୍ରା: ଏହି ଯାତ୍ରା ଯିବା ଆସିବା ଓ ରହଣୀକୁ ମିଶେଇ ୯ ଦିନ ହେଉଥିବାରୁ ନବଦିନାତ୍ମକ ଯାତ୍ରା ।
train/img_01408.jpg,"ଏଠାରେ ପ୍ରାୟ ୨୨,୦୦୦ଟି ପୁସ୍ତକ ରହିଛି ଏବଂ ଏହା ୫ଟି ଖବାରକାଗଜ ଓ ୪୦ଟି ପତ୍ରିକା ଯୋଗାଏ ।"
train/img_01409.jpg,ଭଗବତ ଗୀତା ମହାଭାରତର ଏକ ଅଂଶ ଏବଂ ଏହାକୁ ଚାରି ବେଦର ସାର ବୋଲି କୁହାଯାଏ।
train/img_01410.jpg,ଗ୍ରାମ ପଞ୍ଚାୟତ: ୧୦୯
train/img_01411.jpg,"ଜିଲ୍ଲା ନ୍ୟାୟପାଳିକା, କଳାହାଣ୍ଡି"
train/img_01412.jpg,ବରଂ ପ୍ରକୃତି ଘେରା ପରିବେଶ ମଧ୍ୟରେ ବାସ କରି ସେହି କମନୀୟ ରୂପଛବିଗୁଡ଼ିକୁ ନିଜର ଲେଖନୀର ଫନୋଗ୍ରାଫରେ ତୋଳି ଧରିଛନ୍ତି ସେ ।
train/img_01413.jpg,"ବରଗଡ଼ ଜିଲାର ଦୁଇଟି ସଦର-ମହକୁମା, ବରଗଡ଼ ଓ ପଦମପୁର ଓ ୧୨ଟି ପଞ୍ଚାୟତ ସମିତି (ବ୍ଲକ) ଅଛି ।"
train/img_01414.jpg,ପ୍ରାଚୀନତା ଓ ଇତିହାସ
train/img_01415.jpg,ସହର ସମଗ୍ର କ୍ଷେତ୍ରଫଳ ୬୦୩ ବର୍ଗକି ମି (୨୩୩ ବର୍ଗମାଇଲ) ।
train/img_01416.jpg,"କାହ୍ନୁ ପା, ଲୁଇ ପା, ସବରି ପା, ହାଡି ପା, କୁକୁରି ପା ଏହି କାଳର କବି ।"
train/img_01417.jpg,"ସ୍ୱର୍ଣ୍ଣଚୁଡ଼ ମହାବିଦ୍ୟାଳୟ, ମିତ୍ରପୁର"
train/img_01418.jpg,"ଏହା ମଧ୍ୟରେ ବୋଡ଼ୋ, କୋକବୋରୋକ, ଡିମାସା, ରାଭା, ଆଟୋଙ୍ଗ, ଟିୱା ଏବଂ କୋଚ ଭଳି ଭାଷା ରହିଛି ।"
train/img_01419.jpg,ପରେ ପରେ ଐରଖାରବେଳ ଭୁବନେଶ୍ୱରକୁ ନିଜ ରାଜଧାନୀ ରୂପେ ଗ୍ରହଣ କରି ନେଇଥିଲେ ।
train/img_01420.jpg,"ରଥରେ ଚାଉଳ, ନଡିଆ ଖଣ୍ଡ ପଡି ଭୋଗ ଲାଗୁଥିଲା ।"
train/img_01421.jpg,"୨୦୧୧ ଜନଗଣନା ଅନୁସାରେ , ପଡ଼ୋଶୀ ରାଜ୍ୟ ଯେପରିକି ଛତିଶଗଡ଼ (୯୧୩,୫୮୧) , ଝାଡ଼ଖଣ୍ଡ (୫୩୧,୦୭୭) , ଆନ୍ଧ୍ର ପ୍ରଦେଶ (୩୬୧,୪୭୧) ଏବଂ ପଶ୍ଚିମବଙ୍ଗ (୧୬୨,୧୪୨) ରେ ମଧ୍ୟ ଓଡ଼ିଆ ଭାଷା କୁହାଯାଏ ।"
train/img_01422.jpg,ଏହା ହୋ ଓ ମୁଣ୍ଡାରି ଭାଷାସହିତ କେତେକାଂଶରେ ମିଶିଥାଏ ।
train/img_01423.jpg,"(ଖ) ଯମଜ ( ଏକ ଶବ୍ଦ ବିଭିନ୍ନ ଅର୍ଥରେ ବାରମ୍ବାର ବ୍ୟବହୃତ ହୁଏ,"
train/img_01424.jpg,ପୂର୍ବେ କଳା ବେଠିଆ (ଶ୍ରମିକ) ଓ ହସ୍ତୀମାନଙ୍କ ସାହାଯ୍ୟରେ ରଥର ଦକ୍ଷିଣ ମୋଡ଼ ହେଉଥିଲା ।
train/img_01425.jpg,ଗୁଣ୍ଡିଚାୟା ପଞ୍ଚମ ଦିବସେ ବିମାନେପରି ଶ୍ରୀମହାଲକ୍ଷ୍ମୀ ଗୃହୀତ୍ୱା ରଥ ସମୀପେ ତିଷ୍ଠେତ୍ ।
train/img_01426.jpg,ଏହି ଅଞ୍ଚଳଗୁଡ଼ିକ ତତ୍କାଳୀନ ‘ଅଳତୀ ପ୍ରଗଣା’ ଭୁକ୍ତ ହୋଇଥିଲା ।
train/img_01427.jpg,ମାହାରୀମାନଙ୍କୁ ଶ୍ରୀମନ୍ଦିରରେ ଖୁବ ସମ୍ମାନ ଦିଆଯାଇଥାଏ ଓ ଜଗନ୍ନାଥଙ୍କ ପତ୍ନୀ ମହାଲକ୍ଷ୍ମୀଙ୍କ ତଳକୁ ତାଙ୍କର ସ୍ଥାନ ବୋଲି କୁହାଯାଇଥାଏ ।
train/img_01428.jpg,"ଭିତର ବଖରାରେ ମା' ଭୁବନେଶ୍ୱରୀ ବିଦ୍ୟମାନ ଓ ତାଙ୍କୁ କମଳା ସତ୍ୟଭାମା ରୂପେ ସମ୍ବୋଧିତ କରାଯାଇଥାଏ।ବାହାର ବଖରାର ବାମ ପଟେ ମା'ସରସ୍ୱତୀ, ନୃସିଂହ ଓ ଡାହାଣ ପଟେ ଷଷ୍ଠୀ, ସାବିତ୍ରୀ, ଗାୟତ୍ରୀ ଓ ମନଷୀ ପୂଜିତ ହେଉଛନ୍ତି।"
train/img_01429.jpg,ଚିଟାଗଙ୍ଗ ଦେଶର ବୃହତ୍ତମ ସାମୁଦ୍ରିକ ବନ୍ଦର ଓ ଦ୍ୱିତୀୟ ବୃହତ୍ତମ ସହର।
train/img_01430.jpg,ଶ୍ରୀ ଜଗନ୍ନାଥ ମନ୍ଦିର
train/img_01431.jpg,ଘୁମୁରା ବାଦ୍ୟ ମାଟି ନିର୍ମିତ ଲମ୍ବା ବେକ ଥିବା ମାଠିଆ ଆକୃତିର ଓ ଏହା ମୁହଁରେ ଗୋଧି ଚମଡ଼ା ଛାଉଣି ହୋଇଥାଏ ।
train/img_01432.jpg,କିନ୍ତୁ ଭାଷାବିତମାନଙ୍କର ଏହି ସମୟକ୍ରମ ଅନୁସାରେ ଆମେ ଓଡ଼ିଆ ସାହିତ୍ୟକୁ ଭାଗ କଲେ ଓଡ଼ିଆ ସାହିତ୍ୟର ବିକାଶର ସଠିକ ଚିତ୍ର ପାଇ ପାରିବା ନାହିଁ
train/img_01433.jpg,ଜଷ୍ଟିସ୍ ବୀର କିଶୋର ରାୟ ଓଡ଼ିଶା ଉଚ୍ଚ ନ୍ୟାୟାଳୟର ପ୍ରଥମ ମୁଖ୍ୟ ବିଚାରପତି ହେଲେ ।
train/img_01434.jpg,ଏହି ଶିଳା ପ୍ରାୟ ୩୮୦ କୋଟି ବର୍ଷ ପୁରୁଣା ।
train/img_01435.jpg,ପ୍ରାଚୀନତା ଓ ଇତିହାସ
train/img_01436.jpg,କ୍ରୀଡ଼ା
train/img_01437.jpg,"ବ୍ରାହ୍ମଣୀ ଓ କିମିରିଆ ନଦୀ କୁଳରେ ଥିବା ""ଦେଉଳି ପାହାଡ଼""ର ଗୁମ୍ଫା ଭିତରେ ପଥର ଖୋଦା ବୌଦ୍ଧ ବିହାରସବୁ ଅଛି ।"
train/img_01438.jpg,"ଏହା ଏକ ଉଦାରବାଦୀ ଗଣତନ୍ତ୍ର ଏବଂ ବଜାର ଅର୍ଥନୀତି; ମାନବିକ ଅଧିକାର, ଜୀବନଶୈଳୀ, ଆୟ ଏବଂ ଧନ, ଅର୍ଥନୈତିକ ପ୍ରତିଦ୍ୱନ୍ଦ୍ୱିତା ଏବଂ ଶିକ୍ଷାର ଆନ୍ତର୍ଜାତୀୟ ପଦକ୍ଷେପଗୁଡ଼ିକରେ ଏହା ଏକ ଉଚ୍ଚ ସ୍ଥାନ ଅଧିକାର କରିଛି; ଏବଂ ଏଥିରେ ନିମ୍ନ ସ୍ତରର ଭ୍ରଷ୍ଟାଚାର ଅଛି"
train/img_01439.jpg,ଏହା ଲକ୍ଷ୍ମୀ ଟକିଜଦ୍ୱାରା ପ୍ରଦର୍ଶିତ ହୋଇଥିଲା ।
train/img_01440.jpg,ସେମାନେ ଚାଷୀମାନଙ୍କଠାରୁ କୃଷିଜାତ ସାମଗ୍ରୀ ଆଣି ପେସାଗତ ବେପାରୀଙ୍କୁ କୃଷିଜାତ ଓ ଶିଳ୍ପଜାତ ଦ୍ରବ୍ୟ ଯୋଗାଇବାରେ ସାହାଯ୍ୟ କରୁଥିଲେ ।
train/img_01441.jpg,୧ ଏପ୍ରିଲ ୧୯୩୬ରେ ସ୍ୱତନ୍ତ୍ର ଉତ୍କଳ ପ୍ରଦେଶ ଗଠନ ପରେ ବାଲେଶ୍ୱର ଓଡ଼ିଶାର ଏକ ପ୍ରମୁଖ ଜିଲ୍ଲାରେ ପରିଣତ ହେଲା ।
train/img_01442.jpg,ବାଦୁଡ଼ି ପାହାଡ଼ : ଶାବେରୀ ନଦୀକୂଳରେ ଅବସ୍ଥିତ ଅନେକ ଗୁମ୍ଫାଯୁକ୍ତ ପାହାଡ଼ ।
train/img_01443.jpg,ତେଲୁଗୁ ଭାରତ ସରକାରଙ୍କଦ୍ୱାରା ଶାସ୍ତ୍ରୀୟ ଭାଷା ଭାବରେ ମନୋନୀତ ଛଅଟି ଭାଷା ମଧ୍ୟରୁ ଅନ୍ୟତମ ।
train/img_01444.jpg,ଉତ୍ତରରେ : ଝାଡ଼ଖଣ୍ଡ ରାଜ୍ୟ
train/img_01445.jpg,ଢଲ ଢଲ ଘାରେ ତ୍ରିନୟନ ।’’ (ଭବପ୍ରୀତା)
train/img_01446.jpg,ସ୍ୱର ଧ୍ୱନି ଦୀର୍ଘ ହେବା : ବ୍ୟଞ୍ଜନମଧ୍ୟରେ ଆସୁଥିବା ବା ଦେଖାଯାଉଥିବା ସ୍ୱରବର୍ଣ୍ଣଗୁଡ଼ିକ ଦୀର୍ଘ ରୂପରେ ଉଚ୍ଚାରିତ ହୁଏ
train/img_01447.jpg,"ଏହି ସଂଘର୍ଷରେ ସାହିତ୍ୟରେ ପୂର୍ବବର୍ତ୍ତୀ ଧାରା ସେହି ଏକା ଦିନରେ ତିରେ।ହିତ ହୋଇ ଯାଇ ନଥିଲା, ସେହିପରି ଆଧୁନିକ ଯୁଗର ସୃଷ୍ଟି ଇତିହାସ କୌଣସି ଏକ ନିର୍ଦ୍ଦିଷ୍ଟ ବିନ୍ଦୁରୁ ସାହସ।"
train/img_01448.jpg,ପ୍ରତ୍ନତାତ୍ତ୍ୱିକ ଖନନ ପରେ ପାଲୁରରୁ ମିଳିଥିବା ଚାଇନାମାଟିର ପାତ୍ର ଓ ତତ୍କାଳୀନ ରୋମରେ ନିର୍ମିତ ପାତ୍ରର ଭଗ୍ନାବଶେଷ ଏହା ଏକ ପ୍ରମୁଖ ଅନ୍ତର୍ଜାତୀୟ ବନ୍ଦର ହୋଇଥିବାର ସଙ୍କେତ ଦେଇଥାଏ ।
train/img_01449.jpg,୧୯୯୨ ମସିହାର ଅକ୍ଟୋବର ୨ ତାରିଖରୁ ଗଜପତି ଜିଲ୍ଲା ଗଞ୍ଜାମ ଜିଲ୍ଲାଠାରୁ ସ୍ୱତନ୍ତ୍ର ଭାବରେ ଜିଲ୍ଲାର ମାନ୍ୟତା ହାସଲ କରିଥିଲା ।
train/img_01450.jpg,ଯେଉଁମାନେ ଧର୍ମାନ୍ତର ହେଉଥିଲେ ସେମାନେ ମନ୍ଦିର ନ ଯାଇପାରି ଅରୁଣ ସ୍ତମ୍ଭରୁ ପତିତପାବନଙ୍କୁ ଦର୍ଶନ କରି ପାରୁଥିଲେ।
train/img_01451.jpg,"ଛତିଶଗଡ଼, ଭାରତର ଏକ ରାଜ୍ୟ ।"
train/img_01452.jpg,କାରଣ ସେମାନେ ମଧ୍ଯ ସେହି ଏକ ଏବଂ ଅଦ୍ୱିତୀୟ ଆଲ୍ଲାଙ୍କୁ ନିଜର ସର୍ବସ୍ବ ସମର୍ପଣ କରିଥିଲେ ତଥା ସେହି ଆଲ୍ଲାଙ୍କ ପ୍ରଦର୍ଶିତ ମାର୍ଗରେ ନିଜେ ଚାଲିଥିଲେ ଏବଂ ଅନ୍ଯକୁ ଚଳାଇଥିଲେ ।
train/img_01453.jpg,ନମାଜ ପଢ଼ିବା ସମୟ
train/img_01454.jpg,ଏହାବାଦ ବନ୍ଦର ସହର ପାରାଦୀପରୁ ଏକ ଘଣ୍ଟା ମଧ୍ୟରେ ପହଂଚି ହେବ ।
train/img_01455.jpg,ଏଯାଏଁ ଅନେକ ବ୍ୟାକରଣ ପୁସ୍ତକ ରଚାଯାଇଥିଲେ ବି ଅଧିକାଂଶ ସଂସ୍କୃତ ବ୍ୟାକରଣ ଛାୟାରେ ଲେଖାଯାଇଅଛି ଯାହା ପୂର୍ଣ୍ଣାଙ୍ଗ ଓଡ଼ିଆର ପରିପ୍ରକାଶ ନିମନ୍ତେ ଉପଯୁକ୍ତ ନୁହେଁ ।
train/img_01456.jpg,"ତହସିଲସବୁ - ବାଲେଶ୍ୱର, ବାଲିଆପାଳ, ବସ୍ତା, ଜଳେଶ୍ୱର, ନୀଳଗିରି, ସିମୁଳିଆ, ସୋର"
train/img_01457.jpg,ଲୋକ ସଭା ନିର୍ବାଚନ ମଣ୍ଡଳୀରୁ ନିର୍ବାଚିତ ପ୍ରତିନିଧି
train/img_01458.jpg,ଆଇ ପି ଏ:
train/img_01459.jpg,"ପୁରୀ ଜିଲ୍ଲା ଚିକିତ୍ସାଳୟ, ପୁରୀ: ଓଡ଼ିଶାର ଏକମାଲ୍ର ଡାକ୍ତରଖାନା ଯାହା କି ଆଇ ଏସ୍ ଓ ( ) ସ୍ୱୀକୃତିପ୍ରାପ୍ତ ।"
train/img_01460.jpg,"ରକ୍ତ ତୀର୍ଥ ଇରମ, ବାସୁଦେବପୁର, ଏହାକୁ ଓଡ଼ିଶାର ଜାଲିଆନାୱାଲାବାଗ ବୋଲି ମଧ୍ୟ କୁହାଯାଏ।"
train/img_01461.jpg,ଶ୍ରୀ ଚୈତନ୍ୟଦେବଙ୍କ ଅମଳରୁ ଓଡ଼ିଶାରେ ସଙ୍କୀର୍ତ୍ତନ ପ୍ରଚଳିତ ହୋଇଥିବା ଜଣାଯାଏ ।
train/img_01462.jpg,ପରଜା
train/img_01463.jpg,ଶିଳ୍ପସାର ସଂଗ୍ରହ ପୋଥିରେ ୨ୟ ଖଣ୍ଡରେ ରଥର ମୂଳରୁ ଚୂଳ ପର୍ଯ୍ୟନ୍ତ ମୋଟ ୨୭ ଭାଗ କରାଯାଇଛି।
train/img_01464.jpg,"ଗୋଟିଏ ସାଇକେଲକୁ ଶରୀର ଭାବେ ପ୍ରତୀକିତ କରି ତା’ମଧ୍ୟରେ ଯେଉଁ ଶରୀର ତତ୍ତ୍ୱର ବ୍ୟାଖ୍ୟା କରିଛନ୍ତି ଝୁମର କବି, ଟିକିଏ ଲକ୍ଷ୍ୟ କରନ୍ତୁ"
train/img_01465.jpg,ଏହିସବୁ କରୁଣ ରସ ପ୍ରଧାନ ଓ ଓଡ଼ିଶାର ଗାଉଁଲି ଜୀବନ ଓ ସାହିତ୍ୟରେ ପ୍ରଧାନ ସାହିତ୍ୟରେ ପ୍ରଧାନ ସ୍ଥାନ ଅଧିକାର କରିଅଛି ।
train/img_01466.jpg,୨୨ ପାହାଚ ଯୋଗ ବିଦ୍ୟା ବର୍ଣ୍ଣିତ ୨୨ଟି ସ୍ତରର ପ୍ରତୀକ ।
train/img_01467.jpg,ଭାରତର ଭାଷା ସମୂହ
train/img_01468.jpg,ଯଥା : ଶ୍ରୀରାମଚନ୍ଦ୍ର ଦେବ ମୋଗଲ ହେବାରୁ ରାମଚନ୍ଦ୍ର ବଡ଼ଜେନା ରାଉତ ରାଜୁତିରେ ମୁନିମ୍ ଖାଁ ଡରରେ ପାଲରେ ପଡି ମୋଗଲ ବୋଲାଇଲେ ।
train/img_01469.jpg,"ଏଥିରେ ବ୍ୟୋମକେଶ ତ୍ରିପାଠି, ଅନିମା ପ୍ରମୁଖ ଅଭିନୟ କରିଥିଲେ।"
train/img_01470.jpg,ନାଟମନ୍ଦିରରୁ ଜଗମୋହନକୁ ଯିବା ବାଟରେ ଥିବା ଦ୍ୱାର ହେଲା ‘ଜୟ-ବିଜୟ’ ଦ୍ୱାର ।
train/img_01471.jpg,"୧୯୮୩ରୁ ୨୦୦୮ମସିହା ପର୍ଯ୍ୟନ୍ତ, ଆମେରିକାର ପ୍ରକୃତ ଯୌଗିକ ବାର୍ଷିକ ଜିଡିପି ଅଭିବୃଦ୍ଧି ୩ ୩ ଥିଲା, ବାକି ପାଇଁ ୨ ୩ ଓଜନ ବିଶିଷ୍ଟ ହାରାହାରି ତୁଳନାରେ ମୁଣ୍ଡପିଛା ଜିଡିପିରେ ଦେଶ ବିଶ୍ବର ପଞ୍ଚମ ସ୍ଥାନରେ ରହିଛି ଏବଂ ପିପିପିରେ ମୁଣ୍ଡପିଛା ଜିଡିପିରେ ସପ୍ତମ ସ୍ଥାନରେ ରହିଛି ।"
train/img_01472.jpg,ଦକ୍ଷିଣରେ: ବରଗଡ଼ ଜିଲ୍ଲା ଅଛି
train/img_01473.jpg,", ଏବେ ଓଡ଼ିଶାରେ ୩୦ଟି ଜିଲ୍ଲା ରହିଛି ।"
train/img_01474.jpg,ମଙ୍ଗେଇ ଗମାଙ୍ଗ
train/img_01475.jpg,ସମୟାନୁକ୍ରମରେ ଯେଉଁ ଯେଉଁ ରାଜାମାନେ କେନ୍ଦୁଝରର ଶାସକ ହୋଇଥିଲେ ନିମ୍ନରେ ତାଙ୍କର ତାଲିକା ଦିଆଗଲା ।
train/img_01476.jpg,ମହାପ୍ରଭୁମାନଙ୍କର ଦ୍ୱାଦଶ ଯାତ୍ରା ମଧ୍ୟରୁ ଶ୍ରୀଗୁଣ୍ଡିଚା ଯାତ୍ରା ବା ମହାବେଦୀ ମହୋତ୍ସବ ହିଁ ଶ୍ରେଷ୍ଠ ବୋଲି ସ୍କନ୍ଧ ପୁରାଣର ପୁରୁଷୋତ୍ତମ ମାହାତ୍ମ୍ୟରେ କୁହାଯାଇଛି।
train/img_01477.jpg,"୩୪ଗୋଟି ଅଙ୍ଗ ବିଶିଷ୍ଟ ତିନୋଟି ରଥର ନିର୍ମାଣ ନିମନ୍ତେ ପ୍ରତ୍ୟେକ ରଥରେ ଜଣେ ଲେଖାଏଁ ମୂଖ୍ୟ ମହାରଣାଙ୍କ ତତ୍ତ୍ୱାବଧାନରେ ଜଣେ ଲେଖାଏଁ ସୁତାର ମହାରଣା, ତଳି ମହାରଣା ନିୟୋଜିତ ହୋଇ କାର୍ଯ୍ୟ କରିଥାନ୍ତି।"
train/img_01478.jpg,ଦେଶକୁ ଆନେକ ଉଚ୍ଚକୋଟୀର ବୁଦ୍ଧିଜୀବୀ ଓ ପ୍ରଶାସକ ଦେଇଥିବା ରେଭେନ୍ସା ମହାବିଦ୍ୟାଳୟ (ବର୍ତ୍ତମାନ ବିଶ୍ୱବିଦ୍ୟାଳୟ) କଟକର ଏକ ଅନନ୍ୟ ଅଙ୍ଗ ନୋବେଲ୍ ପୁରସ୍କାର ବିଜେତା ବୈଜ୍ଞାନିକ ସାର୍ ସି ଭି ରମଣ ଏଠାରେ କିଛି କାଳ କାର୍ଯ୍ୟ କରିଥିଲେ ଏଦଦ୍ ବ୍ୟତୀତ ଭାରତର ସ୍ୱାଧୀନତା ସଂଗ୍ରାମୀମାନଙ୍କ ମଧ୍ୟରୁ ଅନ୍ୟତମ ଓ ବିଶିଷ୍ଟ ନେତା ସୁବାଷ ଚନ୍ଦ୍ର ବୋଷଙ୍କ ବାଲ୍ୟକାଳ କଟକରେ ହିଁ ଅତିବାହିତ ହୋ ଇଥିଲା ସେ ଷଷ୍ଠ ଶ୍ରେଣୀ ଯାଏଁ ଏକ ଇଂରାଜୀ ବିଦ୍ୟାଳୟ (ବର୍ତ୍ତମାନର ଷ୍ଟୁଆର୍ଟ୍ ସ୍କୁଲ)ରେ ଅଧ୍ୟୟନ କଲାପରେ ରେଭେନ୍ସା କଲିଜିଏଟ୍ ସ୍କୁଲରେ ଅଧ୍ୟୟନ କରିଥିଲେ
train/img_01479.jpg,ମୁଖ
train/img_01480.jpg,ବାଚସ୍ପତି ଶରତ କୁମାର କର ଏହି ଆଲୋଚନା ମାଧ୍ୟମରେ ସରକାରଙ୍କୁ ବିଧିବଦ୍ଧ ସର୍କୁଲାର ଜାରୀ କରି ଏହାକୁ ରାଜ୍ୟ ସଙ୍ଗୀତ ମାନ୍ୟତା ଦେବାକୁ ନିର୍ଦ୍ଦେଶ ଦେଇଥିଲେ ।
train/img_01481.jpg,"ଦୀର୍ଘ ବର୍ଷ ଧରି ଏହା ସାହିତ୍ୟର ବିକାଶପାଇଁ ଏହା ବିଭିନ୍ନ ସଭା, ରାଜ୍ୟ ସ୍ତରୀୟ ସାହିତ୍ୟ ସମ୍ମିଳନୀ ଇତ୍ୟାଦି ଆୟୋଜନ କରିଥାଏ।"
train/img_01482.jpg,ବର୍ଣ୍ଣ
train/img_01483.jpg,ଏ ସଂପର୍କରେ ମୟୁରଭଞ୍ଜର ‘ଆମ୍ବେଦକର ସାହିତ୍ୟ ପରିଷଦ’ର ଭୂମିକା ଅତ୍ୟନ୍ତ ମହତ୍ତ୍ୱପୂର୍ଣ୍ଣ ।
train/img_01484.jpg,"ଗେରୁଆ ରଙ୍ଗ : ସାହସ, ତ୍ୟାଗ ଓ ବୈରାଗ୍ୟର ପ୍ରତୀକ, ଧଳା ରଙ୍ଗ : ଶୁଦ୍ଧତା ଓ ସତ୍ୟର ପ୍ରତୀକ, ସବୁଜ ରଙ୍ଗ : ବିଶ୍ୱାସ ଓ ସୃଜନର ପ୍ରତୀକ, ନୀଳ ରଙ୍ଗର ଚକ୍ର : ଚକ୍ର ଦେଶର ପ୍ରଗତିର ପ୍ରତୀକ ଓ ନୀଳ ରଙ୍ଗ ଆକାଶର ବିଶାଳତା ଓ ସମୁଦ୍ରର ବ୍ୟାପ୍ତିର ପ୍ରତୀକ ।"
train/img_01485.jpg,ଭୁବନେଶ୍ୱର ଖୋର୍ଦ୍ଧା ଜିଲ୍ଲାରେ ଅବସ୍ଥିତ ।
train/img_01486.jpg,ମୁଦ୍ରିତ ପୁରାତନ ପ୍ରକାଶନଗୁଡ଼ିକ ଭିତରୁ ମଧ୍ୟରୁ ୧୯୪୯ ମସିହାରେ ପ୍ରକାଶିତ ପହିଲି ରଜ ଓ ୧୯୫୨ ମସିହାରେ ପ୍ରକାଶିତ ମାଗୁଣୀ ମହାପାତ୍ରଙ୍କ ରେକର୍ଡ ରଜଦୋଳି ଗୀତ ଅନ୍ୟତମ ।
train/img_01487.jpg,"ଚକଡା ଉଚ୍ଚ ବିଦ୍ୟାଳୟ,ଚକଡାଗୋଗୁଆ,ମହାକାଳପଡ଼ା"
train/img_01488.jpg,ଶାସ୍ତ୍ରୀୟ ଭାଷା ହେବା ଫଳରେ ଓଡ଼ିଆ ଭାଷାରେ ଉଲ୍ଲେଖନୀୟ ଅବଦାନ ସକାଶେ ପ୍ରତିବର୍ଷ ଆଠଟି ଅନ୍ତର୍ଜାତୀୟ ପୁରସ୍କାର ପ୍ରଦାନ କରାଯିବ।
train/img_01489.jpg,"ଏହାର ବିଶେଷତା ହେଉଛି, ଏହି ହାତୀ ବୁଦ୍ଧଙ୍କ ଶିଷ୍ୟମାନଙ୍କ ପାଇଁ ଖୋଦ ବୁଦ୍ଧଙ୍କୁ ହିଁ ସୂଚାଏ ।"
train/img_01490.jpg,ଡାକ ଓ ତାର
train/img_01491.jpg,"ଜନସଂଖ୍ୟା ବୃଦ୍ଧି ସହ ପରବର୍ତ୍ତୀ ସମୟରେ, ଭୁବନେଶ୍ୱରରେ ମୁନିସିପାଲିଟି ଗଠନ କରାଗଲା ।"
train/img_01492.jpg,ତନ୍ତ୍ର ମତରେ ଏହାର ନାମ ଉଡ଼ୀୟାନ
train/img_01493.jpg,କଟକର ବିଦ୍ୟାଳୟଗୁଡ଼ିକ ପୁରାତନ ଓ ପ୍ରାୟତ ସମସ୍ତଙ୍କ କିଛି ନ କିଛି ଗୌରବମୟ ଈତିହାସ ରହିଛି।
train/img_01494.jpg,ଆଦିବାସୀମାନଙ୍କର ତାଲିକା
train/img_01495.jpg,ଏସବୁ ଛଡ଼ା ଡଗରା ଓ ଚଉମୁଖଠାରେ ଦୁଇଟି ବେଳାଭୂମି ମଧ୍ୟ ରହିଛି ।
train/img_01496.jpg,ମଧୁସୂଦନ ଆଇନ ମହାବିଦ୍ୟାଳୟ
train/img_01497.jpg,ଭୁବନେଶ୍ଵର ଏହାର ରାଜଧାନୀ ଓ ଓଡ଼ିଆ ଏହି ରାଜ୍ୟର ସରକାରୀ ଓ ମୁଖ୍ୟ ଭାଷା ।
train/img_01498.jpg,ବର୍ତ୍ତମାନର ୩୪ତମ ମୁଖ୍ୟ ବିଚାରପତି ଜଷ୍ଟିସ ଚକ୍ରଧାରୀ ଶରଣ ସିଂହ ।
train/img_01499.jpg,ନବଗ୍ରହ ମନ୍ଦିର
train/img_01500.jpg,ଗୌତମ ବୁଦ୍ଧ
train/img_01501.jpg,ରାଜ୍ୟର ମୋଟ ଘରୋଇ ଉତ୍ପାଦରେ ପ୍ରଭାବଶାଳୀ ଅଭିବୃଦ୍ଧି ପରିସଂଖ୍ୟାନ ଏବଂ କାର୍ଯ୍ୟକ୍ରମ କାର୍ଯ୍ୟାନ୍ୱୟନ ମନ୍ତ୍ରଣାଳୟ ରିପୋର୍ଟ କରିଛନ୍ତି ।
train/img_01502.jpg,"ଏହି ମନ୍ଦିରମାନଙ୍କ ମଧ୍ୟରେ ଲିଙ୍ଗରାଜ ମନ୍ଦିର, ରାଜାରାଣୀ ମନ୍ଦିର, ମୁକ୍ତେଶ୍ୱର ଦେଉଳ ଆଦି ଦେଶ ବିଦେଶରେ ପରିଚିତ ।"
train/img_01503.jpg,ଭରତ ତାଙ୍କ ରଚିତ ନାଟ୍ୟ ଶାସ୍ତ୍ରରେ କଳିଙ୍ଗ ନୃତ୍ୟ ଶୈଳୀରେ ଓଡ଼ିଶୀ ନୃତ୍ୟ ବାବଦରେ ବର୍ଣ୍ଣନା କରି ଏହାର ନାମ ଓଡ୍ର-ମାଗଧି ବୋଲି ଉଲ୍ଲେଖ କରିଥିଲେ ।
train/img_01504.jpg,"ଏଥିରେ କେବଳ ପୁରାଣ ବଖାଣ ନାହିଁ, ବରଂ ଓଡ଼ିଶାର ଇତିହାସ, ଭୂଗୋଳ, ଲୋକକଥା ଓ ସାଧାରଣ ଜନଜୀବନର ଛବି ରହିଛି ।"
train/img_01505.jpg,"ସାହିତ୍ୟସନ୍ଧ୍ୟା, କବିତା ଆସର, ପ୍ରତିଭାପୂଜା ପରି କାର୍ଯ୍ୟକ୍ରମଗୁଡ଼ିକର ଆୟୋଜନ କରିଥାଏ।"
train/img_01506.jpg,ଏହା ଜୈବିକ ହଳଦି ପାଇଁ ଜଣାଶୁଣା ।
train/img_01507.jpg,ଓଡ଼ିଶାର ସଂସ୍କୃତି ଏବଂ ପରମ୍ପରାର ଏକ ମୁଖ୍ୟ ଅଙ୍ଗ ହେଉଛି ବୟନ ଶିଳ୍ପ ।
train/img_01508.jpg,ଦେବୀ ସର୍ବମଙ୍ଗଳା ଚତୁର୍ଭୁଜା ଓ ତ୍ରିନେତ୍ରୀ ଅଟନ୍ତି ।
train/img_01509.jpg,ସନ୍ଧ୍ୟା ବୁଡ଼ିଲେ ନମାଜ ପଢ଼ିସାରି ଇଫତାର କରିବାକୁ ହୁଏ ।
train/img_01510.jpg,ଏହି ଆକ୍ରମଣ ପରେ ଭାରତ ତାର ଜଳପଥର ସୁରକ୍ଷା ବ୍ୟବସ୍ଥା କଡାକଡି କରିଥିଲା।
train/img_01511.jpg,ଜଗନ୍ନାଥ ମନ୍ଦିରରୁ ପ୍ରଥମେ ଆରମ୍ଭ କରି ତା'ପରେ ବାକି ଶିବ ଓ ବିଷ୍ଣୁ ମନ୍ଦିରମାନଙ୍କରେ ଏହା ପ୍ରଚଳିତ ହୋଇଥିଲା ।
train/img_01512.jpg,"ଊନବିଂଶ ଶତାବ୍ଦୀର ସାନ୍ତଳା ପ୍ରଗଣାର ଭବପ୍ରୀତାନନ୍ଦ, ସିଂହଭୂମିର ଦୀନନାଥ ଅନନ୍ତରାୟ, ରାମକୃଷ୍ଣ ଗାଙ୍ଗୁଲି, ଷଢେଇକଳାର ବୃନ୍ଦାବନ ମାଝୀ, ପୁରୁଲିଆର ପିତାମ୍ବର ଦାସ ଏବଂ ସର୍ବମାନ୍ୟ ଓଡ଼ିଶାର ତୁଳସୀଦାସ ଓ ବାଉଳ ଦାସ କୁର୍ମାଳୀ ଝୁମରର ଜଣେ ଜଣେ ଅଗ୍ରଗଣ୍ୟ କବି ।"
train/img_01513.jpg,ଏମାନଙ୍କ ମଧ୍ୟରୁ ଅଧିକାଂଶ ଗୋଷ୍ଠୀ ଭାରତର ସାମ୍ବିଧାନିକ ବ୍ୟବସ୍ଥା ଅନୁଯାୟୀ ଅନୁସୂଚିତ ଜନଜାତି ବର୍ଗରେ ଅନ୍ତର୍ଭୁକ୍ତ ।
train/img_01514.jpg,ଏଥିରେ ମଧୁସୂଦନ ନାମକ ବ୍ୟକ୍ତିଙ୍କଦ୍ୱାରା ଲିଖିତ ସମ୍ବଲପୁର ଅଞ୍ଚଳର ପ୍ରାଚୀନ କବିତା ନାମରେ ଏକ କବିତା ପ୍ରକାଶିତ ହୋଇଥିଲା ।
train/img_01515.jpg,ତାଳଦଣ୍ଡା କେନାଲ ଓଡ଼ିଶାର ସବୁଠାରୁ ଲମ୍ବା ଏବଂ ବଡ଼ କେନାଲ ।
train/img_01516.jpg,ବିଶେଷତଃ ଏକ ଦିନର ରାତ୍ରିକାଳୀନ ଦର୍ଶନରେ ଉକ୍ତ ଫଳ ଦଶଗୁଣ ପରିବର୍ଦ୍ଧିତ ହୋଇଥାଏ।
train/img_01517.jpg,"ବୈଶ୍ୟ, ଶୂଦ୍ର ଜାତିର ଲୋକମାନେ ରାଜ୍ୟର ଅନ୍ତ-ବାଣିଜ୍ୟରେ ମୁଖ୍ୟ ଭୂମିକା ଗ୍ରହଣ କରୁଥିଲେ ।"
train/img_01518.jpg,ପାଣିଦଣ୍ଡ
train/img_01519.jpg,କେବେ ବି ନାମ ଧରି ଡ଼କାଡ଼କି ହୁଅନ୍ତି ନାହିଁ ।’’ (୨) କେହି କେହି ଏହି କୁଡ଼ୁମିମାନଙ୍କୁ ଖଣ୍ଡାୟତ ସଂପ୍ରଦାୟଭୁକ୍ତ କରିଥାନ୍ତି ।
train/img_01520.jpg,"୨୦୧୧ ଜନଗଣନା ଅନୁସାରେ ବାଲେଶ୍ୱର ଜିଲ୍ଲାର ମୋଟ ଲୋକସଂଖ୍ୟା ୨,୩୧୭,୪୧୯ ଏଥିମଧ୍ୟରୁ ଗ୍ରାମାଞ୍ଚଳରେ ୨୦,୬୪,୩୫୭ ଓ ସହରାଞ୍ଚଳରେ ୨,୫୩,୦୬୨ ଲୋକ ବାସ କରନ୍ତି ।"
train/img_01521.jpg,୧୮୦୩ ଖ୍ରୀ - ୧୪ ଅକ୍ଟୋବର: ବ୍ରିଟିଶମାନଙ୍କର ଓଡ଼ିଶା ଅଧିକାର (ଏହା ବ୍ରିଟିଶ ଅଧିକୃତ ଶେଷ ଭାରତୀୟ ରାଜ୍ୟ) ।
train/img_01522.jpg,"ମହିଳା: ୨,୧୮,୯୨୪"
train/img_01523.jpg,ରୋଲାଣ୍ଡ ଇନଷ୍ଟିଚ୍ୟୁଟ୍ ଅଫ୍ ଫାର୍ମାସୁଟିକାଲ ସାଇନ୍ସ କଲେଜ
train/img_01524.jpg,ଫୁଲବାଣୀ
train/img_01525.jpg,ଅନାନ୍ୟ
train/img_01526.jpg,କନୁରିଆ
train/img_01527.jpg,ବିଶ୍ୱର ବିଭିନ୍ନ ସ୍ଥାନରେ ରଥଯାତ୍ରା
train/img_01528.jpg,ବିଶେଷତ।
train/img_01529.jpg,ସେହିପରି ଏଣ୍ତି ଚାଦର ଏବଂ ସାଲ ବିଶେଷ ଧରଣର ପୋକର ଲାଳରୁ ତିଆରି କରାଯାଏ ।
train/img_01530.jpg,ଅଦ୍ୟାବତ୍ ସେହି ବିଗ୍ରହମାନେ ସେହି ମନ୍ଦିରରେ ଯଥାବିଧି ପୂଜିତ ହେଉ ଅଛନ୍ତି।
train/img_01531.jpg,ଜାତୀୟ ଫୁଲ ପଦ୍ମ
train/img_01532.jpg,"୧୯୬୮ରେ ଭୁବନେଶ୍ୱର ଓଡ଼ିଶାର ରାଜଧାନୀ ଘୋଷିତ ହେବା ଆଗରୁ, ପ୍ରାୟ ନ ଅ ଶତାବ୍ଦୀ ଧରି କଟକ ଓଡ଼ିଶାର ରାଜଧାନୀ ରହି ଆସିଥିଲା ।"
train/img_01533.jpg,ବଙ୍ଗର ମୁସଲିମ ଶାସକ ସୁଲେମାନ କରାଣୀ ତଥା ତାଙ୍କ ସେନାପତି କଳାପାହାଡ଼ଦ୍ୱାରା ଓଡ଼ିଶା ଅଧିକୃତ ।
train/img_01534.jpg,ଓଡ଼ିଶୀର ମୌଳିକ ଚଉକୋଣ ନାଚକୁ ଚଉକା କୁହାଯାଏ ।
train/img_01535.jpg,ଦେଓଝର
train/img_01536.jpg,ଏହା ରାଜ୍ୟ ଜନସଂଖ୍ୟାର ମୋଟ ୪ ପ୍ରତିଶତ ଲୋକଙ୍କୁ ରୋଜଗାର ଯୋଗାଉଛି ।
train/img_01537.jpg,ଜୋବ୍ରା ପାର୍କ
train/img_01538.jpg,ତାଙ୍କର ଲୀଳାରେ ଶ୍ରୀକ୍ଷେତ୍ର ବାହାରେ ନଈରୀଠାରେ ଗୋଟିଏ ଥର ରଥଯାତ୍ରା ହୋଇଥିଲା ।
train/img_01539.jpg,ଭବିଷ୍ୟତ ଚିନ୍ତା କରନା
train/img_01540.jpg,"ହୃଦୟାନନ୍ଦ ନାୟକ ସ୍ମାରକୀ ମହାବିଦ୍ୟାଳୟ, ଚାନ୍ଦୋଳ"
train/img_01541.jpg,ପାଇକମାନେ ଭୂସୈନିକ ରୂପେ କାର୍ଯ୍ୟ କରୁଥିଲେ ଓ ସେବା ବିନିମୟରେ ସେମାନଙ୍କୁ କର ଦେବାକୁ ପଡ଼ୁନଥିଲା ।
train/img_01542.jpg,"ଟାଗୋରଙ୍କ ପତ୍ରିକା ତାଙ୍କୁ କିଛି ଦିନରେ ଲୋକପ୍ରିୟ କରିଦେଇଥିଲା, ଟାଗୋରଙ୍କ ପତ୍ରିକା ତାଙ୍କୁ କିଛି ଦିନରେ ଲୋକପ୍ରିୟ କରିଦେଇଥିଲା, ସେହି ସମୟରେ ସେ ଥ୍ରୀ- ଭଲ୍ୟୁମ ଗଳ୍ପଅଧାରୁ ଅଧିକ ଲେଖିଥିଲ, ୮୪-ଗଳ୍ପ ଗଳ୍ପଗୁଚ୍ଛ ଲେଖିଥିଲେ ।"
train/img_01543.jpg,ଓଡ଼ିଶାରେ ଥିବା କ୍ରୀଡ଼ା ଷ୍ଟାଡ଼ିୟମଗୁଡ଼ିକ ମଧ୍ୟରେ ଅନ୍ତର୍ଭୁକ୍ତ :
train/img_01544.jpg,ଆହାରେ ପ୍ରାଣସଙ୍ଗିନୀ ପ୍ରେମରସ ତରଙ୍ଗିଣୀ
train/img_01545.jpg,ମୁଖ୍ୟ ଦେଉଳଟି ପଞ୍ଚରଥ ଶୈଳୀରେ ନିର୍ମିତ ।
train/img_01546.jpg,ଏହା ଜଗନ୍ନାଥଙ୍କ ସକାଳ ଧୂପରେ ଠାକୁରମାନଙ୍କୁ ଅର୍ପଣ କରାଯାଇଥାଏ ।
train/img_01547.jpg,ପ୍ରାଚୀ ସମିତି ପ୍ରକାଶିତ ଚଉତିଶା ମଧୁଚକ୍ରରେ ଏହି ପରି କେତେ ଗୋଟି ଚଉତିଶା ଦେଖିବାକୁ ମିଳିଥାଏ ।
train/img_01548.jpg,"ଶ୍ରୀକ୍ଷେତ୍ରର ପଞ୍ଚ ତୀର୍ଥ ମଧ୍ୟରେ ରୋହିଣୀ ତୀର୍ଥ ଅନ୍ୟତମ।ପ୍ରଳୟ ସମୟରେ କୁଣ୍ଡରେ ଥିବା ଜଳ ପରିବ୍ୟାପ୍ତ ହୋଇ ପୁଣି ଏହି କୁଣ୍ଡରେ ହିଁ ଲୀନ ହୋଇଯାଏ।ଦାରୁବ୍ରହ୍ମଙ୍କର ଏହି କୁଣ୍ଡରେ ଆବିର୍ଭାବ ହୋଇଥିଲା।ନୀଳମାଧବ ହିଁ ଦାରୁବ୍ରହ୍ମ ଶ୍ରୀପୁରୁଷୋତ୍ତମ ଓ ପରବର୍ତ୍ତୀ ସମୟରେ ""ଶ୍ରୀ ଜଗନ୍ନାଥ "" ନାମରେ ପ୍ରତିଷ୍ଠିତ ହୋଇଛନ୍ତି।କଳ୍ପବଟ ଓ ରୋହିଣୀ କୁଣ୍ଡ ମଧ୍ୟସ୍ଥ ପାର୍ଶ୍ୱରେ ଏହି ଦାରୁବ୍ରହ୍ମ ନୀଳମାଧବ ପୂଜା ପାଉଥିଲେ।ଏହି କୁଣ୍ଡରେ ଏକ ତୃଷାର୍ତ୍ତ କାକ ପାଣିରେ ବୁଡି ପ୍ରାଣ ହାରି ମୋକ୍ଷ ଲାଭ କରିଥିଲା।"
train/img_01549.jpg,ମୁସଲମାନ ଏକ ଆରବୀ ଶବ୍ଦ ଓ ଏହାର ଅର୍ଥ ସମର୍ପକ ।
train/img_01550.jpg,"ରଜ ତିନିଦିନ ଧରି ରଜସ୍ୱଳା ନାରୀଭାବେ ଧରଣୀମାତାକୁ କଷ୍ଟ ନ ଦେଇ ଭୂମି କର୍ଷଣ ନ କରି ବିଶ୍ରାମ ଦେଲାଭଳି କଟା, ବଟା ଆଦି ଗୃହକର୍ମ ନ କରି କୁମାରୀମାନେ ବିଶ୍ରାମ କରନ୍ତି ।"
train/img_01551.jpg,"ଏହି ଜିଲ୍ଲାରେ ବ୍ରଜରାଜନଗର ଅଞ୍ଚଳରେ ବିପୁଳ କୋଇଲା ଉପଲବ୍ଧ ଥିବା ହେତୁ , ତାହା ସଙ୍ଗେ ସଙ୍ଗେ ହୀରାକୁଦ ଜଳଭଣ୍ଡାରର ଜଳ ଓ ରେଳ ଓ ସଡକ ପଥ ଥିବା କାରଣରୁ ଜିଲ୍ଲାରେ ଅନେକ ଶିଳ୍ପ ପ୍ରତିଷ୍ଟିତ ହେଇଛି ।"
train/img_01552.jpg,କହୁଥିବା ଲୋକଙ୍କ ସଙ୍ଖ୍ୟା ଅନୁସାରେ ଭାରତୀୟ ଭାଷାର ତାଲିକା
train/img_01553.jpg,"କିଛି ଧ୍ବଂନ୍ୟାତ୍ମକ ପରିବର୍ତ୍ତନ- ' 'ରୁ ' ', ' 'ରୁ ' ', ମଧ୍ୟବର୍ତ୍ତୀ ' 'ରୁ ' ' ।"
train/img_01554.jpg,ଯାହାଙ୍କର ଅବଦାନ ଯୋଗୁଁ ଓଡ଼ିଶା ସ୍ୱତନ୍ତ୍ର ରାଜ୍ୟ ଗଠନ ସମ୍ଭବ ହୋଇପାରିଥିଲା ଏବଂ ପାରଳାଖେମୁଣ୍ଡି ଜମିଦାରୀ ଓଡ଼ିଶାରେ ଅବସ୍ଥାପିତ ହୋଇପାରିଛି ।
train/img_01555.jpg,ଛାଞ୍ଚ:
train/img_01556.jpg,ବାଲେଶ୍ୱରୀ ଓଡ଼ିଆ ଓଡ଼ିଆ ଭାଷାର ଏକ ଉପଭାଷା ବା ବୋଲି ।
train/img_01557.jpg,ଗୁଣ୍ଡିଚା ମନ୍ଦିର ।
train/img_01558.jpg,ବଣ୍ଡା ଅଧିବାସୀ
train/img_01559.jpg,"ବିରଞ୍ଚିନାରାୟଣ ମନ୍ଦିର, ପାଳିଆ"
train/img_01560.jpg,ହରିହର କାନୁନଗୋଙ୍କ ମତରେ ଜଗନ୍ନାଥଙ୍କ ରଥଯାତ୍ରା ଏକ ବୌଦ୍ଧ ଅନୁଷ୍ଠାନ ।
train/img_01561.jpg,ବଙ୍ଗ ଦେଶରେ ଏ ଯୁଗରେ ରଚିତ ଏବଂ ବଙ୍ଗ ଦେଶରୁ ଓଡ଼ିଶାକୁ ଆନୀତ ଦରଖଣ୍ଡିଆ ବଙ୍ଗୋତ୍କଳ ଭାଷାରେ ବଙ୍ଗ ଭାଷାନଭିଜ୍ଞ ଓଡ଼ିଆଙ୍କଦ୍ୱରା ପୋଥି ଧରି ବୋଲାୟିବା (ପୋଥିପୂଚ୍ଛା) ଓ ନୃତ୍ୟଗୀତାଦି ସହିତ ବୋଲାୟିବା (ଠିଆପୂଜା) ପଦ୍ୟାତ୍ମକ ୧୬ଟି ଗଳ୍ପ ବା ପାଲା ।
train/img_01562.jpg,ଅବଶିଷ୍ଟ ୯୦ଟି ସାଧାରଣ ବର୍ଗଙ୍କ ପାଇଁ ଉଦ୍ଦିଷ୍ଟ ।
train/img_01563.jpg,ସେ ଗୁଡ଼ିକ ହେଲା :-
train/img_01564.jpg,ଓଡ଼ିଶା ଇତିହାସରେ ଏହାକୁ ସୁବର୍ଣ୍ଣ ଯୁଗ ବୋଲି କୁହାଯାଇଥାଏ ।
train/img_01565.jpg,ଏହି ଶବ୍ଦଟି ଏକ ସଂସ୍କୃତ ଶବ୍ଦ ଓ ଏହା ୧୯୩୦ ଦଶକରେ ରାଜନୈତିକ କର୍ମୀମାନେ ଆଦିମ ଅଧିବାସୀଙ୍କ ଏକ ଆଦିବାସୀ ଉତ୍ପତ୍ତି ଦାବି କରି ଏକ ଆଦିବାସୀ ପରିଚୟ ଦେବା ପାଇଁ ତିଆରି କରିଥିଲେ ।
train/img_01566.jpg,"ରଥଯାତ୍ରା ପରେ ରଥଗୁଡ଼ିକୁ ଭାଙ୍ଗି ଦେଇ, କାଠଗୁଡ଼ିକୁ ମନ୍ଦିର ରୋଷଘରେ ବ୍ୟବହାର କରାଯାଉଥିଲା,"
train/img_01567.jpg,ସହସ୍ର ଖମ୍ବ ବିଶିଷ୍ଟ ମନ୍ଦିର
train/img_01568.jpg,ନମୁନା ଅକ୍ଷର
train/img_01569.jpg,ବୌଦ୍ଧ ବୋଧହୁଏ:
train/img_01570.jpg,ଓଡ଼ିଶାରେ ଏହି ରାଜବଂଶର ଶାସନ ଖ୍ରୀ ୩୫୦ରୁ ଆରମ୍ଭ କରି ସୋମ ବଂଶର ଶେଷ ପର୍ଯ୍ୟନ୍ତ ଥିଲା ।
train/img_01571.jpg,"ଫକିର ମୋହନ ସ୍ୱୟଂଶାସିତ କଲେଜ, ବାଲେଶ୍ୱର - -"
train/img_01572.jpg,"ଏହା ସହିତ ଅଙ୍କୁରିତ ଗଜା, ଘାସ ଫୁଲ ଏବଂ ଦେଶୀ ମଦ୍ୟ ମଧ୍ୟ ଦେବତୀଙ୍କୁ ଅର୍ପଣ କରାଯାଏ ।"
train/img_01573.jpg,ସରସ୍ୱତୀ ବିଦ୍ୟା ମନ୍ଦିର-୧୩
train/img_01574.jpg,"ଗ୍ରାମ: ୧,୯୯୭"
train/img_01575.jpg,ପଶ୍ଚିମ ବଙ୍ଗର ପାକୁଡ଼ାଠାରେ ଏକ ସଭା ଆୟୋଜନ ହୋଇ ଆଲଚିକ ଲିପିକୁ ପ୍ରସାର ପାଇଁ ସଂକଳ୍ପ ନିଆଗଲା ।
train/img_01576.jpg,ଆରବମାନେ ଖ୍ରୀ ୮ମ ଶତାବ୍ଦୀ ବେଳକୁ ଏକ ମହାନ ସାମୁଦ୍ରିକ ଶକ୍ତି ଭାବେ ଉଭାନ୍ ହେବାରୁ କଳିଙ୍ଗର ବାଣିଜ୍ୟରେ ଭଟ୍ଟା ପଡିଆସିଥିଲା ।
train/img_01577.jpg,ଏକଦା ଧଉଳି ପାହାଡ଼ ସୁରଭିଗିରି ନାମରେ ଐତିହାସିକ ସ୍ୱାକ୍ଷର ବହନ କରିଥିଲା ।
train/img_01578.jpg,"୨୦୧୧ ଜନଗଣନାରେ ଭାରତରେ ୨ ୬୩ ନିୟୁତ ଲୋକ ନିଜର ଭାଷା ସମ୍ବଲପୁରୀ ବୋଲି ଘୋଷଣା କରିଥିଲେ, ପ୍ରାୟ ସମସ୍ତେ ଓଡ଼ିଶାର ବାସିନ୍ଦା ଥିଲେ।"
train/img_01579.jpg,"କଳିଙ୍ଗର ବୀରତ୍ୱ, ବୈଭବ, ପାଟଳୀପୁତ୍ର (ବର୍ତ୍ତମାନର ବିହାର ) ନରେଶ ଅଶୋକଙ୍କୁ ବିଶ୍ୱବିଦିତ କଳିଙ୍ଗ ଯୁଦ୍ଧର ବିଭୀଷିକା ରଚନା କରିବାକୁ ପ୍ରବର୍ତ୍ତାଇ ଥିଲା ।"
train/img_01580.jpg,ସିଂହଳ (ଶ୍ରୀଲଙ୍କା)
train/img_01581.jpg,ଏପରି ଚାରିଦିଗେ ୧୨ ପାଖୁଡା ମାରିବ।
train/img_01582.jpg,ରେଭେନ୍ସା ବିଶ୍ୱବିଦ୍ୟାଳୟ
train/img_01583.jpg,କଳିଙ୍ଗରୁ ବାହାରିଥିବା ଏକ ବଣିକଦଳ ଖ୍ରୀ ପୂ ୭୫ରେ ଏଠାରେ ଏକ ଜନବସତି ସ୍ଥାପନ କରିଥିଲେ ।
train/img_01584.jpg,ଏହା ଗଜପତି ମହାରାଜାଙ୍କ ଦେଉଳ କଚେରି ଥିଲା।
train/img_01585.jpg,"ସିଂହଦ୍ୱାର ଗୁମୁଟରୁ ମନ୍ଦିର ଭିତରକୁ ପ୍ରବେଶ କରିବାକୁ ଅର୍ଥାତ କୁର୍ମବେଢ଼ା, ରୋଷଶାଳ, ଆନନ୍ଦ ବଜାର ଯିବା ପାଇଁ ଥିବା ବାଇଶି ଗୋଟି ପାହାଚ ବାଇଶି ପାହାଚ ନାମରେ ଜଣା ।"
train/img_01586.jpg,ସାଧାରଣ ଓଡ଼ିଆ ରାନ୍ଧଣା
train/img_01587.jpg,ତାଙ୍କ ନାମ ଅନୁସାରେ ଏହି ଅଜନାଭ ବର୍ଷହିଁ ପରବର୍ତ୍ତୀକାଳରେ ଭାରତ ନାମରେ ପରିଚିତ ହେଲା।
train/img_01588.jpg,ଯଯାତିଙ୍କ ବେଳେ ଜଗନ୍ନାଥ ମନ୍ଦିରର ଉଚ୍ଚତା ମାତ୍ର ୪୮ ହାତ ଥିଲା।
train/img_01589.jpg,ଝୁମରର ବାଦ୍ୟଯନ୍ତ୍ର
train/img_01590.jpg,୧ମ ବର୍ଷ
train/img_01591.jpg,ଖ୍ରୀ ପୂ ୧୮୦୦- ଏ ପର୍ଯ୍ୟନ୍ତ
train/img_01592.jpg,"କାଳିଅବୁଦା ଗାଦି,ଓଟାଙ୍ଗ"
train/img_01593.jpg,"ଭୁବନ ବିଘୋଷିତ-କୀର୍ତ୍ତି ଅନିନ୍ଦ୍ୟା,"
train/img_01594.jpg,ମହେନ୍ଦ୍ରଗିରି
train/img_01595.jpg,ଅର୍ଥାତ୍ ଶ୍ରୀକୃଷ୍ଣଙ୍କ ଗୁଣକୁ ସ୍ମରଣ କରି କରି ଶ୍ରୀରାଧାଙ୍କ ପ୍ରାଣ ପାଣିଫାଟି ଯାଇଛି ।
train/img_01596.jpg,ବଟକୃଷ୍ଣ
train/img_01597.jpg,"ତେଣୁ ଏହାର ରାଗିଣୀଗୁଡ଼ିକ ଶାସ୍ତ୍ରୀୟସଙ୍ଗୀତର ତିଳୋକ କାମୋଦ, ଦେଶ, ଜୟଜୟନ୍ତୀର ଆଦି ରାଗକୁ ଭିତ୍ତିକର ସ୍ୱତନ୍ତ୍ର ସ୍ୱାଦରେ ପରିବେଷିତ ହୋଇଥାଏ ।"
train/img_01598.jpg,ପ୍ରତିବର୍ଷ ଶ୍ରୀଜଗନ୍ନାଥ ମହାପ୍ରଭୁଙ୍କ ପ୍ରସିଦ୍ଧ ରଥଯାତ୍ରା ଉପଲକ୍ଷେ ତିନୋଟି ରଥ ପରମ୍ପରା ପ୍ରକାରେ ନିର୍ମିତ ହୋଇ ଆସୁଅଛି।
train/img_01599.jpg,ରତ୍ନଚିରା
train/img_01600.jpg,ନଗରର ପରିମଳ ବ୍ୟବସ୍ଥା କଟକ ମହାନଗର ନିଗମ ଉପରେ ନ୍ୟାସ୍ତ।
train/img_01601.jpg,ପ୍ରଥମ ପିରିତେର ମଜା
train/img_01602.jpg,ହାରାଚାନ୍ଦ ପାଲା: ମାଣିକ ସହରର ଅପୁତ୍ରକ ରାଜା ସନାତନର ଗଳ୍ପ
train/img_01603.jpg,"ଚତୁର୍ଦ୍ଧାମୂର୍ତ୍ତି ସାତ ପାହାଚ ଉପରକୁ ପରମ୍ପରା କ୍ରମେ ବିଜେ ହୋଇ ଆସିବା କ୍ଷଣି ରାଘବଦାସ ମଠ ପକ୍ଷରୁ ଯୋଗାଇ ଦିଆଯାଇଥିବା ସୋଲ, ଜରି, ତୁଳସୀ, ଫୁଲ ଓ ବାଉଁଶ ପାତିଆରେ ସ୍ୱତନ୍ତ୍ର ଶୈଳୀରେ ନିର୍ମିତ ଟାହିୟା ଠାକୁରମାନଙ୍କ ଶ୍ରୀମସ୍ତକରେ ଲାଗି କରାଯାଏ ଓ ଏହି ସମୟରେ କେତେକ ନିର୍ଦ୍ଦିଷ୍ଟ ମଠମାନଙ୍କ ପକ୍ଷରୁ ପନ୍ତି ଭୋଗ ତଥା ଚାମର, ଆଲଟ ସେବା କରାଯାଏ।"
train/img_01604.jpg,"ସମଗ୍ର ମହାବିହାରଟି ଆଖପାଖର ଲଳିତଗିରି, ରତ୍ନଗିରି ଓ ଉଦୟଗିରି ଆଦି ପାହାଡ଼ ଯାଏଁ ବ୍ୟାପି ରହିଥିଲା ।"
train/img_01605.jpg,"ଗାନ୍ଧର୍ବ ବିଦ୍ୟାରେ ପାରଙ୍ଗମ ଖାରବେଳ ନଗରୀ ବାସୀଙ୍କୁ ନୃତ୍ୟ, ଗୀତ, ଆଦି ଉତ୍ସବଦ୍ୱାରା ନଗରୀ ବାସୀଙ୍କୁ ଆପ୍ୟାୟିତ କଲେ ।"
train/img_01606.jpg,"ପ୍ରାଚୀ ମହାବିଦ୍ୟଳୟ,ବାଙ୍ଗୁରିଗାଁ,କାକଟପୁର,ପୁରୀ"
train/img_01607.jpg,କନିକା ରାଜବଂଶର ଅପରାଜୟ ସ୍ୱାଧୀନଚେତା ରାଜା ବଳଭଦ୍ରଭଞ୍ଜ ଓ କୁଜଙ୍ଗର ଦୁର୍ଦାନ୍ତ ଷଣ୍ଢ ରାଜା ଚନ୍ଦ୍ରଧ୍ୱଜଷଣ୍ଢ ସର୍ବପ୍ରଥମେ ମିଳିତ ଭାବେ ହରିଶପୁର ରାଜା ନୀଳକଣ୍ଠ ମଙ୍ଗରାଜଙ୍କ ସହ ହାତ ମିଳେଇ ଇଂରେଜ ବିରୁଦ୍ଧରେ ସଂଗ୍ରାମ କରିଥିଲେ ।
train/img_01608.jpg,"ଅନ୍ୟାନ୍ୟ କଳା ବିଭବ ଭାବେ ଲୋକକଳା ପାଲା, ଘୋଡ଼ାନାଚ, ଘଟପାଟୁଆ, ଧୁଡୁକି ଆଦି ଅନେକ ଲୋକପ୍ରିୟତା ଅର୍ଜନ କରିଛି ।"
train/img_01609.jpg,"ଦେଶ ସ୍ୱାଧୀନ ହେବାର ୨୦ବର୍ଷ ପରେ, ୧୯୬୮ରେ ଓଡ଼ିଶାର ରାଜଧାନୀ କଟକରୁ ଭୁବନେଶ୍ୱରକୁ ସ୍ଥାନାନ୍ତରିତ ହୋଇଥିଲା ।"
train/img_01610.jpg,ଅଧୁନା ଏହି ଆଖଡ଼ାରେ ପାଇକ ନାଚ ସ ହିତ ପାରମ୍ପରିକ ଶାରୀରିକ ବ୍ୟାୟାମ ଶିକ୍ଷା ଦିଆଯାଏ ଓ ଏଥିରେ ବାଦ୍ୟର ତାଳରେ ଅଙ୍ଗଭଙ୍ଗୀ ସ ହିତ ବିଭିନ୍ନ ଅସ୍ତ୍ର ଚାଳନା କରାଯାଏ ।
train/img_01611.jpg,ଝୁମର ଗୀତରେ ବିଭିନ୍ନ ଋତୁର ବର୍ଣ୍ଣନା ଦେଖିବାକୁ ମିଳିଥାଏ ।
train/img_01612.jpg,"ଟାଗୋର ମାନସୀ( ୧୮୯୦) ନାମକ ଏକ କବିତା ଲେଖିଥିଲେ, ଯେତେ କାମ କରିଥିଲେ ସେ ମଧ୍ୟରେ ସବୁଠାରୁ ଭଲ କାମ ଥିଲା ।"
train/img_01613.jpg,ଦଉଡ଼ିର ମାପ ଓ ସଂଖ୍ୟା ନିମ୍ନରେ ଉଲ୍ଲେଖ କରାଯାଇଛି।
train/img_01614.jpg,ବାଇଶି ପାହାଚ ବଉଳମାଳା ମାଙ୍କଡ଼ା ପଥରରେ ତିଆରି ।
train/img_01615.jpg,ଅର୍ଥନୈତିକ ବ୍ୟବସ୍ଥା
train/img_01616.jpg,ରାଜୀବ ଗାନ୍ଧୀ ଖେଳରତ୍ନ ଓ ଅର୍ଜୁନ ପୁରସ୍କାର ଭାରତରେ ଖେଳ ନିମନ୍ତେ ଦିଆଯାଉଥିବା ସର୍ବୋଚ୍ଚ ପୁରସ୍କାର।
train/img_01617.jpg,ଅକ୍ଷୟ ତୃତୀୟା ଦିନ ରଥ ନିର୍ମାଣର ଅନୁକୂଳ ସମୟରେ ଏହି ସେବକ ତିନୋଟି ଟାଙ୍ଗିଆ ମଧ୍ୟ ଯୋଗାଇଥାନ୍ତି।
train/img_01618.jpg,ଚୈତନ୍ୟ ଚରିତାମୃତ
train/img_01619.jpg,ଜଗନ୍ନାଥ ମନ୍ଦିରର ନିର୍ମାଣ କାର୍ଯ୍ୟ ସମାପ୍ତ ।
train/img_01620.jpg,୧୯୭୦ ଦଶକ ଅନ୍ତେ ଏଠାରେ ନିର୍ମାଣ କାର୍ଯ୍ୟରେ ବହୁତ ବୃଦ୍ଧି ହେଇଥିଲା।
train/img_01621.jpg,ଯୋଗୀମଠର ଚିତ୍ରଲିପିରେ ନାଲଙ୍ଗୀ ରଙ୍ଗରେ ଲିଖିତ “ଠ” ଲିପି ଆଜି ପର୍ଯ୍ୟନ୍ତ ଓଡ଼ିଆ ସମେତ ସମସ୍ତ ଭାରତୀୟ ଲିପିମାଳାରେ ଅବିକଳ ଭାବରେ ବ୍ୟବହୃତ।
train/img_01622.jpg,କାଳକ୍ରମେ ଗେଣ୍ଡାର ମାଂସତକ ବାହାର କରି ତାକୁ କଣାକରି ଶୁଖାଇ ସେଗୁଡ଼ିକୁ ଘୁଙ୍ଗୁର ପରି ପାଦରେ ବାନ୍ଧୁଥିଲେ ।
train/img_01623.jpg,ତାଙ୍କର ପାଟରାଣୀଙ୍କ ନାମ ଥିଲା ଧୂସି ଓ ସେ ହସ୍ତୀ ସାହ ବା ହସ୍ତୀ ସିଂହ ନାମକ ଲାଲରାଜ୍ୟର ଅଧିପତିଙ୍କ କନ୍ଯା ଥିଲେ ।
train/img_01624.jpg,ଅପିଲ ସମ୍ବନ୍ଧୀୟ ଅଧିକାର କ୍ଷେତ୍ର:
train/img_01625.jpg,"ତୁଳା ଉତ୍ପାଦାନ ମୁଖ୍ୟ ଜିଲ୍ଲାଗୁଡ଼ିକ ହେଉଛି କଳାହାଣ୍ଡି, ବଲାଙ୍ଗୀର , ରାୟଗଡ଼ା ଓ କୋରାପୁଟ।"
train/img_01626.jpg,୧୯୯୬ ନଭେମ୍ବର ୨୩ରେ ବାଲେଶ୍ୱରର ବାରବାଟି ଉଚ୍ଚ ବିଦ୍ୟାଳୟର ଏହି ସମୟର ସ୍ମୃତିରେ ମାଇକେଲ ସେଇନସ ଓ ଏନାବେଲା ନାମ୍ନୀ ଜଣେ ଓଳନ୍ଦାଜ ଯୁବତୀଙ୍କ ନାମରେ ୨ଟି ସମାଧି ତିଆରି କରାଯାଇଥିଲା ।
train/img_01627.jpg,"ଉଦୟଗିରି, ଭୁବନେଶ୍ୱର"
train/img_01628.jpg,ଏହାକୁ ରାଣୀ ତଲାୱ କୁହାଯାଉଥିଲା।
train/img_01629.jpg,"ଲଳିତଗିରି, ଯାଜପୁର"
train/img_01630.jpg,"ଆଷାଢ଼ ଶୁକ୍ଳ ଏକାଦଶୀ ଦିନ ରଥ ରଥ ଉପରେ ଠାକୁରମାନଙ୍କ ପ୍ରସିଦ୍ଧ ସୁନାବେଶ ଅବକାଶରେ ମଠ ପକ୍ଷରୁ ପୁରି, ସୋଲା,ମହନ ଭୋଗ ଇତ୍ୟାଦି ଭୋଗ ହୋଇଥାଏ।"
train/img_01631.jpg,"ବିଜ୍ଞାନ କାହାଣୀ ବିଜ୍ଞାନଭିତ୍ତିକ ଓ କଳ୍ପିତ କାହାଣୀ, ଗପ ବା ଉପନ୍ୟାସକୁ ବୁଝାଇଥାଏ ।"
train/img_01632.jpg,ଅନନ୍ତ ବାସୁଦେବଙ୍କ ଅବସ୍ଥିତ ବିଷୟ ଉଲ୍ଲେଖ କରାଯାଉଛି ।
train/img_01633.jpg,"ଏହି ଆଦି ମାତୃକାମାନେ ହେଲେ:-୧) ଦେବୀ ସରସ୍ୱତୀ,୨) ଦେବୀ ଗାୟତ୍ରୀ, ୩) ଦେବୀ ସାବିତ୍ରୀ, ୪) ଷଷ୍ଠୀ ଓ ୫) ଭୁବନେଶ୍ୱରୀଦେବୀ।ଏହି ପଞ୍ଚ ମାତୃକା ଆଦି ଲୋକ ମାତୃକା ରୂପେ ବେଶ୍ ପରିଚିତ ଓ ପୂଜିତା।"
train/img_01634.jpg,ଦିଗପହଣ୍ଡି (୧୩୪)
train/img_01635.jpg,"ନ୍ୟାସ୍ ନାଲ୍ ଇନ୍ ଷ୍ଟିଚ୍ୟୁଟ ଅଫ ସାଇନ୍ସ ଆଣ୍ଡ ଟେକ୍ନୋଲୋଜି (ନିଷ୍ଟ୍), ବ୍ରହ୍ମପୁର"
train/img_01636.jpg,ପରିବହନ ଓ ଯୋଗାଯୋଗ
train/img_01637.jpg,କାନ୍ସବାହାଲ ଡ୍ୟାମ
train/img_01638.jpg,ତିନି ରଥର ବିଶେଷତା
train/img_01639.jpg,"କେଲିଆ ଶୈବପୀଠ, ଡାବୁଗାଁ"
train/img_01640.jpg,ତେବେ ଖାରବେଳଙ୍କ ଅନୁଶାସନ ଓ ଅଶୋକଙ୍କ ଅନୁଶାସନ ଭାଷାର ଗଢଣ ଦୃଷ୍ଟିରୁ ପୁରାପୁରି ଅଲଗା ।
train/img_01641.jpg,ଚୂଳବଂଶ ଅନୁଯାୟୀ କଳିଙ୍ଗର ରାଜା ଅଗ୍ରବୋଧି ଦ୍ୱିତୀୟଙ୍କ(ଖ୍ରୀ ୬୧୦-୬୧୧) ସମୟରେ ସିଂହଳ ଭ୍ରମଣ କରିଥିଲେ ।
train/img_01642.jpg,ନୀଳାଦ୍ରି ବିଜେ ପହଣ୍ଡି ବିଜେ ପୂର୍ବରୁ ଶ୍ରୀମନ୍ଦିର ପ୍ରଶାସନ ଦଇତାପତି ନିଯୋଗ ସହ ଏ ସମ୍ବନ୍ଧରେ ଆଲୋଚନା କରାଯାଇ ପହଣ୍ଡି ହୋଇଥାଏ ।
train/img_01643.jpg,"ବ୍ରାହ୍ମଣ, ଖଣ୍ଡାୟତ , କରଣ , ଜ୍ୟୋତିଷ , କଳିଙ୍ଗବୈଶ୍ୟ , ଚଷା , ଗୋପାଳ , ବଣିଆ , ଦୁମାଳ , ମାଳି , ଗୁଡ଼ିଆ , ଗୋଲା , କମାର , କୁମ୍ଭାର , ପାତର , ବଢେଇ , ତେଲି , କୁଲିତା , କଂସାରି , ବାରିକ , ତନ୍ତୀ , କୈବର୍ତ୍ତ , ଚମାର , ଧୋବା , ବାଉରି , ସୁଣ୍ଢି , ପାଣ , ହାଡିି , କଣ୍ଡରା"
train/img_01644.jpg,ସରକାରୀ ତନ୍ତ୍ରର ଢାଞ୍ଚା ଭାରତରେ କେନ୍ଦ୍ର ଓ ରାଜ୍ୟ ସ୍ତରରେ ଏକା ପ୍ରକାର ହୋଇଥାଏ ।
train/img_01645.jpg,"କେଲିଆ ଶୈବପୀଠ, ଡାବୁଗାଁ"
train/img_01646.jpg,ବ୍ରହ୍ମପୁର ଗଞ୍ଜାମ ଜିଲ୍ଲା ଓ ଦକ୍ଷିଣ ଓଡ଼ିଶାର ଏକ ପ୍ରମୁଖ ସହର ।
train/img_01647.jpg,"ସହରାଞ୍ଚଳ: ୭୩,୩୮୦"
train/img_01648.jpg,‘ଝୁମର’ କହିଲେ ଉତ୍ତର ଓଡ଼ିଶାର ପ୍ରସିଦ୍ଧ ଲୋକ ସଙ୍ଗୀତକୁ ହିଁ ବୁଝାଏ ।
train/img_01649.jpg,"୩୬,୬୬୭, ତିନି ଚକିଆ ଅଟୋ ରିକ୍ସା, ଡାଲା ଅଟୋ ୧,୧୦୦, ଟ୍ରାକ୍ଟର ୧,୪୫୩, ଚାରି ଚକିଆ କାର, ଜିପ ୩୬୪, ପିକ୍ଅପ୍ ଭ୍ୟାନ୍, ମାଞ୍ଚି କାବ୍ ଆଦି ୬୭୩, ଟ୍ରକ୍ ୩୩୫, ଆମ୍ବୁଲାନ୍ସ ୧୧ ଓ ବସ୍ତ୍ର ୮ଟି ରହିଛି ।"
train/img_01650.jpg,ରାଜା କୁଟିଙ୍କର ପ୍ରାସାଦରେ ଥିବା ସେବକମାନଙ୍କୁ ଚମ୍ପା ଓ କଳିଙ୍ଗରୁ ଅଣାଯାଇଥିଲା ବୋଲି ଖ୍ରୀ ୮୪୦ର ଏକ ତାମ୍ରଫଳକରେ ଲିଖିତ ଅଛି ।
train/img_01651.jpg,ଓଡ଼ିଶା ସହିତ ମିଶିବା ପୂର୍ବରୁ ସଂପୂର୍ଣ୍ଣ କେନ୍ଦୁଝର ଜିଲ୍ଲା ଏକ ଗଡ଼ଜାତ ରାଜ୍ୟ ଥିଲା ।
train/img_01652.jpg,ମୁଖ୍ୟମନ୍ତ୍ରୀ ହେଉଛନ୍ତି ସରକାରର ମୁଖ୍ୟ ଏବଂ ଅଧିକାଂଶ କାର୍ଯ୍ୟନିର୍ବାହୀ କ୍ଷମତା ତାଙ୍କ ଉପରେ ନ୍ୟସ୍ତ ।
train/img_01653.jpg,"ଅନ୍ୟ ଗୋଟିଏ ଛୋଟ ରଥରେ ବଜନ୍ତରି, ରଥ ଘଣ୍ଟୁଆ, ବାଦ୍ୟକାରମାନେ ଯାଉଥିଲେ ଆଗେ ଆଗେ।"
train/img_01654.jpg,ଆର୍ସେଲର-ମିତ୍ତଲ ୧୦ ବିଲିୟନ ଡଲାରର ଅନ୍ୟ ଏକ ମେଗା ଇସ୍ପାତ ପ୍ରକଳ୍ପରେ ବିନିଯୋଗ କରିବାକୁ ଯୋଜନା ଘୋଷଣା କରିଛନ୍ତି।
train/img_01655.jpg,ମହାନଦୀ ମୁହାଣରେ ରହିଥିବା ଯୋଗୁଁ ତାହାର ନାମ ମନ୍ନଦ ରଖାଯାଇଥିଲା।
train/img_01656.jpg,ଏହି ଜଳର ଅଧିକାଂଶ ଭାଗ ତୁଳସୀ ଓ ବିହାର ତଥା ଅନ୍ୟ ଉତ୍ତରରେ ଥିବା ହ୍ରଦରୁ ଆସିଥାଏ।
train/img_01657.jpg,"ଅତୀତରେ ଅନେକ ରାଜାଙ୍କ ଶାସନ କାଳାରେ ଏଠାକାର କଳା, ନାଚ ଆଦି ଖୁବ ସମୃଦ୍ଧ ହୋଇଛି ।"
train/img_01658.jpg,ଅଧୁନା ଏହି ଆଖଡ଼ାରେ ପାଇକ ନାଚ ସ ହିତ ପାରମ୍ପରିକ ଶାରୀରିକ ବ୍ୟାୟାମ ଶିକ୍ଷା ଦିଆଯାଏ ଓ ଏଥିରେ ବାଦ୍ୟର ତାଳରେ ଅଙ୍ଗଭଙ୍ଗୀ ସ ହିତ ବିଭିନ୍ନ ଅସ୍ତ୍ର ଚାଳନା କରାଯାଏ ।
train/img_01659.jpg,"ଆହୁରି ମଧ୍ୟ, ଯେତେବେଳେ କିଛି କିଛି ବ୍ୟଞ୍ଜନ ବର୍ଣ୍ଣ ଏକାଠି ମିଶି ବ୍ୟବହାର କରାଯାନ୍ତି, ସେତେବେଳେ ବିଶେଷ ବ୍ୟଞ୍ଜନ ବର୍ଣ୍ଣର ବ୍ୟବହାର କରାଯାଇଥାଏ ଯାହା ସେଇ ବ୍ୟଞ୍ଜନ ବର୍ଣ୍ଣର ନିହାତି ଦରକାରୀ ଭାଗକୁ ନେଇ ତିଆରି ହୋଇଥାଏ ।"
train/img_01660.jpg,ଦେଖି ଦେଖି ହେଲି ବିଷ୍ ପିତା ।
train/img_01661.jpg,"ସମସ୍ତେ କିଛି ନ କିଛି ମୈଥିଳୀ ଭାଷାରେ ନିଶ୍ଚୟ ଝୁମର ରଚନା କରିଅଛନ୍ତି ।’’ (୭) ତେଣୁ ପ୍ରତ୍ୟେକ ଝୁମର ଯେ ମୈଥିଳୀ ଭାଷାଦ୍ୱାରା ପ୍ରଭାବିତ, ତାହା ଅସ୍ୱୀକାର କରାଯାଇ ନ ପାରେ ।"
train/img_01662.jpg,"-ପ୍ରସାଦ - ଦୁର୍ଗାପ୍ରସାଦ , ଜଗନ୍ନାଥପ୍ରସାଦ , କାଳିକାପ୍ରସାଦ ଇତ୍ୟାଦି"
train/img_01663.jpg,"ପ୍ରତାପ ଜେନା: ସ୍ୱାସ୍ଥ୍ୟ, ପରିବାର କଲ୍ୟାଣ, ଆଇନ"
train/img_01664.jpg,"ସିଆମ୍ ଏବଂ ଥାଇଲ୍ୟାଣ୍ଡର ବୈଦେଶିକ ସମ୍ପର୍କର ପଦ୍ଧତିକୁ ବହୁ ପୂର୍ବରୁ ""ପବନ ସହିତ ବାଉଁଶ ନଇଁବା"" ଭାବରେ ବର୍ଣ୍ଣନା କରାଯାଇଛି, ଯାହାର ଅର୍ଥ ହେଉଛି ଅନୁକୂଳ ଏବଂ ବ୍ୟବହାରିକ ସ୍ୱାଧୀନତା ହାସଲ କରିବାକୁ, ଏହା ଅନ୍ୟମାନଙ୍କ ବିରୁଦ୍ଧରେ ଗୋଟିଏ ମହାନ ଶକ୍ତି ପକାଇବାକୁ ଚେଷ୍ଟା କଲା ଯାହାଦ୍ୱାରା ଏହା କୌଣସି ବ୍ୟକ୍ତିଙ୍କ ଉପରେ ପ୍ରାଧାନ୍ୟ ବିସ୍ତାର କରିବ ନାହିଁ।"
train/img_01665.jpg,ନଦୀଗୁଡ଼ିକ
train/img_01666.jpg,୧୯୩୬ରେ ପ୍ରଥମ ଓଡ଼ିଆ ଚଳଚ୍ଚିତ୍ର ସୀତା ବିବାହ ନିର୍ମିତ ହୋଇଥିଲା।
train/img_01667.jpg,ମାତ୍ର ପନ୍ଦର ଦିନ ପରେ ଦ୍ୱାର ଖୋଲାଗଲା ମୂର୍ତ୍ତିନିର୍ମାଣ କରୁଥିବା ବୃଦ୍ଧ ଉଭାନ ହୋଇଗଲେ ।
train/img_01668.jpg,ଏହା ଶରୀର ପାଇଁ ଉପାଦେୟ ଏବଂ ଏହାର ଜଳଧାରଣ କ୍ଷମତା ଅଧିକ ।
train/img_01669.jpg,"ଯୋଗୀ ଋଷିଗଣ-ଊଟଜ-ପବିତ୍ର,"
train/img_01670.jpg,ମଧୁସୂଦନ ଆଇନ ମହାବିଦ୍ୟାଳୟ
train/img_01671.jpg,ଏମାନେ ହାତରେ କୁଙ୍କୁମରେ ଛବି ଅଙ୍କା ଯାଇଥାଏ ଓ ପାଦରେ ଅଳତାରେ ଚିତା ଆଙ୍କିଥାନ୍ତି ।
train/img_01672.jpg,୨୦୦୯ ମସିହାର ପରବର ଶୁଭ ଉଦ୍ଘାଟନ ଏଇଠାରୁ ହୋଇଥିଲା।
train/img_01673.jpg,କଟକର ବିଦ୍ୟାଳୟଗୁଡ଼ିକ ପୁରାତନ ଓ ପ୍ରାୟତ ସମସ୍ତଙ୍କ କିଛି ନ କିଛି ଗୌରବମୟ ଈତିହାସ ରହିଛି।
train/img_01674.jpg,କେତେକ ସ୍ଥଳରେ ଉତ୍ତର ଆଧୁନିକ ସାହିତ୍ୟର ଉକ୍ତି ଦେଖିବାକୁ ମିଳିଥାଏ ।
train/img_01675.jpg,(ଜାତୀୟ ରାଜପଥ )
train/img_01676.jpg,ଆଧାର
train/img_01677.jpg,ମାତ୍ର ସମୟାନ୍ତରେ ବହୁ ପ୍ରାନ୍ତୀୟ ଭାଷାରେ ଅସଂଖ୍ୟ ଝୁମର ରଚନା ହେବାର ଜଣାଯାଏ ।
train/img_01678.jpg,ରଥକାଠ ପୁରୀରେ ପହଞ୍ଚିବା (ରଥଖଳାରେ ଅନୁକୂଳ ପୂଜା) - ଶ୍ରୀପଞ୍ଚମୀ
train/img_01679.jpg,୧୮୮୮ ଖ୍ରୀଷ୍ଟାବ୍ଦ ନଭେମ୍ବର ୨୦ ତାରିଖରେ ମା ସାରଦା ଦେବୀ ଜଳପଥରେ ଚାନ୍ଦବାଲି ଆସିଥିଲେ।
train/img_01680.jpg,ପ୍ରତିଦିନ ଏଠାରୁ ଶହଶହ ବସ୍ ଓଡ଼ିଶାର ବିଭିନ୍ନ ଅଞ୍ଚଳକୁ ଯାତାୟତ କରେ ।
train/img_01681.jpg,ସୁଖୋଥାଇ ରାଜ୍ୟ ଉତ୍ତର-ମଧ୍ୟ ଥାଇଲ୍ୟାଣ୍ଡର ସୁଖୋଥାଇ ସହର ନିକଟବର୍ତି ଅଞ୍ଚଳର ଏକ ରାଜ୍ୟ ଥିଲା ୧୨୩୮ରୁ ୧୪୩୮ ପର୍ଯ୍ୟନ୍ତ ଏହି ରାଜ୍ୟ ବିଦ୍ୟମାନ ଥିଲା
train/img_01682.jpg,ଏହି ସବୁ ପର୍ବପର୍ବାଣି ଓ ଓଷା ବ୍ରତ ଜନଜୀବନରେ ଧର୍ମୀୟ ଚେତନା ଦୃଢିଭୂତ କରିବାରେ ସହାୟକ ହୋଇଥାଏ ।
train/img_01683.jpg,"ବୈଦିକ ଯୁଗରେ ଏହାକୁ ଆର୍ଯ୍ୟାବର୍ତ୍ତ, ଜମ୍ବୁଦ୍ୱୀପ ଓ ଅଜନାଭ ଦେଶ ବୋଲି ମଧ୍ୟ କୁହାଯାଇଛି।"
train/img_01684.jpg,ମୁଖ୍ୟ ବିଚାରପତି
train/img_01685.jpg,ଲେମ୍ବୁ ଆଚାର (ମିଠା)
train/img_01686.jpg,ଏହାକୁ ପ୍ରଥମେ ବିଶିଷ୍ଟ ଐତିହାସିକ ତଥା ପ୍ରତ୍ନତାତ୍ତ୍ୱିକ ଡ ଜିତାମିତ୍ର ପ୍ରସାଦ ସିଂହଦେବ ଆବିଷ୍କାର କରିଥିଲେ।
train/img_01687.jpg,ମୁଖ୍ୟମନ୍ତ୍ରୀଗଣ
train/img_01688.jpg,୧୫ଶ ଶତାବ୍ଦୀ
train/img_01689.jpg,ଓଡ଼ିଶାରେ ଅନେକ ଅଭୟାରଣ୍ୟମାନ ରହିଛି ।
train/img_01690.jpg,ମୁହଁହାତ ଧୋଇ ଖଣ୍ଡିଏ ମୂସଲ୍ଲାରେ (ସ୍ୱତନ୍ତ୍ର ଆସନ) ଆଣ୍ଠୁ ମାଡ଼ି ବସି ଓ ଠିଆହୋଇ ଓ ମୁଣ୍ଡ ତଳକୁ ଲଗାଇ ମକ୍କା ଆଡ଼କୁ ମୁହଁ କରି ନମାଜ ପଢ଼ିବାକୁ ହୁଏ ।
train/img_01691.jpg,ଇଣ୍ଡିଆନ ରେଆର ଆର୍ଥ (ଆଇ ଆର ଈ ) ଛତ୍ରପୁର
train/img_01692.jpg,ଆଡ଼ପମଣ୍ଡପ ଯାତ୍ରା: ଗୁଣ୍ଡିଚା ମଣ୍ଡପରେ ଥିବା ଆଡ଼ପମଣ୍ଡପରେ ବିଜେ କରୁଥିବାରୁ ଆଡ଼ପମଣ୍ଡପ ଯାତ୍ରା ।
train/img_01693.jpg,ରଥ ଉପରେ ଅନ୍ୟାନ୍ୟ ନୀତି
train/img_01694.jpg,ତେଣୁ ସେ କହୁଛି
train/img_01695.jpg,ଶ୍ରୀ ବଟ ସର୍ବମଙ୍ଗଳା ଦେବୀ
train/img_01696.jpg,ପ୍ରତି ବର୍ଷ ଏପ୍ରିଲ ପହିଲା ଦିନଟିକୁ ଉତ୍କଳ ଦିବସ ନାମରେ ପାଳନ କରାଯାଇ ସ୍ୱତନ୍ତ୍ର ପ୍ରଦେଶ ଗଠନର କର୍ଣ୍ଣଧାରମାନଙ୍କୁ ସମ୍ମାନ ଅର୍ପଣକରାଯାଏ ।
train/img_01697.jpg,"ଗହୀରମଥା, ଦେବୀ ନଦୀ ଏବଂ ଋଷିକୁଲ୍ୟା ନଦୀ ମୁହାଣକୁ ପ୍ରତିବର୍ଷ ଲକ୍ଷାଧିକ ସଂଖ୍ୟାରେ ଅଲିଭ ରିଡ଼ଲେ କଇଁଛ ଅଣ୍ଡା ଦେବାପାଇଁ ଆସନ୍ତି ।"
train/img_01698.jpg,ଏଠାରେ ପାଳନ କରାଯାଉଥିବା ରଥଯାତ୍ରାରେ ସାମାନ୍ୟ ଭିନ୍ନ ପରମ୍ପରା ଦେଖିବାକୁ ମିଳେ ।
train/img_01699.jpg,ଏଥିରେ ସବୁ ଦ୍ୱୀପପୁଞ୍ଜକୁ ପରସ୍ପରସହ ଯୋଡିବା ମୁଖ୍ୟ ଲକ୍ଷ୍ୟ ଥିଲା।
train/img_01700.jpg,ଏହାର ବକ୍ତାମାନେ ସମ୍ବଲପୁରୀକୁ ଏକ ଭିନ୍ନ ଭାଷା ଭାବେ ଗଣନ୍ତି ଓ ଅନ୍ୟମାନେ ଏହାକୁ ଓଡ଼ିଆ ଭାଷାର ଏକ ଉପଭାଷା ଭାବେ ଗଣନ୍ତି ।
train/img_01701.jpg,ଇତିହାସ
train/img_01702.jpg,ଚମ୍ପେଶ୍ୱର ଶିବ ମନ୍ଦିର ଏହି ମନ୍ଦିର ବୀରମହାରାଜପୁର ବ୍ଲକ ଅନ୍ତର୍ଗତ ଚମ୍ପାମାଳ ଗ୍ରାମରେ ଅବସ୍ଥିତ ।
train/img_01703.jpg,ଏଥିରେ ପ୍ରଧାନତଃ ପୌରାଣିକ କାହାଣୀ ସ୍ଥାନ ପାଉଥିଲେ ହେଁ ଅଧୁନା ଦୂରଦର୍ଶନ ଓ ଆକାଶବାଣୀରେ ପ୍ରସାରିତ ହେଉଥିବା ନାନାଦି ଜନ ସଚେତନତା ଓ ସ୍ୱାସ୍ଥ୍ୟ ସଚେତନତା କାର୍ଯ୍ୟକ୍ରମରେ ସ୍ୱାସ୍ଥ୍ୟ ସଚେତନତାକୁ ନେଇ ଦାସକାଠିଆ ପରିବେଷଣ କରାଯାଉଛି ।
train/img_01704.jpg,ଏହି ରାଜାମାନେ ଭାରତରୁ ଆସିଥିବା ବୌଦ୍ଧଗୁରୁମାନଙ୍କର ଆଦରସତ୍କାର କରୁଥିଲେ ଓ ସେମାନଙ୍କଦ୍ୱାରା ପ୍ରଚାରିତ ମହାଯାନ ବୌଦ୍ଧଧର୍ମର ଶିକ୍ଷା ଗ୍ରହଣ କରୁଥିଲେ ।
train/img_01705.jpg,ଖେଳ
train/img_01706.jpg,"ବ୍ରାହ୍ମଣ, ଖଣ୍ଡାୟତ , କରଣ , ଜ୍ୟୋତିଷ , କଳିଙ୍ଗବୈଶ୍ୟ , ଚଷା , ଗୋପାଳ , ବଣିଆ , ଦୁମାଳ , ମାଳି , ଗୁଡ଼ିଆ , ଗୋଲା , କମାର , କୁମ୍ଭାର , ପାତର , ବଢେଇ , ତେଲି , କୁଲିତା , କଂସାରି , ବାରିକ , ତନ୍ତୀ , କୈବର୍ତ୍ତ , ଚମାର , ଧୋବା , ବାଉରି , ସୁଣ୍ଢି , ପାଣ , ହାଡିି , କଣ୍ଡରା"
train/img_01707.jpg,"ଏହା ପ୍ରାଚୀନ ଏବଂ ମଧ୍ୟଯୁଗୀୟ ଦକ୍ଷିଣ ଏସିଆରେ ଏକ ସଂଯୋଗ ଭାଷା ଥିଲା ଏବଂ ପ୍ରାରମ୍ଭିକ ମଧ୍ୟଯୁଗୀୟ ଯୁଗରେ ଦକ୍ଷିଣ ପୂର୍ବ ଏସିଆ, ପୂର୍ବ ଏସିଆ ଏବଂ ମଧ୍ୟ ଏସିଆକୁ ହିନ୍ଦୁ ଏବଂ ବୌଦ୍ଧ ସଂସ୍କୃତି ବ୍ୟାପିବା ପରେ ଏହା ଧର୍ମ ଏବଂ ଉଚ୍ଚ ସଂସ୍କୃତିର ଭାଷା ଏବଂ ଏହି କ୍ଷେତ୍ରରେ ରାଜନୈତିକ ଉଚ୍ଚବର୍ଗଙ୍କ ଭାଷାରେ ପରିଣତ ହୋଇଥିଲା ।"
train/img_01708.jpg,ଏହାକୁ କାର୍ତ୍ତିକ ପୂର୍ଣ୍ଣିମା ପର ଦିନ (ମାର୍ଗଶିର କୃଷ୍ଣ ପ୍ରତିପଦା) ପାଳନ କରାଯାଏ ।
train/img_01709.jpg,"ଓଡ଼ିଶାର ପୂର୍ବ ଭାଗରେ ଅବସ୍ଥିତ ଖୋର୍ଦ୍ଧା ଜିଲ୍ଲାର ଆୟତନ ୨,୮୭ ୫ ବର୍ଗ କିମି୤"
train/img_01710.jpg,ପୁରୀରେ ପ୍ରତିଷ୍ଠିତ କେତେକ ମଠ ରଥକାଠ ବୁହାଯିବା ପାଇଁ ଶଗଡ଼ମାନ ଯୋଗାଉଥିଲେ।
train/img_01711.jpg,ପଥରରେ ତିଆରି କରାଯାଇଥିବା ହାତୀ ଯାହା ଏହି ଶିଳାଲେଖ ଉପରେ ଅଛି ତାହା ଅନେକ ଦିନ ଆଗରୁ ତିଆରି କରାଯାଇଥିବା ଓଡ଼ିଶାର ବୌଦ୍ଧ କୀର୍ତ୍ତି ।
train/img_01712.jpg,"କଟକର ପ୍ରମୁଖ ଅନୁଷ୍ଠାନମାନଙ୍କ ମଧ୍ୟରୁ ବାରବାଟି ଷ୍ଟାଡିଅମ ଅନ୍ୟତମ, ଯାହାକି ଅନ୍ତର୍ଜାତୀୟ କ୍ରିକେଟ୍ ମ୍ୟାଚ୍ ମାନଙ୍କ ଲାଗି ସୁପ୍ରସିଦ୍ଧ ।"
train/img_01713.jpg,ଖ୍ରୀ ୧୦୧୯ରୁ ୧୦୪୨ ପର୍ଯ୍ୟନ୍ତ ଜାଭାରେ ଶାସନ କରିଥିବା ରାଜା ଐରଲଙ୍ଗଙ୍କ ସମୟରେ ତାଙ୍କ ରାଜ୍ୟକୁ ଆସିଥିବା ଲୋକଙ୍କ ମଧ୍ୟରେ କିଛି ଲୋକ କ୍ଲିଙ୍ଗ (“କଳିଙ୍ଗ” ଶବ୍ଦର ଆଉ ଏକ ଅପଭ୍ରଂଶ)ରୁ ଥିଲେ ବୋଲି ଏକ ଅଭିଲେଖରୁ ଜଣା ପଡିଛି ।
train/img_01714.jpg,ଏହାପରେ ଲକ୍ଷ୍ମୀଙ୍କ ତରଫରୁ ଭିତରଚ୍ଛ ବନ୍ଦାପନା ନୀତି ବଢ଼ାଇଥାନ୍ତି ।
train/img_01715.jpg,ପ୍ରତ୍ୟେକ ଚକର ଉଚ୍ଚତା ୬ ଫୁଟ ୬ ଇଞ୍ଚ।
train/img_01716.jpg,ଝୁମର ଗୀତରେ ବିଭିନ୍ନ ‘ଋତୁ’
train/img_01717.jpg,ଦକ୍ଷିଣ ଓଡ଼ିଶାର ବ୍ରହ୍ମପୁର ସହର ବ୍ୟବସାୟର ପେଣ୍ଠସ୍ଥଳୀ ।
train/img_01718.jpg,ମହିଳା: ୫୮ ୭୦
train/img_01719.jpg,ତାରିଣୀ ମନ୍ଦିର
train/img_01720.jpg,୧୫ଶ ଶତାବ୍ଦୀ
train/img_01721.jpg,ଓଡ଼ିଆ ଉଇକିପିଡ଼ିଆରେ ୧୦୦୦ଟି ଲେଖାର ମେଳା
train/img_01722.jpg,ସରକାରଙ୍କର ନୀତିକୁ କାର୍ଯ୍ୟକାରୀ କରିବାପାଇଁ ମନ୍ତ୍ରାଳୟ ଅଧିନରେ ଦୁଇପ୍ରକାରର କାର୍ଯ୍ୟାଳୟ ରହିଥାଏ ସଂଲଗ୍ନ ଓ ଅଧିନସ୍ଥ ।
train/img_01723.jpg,ସାନ୍ତାଳୀ ଭାଷା ଦିବସ
train/img_01724.jpg,"ତାଙ୍କ ପ୍ରଭାବିତ ମୈଥିଳୀ ଭାଷାର ରୂପାନ୍ତର ବିହାରର ହିନ୍ଦୀଭାଷା, ନାଗପୁରିଆ ଭାଷା, ଭୋଜପୁରୀ ଓ କୁର୍ମାଳୀ ଭାଷା ବୋଲି ଆଲୋଚକମାନେ ମତ ଦେଇଥାନ୍ତି ।"
train/img_01725.jpg,ଦେହ ତୁଳନାରେ ଲାଞ୍ଜଟି ଛୋଟ ଓ ଆୟତାକାର।
train/img_01726.jpg,କଟକରେ ଭାରତୀୟ ଡାକବିଭାଗ ବ୍ୟତୀତ ଅନେକ ଘରୋ ଇ କୋରିୟର ସଂସ୍ଥାମାନ ରହିଛନ୍ତି ।
train/img_01727.jpg,୩ ନ୍ୟାୟପାଳିକା
train/img_01728.jpg,ଏକଦା ଅଳକାଶ୍ରମ ।
train/img_01729.jpg,କଳିଙ୍ଗର ଅନେକାଂଶ ବର୍ତ୍ତମାନ ଆଧୁନିକ ଓଡ଼ିଶାର ଅଂଶବିଶେଷ ।
train/img_01730.jpg,ସୂତା
train/img_01731.jpg,"ଏହା ସହିତ ଅଙ୍କୁରିତ ଗଜା, ଘାସ ଫୁଲ ଏବଂ ଦେଶୀ ମଦ୍ୟ ମଧ୍ୟ ଦେବତୀଙ୍କୁ ଅର୍ପଣ କରାଯାଏ ।"
train/img_01732.jpg,ଭାରତୀୟ ଉପମହାଦ୍ୱୀପର ପୂର୍ବ ଭୂଖଣ୍ଡରେ ଅବସ୍ଥିତ କଳିଙ୍ଗ ପ୍ରାଚୀନ ସମୟରେ ଗଙ୍ଗା ନଦୀର ଦକ୍ଷିଣ ତଟରୁ ଗୋଦାବରୀ ନଦୀ ପର୍ଯ୍ୟନ୍ତ ବିସ୍ତୃତ ଥିଲା ।
train/img_01733.jpg,ଏହା ଏକ ପ୍ରସିଦ୍ଧ ଚଣ୍ଡୀ ମନ୍ଦିର ଓ ଉତ୍ତର ଓଡି଼ଶାର ଏକ ପ୍ରମୁଖ ଶାକ୍ତ ପୀଠ ।
train/img_01734.jpg,ଝମ୍ ଝମ୍ ଶବ୍ଦରୁ ଏହାର ସୃଷ୍ଟି ।
train/img_01735.jpg,"ଅନ୍ୟ ଖେଳ ମଧ୍ୟରୁ ଭାରତ ବ୍ୟାଡମିନ୍ଟନ, ଟେନିସ, ବନ୍ଧୁକ ଚାଳଣାରେ ବହୁ ସଫଳତା ହାସଲ କରିଛି।"
train/img_01736.jpg,କେତେକ ଗବେଷକଙ୍କ ମତରେ ରଥ ଉପରେ ଠାକୁରମାନଙ୍କ ଏହି ବେଶର ନାମ ବଡ଼ ବଢା଼ଉ ବେଶ ।
train/img_01737.jpg,ସତ୍ୟବାଦୀ ବନ ବିଦ୍ୟାଳୟ ଭାରତର ପ୍ରଥମ ମୁକ୍ତ ବିଦ୍ୟାଳୟ ।
train/img_01738.jpg,ଶ୍ରୀ ଐଶାନେଶ୍ୱର ମହାଦେବ
train/img_01739.jpg,ସେଥିପାଇଁ ଗାଁ ଗହଳିରେ ପିଲାଏ ଏ ପକ୍ଷୀକୁ ଦେଖିଲେ ‘ଶୁଭ ଭାଇ ନମସ୍କାର’ ବୋଲି କହିଥାନ୍ତି।
train/img_01740.jpg,ଏହା ବାରିପଦାଠାରୁ ୨୫ କି ମି ଦୁରରେ ଅବସ୍ଥିତ ।
train/img_01741.jpg,ସେଠାରେ ଶ୍ରୀଗୁଣ୍ଡିଚା ଦିନ ପରି ତିନି ରଥରେ ଛେରା ପହଁରା କରିଥାନ୍ତି।
train/img_01742.jpg,"ଓଡ଼ିଆ, ବଙ୍ଗଳା, ସାନ୍ତାଳୀ, କୁର୍ମାଳୀ, ଆସାମୀ, ମୈଥିଳୀ ଆଦି ଭାଷାରେ ଏହା ପରିଦୃଷ୍ଟ ।"
train/img_01743.jpg,"ଛ ବର୍ଷରୁ କମ: ୧,୫୬,୧୮୫"
train/img_01744.jpg,"ଭିତରକନିକା ଜାତୀୟ ଉଦ୍ୟାନ, ରାଜନଗର"
train/img_01745.jpg,ଧୂଷର ଜାଗାସବୁ ଦିଆଯାଇନଥିବା କୋଡ଼ପାଇଁ ।
train/img_01746.jpg,ମିଜୋ ଭାଷା ଭାରତର ଉତ୍ତର-ପୂର୍ବାଞ୍ଚଳରେ ଅବସ୍ଥିତ 'ମିଜୋରାମ' ରାଜ୍ୟର ସରକାରୀ ଭାଷା ଅଟେ
train/img_01747.jpg,ଅଧୁନା ସାହିତ୍ୟିକ ରଚନାସମୂହରେ ମୁଖ୍ୟତଃ ଓଡ଼ିଆ ବ୍ୟବହାର ହୋଇଛି ।
train/img_01748.jpg,ଏହା ଦେବୀଙ୍କର ବାହାନ କୁକୁର ହୋଇ କୁତ୍ତାମ ଚଣ୍ଡୀଙ୍କୁ ପ୍ରଣିପାତ କରି ରହିଛି ।
train/img_01749.jpg,୧୪୨ ବର୍ଷ ପରେ ୨୦୦୯ ପ୍ରାରମ୍ଭରେ ଏହା ଓଡ଼ିଶାର ତୃତୀୟ ମହାନଗର ନିଗମର ମାନ୍ୟତା ପାଇଥିଲା ।
train/img_01750.jpg,୧୯୯୨ ମସିହାରେ ଓଡ଼ିଶାର ୧୩ଟି ଜିଲ୍ଲାକୁ ପୁନର୍ବିଭାଜନ କରି ୩୦ଟି ଜିଲ୍ଲାରେ ଭାଗ କରାଗଲା ।
train/img_01751.jpg,ସମୁଦାୟ ଜନସଂଖ୍ୟାର ୪୪ ୫ ହେଉଛନ୍ତି ଆଦିବାସୀ ଏବଂ ୧୧ ୬୨ ହେଉଛନ୍ତି ହରିଜନ ।
train/img_01752.jpg,ପ୍ରଥମ ସ୍ଥାୟୀ ବସ୍ତିଗୁଡ଼ିକ ପରେ ପରେ ସିନ୍ଧୁ ଘାଟୀ ସଭ୍ୟତା ରୂପେ ଖ୍ରୀଷ୍ଟପୂର୍ବ ବିଂଶ ଶତାବ୍ଦୀରେ ବିକଶିତ ହୋଇଥିଲେ ।
train/img_01753.jpg,"ପୁରୁଷ: ୨,୮୨,୦୪୧"
train/img_01754.jpg,"ଗ୍ରାମାଞ୍ଚଳ: ୬,୫୭,୧୨୧"
train/img_01755.jpg,କଲେଜ ଓ ବିଶ୍ୱବିଦ୍ୟାଳୟ
train/img_01756.jpg,"ମହିଳା: ୭,୨୨,୧୯୬"
train/img_01757.jpg,ହିନ୍ଦୀ ଓ ବଙ୍ଗଳା ବ୍ୟତୀତ ଏକାଧିକ ଭାରତୀୟ ରାଜ୍ୟରେ ପ୍ରାଥମିକ ସରକାରୀ ମାନ୍ୟତା ପାଇଥିବା ଅଳ୍ପ କେତେକ ଭାଷା ମଧ୍ୟରୁ ଏହା ଅନ୍ୟତମ ।
train/img_01758.jpg,"ଏହି ପଟି ଠାକୁର ମଧ୍ୟରେ ବଳଭଦ୍ରଙ୍କ ବାଡ଼ରେ ବାସୁଦେବ, ସୁଭଦ୍ରାଙ୍କ ବାଡ଼ରେ ଭୁବନେଶ୍ୱରୀ ଓ ଶ୍ରୀଜଗନ୍ନାଥଙ୍କ ବାଡ଼ରେ ନାରାୟଣ ଅନ୍ତର୍ଭୁକ୍ତ।"
train/img_01759.jpg,"ହୃଦୟାନନ୍ଦ ନାୟକ ସ୍ମାରକୀ ମହାବିଦ୍ୟାଳୟ, ଚାନ୍ଦୋଳ"
train/img_01760.jpg,ଟଲେମି ଏବଂ ପ୍ଲିନି ଦି ଏଲଡର ଭାରତର ପୂର୍ବ ଉପକୂଳରେ ବାସ କରୁଥିବା ଓରେଟାମାନଙ୍କ ବାବଦରେ ମଧ୍ୟ ବର୍ଣ୍ଣନା କରିଛନ୍ତି ।
train/img_01761.jpg,ମୁମ୍ବାଇର ଉପକୂଳରେ ଫାଟ ଥିବାରୁ ଏହାର ପୋତାଶ୍ରୟ ପ୍ରକୃତିକ ଓ ସୁରକ୍ଷିତ ।
train/img_01762.jpg,ଜୋବ୍ରା ପୋଲ
train/img_01763.jpg,ଆଫଗାନ ଶାସନ କାଳରେ ଆଫଗାନୀମାନେ ବାଲେଶ୍ୱର ଦାଖଲ କରି ଶାସନ କରୁଥିଲେ ।
train/img_01764.jpg,ଭୁବନେଶ୍ୱର ନାମଟି ଶିବଙ୍କ ଅନ୍ୟନାମ ତ୍ରିଭୁବନେଶ୍ୱର ନାମରୁ ଆସିଅଛି ।
train/img_01765.jpg,ଅଦ୍ୟାପି ଏହାର ପ୍ରମାଣ ସହରଠାରୁ ତିରିଶ ମିନିଟ୍ ଦୂରର ଚମ୍ପିକୋଟା ନାମକ ଗାଆଁରେ ବିଦ୍ୟମାନ ।
train/img_01766.jpg,ସେ ଜଣେ ବ୍ରିଟିଶର ହୁଅନ୍ତୁ ବୋଲି ତାଙ୍କ ବାପା ଚାହୁଁଥିଲେ ।
train/img_01767.jpg,୧୮୦୩ ବେଳକୁ ଇଂରେଜମାନେ ଓଡ଼ିଶା ଅଧିକାର କଲାବେଳକୁ ଓଡ଼ିଶାର ଏହି ଅର୍ଥନୀତିର ଅଧପତନ ଚରମ ସୀମାରେ ପହଞ୍ଚି ଥିଲା ।
train/img_01768.jpg,ନିମ୍ନରେ ବାରଟି ମାସ ଆଉ ସେଥିରେ ହେଉଥିବା ପର୍ବ ବିଷୟରେ ଲେଖାଯାଇଛି :
train/img_01769.jpg,"ଓଡ଼ିଶା ଶବ୍ଦଟି ମୂଳ ଶବ୍ଦ ଓର/ଉର ବା ଓଡ୍ର, ଉଡ୍ର ଦେଶରୁ, ସୁମେରୀୟ, ଓଡ୍ର ବିଷୟ ଆଦି ପୁରାତନ ନାମରୁ ଆସିଅଛି ।"
train/img_01770.jpg,ଏଠାରେ ପାଳନ କରାଯାଉଥିବା ରଥଯାତ୍ରାରେ ସାମାନ୍ୟ ଭିନ୍ନ ପରମ୍ପରା ଦେଖିବାକୁ ମିଳେ ।
train/img_01771.jpg,ବୈଜୟନ୍ତ ପଣ୍ଡା: ୨୦୦୯ ଓ ୨୦୧୮
train/img_01772.jpg,"ଭାରତୀୟ ସ୍ୱାଧୀନତା ସଂଗ୍ରାମରେ କେନ୍ଦ୍ରପାଡ଼ାର ବରେଣ୍ୟ ନେତା ଯଦୁମଣି ମଙ୍ଗରାଜ ,ନାରାୟଣ ବୀରବର ସାମନ୍ତ,ପୀତାମ୍ବର ଜଗଦେବ ,ଆଶାଦୁଲ୍ଲା,ଅମର ଚାଟାର୍ଜୀ,ଆଳିର ଗାନ୍ଧୀ ସହଦେବ ପ୍ରଧାନ ଆଦି ମୁଖ୍ୟ ଭୂମିକା ଗ୍ରହଣ କରିଥିଲେ।"
train/img_01773.jpg,କଟକ ଜିଲ୍ଲାରେ ଦଣ୍ଡନାଚ ପାଟୁଆ ନାମରେ ଜଣା ।
train/img_01774.jpg,ସହଜଯାନ
train/img_01775.jpg,ଏତଦବ୍ୟତୀତ ବାହୁଡା଼ ଦିନ ଗୁଣ୍ଡିଚା ମନ୍ଦିରରେ ଠାକୁରମାନେ ପହଣ୍ଡି ବିଜେରେ ଭିତର ବେଢାରେ ପହଞ୍ଚିବା ପରେ ମୁକ୍ତି ମଣ୍ଡପ ପକ୍ଷରୁ ଏକ ପନ୍ତି ଭୋଗ ହୋଇଥାଏ ଓ ରାଘବ ଦାସ ମଠ ପ୍ରଦତ୍ତ ଫୁଲ ଟାହିୟା ଲାଗି ହୋଇଥାଏ।
train/img_01776.jpg,ଅନକାଡ଼େଲି : ମାଛକୁଣ୍ଡ ଜଳପ୍ରପାତର ନିକଟବର୍ତ୍ତୀ ଗ୍ରାମ।
train/img_01777.jpg,ନବମ୍ୟା ବାସୟେଦ୍ଦେବାନ୍ ତେଷୁ ପ୍ରାତଃ ସମୃଦ୍ଧିମତ୍ ।
train/img_01778.jpg,ଘୁମୁସର ଅଞ୍ଚଳର କୁଲାଗଡ଼ରୁ ଆରମ୍ଭ ହୋଇଥିବା ଦଣ୍ଡନାଟ ପରବର୍ତି ସମୟରେ ଗଞ୍ଜାମର ଅନ୍ୟାନ୍ୟ ଅଞ୍ଚଳ ବିଶେଷ କରି ଶକ୍ତିପୀଠଗୁଡ଼ିକୁ ବ୍ୟାପିଥିବାର ଜଣାପଡ଼େ।
train/img_01779.jpg,"କେନ୍ଦ୍ରାପଡ଼ା ସାନ୍ଧ୍ୟ ମହାବିଦ୍ୟାଳୟ, କେନ୍ଦ୍ରାପଡ଼ା"
train/img_01780.jpg,"ଏକାନ୍ତ ଗୋପନୀୟ ସିଦ୍ଧ ତନ୍ତ୍ର ପୀଠ ଓ ଦେବୀ ନିଜେ ବିମଳା ମହାଭୈରବୀ ଆଦିଶକ୍ତି ଅଟନ୍ତି।ମା' ବିମଳା ପାଦ ପୀଠେଶ୍ୱରୀ ଓ କେହି କେହି ଏହାକୁ ଜିହ୍ୱା ପୀଠ, ଶ୍ରୀପୀଠ, ଉଦ୍ଦିଷ୍ଟ ପୀଠ, ନାଭି ପୀଠ, ମସ୍ତକ ପୀଠ ବୋଲି ବର୍ଣ୍ଣନା କରିଛନ୍ତି ।"
train/img_01781.jpg,ଏଥିରେ ସମ୍ଭୋଗ ଓ ବିପ୍ରଲମ୍ଭ ଶୃଙ୍ଗାରର ବର୍ଣ୍ଣନା ଦେଖାଯାଇଥାଏ ।
train/img_01782.jpg,"ଭୁବନେଶ୍ୱରର ପର୍ଶୁରାମେଶ୍ୱର ମନ୍ଦିର, ବୈତାଳ ମନ୍ଦିର, ଶିଶିରେଶ୍ୱର ମନ୍ଦିର, ମାର୍କଣ୍ଡେଶ୍ୱର ମନ୍ଦିର, ମୁକ୍ତେଶ୍ୱର ମନ୍ଦିର, ରାଜରାଣୀ ମନ୍ଦିର, ଲିଙ୍ଗରାଜ ମନ୍ଦିର, ମେଘେଶ୍ୱର ମନ୍ଦିର, ପୁରୀର ଜଗନ୍ନାଥ ମନ୍ଦିର ଏବଂ କୋଣାର୍କର ସୂର୍ଯ୍ୟମନ୍ଦିରର ବର୍ହିଭାଗରେ ଖୋଦିତ ନର୍ତ୍ତକୀ ଓ ନାୟିକାମାନଙ୍କର ଅଙ୍ଗଭଙ୍ଗୀ ଓ ମୁଦ୍ରାରୁ ଓଡ଼ିଶୀ ନୃତ୍ୟର ପରମ୍ପରା ସମୃଦ୍ଧ ହୋଇଥିବା ଜଣାଯାଏ ।"
train/img_01783.jpg,ମହିଳା: ୪୩ ୫୯
train/img_01784.jpg,ପୁରାତନ ଓଡ଼ିଆ ସାହିତ୍ୟରେ ଚଉତିଶାକୁ ପୁରୋଭାଗରେ ରଖାଯାଇଥାଏ ।
train/img_01785.jpg,"ଷୋଡ଼ଶ ଶତାବ୍ଦୀର ପ୍ରଥମାର୍ଦ୍ଧରେ ପ୍ରତାପରୁଦ୍ର ଦେବଙ୍କ ସମୟର ପଞ୍ଚସଖା (ବଳରାମ ଦାସ, ଜଗନ୍ନାଥ ଦାସ, ଅଚ୍ୟୁତାନନ୍ଦ ଦାସ, ଯଶୋବନ୍ତ ଦାସ ଓ ଅନନ୍ତ ଦାସ) ଭକ୍ତିରସାତ୍ମକ କାବ୍ୟ ରଚନା କରିଥିଲେ ।"
train/img_01786.jpg,ଜାତୀୟ ଫଳ - ଆମ୍ବ
train/img_01787.jpg,"ଇତିହାସ କହେ, ୪ର୍ଥ ଶତାବ୍ଦୀରେ ସମୁଦ୍ରଗୁପ୍ତ ଉତ୍କଳର ରାଜାଙ୍କୁ ପରାଜିତ କରି ଯେଉଁ ଅଞ୍ଚଳ ସବୁ ଅଧିକାର କରିଥିଲେ, ସମ୍ବଲପୁର ତାହାର ଅଂଶ ଥିଲା ।"
train/img_01788.jpg,ଏହି ସମ୍ପୂର୍ଣ୍ଣ ତାଲିକା ତିଆରି କରାଯାଇ ପାରିନାହିଁ ।
train/img_01789.jpg,ପାର୍କ
train/img_01790.jpg,ସହର: ୧୮
train/img_01791.jpg,"ଷୋହଳ ବର୍ଷ ବୟସରେ, ସେ ଭାନୁସିଂହ ନାମକ ଛଦ୍ମ ନାମ ଉପଯୋଗ କରି ନିଜର କବିତାକୁ ଉନ୍ମୋଚନ କରିଥିଲେ ।"
train/img_01792.jpg,ତେବେ ଝାରଖଣ୍ଡ ନିକଟରେ ଥିବାରୁ ଚମ୍ପୁଆ ଉପଖଣ୍ଡରେ ହିନ୍ଦୀ ଭାଷାର ପ୍ରଭାବ ଅଧିକ ଦେଖିବାକୁ ମିଳିଥାଏ ।
train/img_01793.jpg,"ଏହା ବ୍ୟତୀତ ରଥ ଉପରକୁ ମଠ ତରଫରୁ ଠାକୁରମାନଙ୍କ ଲାଗି ଉଦ୍ଦେଶ୍ୟରେ ମାଳ, ଚୂଳ ଇତ୍ୟାଦି ପଠାଯାଇଥାଏ।"
train/img_01794.jpg,"ଶବ୍ଦାର୍ଥ- ହରି-ରାମଚନ୍ଦ୍ର ବା ଶ୍ରୀକୃଷ୍ଣ, ହରି-ହରିତ ହରିକାନ୍ତାର-ନୀଳ ଓ ପୀତ ମିଶ୍ରିତ ବନ, ମୁରାରୀ ଶ୍ରୀକୃଷ୍ଣ, କାନ୍ତାରେ-ସ୍ତ୍ରୀଙ୍କୁ, କାନ୍ତାରେ- ବଣକୁ, ସୁରମ୍ୟ-ସୁନ୍ଦର, ସୁରମ୍ୟ-ରମଣଯୋଗ୍ୟ, ବନେର-ବଣର, ବନେର ରଙ୍ଗ ବା ବର୍ଣ୍ଣର, ସୁନାରୀ ସୁନାରୀ ଫୁଲ, ସୁନାରୀ ଉତ୍ତମ ନାରୀ ।"
train/img_01795.jpg,ବଡ଼ତଢାଉ ବେଶ ମତରେ କପିଳେନ୍ଦ୍ର ଦେବ ୧୪୬୦ରେ ଦକ୍ଷିଣ ବିଜୟରୁ ଫେରିବା ବେଳେ ୧୬ଟି ହାତୀ ପିଠିରେ ବୋଝେଇ ସୁନାଅଳଙ୍କାର ଆଣିଥିଲେ
train/img_01796.jpg,ଓଡ଼ିଶାରେ ଦଣ୍ଡ ନାଟ - -
train/img_01797.jpg,ଚିପିଳିମା
train/img_01798.jpg,"ହଲିଉଡ, କାଲିଫର୍ନିଆର ଲସ୍ ଆଞ୍ଜେଲ୍ସର ଉତ୍ତର ଜିଲ୍ଲା, ଚଳଚ୍ଚିତ୍ରରେ ଅଗ୍ରଣୀ ଏବଂ ଦୁନିଆର ସବୁଠାରୁ ସ୍ୱୀକୃତିପ୍ରାପ୍ତ ଚଳଚ୍ଚିତ୍ର ଶିଳ୍ପ ଯୁକ୍ତରାଷ୍ଟ୍ରର ପ୍ରମୁଖ ଚଳଚ୍ଚିତ୍ର ସ୍ଟୁଡିଓ ଗୁଡ଼ିକ ହେଉଛି ବିଶ୍ୱର ସବୁଠାରୁ ବ୍ୟବସାୟିକ ସଫଳ ଏବଂ ସର୍ବାଧିକ ଟିକେଟ୍ ବିକ୍ରି କରୁଥିବା ଚଳଚ୍ଚିତ୍ରର ମୂଳ ଉତ୍ସ"
train/img_01799.jpg,"ଚତୁର୍ଦ୍ଦିଗରୁ ସ୍ଥଳଭାଗଦ୍ୱାରା ପରିବେଷ୍ଟିତ ଏହି ଜିଲ୍ଲାର ପୂର୍ବରେ ମୟୂରଭଞ୍ଜ ଓ ଭଦ୍ରକ, ଦକ୍ଷିଣରେ ଯାଜପୁର, ପଶ୍ଚିମରେ ଢେଙ୍କାନାଳ ଓ ସୁନ୍ଦରଗଡ ଏବଂ ଉତ୍ତରରେ ଝାଡ଼ଖଣ୍ଡର ପୂର୍ବ ସିଂହଭୂମ ଜିଲ୍ଲାମାନ ଅବସ୍ଥିତ ।"
train/img_01800.jpg,"ଖୋର୍ଦ୍ଧା ତନ୍ତୁବାୟ ସହଯୋଗ ସମିତି ,ସାମନ୍ତରାପୁର,ଖୋର୍ଦ୍ଧା"
train/img_01801.jpg,ପରେ ପରେ ଐରଖାରବେଳ ଭୁବନେଶ୍ୱରକୁ ନିଜ ରାଜଧାନୀ ରୂପେ ଗ୍ରହଣ କରି ନେଇଥିଲେ ।
train/img_01802.jpg,ବେଣୁ ମାଧବ ମନ୍ଦିର
train/img_01803.jpg,"ସମ୍ବଲପୁରୀ ଓଡ଼ିଆ ଓଡ଼ିଶାର ନିମ୍ନୋକ୍ତ ଜିଲ୍ଲାରେ କଥିତ: ସମ୍ବଲପୁର (ଏହି ଅଞ୍ଚଳର ମୁଖ୍ୟ ସାଂସ୍କୃତିକ ଏବଂ ବାଣିଜ୍ୟିକ କେନ୍ଦ୍ର ସମ୍ବଲପୁର ସହର), ଦେବଗଡ଼, ବରଗଡ଼, ନୂଆପଡ଼ା, କଳାହାଣ୍ଡି, ବୌଦ୍ଧ, ଅନୁଗୋଳ ଜିଲ୍ଲାର ଆଠମଲ୍ଲିକ ସବଡିଭିଜନ, ସୁନ୍ଦରଗଡ଼, ଝାରସୁଗୁଡ଼ା, ସମ୍ବଲପୁର ଜିଲ୍ଲା ।"
train/img_01804.jpg,ଓଡ଼ିଶାର ବୟନ ଶିଳ୍ପରେ ଟାଏ ଡାଏ ପ୍ରଣାଳୀରେ ରଙ୍ଗ ବ୍ୟବହାର କରାଯାଇ ଥାଏ।
train/img_01805.jpg,ଖୋର୍ଦ୍ଧା ଜିଲ୍ଲାର ସରକାରୀ ପୃଷ୍ଠା
train/img_01806.jpg,ଶ୍ରୀ ସାକ୍ଷୀଗୋପାଳ
train/img_01807.jpg,ଭାଷାଗତ ସମ୍ପର୍କ
train/img_01808.jpg,୨୦୦୭ର ଏକ ସର୍ଭେ ଅନୁସାରେ ଆମେରିକାର ପ୍ରାୟ ୭୮ ୪ ବୟସ୍କ ଲୋକ ଖ୍ରୀଷ୍ଟ ଧର୍ମ ଅବଲମ୍ବନ କରନ୍ତି।
train/img_01809.jpg,ପୁରୁଣା ସଂଖ୍ୟା ଚିହ୍ନ
train/img_01810.jpg,ମହାପ୍ରଭୁମାନଙ୍କର ଏହି ଛଅଗୋଟି ପହଣ୍ଡି ମଧ୍ୟରୁ ତିନି ଥର ଗୋଟି ପହଣ୍ଡି ଓ ତିନି ଥର ଧାଡି଼ ପହଣ୍ଡି ହୋଇଥାଏ।
train/img_01811.jpg,"୨୦ହଜାର ବର୍ଷ ତଳେ କଳାହାଣ୍ଡିର ଗୁଡହାଣ୍ଡିରୁ ମିଳିଥିବା ଚିତ୍ର, ନୂଆପଡାର ଯୋଗୀମଠରୁ ୧୦ହଜାର ବର୍ଷ ତଳର ମିଳିଥିବା ଚିତ୍ରଲିପି ଓ ଝାରୁସୁଗୁଡାର ବିକ୍ରମଖୋଲରୁ ମିଳିଥିବା ୩୫୦୦ବର୍ଷ ତଳ ଗୁମ୍ଫାଲିପି ହେଉଛି ଓଡ଼ିଆଭାଷାର ମୂଳ ଆଧାର।"
train/img_01812.jpg,୧୯୪୮ ମସିହାରେ ଏହା ବିଟିଶ ଶାସନରୁ ମୁକ୍ତ ହୋଇ ଏକ ସ୍ୱାଧୀନ ରାଷ୍ଟ୍ରରେ ପରିଣତ ହୋଇଥିଲା ।
train/img_01813.jpg,ଅଧିକ ତଥ୍ୟ ବା ପ୍ରଶ୍ନ ପଚାରିବା ନିମନ୍ତେ ଦୟାକରି ଉଇକିପ୍ରକଳ୍ପ ସଙ୍ଘ ଯାନ୍ତୁ କିମ୍ବା ସବିଶେଷ ଜାଣିବା ନିମନ୍ତେ ଉଇକିମିଡ଼ିଆ ପ୍ରକଳ୍ପ ତାଲିକା ଦେଖନ୍ତୁ ।
train/img_01814.jpg,"ଏହାପରେ ପତ୍ରିବଡ଼ୁ, ସୁଆରବଡ଼ୁ ଓ ଗରାବଡ଼ୁ ପାଳିଆ ସେବକ ତିନି ରଥରେ ପୂଜା ଠା' କରନ୍ତି।"
train/img_01815.jpg,ଦାନ୍ତକାଠି ଅନୁସାରେ ଏହାର ନାମ ଗୁରୁଦ୍ୱାରା ଦାତନ ସାହିବ ।
train/img_01816.jpg,ନବକଳେବରରେ ଏଠାକୁ ଦାରୁ ଆସେ ।
train/img_01817.jpg,"ଯେପରି ଆଷାଢ଼ ଶୁକ୍ଳ, ମୁନିବାର ବାଣୀ ଆଦି, କିନ୍ତୁ ଏହିସବୁ ରଚନା ଆଜି ଯାଏଁ ମିଳିନାହିଁ ।"
train/img_01818.jpg,ପାରଳାଖେମୁଣ୍ଡି(ଗୋଷାଣୀ)
train/img_01819.jpg,ସମ୍ପ୍ରତି କିଛି ବର୍ଷ ଧରି ରଥ ନିମିତ୍ତ ଆବଶ୍ୟକ କନା ବମ୍ବେର ପ୍ରସିଦ୍ଧ କପଡ଼ା କମ୍ପାନୀ ସେଞ୍ଚୁରୀ ମିଲରୁ ଆସୁଅଛି।
train/img_01820.jpg,ସାତପଡା
train/img_01821.jpg,ଖ୍ରୀ ପୂ ପ୍ରଥମ ସହସ୍ରାର୍ଦ୍ଧରେ କଳିଙ୍ଗ ରାଜ୍ୟରେ ନୌବାଣିଜ୍ୟ ଏକ ମୁଖ୍ୟ ବ୍ୟବସାୟ ଥିଲା ।
train/img_01822.jpg,ଉଚ୍ଚ/ମଧ୍ୟ ଇଂରାଜୀ ବିଦ୍ୟାଳୟ- ୮୭୬ଟି
train/img_01823.jpg,ଯଥା : ଶ୍ରୀରାମଚନ୍ଦ୍ର ଦେବ ମୋଗଲ ହେବାରୁ ରାମଚନ୍ଦ୍ର ବଡ଼ଜେନା ରାଉତ ରାଜୁତିରେ ମୁନିମ୍ ଖାଁ ଡରରେ ପାଲରେ ପଡି ମୋଗଲ ବୋଲାଇଲେ ।
train/img_01824.jpg,ଢ଼ଗରେ ଅଛି-
train/img_01825.jpg,୭ ମଇ ୨୦୧୭ର ଅଦଳବଦଳ ପରେ ପୁନର୍ଗଠିତ ମନ୍ତ୍ରୀମଣ୍ଡଳ ଓ ସେମାନେ ଦାୟିତ୍ୱ ଗ୍ରହଣ କରିଥିବା ବିଭିନ୍ନ ବିଭାଗ ।
train/img_01826.jpg,"ଓଡ଼ିଶାରେ ଏପରି କାରିଗର ଅଛନ୍ତି ଯେଉଁମାନେ ଗୋରୁର ଶିଙ୍ଗରୁ କମ୍ବି, ଫୁଲ ଭେଜ୍ ଏବଂ କଲମ ଷ୍ଟାଣ୍ଡ ପରି ଦୈନିକ ବ୍ୟବହାରର ପ୍ରବନ୍ଧ ଯୋଗାଇବାରେ ଚତୁର ଅଟନ୍ତି ଶିଙ୍ଗଟି ସୁଗମ ହୋଇ ପଲିସ୍ ହୋଇଛି, ଏବଂ ତା’ପରେ ବିଭିନ୍ନ କରମ୍ସରେ ଆକୃତିର ଶୃଙ୍ଗରେ ନିର୍ମିତ କ୍ରେନ୍, ଲବଷ୍ଟର, ବିଛା ଏବଂ ପକ୍ଷୀମାନେ ଏକ ସୁନ୍ଦରତାରେ ସମାପ୍ତ ସେମାନଙ୍କର ଭୂପୃଷ୍ଠ ଏକ ଗାଢା ସୋବର ଫିଙ୍ଗିଦିଏ ଏବଂ ସମସ୍ତ କଳା ପ୍ରେମୀଙ୍କ ଦୃଷ୍ଟି ଆକର୍ଷଣ କରେ"
train/img_01827.jpg,"ଏଠାରେ ପ୍ରାୟ ୨୨,୦୦୦ଟି ପୁସ୍ତକ ରହିଛି ଏବଂ ଏହା ୫ଟି ଖବାରକାଗଜ ଓ ୪୦ଟି ପତ୍ରିକା ଯୋଗାଏ ।"
train/img_01828.jpg,"ଏହା ପୂର୍ବତଟ ରେଲପଥ ଓ ଦକ୍ଷିଣ ପୂର୍ବ ରେଳପଥଦ୍ୱାରା ସଂଯୁକ୍ତ ହୋଇ ଏଠାରୁ କଲିକତା , ଦିଲ୍ଲୀ , ବାଙ୍ଗାଲୋର , ମୁମ୍ବାଇ ସହ ସଂଯୁକ୍ତ ।"
train/img_01829.jpg,"ଆଉ ଜଣେ ଭାଇ, ଜ୍ୟୋତିନ୍ଦ୍ରନାଥ ସଂଗୀତକାର, ନାଟ୍ୟକାର, ଓ ରଚୟିତା ଥିଲେ ।ତାଙ୍କ ଭଉଣୀ ସ୍ୱର୍ଣ୍ଣ କୁମାରୀ ଦେବୀ ଜଣେ ଔପନାସିକା ଥିଲେ ।"
train/img_01830.jpg,ନାଟୁଆମାନେ ଅଲଗା ଭାବେ ତିଆରି ଅଳଙ୍କାରରେ ସଜାଇ ହୋଇଥାନ୍ତି ।
train/img_01831.jpg,"ଏହି ନୃତ୍ୟରେ ବିଭିନ୍ନ ଦେବାଦେବୀ, ଅସୁର, ପଶୁପକ୍ଷୀମାନଙ୍କ ମୁଖା ବ୍ୟବହାର କରାଯାଇଥାଏ ।"
train/img_01832.jpg,ତତୋ ଦେବଂ କର୍ପୂରାତ୍ରିକଂ ଦଦ୍ୟାତ୍ ।
train/img_01833.jpg,୧୮୪୯ ମସିହା ବେଳକୁ ରାଜାମାନେ ଏଠାରେ ମନ୍ଦିର ପ୍ରତିଷ୍ଠା କରାଇଥିଲେ ।
train/img_01834.jpg,ବର୍ତ୍ତମାନ୍ ଏହି ଜିଲ୍ଲା ର ରାଜା ସାହେବ୍ ଅଛନ୍ତି ଓଡ଼ିଶାର ପୂର୍ବତନ କ୍ୟାବିନେଟ ମନ୍ତ୍ରୀ ତଥା ବ୍ରିଗେଡ଼ିୟର କାମାକ୍ଷା ପ୍ରସାଦ ସିଂଦେଓ ମହାରାଜ ।
train/img_01835.jpg,୨୦୧୧ରେ ପ୍ରାୟ ୧୨ ଲକ୍ଷ ପର୍ଯ୍ୟଟକଙ୍କୁ ଆକର୍ଷିତ କରି ପର୍ଯ୍ୟଟନ ଏକ ପ୍ରମୁଖ ଶିଳ୍ପ ।
train/img_01836.jpg,ଜାନୁଆରୀ ମଧ୍ୟରୁ ମାର୍ଚ୍ଚ ମଧ୍ୟଭାଗ ଯାଏଁ ବସନ୍ତ ଋତୁର ପ୍ରଭାବ ଦେଖାଯାଏ ଓ ତାପମାତ୍ରା ସର୍ବୋଚ୍ଚ ୩୩ ୪ ସେ ରୁ ୨୨ ୨ ସେ ମଧ୍ୟରେ ରହେ ।
train/img_01837.jpg,ମୁଖ୍ୟମନ୍ତ୍ରୀଙ୍କ ପରାମର୍ଶ କ୍ରମେ ରାଜ୍ୟପାଳ ବିଧାନ ସଭାର ଅଧିବେଶନ ସମାପ୍ତି ଘୋଷଣା କରନ୍ତି ।
train/img_01838.jpg,ଆସାମର କାମାକ୍ଷା ମନ୍ଦିର
train/img_01839.jpg,"ଏଗୁଡ଼ିକ ପ୍ରାଚୀନ ଏକାମ୍ରକ୍ଷେତ୍ର (ଆଧୁନିକ ଭୁବନେଶ୍ୱର ନଗର), ଶଙ୍ଖକ୍ଷେତ୍ର (ଆଧୁନିକ ପୁରୀ), ଅର୍କକ୍ଷେତ୍ର (ଆଧୁନିକ କୋଣାର୍କ), ବିରଜାକ୍ଷେତ୍ର (ଆଧୁନିକ ଯାଜପୁର), ଖିଂଚି, ବୌଦ୍ଧ, ଗନ୍ଧରାଡ଼ି, ରାଣୀପୁର ଝରିଆଲ, ନୃସିଂହନାଥ, କୂଆଳ, ବରଗାଁ, ଚଉରାଶି, ନିଆଳି ଏବଂ ପାପଡାହାଣ୍ଡିଠାରେ ଦେଖିବାକୁ ମିଳେ ।"
train/img_01840.jpg,କାରଣ ସେମାନେ ମଧ୍ଯ ସେହି ଏକ ଏବଂ ଅଦ୍ୱିତୀୟ ଆଲ୍ଲାଙ୍କୁ ନିଜର ସର୍ବସ୍ବ ସମର୍ପଣ କରିଥିଲେ ତଥା ସେହି ଆଲ୍ଲାଙ୍କ ପ୍ରଦର୍ଶିତ ମାର୍ଗରେ ନିଜେ ଚାଲିଥିଲେ ଏବଂ ଅନ୍ଯକୁ ଚଳାଇଥିଲେ ।
train/img_01841.jpg,"ଏହାପରେ ଶ୍ରୀମନ୍ଦିର ପ୍ରଶାସନ ତରଫରୁ ଜନୈକ ପଦାଧିକାରୀ, ଶ୍ରୀମନ୍ଦିର କମାଣ୍ଡର, ଆବଶ୍ୟକ ସଂଖ୍ୟକ ପୋଲିସ ଶ୍ରୀନଅର ନିକଟକୁ ଯାଇ ବିଧିବଦ୍ଧ ଭାବରେ ଗଜପତି ମହାରାଜାଙ୍କୁ ଛେରା ପହଁରା ସେବା କରିବା ପାଇଁ ଖବର ପଠାଇଥାନ୍ତି।"
train/img_01842.jpg,ପଦର ଅଙ୍ଗୁଠିକୁ ହସ୍ତରେ ଧରି ମୁଖ ପଦ୍ମରେ ପ୍ରବେଶ କରାଇଛନ୍ତି ।
train/img_01843.jpg,"ଚତୁର୍ଦ୍ଧାମୂର୍ତ୍ତି ନାରାୟଣଙ୍କ ବିଗ୍ରହ କ୍ଷୁଦ୍ର ମନ୍ଦିର ମଧ୍ୟରେ ରହିଛନ୍ତି।କଳା ମୁଗୁନି ପ୍ରସ୍ତରରେ ଶଙ୍ଖ, ଚକ୍ର, ଗଦା ଓ ପଦ୍ମ ଧାରଣ କରିଥିବା ମନୋମୁଗ୍ଧକର ବିଗ୍ରହମାନେ ପୂଜା ପାଉଛନ୍ତି ଓ ଏହି ମନ୍ଦିରର ଆଗରେ ଥିବା ମଣ୍ଡପରେ ଫୁଲହାର ପ୍ରଭୁଙ୍କର ଗୁନ୍ଥାଯାଏ।"
train/img_01844.jpg,କଳ୍ପବଟ/ବାଞ୍ଛା ବଟ
train/img_01845.jpg,ସୂତା
train/img_01846.jpg,"ଆଉ କେତେକ ଯୁଦ୍ଧ କୌଶଳକୁ ମଧ୍ୟ ଖେଳ ଭାବରେ ଖେଳାଯାଉଥିଲା ଯେପରିକିକଳରିପୟୁଟୁ, ମୁଷ୍ଟି ଯୁଦ୍ଦ, ସିଲାମ୍ବ୍ମମ ଓ ମର୍ଦମି, ।"
train/img_01847.jpg,"ଅର୍ଥାତ୍ ମୁଢି ଖାଇବାର ମଜା ଯେପରି ପିଆଜରସୁଣ ସହିତ, ଭାତ ସହିତ ଯେପରି ତରକାରୀ, ସେହିପରି ପ୍ରଥମ ପ୍ରେମର ମଜା ଆଖିଠାର ବା ଆଖି ମିଶାରେ ହୋଇଥାଏ ।"
train/img_01848.jpg,ଝାରସୁଗୁଡ଼ା ସହର ଏହି ଜିଲ୍ଲାର ପ୍ରଶାସନିକ ମୁଖ୍ୟ ସହର ।
train/img_01849.jpg,ନାମର ବିଶେଷତା
train/img_01850.jpg,ଅଗ୍ନିଦଣ୍ଡ
train/img_01851.jpg,କଳିଙ୍ଗରୁ ବାହାରିଥିବା ଏକ ବଣିକଦଳ ଖ୍ରୀ ପୂ ୭୫ରେ ଏଠାରେ ଏକ ଜନବସତି ସ୍ଥାପନ କରିଥିଲେ ।
train/img_01852.jpg,ତତ୍ପରେ ରଥ ଉପରେ ସିଂହାସନ ତଳକୁ ଓହ୍ଲାଇଥାନ୍ତି।
train/img_01853.jpg,ଶ୍ରୀ ନୃସିଂହ ମନ୍ଦିର
train/img_01854.jpg,"ଶ୍ରୀଜଗନ୍ନାଥଙ୍କ ରଥର ୧୬ ଚକ ଷୋଳକଳାର, ବଳଭଦ୍ରଙ୍କର ୧୪ ଚକ ଚତୁର୍ଦ୍ଦଶ ମନ୍ୱନ୍ତରର ଓ ସୁଭଦ୍ରାଙ୍କ ୧୨ ଚକ ବାରମାସର ଦୃଷ୍ଟି ଆକର୍ଷଣ କରିଥାଏ ।"
train/img_01855.jpg,ହରେକୃଷ୍ଣ ମହତାବଙ୍କଦ୍ୱାରା ୧୯୩୧ ମସିହାରେ ଆଗରପଡ଼ାଠାରେ ଗାନ୍ଧୀ କର୍ମମନ୍ଦିର
train/img_01856.jpg,ବାସ୍ତବିକ ଏହି ଅଣସର ସମୟରେ ପତି ମହାପାତ୍ର ଓ ଦଇତାପତି ସେବକମାନେ ଠାକୁରମାନଙ୍କର ଅତ୍ୟନ୍ତ ଗୋପନୀୟ ନୀତିରେ ଅଂଶଗ୍ରହଣ କରିଥାନ୍ତି।
train/img_01857.jpg,କୋଏଲ
train/img_01858.jpg,ଭାରତ ସଞ୍ଚାର ନିଗମ ଓ ଓର୍ ଟେଲ୍ ଆଦି ସଂସ୍ଥା ବ୍ରଡ୍ ବ୍ୟାଣ୍ଡ ଇଣ୍ଟରନେଟ ସେବା ଯୋଗାଇ ଦେଉଛନ୍ତି ।
train/img_01859.jpg,"ଏହା ବାକି ବେଳାଭୁଇଁଠାରୁ ଅଲଗା, ଏଠାରେ ଲହଡ଼ି କେବଳ ଭୋର ଓ ରାତିରେ ଦେଖିବାକୁ ମିଳେ ।"
train/img_01860.jpg,କିନ୍ତୁ ସହରରେ ଲୋକମାନଙ୍କ ରହିବାସମସ୍ୟା ପାଇଁ ଏହି ଉଦ୍ୟାନର କ୍ଷେତ୍ରଫଳ ହ୍ରାସ ଆଉ ଏହି ଜାତୀୟ ପଶୁମାନେ ଲଗାତାର ହ୍ରାସ ପାଇଯାଉଛନ୍ତି।
train/img_01861.jpg,"ଶାସ୍ତ୍ରରେ ଯଦି ଓ ଉଲ୍ଲେଖ ରହିଛି ଦ୍ୱାଦଶୀ ଦିନମହାପ୍ରଭୁ ନୀଳାଦ୍ରି ବିଜେ କରନ୍ତି, କିନ୍ତୁ ପ୍ରକୃତ ପକ୍ଷେ ଏକାଦଶୀ ଦିନ ସୁନାବେଶ, ଦ୍ୱାଦଶୀରେ ଅଧରପଣା ଓ ତ୍ରୋୟଦଶୀ ତିଥିରେ ନୀଳାଦ୍ରି ବିଜେ ହୋଇଥାଏ।"
train/img_01862.jpg,ଫୁଲବାଣୀ
train/img_01863.jpg,"‘‘ଶୂନ୍ୟେ ହାଁସି ପାଇରେ ମନେ,"
train/img_01864.jpg,ଯାତ୍ରା
train/img_01865.jpg,"ଏହି ଜିଲ୍ଲାର ୨ଟି ସଦର ମହକୁମା , ବାଲେଶ୍ୱର ଓ ନୀଳଗିରି ଓ ୧୨ଟି ବ୍ଲକ ଅଛି ଯାହାସବୁ ଗ୍ରାମାଞ୍ଚଳର ଉନ୍ନତି ସକାଶେ କାମ କରିଥାନ୍ତି, ଖଜଣା ଓ ପ୍ରଶାସନିକ କାରବାର ପାଇଁ ୭ଟି ତହସିଲ ଓ ୨୮୯ ଗ୍ରାମ ପଞ୍ଚାୟତ ଅଛି ।"
train/img_01866.jpg,୭ ମଇ ୨୦୧୭ର ଅଦଳବଦଳ ପରେ ପୁନର୍ଗଠିତ ମନ୍ତ୍ରୀମଣ୍ଡଳ ଓ ସେମାନେ ଦାୟିତ୍ୱ ଗ୍ରହଣ କରିଥିବା ବିଭିନ୍ନ ବିଭାଗ ।
train/img_01867.jpg,୪୯ ଆଲାସ୍କା
train/img_01868.jpg,ବେଢ଼ାର ପତନଠାରୁ ୨୫ ଫୁଟ ଉଚ୍ଚତା ଓ ପଞ୍ଚ ରଥ ବିଶିଷ୍ଟ ଏହି ମନ୍ଦିରଟି ଦେଖିବାକୁ ମିଳେ ।
train/img_01869.jpg,ଓଡ଼ିଶା ଆଦିତ୍ୟ ବିକ୍ରମ ବିର୍ଲା ଏବଂ ଗଗନ ନାରଙ୍ଗ ସୁଟିଂ ଉଚ୍ଚ ପ୍ରଦର୍ଶନ କେନ୍ଦ୍ର ( )
train/img_01870.jpg,"ଏହି କାଳରେ ଇତିହାସ, ସମାଲୋଚନା ସାହିତ୍ୟର ସାହିତ୍ୟ ଲେଖାଗଲା ।"
train/img_01871.jpg,ଗୁରୁର କଥାତେ ବିଶ୍ୱାସ ନା କର
train/img_01872.jpg,ଏହି ଲୋକକଥା ଜନିତ ତଥ୍ୟ ଓ ଲିଖିତ ପ୍ରମାଣର ଅଭାବ ଫଳରୁ ଅନେକ ଐତିହାସିକ ଖାରବେଳଙ୍କୁ ଓଡ଼ିଆ ବଂଶର ବୋଲି ଦାବି କରିଆସିଛନ୍ତି ।
train/img_01873.jpg,ମାଛକାନ୍ଦଣା ଜଳପ୍ରପାତ: ଶିମିଳିପାଳର ସୌନ୍ଦର୍ଯ୍ୟଭରା ଏହି ଜଳପ୍ରପାତଟି ୩ଟି ଜଳପ୍ରପାତର ସମଷ୍ଟି ।
train/img_01874.jpg,ଝାଡ଼ଖଣ୍ଡ (ଅର୍ଥାତ୍ 'ଜଙ୍ଗଲର ଭୂମି') ହେଉଛି ପୂର୍ବ ଭାରତର ଏକ ରାଜ୍ୟ।
train/img_01875.jpg,ସାକ୍ଷରତା ହାର: ୭୪ ୧୩
train/img_01876.jpg,ମଗାଇ ମାଝି
train/img_01877.jpg,"ଅନ୍ତକାଳରେ ପ୍ରାଣବାୟୁ ନଯାଇ କଷ୍ଟ ପାଉଥିବା ଲୋକମାନଙ୍କ ପାଇଁ ନିକଟସ୍ଥ ମୁକ୍ତିଶିଳା ପାଖରେ ହୋମକରି ଉଗ୍ରସେନଙ୍କୁ ପଣା ଭୋଗ ଦେଇ ପ୍ରାଣ ଛାଡୁ ନ ଥିବା ଲୋକଙ୍କୁ ପିଆଇ ଦିଆଯାଏ।""ଉଗ୍ରସେନ ମହାବାହୁ, ସମୁଦ୍ରକୂଳେ ଯିବା ହେଉ""ସ୍ୱର୍ଗଦ୍ୱାରକୁ ଲୋକମାନେ ଶବ ନେଲା ବେଳେ ଉଗ୍ରସେନଙ୍କ ସାମ୍ନା ଦାଣ୍ଡରେ କିଛି ସମୟ କୋକେଇ ରଖି ଏହି ପ୍ରାର୍ଥନା କରିଥାନ୍ତି।ଚତୁର୍ଭୁଜ ଉଗ୍ରସେନ ଉପର ଦୁଇ ହସ୍ତରେ ଶଙ୍ଖ ଚକ୍ର ଧରି ଉଭା ହୋଇଛନ୍ତି।ଉଗ୍ରସେନ କଂସର ଚୌକିଦାର ହୋଇଥିବା ବେଳେ ରାତି ଅଧରେ ବସୁଦେବଙ୍କ ମୁଣ୍ଡ ଉପରେ ଶ୍ରୀକୃଷ୍ଣଙ୍କୁ ଦେଖି ପଚାରିଥିଲେ,"
train/img_01878.jpg,ଏକେଶ୍ୱରବାଦ କଲମା (ଲା ଇଲାହ୍ ଇଲ୍ଲିଲ୍ଲାହ୍ ମହମ୍ମଦ୍ ଉର୍ ରସୂମିଲ୍ଲାହ୍ ଅର୍ଥାତ ଆଲ୍ଲା ଏକ ଏବଂ ମହମ୍ମଦ ତାଙ୍କର ଦୂତ) ପଠନ ।
train/img_01879.jpg,"ଏହା ପ୍ରାଚୀନ ଏବଂ ମଧ୍ୟଯୁଗୀୟ ଦକ୍ଷିଣ ଏସିଆରେ ଏକ ସଂଯୋଗ ଭାଷା ଥିଲା ଏବଂ ପ୍ରାରମ୍ଭିକ ମଧ୍ୟଯୁଗୀୟ ଯୁଗରେ ଦକ୍ଷିଣ ପୂର୍ବ ଏସିଆ, ପୂର୍ବ ଏସିଆ ଏବଂ ମଧ୍ୟ ଏସିଆକୁ ହିନ୍ଦୁ ଏବଂ ବୌଦ୍ଧ ସଂସ୍କୃତି ବ୍ୟାପିବା ପରେ ଏହା ଧର୍ମ ଏବଂ ଉଚ୍ଚ ସଂସ୍କୃତିର ଭାଷା ଏବଂ ଏହି କ୍ଷେତ୍ରରେ ରାଜନୈତିକ ଉଚ୍ଚବର୍ଗଙ୍କ ଭାଷାରେ ପରିଣତ ହୋଇଥିଲା ।"
train/img_01880.jpg,ଲୋକଗୀତ ଓ ଲୋକନାଟ
train/img_01881.jpg,ଏଠାରେ ପ୍ରତ୍ୟେକ ଗୁରୁବାର ଦିନ ଏକ ସାପ୍ତାହିକ ହାଟ ହୋଇଥାଏ ।
train/img_01882.jpg,ଶ୍ଳୋକ ବା ବିଳାପମୂଳକ ଚଉତିଶା
train/img_01883.jpg,ଶ୍ରୀ ବଟ ସର୍ବମଙ୍ଗଳା ଦେବୀ
train/img_01884.jpg,ଓଡ଼ିଶା ବିଧାନ ସଭା ଓଡ଼ିଶାର ରାଜ୍ୟ ବିଧାନ ସଭା ।
train/img_01885.jpg,ଖାଦ୍ୟ
train/img_01886.jpg,"୧ ଗୋପୀନାଥ ପୂଜାପଣ୍ଡା, ୨ ଗୁଣ୍ଡିଚାଘର ମୁକ୍ତି ମଣ୍ଡପ, ୩ ଗୋପାଳ ତୀର୍ଥ ମଠ, ୪ ଶ୍ରୀରାମ ଦାସ ମଠ, ୫ ସରକାରୀ (ରାଘବ ଦାସ), ୬ ଓଡ଼ିଆ ମଠ, ୭ ଜଗନ୍ନାଥ ବଲ୍ଲଭ, ୮ ଗଙ୍ଗାମାତା ମଠ, ୯ ଉତ୍ତର ପାର୍ଶ୍ୱ ମଠ, ୧୦ ସଂକ୍ରାନ୍ତି ମଠ, ୧୧ ରାଧା ବଲ୍ଲଭ, ୧୨ ବିଶୁନି ଜାଗା, ୧୩ ଇନ୍ଦ୍ରାସ୍ୱାମୀ, ୧୪ ଲୋକନି ବାବୁ, ୧୫ ମାଳି ଜେଗା, ୧୬ (କ) ବିମ୍ବଳା ବାବୁ ଓ (ଖ) ସୁନାର ଗୌରାଙ୍ଗ ମଠ ୧୭ ଭାରତୀ କୋଠା, ୧୮ ଜଗନ୍ନାଥ ମିଶ୍ର, ୧୯ ନିମି ଆଖେଡା଼ ,୨୦ ମଣ୍ଡଳ କୋଠା, ୨୧ ଜଗନ୍ନାଥ ବଲ୍ଲଭ ମଠ ପରିସର, ୨୨ ଭିଙ୍ଗାରପୁର, ୨୩ କେନ୍ଦୁଝର କୋଠି, ୨୪ ଅଦ୍ୱୈତ ପ୍ରସାଦ, ୨୫ ନୀଳମଣି ବ୍ରହ୍ମା, ୨୬ ଗଙ୍ଗାଧର ମହାପାତ୍ର, ୨୭ ସାଗର ହରି ପ୍ରତିହାରୀ, ୨୮ ମରିଚ କୋଟ, ୨୯ ବଳରାମ କୋଟ, ୩୦ ଶ୍ରୀରାମ ଦାସ"
train/img_01887.jpg,"""ହେ ଋଷିପୁତ୍ରେ!"
train/img_01888.jpg,ଏହି ଜଳର ଅଧିକାଂଶ ଭାଗ ତୁଳସୀ ଓ ବିହାର ତଥା ଅନ୍ୟ ଉତ୍ତରରେ ଥିବା ହ୍ରଦରୁ ଆସିଥାଏ।
train/img_01889.jpg,ଉମେଶ ଚନ୍ଦ୍ର ସରକାରଙ୍କ ଲିଖିତ ପଦ୍ମମାଳି ଥିଲା ପ୍ରଥମ ସମ୍ପୂର୍ଣ୍ଣ ଓଡ଼ିଆ ଉପନ୍ୟାସ ।
train/img_01890.jpg,ରୋମାନ ସମ୍ରାଟ ତାଇବେରିୟସଙ୍କ ସମୟର ଏକ ମୁଦ୍ରା ଶାଳିହୁନ୍ଦମ୍ ପାଖରେ ଓ ଅନ୍ୟ ସ୍ଥାନମାନଙ୍କରେ ମିଳିଥିବା ରୋମାନ ମୁଦ୍ରାରୁ ରୋମ୍ ସାମ୍ରାଜ୍ୟ ସହିତ ଥିବା ବାଣିଜ୍ୟିକ ସମ୍ପର୍କ ସ୍ପଷ୍ଟ ପ୍ରତିଫଳିତ ହୁଏ ।
train/img_01891.jpg,ପରିଶେଷରେ ୧୮୧୭ ମସିହାରେ ପୂର୍ଣ ରୂପରେ ଜମିଦାରୀ ଉଚ୍ଛେଦ ହେଇ ବ୍ରିଟିଶ ଶାସନାଧୀନ ହେଲା ।
train/img_01892.jpg,ସେଥି ମଧ୍ୟରୁ ୫୫ ୮୭ ଜଣ ପରୁଷ ହୋଇଥିବା ବେଳେ ୪୪ ୧୩ ଜଣ ନାରୀ ଅଟନ୍ତି ।
train/img_01893.jpg,ଏହି ସମୟରେ ଉତ୍କଳ ଭୌମକର ବଂଶଦ୍ୱାରା ଶାସିତ ହେଉଥିଲା ।
train/img_01894.jpg,ଜଣେ ଅନ୍ୟଜଣଙ୍କୁ ଲିଖିତ ଭାବରେ ଜଣାଇ ନିଜ ପଦରୁ ଇସ୍ତଫା ଦେଇଥାନ୍ତି ।
train/img_01895.jpg,ବୟନ ଶିଳ୍ପରେ ପ୍ରସ୍ତୁତ ବସ୍ତ୍ରଗୁଡିକ ସାଧାରଣତଃ ତୁଳାରେ ପ୍ରସ୍ତୁତ ସୂତାରେ ଏବଂ ସିଲ୍କ ସୂତାରେ ତିଆରି କରାଯାଇଥାଏ ।
train/img_01896.jpg,ଓଡ଼ିଶାର ଜଣେ ଶାସକ ବଳୀଙ୍କ ନାମରେ ବାଲି ଦ୍ୱୀପର ନାମକରଣ ମଧ୍ୟ ହୋଇଥାଇପାରେ ।
train/img_01897.jpg,୧୯୪୭ ଖ୍ରୀ - ସ୍ୱାଧୀନ ଭାରତର ଏକ ରାଜ୍ୟ ଭାବେ ଓଡ଼ିଶା ମାନ୍ୟତା-ପ୍ରାପ୍ତ ।
train/img_01898.jpg,ମା କାଳୀ ମନ୍ଦିର ଓଳାଭର
train/img_01899.jpg,ଯେଉଁମାନେ ଧର୍ମାନ୍ତର ହେଉଥିଲେ ସେମାନେ ମନ୍ଦିର ନ ଯାଇପାରି ଅରୁଣ ସ୍ତମ୍ଭରୁ ପତିତପାବନଙ୍କୁ ଦର୍ଶନ କରି ପାରୁଥିଲେ।
train/img_01900.jpg,ଅପିଲ ସମ୍ବନ୍ଧୀୟ ଅଧିକାର କ୍ଷେତ୍ର:
train/img_01901.jpg,ସେଥି ମଧ୍ୟରୁ ୫୨ ୬୧ ଜଣ ପରୁଷ ହୋଇଥିବା ବେଳେ ୪୭ ୩୯ ଜଣ ନାରୀ ଅଟନ୍ତି ।
train/img_01902.jpg,ବିଗତ ବର୍ଷରେ ଦକ୍ଷିଣ ଓଡ଼ିଶାର ସଖୀ ନାଚଦ୍ୱାରା ଏହା ବିଶେଷ ପ୍ରଭାବିତ ହୋଇଛି ଯେଉଁଥିରେ ପୁଅମାନେ ଦେବଦାସୀଙ୍କ ପରି ବେଶପୋଷାକ ପିନ୍ଧି ନାଟ ପ୍ରଦର୍ଶନ କରିଥାନ୍ତି ।
train/img_01903.jpg,(ଡ଼ମକଚ:ନାଗପୁରିଆ)
train/img_01904.jpg,"ବନମାଳୀ ଦାସ, ଗୋପାଳକୃଷ୍ଣ ପଟ୍ଟନାୟକ, ଗୌରଚରଣ ପ୍ରମୁଖ ଗୀତିକାରମାନେ ଏହି କାଳରେ ଅନେକ ଗୀତୀ କବିତା ଓ କାବ୍ୟ ରଚିଯାଇଛନ୍ତି ।"
train/img_01905.jpg,ଇନ୍ଦୋରର ରାଣୀ ଅହଲ୍ୟାବାଈ ପୁରୀ ଯାତ୍ରା କରିବାବେଳେ ଗୋସେଇଁ ଶାଶୁଙ୍କ ନିମିତ୍ତ ଏକ ବଡ଼ ପୋଖରୀ ଖୋଳାଇଥିଲେ।
train/img_01906.jpg,ଛାଞ୍ଚ: -
train/img_01907.jpg,ଏଠାରେ ପ୍ରତିବର୍ଷ ପ୍ରାୟ ୧୬୦ ପ୍ରଜାତିର ସ୍ଥାନୀୟ ଓ ପ୍ରବାସୀ ପକ୍ଷୀଙ୍କ ସମାଗମ ହୋ ଇଥାଏ ।
train/img_01908.jpg,"୨୦୧୧ ଜନଗଣନା ଅନୁସାରେ, ଭଦ୍ରକ ଜିଲ୍ଲାର ମୋଟ ଲୋକସଂଖ୍ୟା ୧୫,୦୬,୫୨୨ ।"
train/img_01909.jpg,"ତନ୍ମଧ୍ୟରୁ ଏକ ଅଦ୍ଭୁତ ମୋହରର ଏକ ପାର୍ଶ୍ୱରେ କୁଷାଣ ରାଜାଙ୍କ ଚିତ୍ର, ବ୍ରାହ୍ମି ଲିପିରେ ଲେଖା ରହିଛି ଓ ଅପର ପାର୍ଶ୍ୱରେ ରୋମାନ ପରି ମୁଣ୍ଡ, ରୋମାନ ଭାଷାର ଲେଖା ରହିଛି ।"
train/img_01910.jpg,"-ପାଣି - କାଞ୍ଜିପାଣି , ବଂଶପାନି , ତପ୍ତପାଣି ଇତ୍ୟାଦି"
train/img_01911.jpg,ଏଥି ଉପରେ ଛନ୍ଦା ପକାଇବ।
train/img_01912.jpg,'ମହାନଦୀ ନଦୀ '
train/img_01913.jpg,"ଖିଜିଙ୍ଗା କୋଟା, ଏବେ ଆଧୁନିକ ଖିଚିଂ ନାମରେ ଜଣାଶୁଣା ।"
train/img_01914.jpg,"ଜଗସିଂହପୁର ସହରର ମୋଟ ୨୧ଟି ୱାର୍ଡରେ ୧,୩୮,୪୦୦।"
train/img_01915.jpg,ବଟ ଗଣେଶ
train/img_01916.jpg,ଉପର କୋଲାବ ଜୈବ ଉଦ୍ୟାନ
train/img_01917.jpg,ସିଂହଳର ତୀର୍ଥଯାତ୍ରୀମାନେ ଭାରତର ବିଭିନ୍ନ ତୀର୍ଥସ୍ଥାନ ଭ୍ରମଣ ବେଳେ କଳିଙ୍ଗର ବନ୍ଦରମାନଙ୍କରେ ଭାରତୀୟ ଭୂଖଣ୍ଡକୁ ପ୍ରବେଶ କରୁଥିବାରୁ କଳିଙ୍ଗ ମଧ୍ୟ ସିଂହଳର ସଂସ୍କୃତି; ବିଶେଷ କରି ବୁଦ୍ଧଘୋଷଙ୍କ ତେରବାଦଦ୍ୱାରା ପ୍ରଭାବିତ ହୋଇଥିଲା ।
train/img_01918.jpg,ଏହି ମଠର ମହନ୍ତ ରଥଯାତ୍ରା ଓ ବାହୁଡା଼ ଯାତ୍ରା ସମୟରେ ଚାମର ଓ ଆଲଟ ସେବା କରିବାର ଅଧିକାର ରହିଛି।
train/img_01919.jpg,ତନ୍ମଧ୍ୟରୁ ୨୪ ଓ ୩୩ ଆସନ ଯଥାକ୍ରମେ ଅନୁସୂଚିତ ଜାତି ( ) ଓ ଅନୂସୂଚିତ ଜନଜାତି ବା ଆଦିବାସୀ ( )ଙ୍କ ପାଇଁ ସଂରକ୍ଷିତ ।
train/img_01920.jpg,ଏଠାରେ ଏବେ ମଧ୍ୟ ଆତଙ୍କବଦୀମାନଙ୍କଦ୍ୱାରା ଆକ୍ରମଣ ସମୟ ସମୟରେ କରାଯାଉଛି।
train/img_01921.jpg,କାକଟପୁର ମଙ୍ଗଳା
train/img_01922.jpg,"ଏହି ପ୍ରବାସୀଙ୍କ ଆଗମନ ସ୍ଥାନୀୟ ମରାଠୀମାନଙ୍କ ମନକୁ ଆଶଙ୍କିତ କରିଲା, ଯେଉଁମାନେ ନିଜର ଭାଷା, ସଂସ୍କୃତି ଓ ବ୍ୟବସାୟକୁ ରକ୍ଷା କରିବାପାଇଁ ଚିନ୍ତିତ ଥିଲେ।"
train/img_01923.jpg,"ଆଧୁନିକ ଯୁଗର ବ୍ୟଙ୍ଗ ଲେଖକ ଗନ୍ତାୟତ ଶିବ ପ୍ରସାଦ, ରାଧୁ ମିଶ୍ର, ଜ୍ଞାନ ହୋତା, ଶ୍ରୀ ସତ୍ୟାନାଶ, ଡ କୁଳାଙ୍ଗାର ପ୍ରମୁଖଙ୍କ ବ୍ୟଙ୍ଗ ରଚନା ଉଲ୍ଲେଖଯୋଗ୍ୟ ।"
train/img_01924.jpg,ପରେ ଏହାର ନାମ ବଦଳାଇ କେନ୍ଦୁଝର ଜିଲ୍ଲା ରଖାଗଲା ।
train/img_01925.jpg,"୧ ସ୍ନାନ ଉତ୍ସବ, ୨ ଅନବସର, ୩ ନବଯୌବନ ଦର୍ଶନ ଓ ନେତ୍ରୋତ୍ସବ, ୪ ଶ୍ରୀଗୁଣ୍ଡିଚା, ୫ ହେରାପଞ୍ଚମୀ, ୬ ଆଡ଼ପ ପର୍ବ, ୭ ବାହୁଡ଼ା ଯାତ୍ରା ଓ ୮ ନୀଳାଦ୍ରି ବିଜେ ।"
train/img_01926.jpg,୧୦୭୮-୧୪୩୪ ଖ୍ରୀ - ଗଙ୍ଗବଂଶର ଅନନ୍ତବର୍ମା ଚୋଳଗଙ୍ଗ ଦେବଙ୍କ ରାଜତ୍ୱ ପ୍ରାରମ୍ଭ ।
train/img_01927.jpg,"ସେତେବେଳେ ଗଙ୍ଗ ବଂଶର ରାଜାମାନେ ଓଡ଼ିଶାରେ ଶାସନ କରୁଥିଲେ , ୭୯୫ ଖ୍ରୀଷ୍ଟାବ୍ଦରେ ୨ୟ ଯଯାତି (ମହାସିବ ଗୁପ୍ତ) ସିଂହାସନ ଆରୋହଣ କରିଥିଲେ ।"
train/img_01928.jpg,ହିନ୍ଦୁଙ୍କ ଚାରିଧାମ ମଧ୍ୟରୁ ଏହା ଅନ୍ୟତମ ।
train/img_01929.jpg,"ତେଲୁଗୁ ଦକ୍ଷିଣ ଭାରତର ବିଭିନ୍ନ ରାଜବଂଶ ଯଥା କାକଟିଆ, ବିଜୟନଗର ସାମ୍ରାଜ୍ୟ, ପୂର୍ବ ଚାଲୁକ୍ୟ, ପୂର୍ବ ଗଙ୍ଗା, କୁତୁବ ସାହି, ମଦୁରାଇ ନାୟକ, ତଞ୍ଜାଭୁର ନାୟକମାନଙ୍କର ଅଦାଲତଭାଷା ଥିଲା ।"
train/img_01930.jpg,ବାରବାଟି ଦୁର୍ଗ
train/img_01931.jpg,(୬) ତତ୍ରୈବ ।
train/img_01932.jpg,ପରବର୍ତ୍ତୀ କାଳର ଇତିହାସ
train/img_01933.jpg,"ବଙ୍ଗଳା ଓ ଇଂରାଜୀ ପଢ଼ିବା ପାଇଁ ଏକ ପଦ୍ଧତି ବାହାର କରିଥିଲେ, ସେ ସମୟରେ ଟାଗୋର ନୈବେଦ୍ୟ (୧୯୦୧)ଓ କ୍ଷେୟ (୧୯୦୬)ରେ ନିଜ ଭାଷାରେ କବିତା ରଚନା କରିଥିଲେ ।"
train/img_01934.jpg,ସେବେଠାରୁ ଏହି ପରମ୍ପରା ଚାଲି ଆସୁଛି ।
train/img_01935.jpg,"୨୦୧୧ ଜନଗଣନାରେ ଭାରତରେ ୨ ୬୩ ନିୟୁତ ଲୋକ ନିଜର ଭାଷା ସମ୍ବଲପୁରୀ ବୋଲି ଘୋଷଣା କରିଥିଲେ, ପ୍ରାୟ ସମସ୍ତେ ଓଡ଼ିଶାର ବାସିନ୍ଦା ଥିଲେ।"
train/img_01936.jpg,ଜ୍ୱରଜ୍ୱର ପ୍ରାନ କାତରେ ।
train/img_01937.jpg,ରଥର ଚକ ଗୁଡ଼ିକ ଲୁହାରେ ତିଆରି କରିଥିଲେ ।
train/img_01938.jpg,୧୫ଶ ଶତାବ୍ଦୀର ଶେଷାର୍ଦ୍ଧରେ ରାଜା ଗୋବିନ୍ଦ ଭଞ୍ଜ ଦକ୍ଷିଣ ଭାଗକୁ ରାଜ୍ୟରେ ମିଶାଇଥିଲେ ।
train/img_01939.jpg,ଖାରବେଳ ଚେଦି ରାଜବଂଶର ବଂଶଧର ଥିଲେ ।
train/img_01940.jpg,ମୁଖ୍ୟନଦୀ
train/img_01941.jpg,ଅଧିକ ଦେଖନ୍ତୁ
train/img_01942.jpg,ନାଭୁଞ୍ଜିବେ ଯମ ଯନ୍ତ୍ରଣା
train/img_01943.jpg,କେଚଲା
train/img_01944.jpg,ନମାଜର ୩ଟି ଅଂଶ ରହିଛି:
train/img_01945.jpg,ରାଷ୍ଟ୍ରପତିଙ୍କ ମଞ୍ଜୁରୀ ପରେ ନିଯୁକ୍ତି ସଂପର୍କିତ ନୋଟିଫିକେସନ ଗେଜେଟରେ ପ୍ରକାଶ ପାଏ ।
train/img_01946.jpg,ଶ୍ରୀ ସରସ୍ୱତୀ
train/img_01947.jpg,ଏହାର ଶିଖର ଦେଶରେ ଏକ ଭେଷଜ ଉପବନ ଓ ପ୍ରମୋଦ ଉଦ୍ୟାନ ମଧ୍ୟ ଥିଲା ।
train/img_01948.jpg,ରାଜୀବ ଗାନ୍ଧୀ ଖେଳରତ୍ନ ଓ ଅର୍ଜୁନ ପୁରସ୍କାର ଭାରତରେ ଖେଳ ନିମନ୍ତେ ଦିଆଯାଉଥିବା ସର୍ବୋଚ୍ଚ ପୁରସ୍କାର।
train/img_01949.jpg,"୨୦୧୧ ଜନଗଣନା ଅନୁସାରେ ଭୁବନେଶ୍ୱର ସହରର ଲୋକସଂଖ୍ୟା ୮,୩୭,୭୩୭ ।"
train/img_01950.jpg,"ବାଲିର ଡାଲଚିନି, ଲମ୍ବା ଗୋଲମରିଚ, ଧଳା ଗୋଲମରିଚ, ଅଳେଇଚ, ମୁକ୍ତା ଓ ମୂଲ୍ୟବାନ୍ ପଥର, ରେଶମ, ଗନ୍ଧକର୍ପୁର, ମହୁମାଛି ଫେଣାର ମହମ ଓ ଚନ୍ଦନ କାଠ କଳିଙ୍ଗର ବ୍ୟବସାୟୀମାନଙ୍କୁ ଆକୃଷ୍ଟ କରୁଥିଲା ।"
train/img_01951.jpg,"ଇଂଲିଶ, ଇର୍ରିସ(ଆୟରଲ୍ୟାଣ୍ଡ), ସ୍କୋଟିଷ୍(ସ୍କଟ୍ ଲ୍ୟାଣ୍ଡ)ଗୀତ ଟାଗୋରଙ୍କୁ ଉଲ୍ଲସିତ ଓ ଗଭୀର ପ୍ରଭାବ ପକାଇଥିଲା ।"
train/img_01952.jpg,"ଲକ୍ଷ୍ମୀ ମନ୍ଦିରର ନାଟ ମଣ୍ଡପର ଉତ୍ତର ପାର୍ଶ୍ୱରେ ନବ ଗ୍ରହ ମନ୍ଦିରରେ ୪ ଫୁଟ୍ ଉଚ୍ଚ କାନ୍ଥକୁ ଲାଗି ରବି, ଚନ୍ଦ୍ର, ମଙ୍ଗଳ, ବୁଧ, ବୃହସ୍ପତି, ଶୁକ୍ର, ଶନି, ରାହୁ ଓ କେତୁ ବିଗ୍ରହ ବିପରୀତ କ୍ରମାନୁଯାୟୀ ପ୍ରତିଷ୍ଠିତ ହୋଇ ଦକ୍ଷିଣରୁ ବାମକୁ ପୂଜା ହେଉଛନ୍ତି।ଏଥିପାଇଁ ଗ୍ରହମାନଙ୍କ ଅବସ୍ଥିତିରେ ବୈଷମ୍ୟ ଉପଲବ୍ଧ କରାଯାଇଥାଏ।ପଥର ପୂର୍ବାଭିମୁଖୀ ନବଗ୍ରହ ବିଗ୍ରହମାନଙ୍କ ବ୍ୟତୀତ ସମଲେଶ୍ୱରୀ, ରାମ, ଲକ୍ଷ୍ମଣ, ସୀତା ଓ ହନୁମାନଙ୍କ ବିଗ୍ରହ ମଧ୍ୟ ପୂଜିତ ହୋଇଥାଏ।"
train/img_01953.jpg,ଘଞ୍ଚ ଅରଣ୍ୟାନି ପରିବେଷ୍ଟିତ ପ୍ରାକୃତିକ ପରିବେଷର ମନୋଜ୍ଞ ଭୂମିରେ ଝୁମର ସଂଗୀତମାନ ଓ ନୃତ୍ୟକୁ ଯେ କେହି ନ ଦେଖିଲେ ତା’ର ମାଦକତାକୁ ଅନୁଭବ କରିପାରିବ ନାହିଁ ।
train/img_01954.jpg,ପଞ୍ଚାୟତ ସମିତିସବୁର ନାମ:
train/img_01955.jpg,"ଏଠାରେ ବିଭିନ୍ନ କିସମର ହରିଣ ସାଙ୍ଗକୁ ହାତୀ, କୁମ୍ଭୀର ଆଦି ୧୮ ପ୍ରକାରର ୧୮୮ଟି ପଶୁପକ୍ଷୀ ରହୁଛନ୍ତି ।"
train/img_01956.jpg,ହିନ୍ଦୁ ଶବ୍ଦଟି ସିନ୍ଧୁ ନଦୀରୁ ଆସିଅଛି ।
train/img_01957.jpg,ପୁରୁଷ: ୯୧ ୮୪
train/img_01958.jpg,ମଦ୍ୟପ ସ୍ୱାମୀର ଅତ୍ୟାଚାରରେ ସ୍ତ୍ରୀର ବକ୍ତବ୍ୟ ନିମ୍ନୋକ୍ତ ଝୁମରରେ-
train/img_01959.jpg,କାକଟପୁର ମଙ୍ଗଳା
train/img_01960.jpg,ଆଧ୍ୟାତ୍ମିକ ଚେତନା ଭିତରେ ସେ ତଥ୍ୟ ଓ ତତ୍ତ୍ୱର ସନ୍ଧାନ କରିଛି ।
train/img_01961.jpg,ଚେନ୍ନାଇର ପୂର୍ବ ନାମ ମାଡ୍ରାସ ଥିଲା।
train/img_01962.jpg,ପରେ ପରେ ଐରଖାରବେଳ ଭୁବନେଶ୍ୱରକୁ ନିଜ ରାଜଧାନୀ ରୂପେ ଗ୍ରହଣ କରି ନେଇଥିଲେ ।
train/img_01963.jpg,ମିଟର (୧୩୮ ୪ କି ମି ) ରାସ୍ତା ଅଛି।
train/img_01964.jpg,ଓଡ଼ିଶୀ ଭାରତରେ ପ୍ରଚଳିତ ଓ ଓଡ଼ିଶାରୁ ଆରମ୍ଭ ହୋଇଥିବା ଏକ ଶାସ୍ତ୍ରୀୟ ନୃତ୍ୟ ଓ ସଙ୍ଗୀତ ପରମ୍ପରା ।
train/img_01965.jpg,"ବିଭିନ୍ନ ସ୍ଥାନରେ ଆନ୍ଦୋଳନ, ରେଳରୋକ, ବିକ୍ଷୋଭ ଆଦି ସରକାରଙ୍କ ଉପରେ ଚାପ ପକାଇଥିଲା ।"
train/img_01966.jpg,ମହାପୁରୁଷ ଅଚ୍ୟୁତାନନ୍ଦଙ୍କ ରଚିତ ଗୋପାଳଙ୍କ ଉଗାଳରେ ଗୂଢ଼ ଆଧ୍ୟାତ୍ମିକ ପ୍ରଶ୍ନର ସରଳ ଉତ୍ତର ରସମୟ ସଙ୍ଗୀତ ଛନ୍ଦରେ ବେଶ୍ ଉପଭୋଗ୍ୟ।
train/img_01967.jpg,ଆଷାଢ ମାସ ଚତୁର୍ମାସ୍ୟା ବ୍ରତର ପ୍ରଥମ ମାସ ।
train/img_01968.jpg,ସରକାରୀ ବିଭାଗ ଓ ଯୋଜନା
train/img_01969.jpg,"ଯେପରି ଆଷାଢ଼ ଶୁକ୍ଳ, ମୁନିବାର ବାଣୀ ଆଦି, କିନ୍ତୁ ଏହିସବୁ ରଚନା ଆଜି ଯାଏଁ ମିଳିନାହିଁ ।"
train/img_01970.jpg,"ସ୍ଥାନବାଚକ - 'ର' ବଦଳରେ 'ରେ', ଉତ୍ତରରେ - ଜବାବର ( ), ଜଙ୍ଗଲରେ - ବଣର ( )"
train/img_01971.jpg,ଆହୁରି ଦେଖନ୍ତୁ
train/img_01972.jpg,ଭୁବନେଶ୍ୱର ଏବଂ କଟକ ଏକାସାଙ୍ଗେ ଓଡ଼ିଶାର ଯମଜ ନଗର ବା ଦୈତ ସ ହ ର ଭାବେ ଜଣାଶୁଣା ।
train/img_01973.jpg,"ଭାରତର ସମାଜିକ ବ୍ୟବସ୍ଥାରେ ଦଳିତମାନେ ନିମ୍ମନତ୍ତର/ଅବହେଳିତ,ଭଗବାନଙ୍କ ପୂଜା ସ୍ଥାନରେ, ଓ ବିଭିନ୍ନ କାର୍ଯ୍ୟରେ ଯୋଗ ଦେବାପାଇଁ ଦଳିତମାନଙ୍କୁ ଅନୁମତି ମିଳେନି, ସେ କେରଳର ଗୁରୁବାରୀ ମନ୍ଦିରକୁ ଦଳିତ ଲୋକମାନଙ୍କୁ ଯିବା ଅନୁମତି ପାଇଁ ଅଧିକାରୀଙ୍କ ପାଖରେ ସେ ଅନୁରୋଧ/ଅପିଲ କରିଥିଲେ।"
train/img_01974.jpg,ଐତିହାସିକ କାଶୀପ୍ରସାଦ ଜୟସ୍ୱାଲ ଓ ରାଖାଲ ଦାସ ବାନାର୍ଜୀଙ୍କ ଅନୁସାରେ ୧୭ ଧାଡି ବିଶିଷ୍ଟ ହାତୀଗୁମ୍ଫା ଶିଳାଲେଖର ପାଲି/ସଂସ୍କୃତାନୁବାଦ ଅଭିଲେଖ ଏହିପରି
train/img_01975.jpg,କନ୍ନଡ଼ ଭାଷା କର୍ଣ୍ଣାଟକର ମୂଖ୍ୟ ଭାଷା ଓ ଦକ୍ଷିଣ ଭାରତ କେତେକାଂଶରେ ବ୍ୟବହୃତ ଭାଷା ।
train/img_01976.jpg,ଉନବିଂଶ ଶତାବ୍ଦୀର ଶେଷ ଭାଗଠାରୁ ବିଂଶ ଶତାବ୍ଦୀର ମଧ୍ୟଭାଗ ପର୍ଯ୍ୟନ୍ତ ବୈଜ୍ଞାନିକ ଅନୁସନ୍ଧାନରେ ଆମେରିକା ଅଗ୍ରଣୀ ରହିଆସିଛି।
train/img_01977.jpg,"ମହେଶ୍ୱର ମହାନ୍ତି: ରାଜସ୍ୱ, ବିପର୍ଯ୍ୟୟ ପ୍ରଶମନ"
train/img_01978.jpg,ଶ୍ରୀ ପ୍ରତାପ ବଳଭଦ୍ର ଭଞ୍ଜ (୧୭୬୪-୧୭୯୨ ଅଥବା ୧୭୬୨-୧୭୯୭)
train/img_01979.jpg,ପୁରୁଷ: ୭୧ ୫୫
train/img_01980.jpg,ଲୋକ ନାଟକର ସୃଷ୍ଟି ଉତ୍ସ ସମ୍ପର୍କରେ କେତେଗୁଡିଏ ତଥ୍ୟ ହେଲା ।
train/img_01981.jpg,ସେ ତାରିଖରେ ଆଜି ପର୍ଯ୍ୟନ୍ତ ଶୋକ ବ୍ୟକ୍ତ କରାଯାଉଛି ।
train/img_01982.jpg,ସତ୍ୟପୀର ପାଲା
train/img_01983.jpg,ଏହାର ଉଚ୍ଚତା ୩୦ ମିଟର ।
train/img_01984.jpg,ଆର ଜେ ସ୍କୁଲ ଅଫ ମାନେଜମେଣ୍ଟ - -
train/img_01985.jpg,ସେରୀକଲଚର
train/img_01986.jpg,"ଛ ବର୍ଷରୁ କମ: ୧,୬୪,୩୮୮"
train/img_01987.jpg,ବାଲେଶ୍ୱର ରେଳ ଷ୍ଟେସନ ଚେନାଇରୁ କଲିକତା ଯାଏଁ ଲମ୍ବିଥିବା ଦକ୍ଷିଣ-ପୂର୍ବ ରେଳପଥରେ ପଡେ ।
train/img_01988.jpg,ଓଡ଼ିଶାର ଅଧିକାଂଶ ଗ୍ରାମ ଗୁଡିକରେ ହିଁ ବୁଣାକାର୍ଯ୍ୟ କରାଯାଏ ।
train/img_01989.jpg,ତାହା ମଧ୍ୟରୁ ଚନ୍ଦ୍ରିକା ଦେବୀଙ୍କର ୧୨୭୮ ଖ୍ରୀଷ୍ଟାବ୍ଦରେ
train/img_01990.jpg,ଏଥି ଉପରେ ପାରାଭାଡି ଭୂଇଁ ୩ ଚଉଠ ୮ଅଙ୍ଗୁଳରେ ଚଉତାଳ କରି ବସାଇବ।
train/img_01991.jpg,ଗଙ୍ଗ ବଂଶ ପରେ କ୍ଷମତାରେ ଥିବା ସୂର୍ଯ୍ୟବଂଶଜ ଗଜପତି ରାଜା (୧୪୩୫-୧୫୪୧ ଖ୍ରୀ ଅ )ମାନେ ମଧ୍ୟ କଟକକୁ ନିଜ ରାଜଧାନୀର ମାନ୍ୟତା ଦେଇଥିଲେ ।
train/img_01992.jpg,"ଛ ବର୍ଷରୁ କମ: ୭୬,୫୩୬"
train/img_01993.jpg,ଉତ୍ତରରେ ମହାନଦୀ ଓ ଅନୁଗୋଳ ଜିଲ୍ଲା
train/img_01994.jpg,"ଏତଦ୍ ବ୍ୟତୀତ ଜଗବନ୍ଧୁ ସିଂହ, ଗୌରୀଶଙ୍କର ରାୟ, ନୀଳମଣି ବିଦ୍ୟାରତ୍ନ, ବିଶ୍ୱନାଥ କର ପ୍ରଭୃତି ସାହିତ୍ୟିକ ଗଦ୍ୟ, ପ୍ରବନ୍ଧ, ଉପନ୍ୟାସ, କବିତା, ନାଟକ ଓ ସମ୍ବାଦ ମାଧ୍ୟମରେ ଓଡ଼ିଆ ସାହିତ୍ୟର ପ୍ରସାର କରିଥିଲେ ।"
train/img_01995.jpg,ଜବାହରଲାଲ ନେହେରୁ ଇନଡୋର୍ ଷ୍ଟାଡ଼ିୟମ ( )
train/img_01996.jpg,ଦଣ୍ଡନାଚ ଓଡ଼ିଶାର ଏକ ପ୍ରାଚୀନ ଓ ପାରମ୍ପରିକ ନାଚ ।
train/img_01997.jpg,ଖ୍ରୀ ଅ ୩ ଯ ଶତାବ୍ଦୀରେ କଳିଙ୍ଗର ରାଜା ବାଲୁକେଶ୍ୱରଙ୍କ ସମୟରେ ସଧବପୁଅମାନେ ବାଲି ଦ୍ୱୀପ ସହିତ ଯେତେବେଳେ ବେପାର ବଣିଜ କରୁଥିଲେ ସେତେବେଳେ ମଧ୍ୟ ଏହାର ନାମ ବାଲେଶ୍ୱର ଥିଲା ।
train/img_01998.jpg,ଇଂରେଜ ପ୍ରଶାସକ ଜନ୍ ବିମସ୍ (୧୮୬୯-୧୮୭୭)ଙ୍କଦ୍ୱାରା ରଚିତ ପୁସ୍ତକର ୩୨୩ ପୃଷ୍ଠାର ଶେଷଭାଗରେ ବର୍ଣ୍ଣିତ ତଥ୍ୟ ଅନୁଯାୟୀ ଜଗନ୍ନାଥ ରଥରେ ବସିଯିବାର ବଡ଼ ଉତ୍ସବ ଦିନ ରାଜା ମନ୍ଦିର ଆଗରେ ଥିବା ପାହାଚକୁ ସୁନାର ପହଁରାରେ ଓଳାନ୍ତି ।
train/img_01999.jpg,ଜୟଦେବ (୧୧୧)
train/img_02000.jpg,ଏତଦ୍ ବ୍ୟତୀତ ସେନାପଟା ଲାଗି ନୀତି ପାଇଁ ମଠ ଶୁକ୍ଳ ସଜ ଯୋଗାଇଥାନ୍ତି।
train/img_02001.jpg,ଅପିଜୟ ସୁରେନ୍ଦ୍ର ଗ୍ରୁପ ଓ ଭାରତ ସିପୟାର୍ଡ ଲିମିଟେଡ୍ ଏହି ଆଧୁନିକତମ ଜାହାଜ ତିଆରି କାରଖାନାକୁ ୨୨୦୦କୋଟି ଟଙ୍କାର ପୁଞ୍ଜି ବିନିଯୋଗ କରି ମିଳିତ ଭାବେ ଗଢିବେ।
train/img_02002.jpg,"ବ୍ଳକ: (୧୦): ୧ ବାଲିଅନ୍ତା, ୨ ବାଲିପାଟଣା, ୩ ଜଟଣି, ୪ ଭୁବନେଶ୍ୱର, ୫ ବାଣପୁର, ୬ ବେଗୁନିଆ, ୭ ବୋଲଗଡ଼, ୮ ଚିଲିକା, ୯ ଖୋର୍ଦ୍ଧା ସଦର ଓ ୧୦ ଟାଙ୍ଗୀ ୤"
train/img_02003.jpg,ଓଡ଼ିଶା ଇତିହାସରେ ଏହାକୁ ସୁବର୍ଣ୍ଣ ଯୁଗ ବୋଲି କୁହାଯାଇଥାଏ ।
train/img_02004.jpg,", , :// / / / , , , , ୧ , , :// / / / , , , /"
train/img_02005.jpg,"ରାଧାନାଥ ରାୟ,"
train/img_02006.jpg,ମୋଟ ଉପରେ ଏଠାରେ ସନ୍ଧ୍ୟା ଶବ୍ଦର ଅର୍ଥ ଅନ୍ତିମ ବୋଲି ବୁଝିବାକୁ ହେବ ।
train/img_02007.jpg,ବନ୍ଦର ଓ ବେଳାଭୂମି
train/img_02008.jpg,ପ୍ରଚଳିତ ପ୍ରଥାନୁଯାୟୀ ଦେବୀ ସୁଭଦ୍ରାଙ୍କ ରଥ ସର୍ବ ପ୍ରଥମେ ଟଣା ହୋଇଥାଏ।
train/img_02009.jpg,"ବିଜ୍ଞାନ, ପ୍ରଯୁକ୍ତିବିଦ୍ୟା ଏବଂ ଶକ୍ତି"
train/img_02010.jpg,ନାରାୟଣ ଚନ୍ଦ୍ର ସାହୁ : ତବଲା
train/img_02011.jpg,ପାଲିଙ୍କି ଆନନ୍ଦବଜାରସ୍ଥିତ ଚାହାଣୀ ମଣ୍ଡପକୁ ନିଆଯାଏ।
train/img_02012.jpg,ଅର୍ଥନୈତିକ ବ୍ୟବସ୍ଥା
train/img_02013.jpg,"ମହାବିଦ୍ୟାଳୟ ଓ ସ୍ୱାସ୍ଥକେନ୍ଦ୍ର, ପୁରୀ"
train/img_02014.jpg,ସଂହଳର ରାଜା ବିଜୟବାହୁ (ଖ୍ରୀ ୧୦୫୫-୧୧୧୦) କଳିଙ୍ଗ ରାଜକନ୍ୟାଙ୍କୁ ବିବାହ କରିଥିଲେ ।
train/img_02015.jpg,"ଏହାଛଡା ବର୍ମା, ଶ୍ରୀଲଙ୍କା ଓ ଫିଲିପାଇନସରେ ମଧ୍ୟ ଏମାନେ ଦେଖିବାକୁ ମିଳନ୍ତି ।"
train/img_02016.jpg,"ତେଣୁ ଏ ସବୁ ଭିତରେ ବି ପଶ୍ଚିମବଙ୍ଗ, ଝାଡ଼ଖଣ୍ଡ, ଆସାମ, ବିହାର ଆଦି ପ୍ରଦେଶମାନଙ୍କରେ ରଚିତ ଝୁମରକୁ ଉପେକ୍ଷା କରାଯାଇ ନ ପାରେ ।"
train/img_02017.jpg,"ବ୍ୟୁରୋର ଯୁକ୍ତରାଷ୍ଟ୍ରର ଜନସଂଖ୍ୟା ଘଣ୍ଟା ଅନୁଯାୟୀ, ୨୮ ଜାନୁୟାରୀ ୨୦୨୧ ସୁଦ୍ଧା, ଆମେରିକାର ଜନସଂଖ୍ୟା ପ୍ରତି ୧୦୦ ସେକେଣ୍ଡରେ ଜଣେ ବ୍ୟକ୍ତିଙ୍କ ମୋଟ ଲାଭ ଥିଲା।"
train/img_02018.jpg,ଏହା ସହରର ପୁରାତନ ଓ ସମୃଦ୍ଧ ସାହିତ୍ୟାନୁଷ୍ଠାନ।
train/img_02019.jpg,ଏଥିରେ ସବୁ ଦ୍ୱୀପପୁଞ୍ଜକୁ ପରସ୍ପରସହ ଯୋଡିବା ମୁଖ୍ୟ ଲକ୍ଷ୍ୟ ଥିଲା।
train/img_02020.jpg,ଥାଇଲ୍ୟାଣ୍ଡ ବାର୍ଷିକ ୧୦୫ ବିଲିୟନ ଆମେରିକୀୟ ଡଲାରରୁ ଅଧିକ ମୂଲ୍ୟର ସାମଗ୍ରୀ ଏବଂ ସେବା ରପ୍ତାନି କରେ।
train/img_02021.jpg,ପଛରେ ତିନି ରଥକୁ ଟାଣୁଥିଲେ ଭକତମାନେ ।
train/img_02022.jpg,ଜିଲ୍ଲାର ପ୍ରଥମ ଅବସ୍ଥାର ଇତିହାସ ଏ ଯାଏଁ ସଂପୂର୍ଣ୍ଣ ସ୍ପଷ୍ଟ ନୁହେଁ ।
train/img_02023.jpg,ଓଡ଼ିଶାର ଅଭିବୃଦ୍ଧି ହାର ଜାତୀୟ ହାରାହାରିରୁ ଅଧିକ ।
train/img_02024.jpg,ଭାଜପା- ୧ ବିଜଦ-୯
train/img_02025.jpg,ସେକାଳର ମୁସଲମାନ ଶାସନ କାଳରେ ପରଦା ପ୍ରଥାର କଠୋରତା ହେତୁ ମାହାରୀ ଓ ଦେବଦାସୀଙ୍କ ନାଟରେ ବାଧା ପଡ଼ିଥିଲା ଯାହା ଏହି ନାଟର ବିକାଶକୁ ବାଧ୍ୟ କରିଥିଲା ।
train/img_02026.jpg,ସରକାରଙ୍କର ନୀତିକୁ କାର୍ଯ୍ୟକାରୀ କରିବାପାଇଁ ମନ୍ତ୍ରାଳୟ ଅଧିନରେ ଦୁଇପ୍ରକାରର କାର୍ଯ୍ୟାଳୟ ରହିଥାଏ ସଂଲଗ୍ନ ଓ ଅଧିନସ୍ଥ ।
train/img_02027.jpg,ମକାରେ ଲଦା ବୋଇତମାନଙ୍କର ଚିତ୍ର ଅଙ୍କିତ ହୋଇଥିବା ପୋଡାମାଟିର ସିଲ୍-ମୋହର ବନଗଡ ଓ ଚନ୍ଦ୍ରକେତୁଗଡରୁ ଉଦ୍ଧାର କରାଯାଇଛି ।
train/img_02028.jpg,"ଫକିର ତାମସା : ଜଣେ ମୁସଲମାନ ଫକିରଙ୍କର କାହାଣୀ, ଯେ ବିଭିନ୍ନ ସ୍ଥାନ ଭ୍ରମଣ କରି ଅନେକ କଥା ଶିଖିଛନ୍ତି ଓ ପରିଶେଷରେ ନିଜ ପତ୍ନୀ ସହିତ ମିଳିତ ହୋଇଛନ୍ତି।"
train/img_02029.jpg,ସମ୍ବଲପୁରରେ ରଥଛିଆଁ ଗୋଟିଏ ଅଲଗା ଓ ନିଆରା ପରମ୍ପରା ।
train/img_02030.jpg,"ପିଢି ପିଢି ଧରି ଓଡ଼ିଶାର ଅଧିକାଂଶ ଗ୍ରାମ ନିଜ ଅଞ୍ଚଳର ପ୍ରସିଦ୍ଧ ବୟନ କଳାକୁ ପରମ୍ପରା, ବୃତ୍ତି ତଥା ରୋଜଗାର ଭାବରେ କରି ଆସୁଛନ୍ତି ।"
train/img_02031.jpg,"ଦକ୍ଷିଣ କାଳୀ ପୀଠ, ବୀରନରସିଂହପୁର ।"
train/img_02032.jpg,ସେଠାରୁ ବ୍ରହ୍ମାଙ୍କୁ ନେଇ ଆସିଥିଲେ ।
train/img_02033.jpg,ମକାରେ ଲଦା ବୋଇତମାନଙ୍କର ଚିତ୍ର ଅଙ୍କିତ ହୋଇଥିବା ପୋଡାମାଟିର ସିଲ୍-ମୋହର ବନଗଡ ଓ ଚନ୍ଦ୍ରକେତୁଗଡରୁ ଉଦ୍ଧାର କରାଯାଇଛି ।
train/img_02034.jpg,ରଥ ଚକଡା଼ରେ ଛେରା ପହଁରା ସମ୍ପର୍କୀୟ ଏକ ବିବରଣୀ ମିଳୁଅଛି।
train/img_02035.jpg,ସେହି ଅଞ୍ଚଳରେ ବାସ କରୁଥିବା ଆଦିବାସୀ ତଥା ଅନ୍ୟ ସମ୍ପ୍ରଦାୟର ଲୋକମାନେ ପୂଜା ପାର୍ବଣ ଓ ଅନ୍ୟ ମେଳା ମଉଛବରେ ଏହି ନାଚ କରିଥାନ୍ତି ।
train/img_02036.jpg,"ଏପରିକି ଚୈତନ୍ୟ ମହାପ୍ରଭୁଙ୍କ ତିରୋଧାନର ୮୦ବର୍ଷ ପରେ କୃଷ୍ଣ ଦାସ କବିରାଜ ଗୋସ୍ୱମୀଙ୍କ ପ୍ରଣୀତ ଶ୍ରୀଚୈତନ୍ୟ ଚରିତାମୃତ ଗ୍ରନ୍ଥରେ ଛେରା ପହଁରା ସମ୍ପର୍କରେ ଉଲ୍ଲେଖ ଅଛି ଯେ,"
train/img_02037.jpg,"ବ୍ରହ୍ମପୁର ବିଶ୍ୱବିଦ୍ୟାଳୟ,ବ୍ରହ୍ମପୁର (ସ୍ଥାପିତ ୧୯୬୭)"
train/img_02038.jpg,ଶ୍ରୀଚୈତନ୍ୟଙ୍କ ପାଦୁକା ନିକଟସ୍ଥ କୁଆଁସ ଗ୍ରାମରେ ଏବେ ବି ପୂଜା ପାଉଛି।
train/img_02039.jpg,"ସନ୍ଧ୍ୟା ପ୍ରକୃତି : ‘ବସି ସନ୍ଧ୍ୟା ସମୀରନେରେ, କାନ୍ଦେ ଶ୍ରୀମତୀ ସୁନ୍ଦରୀ"
train/img_02040.jpg,"ତିନୋଟି ରାଜ୍ୟ ଏବଂ ଚାରିଟି ଆମେରିକୀୟ ଅଞ୍ଚଳ ହାୱାଇ (ହାୱାଇ), ଆଲାସ୍କା (କୋଡ଼ିଏଟି ଦେଶୀୟ ଭାଷା), ଦକ୍ଷିଣ ଡାକୋଟା (ସିଓକ୍ସ) ଇଂରାଜୀ ବ୍ୟତୀତ ସ୍ଥାନୀୟ କିମ୍ବା ସ୍ୱଦେଶୀ ଭାଷାକୁ ସ୍ୱୀକୃତି ଦେଇଛନ୍ତି ପୁଏର୍ତୋ ରିକୋ (ସ୍ପାନିଶ୍), ଗୁଆମ୍ (ଚାମୋରୋ), ଏବଂ ଉତ୍ତର ମାରିଆନା ଦ୍ୱୀପପୁଞ୍ଜ (କାରୋଲିନିଆନ୍ ଏବଂ ଚାମୋରୋ) ଭାଷାକୁ ସ୍ୱୀକୃତି ଦେଇଛନ୍ତି ପୁଏର୍ତୋ ରିକୋରେ ଇଂରାଜୀ ଅପେକ୍ଷା ସ୍ପାନିଶ୍ ଅଧିକ କଥିତ ନିମ୍ନ ସାରଣୀରେ କିଛି ମୁଖ୍ୟ ଭାଷାର ବ୍ୟବହାରକାରୀ ସଂଖ୍ୟା ଦିଆଗଲା।"
train/img_02041.jpg,ସ୍ୱାୟତ ଶାସନ ପ୍ରସଙ୍ଗରେ ସର୍ବପ୍ରଥମେ କେନ୍ଦ୍ରାପଡ଼ାରେ ତା ୧୦ ୦୩ ୧୮୬୯ ମସିହାରେ ମୁନିସିପାଲିଟି ସ୍ଥାପିତ ହୋଇଥିଲା ।
train/img_02042.jpg,"ଭଣ୍ଡାରଘରଣୀ ମନ୍ଦିର, ନବରଙ୍ଗପୁର"
train/img_02043.jpg,ଗୁଣ୍ଡିଚାଘର ବା ଗୁଣ୍ଡିଚା ମନ୍ଦିର
train/img_02044.jpg,"୨୦୧୧ ଜନଗଣନା ଅନୁସାରେ, କେନ୍ଦ୍ରାପଡ଼ା ଜିଲ୍ଲାର ମୋଟ ଲୋକସଂଖ୍ୟା ୧୪,୩୯,୮୯୧ ।"
train/img_02045.jpg,"ନୁଆପଡା ଜିଲ୍ଲାର ସୀମା ଉତ୍ତର, ପଶ୍ଚିମ ଏବଂ ଦକ୍ଷିଣରେ ଛତିଶଗଡ଼ର ରାୟପୁର ଜିଲ୍ଲା ସହିତ ଏବଂ ପୂର୍ବରେ ଓଡିଶାର ବରଗଡ଼, ବଲାଙ୍ଗିର ଏବଂ କଳାହାଣ୍ଡି ଜିଲ୍ଲା ସହିତ ସୀମା ମିଶିଛି ।"
train/img_02046.jpg,"ଖଣ୍ଡଗିରିର ଗୁମ୍ଫାଗୁଡ଼ିକ ମଧ୍ୟରୁ ଅନନ୍ତଗୁମ୍ଫା, ନବମୁନି ଗୁମ୍ଫା, ବାରଭୁଜି ଗୁମ୍ଫା ଓ ଲଲାଟେନ୍ଦୁକେଶରୀ ଗୁମ୍ଫା ଦଶମ-ଏକାଦଶ ଶତାବ୍ଦୀରେ ଖୋଦିତ ହୋଇଥିବା ପ୍ରମାଣ ମିଳେ ।"
train/img_02047.jpg,କରମଣ୍ଡଳ ଉପକୂଳରେ ୩ ମାଇଲ୍ସର ଆୟତନ ପରିମିତ ଏକ ଅଞ୍ଚଳକୁ ତତ୍କାଳୀନ ନାୟକ ଶାସକଙ୍କଠାରୁ କିଣି ଏହାର ନାମକରଣ କରିଥିଲେ ।
train/img_02048.jpg,ଅଶୋକ ପଣ୍ଡା: ସଂସ୍କୃତି ଓ ପର୍ଯ୍ୟଟନ ବିଭାଗ
train/img_02049.jpg,"ମହିଳା: ୭,୪୫,୯୩୧"
train/img_02050.jpg,ବହୁ ଅନୁସନ୍ଧିତ୍ସୁ ଏହାର ପ୍ରସାର-ପ୍ରଚାରରେ ମଧ୍ୟ ମନୋନିବେଶ କରିବାର ଦୃଷ୍ଟିଗୋଚର ହେଉଛି ।
train/img_02051.jpg,"ବିଜ୍ଞାନ, ପ୍ରଯୁକ୍ତିବିଦ୍ୟା ଏବଂ ଶକ୍ତି"
train/img_02052.jpg,"ଧୀରେ ଧୀରେ ନୂଆ ସଚିବାଳୟ ଭବନ, ଓଡ଼ିଶା ବିଧାନ ସୌଧ, ଡାକସେବା ଭବନ, ରାଜ୍ୟ ସଂଗ୍ରହାଳୟ ଭବନ, ରାଜଭବନ ଆଦି ସ୍ଥାପିତ ହୋଇହେଲା ।"
train/img_02053.jpg,ଏହି ଦୁଇ ଯାତ୍ରାରେ ସର୍ବ ମୋଟ ଛଅ ଥର ପହଣ୍ଡି ହୋଇଥାଏ।
train/img_02054.jpg,ତାଙ୍କ ସାମ୍ରାଜ୍ଯ ମୌର୍ଯ୍ୟ ରାଜବଂଶ ପ୍ରତିଷ୍ଠାତା ଚନ୍ଦ୍ରଗୁପ୍ତ ମୌର୍ଯ୍ୟଙ୍କ ସାମ୍ରାଜ୍ଯଠାରୁ ମଧ୍ଯ ବଡ଼ ଥିଲା ।
train/img_02055.jpg,"ଗାରୋ ପାହାଡ଼ ବିଭାଗ, ମେଘାଳୟ"
train/img_02056.jpg,ଆଚାର୍ଯ୍ୟ ବରଣ କରିବେ ।
train/img_02057.jpg,"ଭାରତର ଏକ ଶାସ୍ତ୍ରୀୟ ଭାଷା ଭାବରେ ସ୍ୱୀକୃତିପ୍ରାପ୍ତ , ଓଡ଼ିଆର ଏକ ଅବିଚ୍ଛିନ୍ନ ସାହିତ୍ୟିକ ପରମ୍ପରା ଅଛି , ଯାହାର ଶିଳାଲେଖ ହଜାର ବର୍ଷରୁ ଅଧିକ ପୁରୁଣା ।"
train/img_02058.jpg,ପଶ୍ଚିମରେ: ନୟାଗଡ଼ ଜିଲ୍ଲା
train/img_02059.jpg,ପୁରୁଷ: ୬୫ ୫୮
train/img_02060.jpg,ମୂଳରୁ ହିଁ କେନ୍ଦୁଝରଗଡ଼ ଏହାର ସଦରମହକୁମା ରହି ଆସିଛି ।
train/img_02061.jpg,ବନ୍ଦେ ଉତ୍କଳ ଜନନୀ
train/img_02062.jpg,ଆଞ୍ଚଳିକ ଭାଷାରେ ଏହାକୁ ମୋଟାବାଜ୍ ନା ଓ ସରୁବାଜ୍ ନା କୁହାଯାଏ ।
train/img_02063.jpg,ରଥଯାତ୍ରା ଓ ନୀଳାଦ୍ରି ବିଜେ ପହଣ୍ଡି ସମୟରେ ମଠ ତରଫରୁ ଶ୍ରୀମନ୍ଦିରର ଭିତର ବେଢା଼ରେ ଠାକୁରମାନଙ୍କ ଉଦ୍ଦେଶ୍ୟରେ ପନ୍ତି ଭୋଗ କରାଯାଇଥାଏ।
train/img_02064.jpg,ଏହାର ଦ୍ୱିତୀୟ ଦିନରେ ମିଥୁନ ମାସର ଆରମ୍ଭ ଓ ଏହା ପରେ ବର୍ଷା ଋତୁ ଆରମ୍ଭ ହୁଏ ।
train/img_02065.jpg,ଭୁବନେଶ୍ୱରକୁ ସହର ଭାବେ ଶ୍ରେଣୀବିଭକ୍ତ କରାଯାଇଛି ।
train/img_02066.jpg,ଦକ୍ଷିଣ-ପୂର୍ବ ଏସିଆରେ ମଧ୍ୟ ସମାନ ଭାବେ ମୌସୁମୀ ବାୟୁ ପ୍ରବାହିତ ହୋଇଥାଏ ।
train/img_02067.jpg,ନମାଜ ପଢ଼ିବା ସମୟ
train/img_02068.jpg,"ଭୁବନେଶ୍ୱର, ସମଗ୍ର ପୂର୍ବ ଭାରତରେ ଏକ ବଡ଼ ଶିକ୍ଷା କେନ୍ଦ୍ର ଭାବରେ ଉଭା ହୋଇଛି ।"
train/img_02069.jpg,"ଗୁଳିଗୋଳା କାରଖାନା , ବଡମାଳ, ବଲାଙ୍ଗିର"
train/img_02070.jpg,ଭୁବନେଶ୍ୱର
train/img_02071.jpg,"ଟି ସି ଏସ , କଳିଙ୍ଗ, ଭୁବନେଶ୍ୱର"
train/img_02072.jpg,"ପୁରୁଷ: ୬,୧୭,୬୦୧ (୮୬ ୬୩ )"
train/img_02073.jpg,ଏହି ସନ୍ଥଙ୍କ ମନେ ପକାଇବାପାଇଁ ଗାଁଟିର ନାମ ସନ୍ଥିଆ ହୋଇଛି।
train/img_02074.jpg,ମା କାଳୀତ୍ରା ପୀଠ - ବାରିକପୁର
train/img_02075.jpg,"ମହିଳା: ୧୭,୪୨,୮୨୭"
train/img_02076.jpg,ସମୁଦ୍ର ପତନଠାରୁ ଏହା ୯୫୮ ଫୁଟ ଉଚ୍ଚତାରେ ରହିଛି ।
train/img_02077.jpg,କେତେଗୁଡ଼ିକ ମର୍ମସ୍ପର୍ଶୀ ଜୀବନ ଦର୍ଶନ ଧର୍ମୀ ଝୁମର ଗୀତକୁ ଏଠାରେ ଉଦାହରଣ ଭାବରେ ଲକ୍ଷ୍ୟ କରାଯାଇପାରେ ।
train/img_02078.jpg,"ମୁଖଶାଳା ବା ବିମାନ, ଜଗମୋହନ ବା ନାଟ ମଣ୍ଡପ।୪ହସ୍ତ ଓ ତ୍ରିଚକ୍ଷୁ ୫ ଫୁଟ୍ଉଚ୍ଚତା ବିଶିଷ୍ଟ ବିଗ୍ରହ ( ପ୍ରଭା ବା ସିଂହାସନ ସହ ୬ ଫୁଟ୍)ଙ୍କ ଦକ୍ଷିଣ ପାର୍ଶ୍ୱରେ ମାୟା ଓ ବାମ ପାର୍ଶ୍ୱରେ ଛାୟା ଦେବୀ ଅବସ୍ଥିତା।ଆଦି ଶଙ୍କରାଚାର୍ଯ୍ୟଙ୍କଦ୍ୱାରା ଷଷ୍ଠ ଶତାବ୍ଦୀରେ ଦେବୀ ବିଗ୍ରହ ପ୍ରତିଷ୍ଠା ହୋଇଥିବା କୁହାଯାଇଛି।ଷୋଡ଼ଶ ମାତୃକା ଓ ଯୋଗିନୀଙ୍କର ୪୪ଟି ଚିତ୍ର ନାଟ ମଣ୍ଡପ କାନ୍ଥରେ ଚିତ୍ରିତ ହୋଇଛି ।"
train/img_02079.jpg,କଥିତ ସାହିତ୍ୟ ଓ ଲିଖିତ ସାହିତ୍ୟ ।
train/img_02080.jpg,ଭାରତ ସମ୍ବନ୍ଧରେ ମନ୍ତବ୍ୟ
train/img_02081.jpg,ଏହିପରି ୭ ଜଣ ରାଜା ଭାନୁ ବାସୁଦେବ ନାମରେ ରାଜୁତି କରିବା ପରେ କପିଳେଶ୍ୱର ଦେବ ହେରା ଯାତ୍ରାରେ ବିଧାନକୁ ଆଟୋପରେ କରାଇଲେ ।
train/img_02082.jpg,"୧୮୦୦ ଦଶକର ମଧ୍ୟଭାଗରୁ ଶେଷ ପର୍ଯ୍ୟନ୍ତ, ରୋମାଣ୍ଟିକ୍ ଯୁଗର ଜନ୍ ଫିଲିପ୍ ସୋସା ଅନେକ ସାମରିକ ଗୀତ ରଚନା କରିଥିଲେ - ବିଶେଷତଃ ମାର୍ଚ୍ଚ - ଏବଂ ଏହାକୁ ଆମେରିକାର ସର୍ବଶ୍ରେଷ୍ଠ ରଚନା ଭାବରେ ପରିଗଣିତ କରାଯାଇଥିଲା"
train/img_02083.jpg,"ବରଗଡ଼ ଜିଲାର ଦୁଇଟି ସଦର-ମହକୁମା, ବରଗଡ଼ ଓ ପଦମପୁର ଓ ୧୨ଟି ପଞ୍ଚାୟତ ସମିତି (ବ୍ଲକ) ଅଛି ।"
train/img_02084.jpg,ମୋଟ ଉପରେ ଏଠାରେ ସନ୍ଧ୍ୟା ଶବ୍ଦର ଅର୍ଥ ଅନ୍ତିମ ବୋଲି ବୁଝିବାକୁ ହେବ ।
train/img_02085.jpg,ପଞ୍ଚଦଶ ଶତାବ୍ଦୀର ସାରଳା ଦାସ ଓଡ଼ିଆ ସାହିତ୍ୟର ଆଦିକବି ରୂପେ ସ୍ୱୀକୃତ ।
train/img_02086.jpg,ଏହି ସମୟରେ ନଅଜଣ ଲେଖକଙ୍କ ଦେଇ ଲେଖା ବାସନ୍ତି ଉପନ୍ୟାସ ଏକ ସାହିତ୍ୟରେ ଏକ ନୂତନ ପରୀକ୍ଷା ।
train/img_02087.jpg,ଗୋପୀ ଓ ଗୋପର ରକ୍ଷକ ରୂପେ ଗୋପେଶ୍ୱର ଉଭା ହୋଇଥିଲେ ।
train/img_02088.jpg,ଏହି ଜିଲ୍ଲା ଅନ୍ତର୍ଗତ ୫ଟି ବିଧାନ ସଭା ନିର୍ବାଚନ ମଣ୍ଡଳୀ ହେଲା:
train/img_02089.jpg,"ଶ୍ରୀମନ୍ଦିରର ପରମ୍ପରା ଅନୁଯାୟୀ ଭୋଗରେ ଦେଶୀଆଳୁ, କଖାରୁ, କଞ୍ଚା କଦଳୀ, ପଣସ, ମୂଳା, ପୋଟଳ, ଶିମ୍ବ, କାଙ୍କଡ଼, ଜହ୍ନି, ବାଇଗଣ, ସାରୁ, କନ୍ଦମୂଳ, ଅଦା, ଧନିଆପତ୍ର, ନଡ଼ିଆ ପ୍ରଭୃତି ଡାଲମା ଓ ତରକାରୀ ଇତ୍ୟାଦିରେ ବ୍ୟବହୃତ ହୋଇଥାଏ ।"
train/img_02090.jpg,"ଯଦିଓ ଏହାର ବ୍ୟାପକ ସୀମା ରହିଛି, ତଥାପି ଆଲୋଚନାର ସରଳୀକରଣ ନିମନ୍ତେ, ଓଡ଼ିଆ, ମୈଥିଳୀ ଆଦି ଭାଷାରେ ପରିଦୃଷ୍ଟ କୁର୍ମାଳି ଝୁମର ଗୀତଗୁଡ଼ିକୁ ପ୍ରସଙ୍ଗକ୍ରମେ ଗ୍ରହଣ କରାଯାଇଛି ।"
train/img_02091.jpg,୨୦୦୯ ମସିହାରେ ଓଡ଼ିଶା କର୍ପୋରେଟ ନିବେଶ ଉପରେ ଆସୋକମ୍ ( ) ଇନଭେଷ୍ଟମେଣ୍ଟ ମିଟର ( ) ଅଧ୍ୟୟନର ବିଶ୍ଳେଷଣ ଅନୁଯାୟୀ ଗୁଜରାଟ ସହିତ ପ୍ରଥମ ଏବଂ ଆନ୍ଧ୍ରପ୍ରଦେଶ ତୃତୀୟ ସ୍ଥାନରେ ଥିଲା ଦେଶରେ ମୋଟ ବିନିଯୋଗରେ ଓଡ଼ିଶାର ଅଂଶ ୧୨ ୬ ପ୍ରତିଶତ ଥିଲା।
train/img_02092.jpg,ଓଜନ ୩୦୦ କିଲୋଗ୍ରାମ।
train/img_02093.jpg,ଏହା ଚାଷର ଆରମ୍ଭକୁ ସୂଚାଇଥାଏ ।
train/img_02094.jpg,ମୁଖ୍ୟମନ୍ତ୍ରୀଗଣ
train/img_02095.jpg,କାରଣ ସେମାନେ ମଧ୍ଯ ସେହି ଏକ ଏବଂ ଅଦ୍ୱିତୀୟ ଆଲ୍ଲାଙ୍କୁ ନିଜର ସର୍ବସ୍ବ ସମର୍ପଣ କରିଥିଲେ ତଥା ସେହି ଆଲ୍ଲାଙ୍କ ପ୍ରଦର୍ଶିତ ମାର୍ଗରେ ନିଜେ ଚାଲିଥିଲେ ଏବଂ ଅନ୍ଯକୁ ଚଳାଇଥିଲେ ।
train/img_02096.jpg,କୀର୍ତ୍ତନ ଧ୍ୱନିରେ ପାପ କ୍ଷୟ ହୁଏ ଏବଂ ଶ୍ରୋତା ତଥା ଗାୟକମାନଙ୍କ ତଳ ଓ ଉପର ସାତପୁରୁଷ ଉଦ୍ଧାର ପଆନ୍ତି ।
train/img_02097.jpg,ଶ୍ରୀଗୁଣ୍ଡିଚା ପୂର୍ବ ଦିନ ମଠ ତରଫରୁ ଜଗନ୍ନାଥ ଓ ବଳଭଦ୍ରଙ୍କ ପହଣ୍ଡିରେ ଆବଶ୍ୟକ ଦୁଇ ଗୋଟି ବିଜେ ତୁଳୀ ଦିଆଯାଏ।
train/img_02098.jpg,ମହାରାଜା କୃଷ୍ଣଚନ୍ଦ୍ର ଗଜପତି ଭେଷଜ ମହାବିଦ୍ୟାଳୟ
train/img_02099.jpg,ଉପଖଣ୍ଡ (ସବ୍ ଡିଭିଜନ): (୨ଟି): କୋରାପୁଟ ଓ ଜୟପୁର
train/img_02100.jpg,କଳିଙ୍ଗରୁ ବାହାରିଥିବା ଏକ ବଣିକଦଳ ଖ୍ରୀ ପୂ ୭୫ରେ ଏଠାରେ ଏକ ଜନବସତି ସ୍ଥାପନ କରିଥିଲେ ।
train/img_02101.jpg,ଶ୍ରବନେ ନା ଶୁନବେଦ ନାହିଁ ମାନ
train/img_02102.jpg,"ଏହି ବସ୍ତ୍ର ଗୁଡିକର ରଙ୍ଗ ସାଧାରଣତଃ କଳା, ଧଳା , ସବୁଜ , ନାରଙ୍ଗୀ, ନୀଳ, ମାଟିଆ, ହୋଇଥାଏ ।"
train/img_02103.jpg,ଅନେକ ଜାତୀୟ ଏବଂ ଅନ୍ତର୍ଜାତୀୟ ମ୍ୟାଚ୍ ମାନ ଏହି ଷ୍ଟାଡିୟମରେ ଖେଳାଯାଇସାରିଛି ।
train/img_02104.jpg,ତେବେ ଏହା ଗଞ୍ଜାମ ଜିଲ୍ଲାର ପାରଳାଖେମୁଣ୍ଡି ଉପଖଣ୍ଡରେ ନାମିତ ଥିଲା ।
train/img_02105.jpg,ଏହି ପୌରାଣିକ ଚଉତିଶା ଗୁଡ଼ିକରେ ନାନାଦି ପୌରାଣିକ ଓ ବାସ୍ତବ ଘଟଣାର ବର୍ଣ୍ଣନା କରାଯାଇଥାଏ ।
train/img_02106.jpg,ଯାନବାହନ
train/img_02107.jpg,କଳିଙ୍ଗର ତୀର୍ଥଯାତ୍ରୀମାନେ ବୌଦ୍ଧସ୍ତୁପ ଓ ଦନ୍ତାବଶେଷର ଦର୍ଶନ କରିବା ପାଇଁ ସିଂହଳ ଅଭିମୁଖେ ଯାତ୍ରା କରୁଥିଲେ ।
train/img_02108.jpg,ଏହି ପକ୍ଷୀ ମୁଖ୍ୟତଃ ଭାରତୀୟ ଉପମହାଦେଶରେ ଦେଖିବାକୁ ମିଳିଥାଏ ।
train/img_02109.jpg,ଶ୍ରୀ ଅଷ୍ଟଶମ୍ଭୁ
train/img_02110.jpg,ଦେବଦାସୀମାନେ ନିଜକୁ ଭଗବାନଙ୍କ ପତ୍ନୀ ହିସାବରେ ଆଜୀବନ ସମର୍ପଣ କରିଥାନ୍ତି ଓ ଭଗବାନଙ୍କ ସେବା ନିଷ୍ଠାର ସହ ପାଳନ କରିଥାନ୍ତି ।ପର୍ବ ପର୍ବାଣି ସମୟରେ ଏହି ଦେବଦାସୀମାନେ ଭଗବାନଙ୍କ ସମ୍ମୁଖରେ ନୃତ୍ୟ କରିଥାଆନ୍ତି ।ଯଦିଓ ବାହାର ନାର୍ତକୀମାନେ ମଧ୍ୟ ଏହି ମାହାରୀ ନୃତ୍ୟ ମଣ୍ଡପ ମାନଙ୍କରେ ପରିବେଷଣ କରିଥାନ୍ତି ଏହି ନୃତ୍ୟ ପ୍ରଥମରୁ ଦେବଦାସୀ ବ ମାହାରୀ ମାନଙ୍କଦ୍ୱାରା ମନ୍ଦିରରେ କରାଯାଉଥିଲା ।
train/img_02111.jpg,"ଖ୍ରୀଷ୍ଟାବ୍ଦ ଦ୍ୱିତୀୟ ଶତାବ୍ଦୀ ବେଳକୁ କାଲାଇମ୍ୟୋ, ଆରାକାନ୍ ନଦୀ ଉପତ୍ୟକାସ୍ଥ ଅଞ୍ଚଳ ଓ ମର୍ତ୍ତବାନ୍ ଚତୁଃପାର୍ଶ୍ୱର ପେଗୁ ଅଞ୍ଚଳ କଳିଙ୍ଗଦ୍ୱାରା ଶାସିତ ହେଉଥିଲା ।"
train/img_02112.jpg,"ସେ ତାଙ୍କ ସାଙ୍ଗ, ତାଙ୍କ ସ୍ପର୍ଶ, ଏବଂ ପୃଥିବୀ ପୃଷ୍ଟ/ଧରିତ୍ରୀ ମାର ଶେଷ ଭଲ ପାଇବା ଚାହୁଁଥିଲେ।ମୁଁ ମୋ ଜନ୍ମଦିନ ମଝିରେ ହଜିଯାଇଛି ।"
train/img_02113.jpg,କପାଳରେ ଟିକିଲି/କୁକଙ୍କୁମରେ ନାରୀମାନଙ୍କ ପରି ଚନ୍ଦନରେ ପାରମ୍ପାରିକ ଅଙ୍କନ କରିଥାନ୍ତି ।
train/img_02114.jpg,ଇନଫର୍ମମେସନ ଟେକନୋଲଜି (ଆଇ ଟି )
train/img_02115.jpg,"ମାଝି (ଓ ଲାହଣ୍ଡା) ପାକିସ୍ତାନରେ ପାର୍ସି ଶବ୍ଦରେ ଅଧିକ ବ୍ୟବହାର କରାଯାଏ ଏବଂ / /, / / ଓ / / ଶବ୍ଦର ଧ୍ୱନିର ବ୍ୟବହାର ବହୁତ ସାଧାରଣ ଥାଏ ।"
train/img_02116.jpg,କଳିଙ୍ଗା ଘାଟି
train/img_02117.jpg,"-ପ୍ରସାଦ - ଦୁର୍ଗାପ୍ରସାଦ , ଜଗନ୍ନାଥପ୍ରସାଦ , କାଳିକାପ୍ରସାଦ ଇତ୍ୟାଦି"
train/img_02118.jpg,ଏହା ଭୁବନେଶ୍ୱରଠାରେ ଅବସ୍ଥିତ ଓ ଏହାର ସଭ୍ୟସଂଖ୍ୟା ୧୪୭ ।
train/img_02119.jpg,ମଦନସୁନ୍ଦର ପାଲା: ରତ୍ନାକର ନାମକ ରାଜାଙ୍କର ଓ ଦୁଇଟି ବଣିକ ସାନନ୍ଦ ଓ ବିନୋଦଙ୍କ ସାନ ଭାଇ ମଦନ ସୁନ୍ଦରତ ଗଳ୍ପ
train/img_02120.jpg,ବିଧାନ ସଭା
train/img_02121.jpg,୮ମ ଶ୍ଳୋକ (ବାରଣାସୀ ପ୍ରକାଶନ)ରେ ମହାନୀଳ ଏକ
train/img_02122.jpg,"ସେ ବୌଦ୍ଧବାଦୀମାନଙ୍କ ପାଇଁ ବୋଧି ବା ଜଣେ ଆଲୋକିତ ଗୁରୁ, ଯେ ତାହାଙ୍କର ଜ୍ଞାନକୁ ଚେତନା ରହିତ ଜନଙ୍କୁ ଅବିଦ୍ୟାର ବିନାଶ କରିବାର ଶିକ୍ଷା ପ୍ରଦାନ କରିଥିବା ଗୁରୁ ଭାବରେ ଜଣା, ଯାହା, ସଂସାରର ଯାବତୀୟ ଦୁଃଖ, କ୍ଲେଷରୁ ତରିବାରେ ଜଣଙ୍କୁ ସହଯୋଗ କରିଥାଏ ।"
train/img_02123.jpg,ଏହା ହୁଗୁଳି ନଦୀର ପୂର୍ବ ତଟରେ ଅବସ୍ଥିତ ।
train/img_02124.jpg,"ବର୍ତ୍ତମାନ୍ ଏହି ଜିଲ୍ଲାରେ ଉତ୍କଳ ଅଲୁମିନା, ଏଲ୍ ଏଣ୍ଡ ଟି ଭଳି କମ୍ପାନି ଅବସ୍ଥାପିତ ।"
train/img_02125.jpg,"ଦ୍ୱିତୀୟ ଅବଦାନ, ଧର୍ମଶାସ୍ତ୍ରର ସଂକଳନ ଯାହ ଏକ ହିନ୍ଦୁ ମୂଳ ଏବଂ ପାରମ୍ପରିକ ଥାଇ ରୀତିନୀତି ଉପରେ ଆଧାରିତ ଏକ ଆଇନଗତ ସଂକଳନ ଧର୍ମଶାସ୍ତ୍ର ଉନବିଂଶ ଶତାବ୍ଦୀର ଶେଷ ପର୍ଯ୍ୟନ୍ତ ଥାଇ ଆଇନର ଏକ ଭାଗ ହୋଇ ରହିଥିଲା।"
train/img_02126.jpg,"ଓଡ଼ିଆ ଲୋକେ ଓଡ଼ିଶାରେ ମୁଖ୍ୟତଃ ସଂଖ୍ୟାଗରିଷ୍ଠ ଭାବେ ବସବାସ କରିବା ଛଡ଼ା ଆନ୍ଧ୍ର ପ୍ରଦେଶ, ଛତିଶଗଡ଼, ଝାଡ଼ଖଣ୍ଡ ଏବଂ ପଶ୍ଚିମ ବଙ୍ଗରେ ଗୁରୁତ୍ୱପୂର୍ଣ୍ଣ ସଂଖ୍ୟାଲଘୁ ଭାବେ ରହନ୍ତି ।"
train/img_02127.jpg,"ୱିପ୍ରୋ ଟେକନୋଲଜି,ଇନ୍ଫୋସିଟି, ଭୁବନେଶ୍ୱର"
train/img_02128.jpg,"ପାଲା ଓଡ଼ିଶାର ଏକ ପାରମ୍ପାରିକ, ପୁରାତନ ଓ ବିଦଗ୍ଧ ଓଡ଼ିଆ ଗୀତି-ଲୋକନାଟ୍ୟ ।"
train/img_02129.jpg,ଯେଉଁଗୁଡ଼ିକ ଆଲୋଚନା ସାପେକ୍ଷ ।
train/img_02130.jpg,ବହୁ ପ୍ରାଚୀନ ସମୟରୁ ରଥତ୍ରୟର ନିର୍ମାଣ ପଦ୍ଧତି ଶିଳ୍ପଶାସ୍ତ୍ରନୁମୋଦିତ।
train/img_02131.jpg,ଉଚ୍ଛ ପ୍ରାଥମିକ ବିଦ୍ୟାଳୟ ସଖ୍ୟା-୩୯୧
train/img_02132.jpg,ଓଡ଼ିଆ ଭାରତର ସରକାରୀ ଭାଷାମାନଙ୍କ ମଧ୍ୟରୁ ଗୋଟିଏ ; ଏହା ଓଡ଼ିଶାର ସରକାରୀ ଭାଷା ଏବଂ ଝାଡ଼ଖଣ୍ଡ ଏବଂ ପଶ୍ଚିମବଙ୍ଗର ଦ୍ୱିତୀୟ ସରକାରୀ ଭାଷା।
train/img_02133.jpg,ପୁରୁଷ: ୬୨ ୬୧
train/img_02134.jpg,ଶ୍ରୀଗୋପୀନାଥ ଓ ରାମଚନ୍ଦ୍ର ମନ୍ଦିର
train/img_02135.jpg,"ଅନ୍ୟାନ୍ୟ ଅଞ୍ଚଳ ପରି ଭଦ୍ରକରେ ଖୁଦୁରୁକୁଣୀ ଓଷା, ଜହ୍ନି ଓଷା, ଅକ୍ଷୟ ତୃତୀୟା, ସାବିତ୍ରୀ ଅମାବସ୍ୟା, ବାଟଓଷା ଆଦି ପାଳନ କରାଯାଏ।"
train/img_02136.jpg,ପାଇକ ଆଖଡ଼ା ମୂଳରୁ ପାଇକ ଶ୍ରେଣୀର ଯୋଦ୍ଧାମାନଙ୍କର ପ୍ରଶିକ୍ଷଣ ବିଦ୍ୟାଳ ୟ ରୂପେ ବ୍ୟବ ହୃତ ହେଉଥିଲା ।
train/img_02137.jpg,"୨୨ ପାହାଚ ତଳକୁ ଗଲେ ୨୦ ଫୁଟ ତଳେ ପାତାଳେଶ୍ୱର ମହାଦେବ ବିଦ୍ୟମାନ ଅଟନ୍ତି।ପୋଖରିଆର ମଧ୍ୟରେ ଅଢ଼େଇ ଫୁଟ୍ ବ୍ୟାସ ବିଶିଷ୍ଟ ଶିବଲିଙ୍ଗ, ଶକ୍ତି ଓ ଶକ୍ତିଙ୍କ ଉପରେ ପାଞ୍ଚଟି ତମ୍ବା ନିର୍ମିତ ସର୍ପ ପୂଜା ପାଉଛନ୍ତି।ଗମ୍ଭୀରାର ପଶ୍ଚିମ କାନ୍ଥକୁ ଲାଗି ୩ ଫୁଟ ଉଚ୍ଚତାର ବଳୀ ମହାରାଜ, ଦେଢ଼ ଫୁଟ୍ ଉଚ୍ଚତାର ଏକ ଭଗ୍ନ ଗଣେଶ ଓ ୨ ଫୁଟ୍ ଉଚ୍ଚତାର କାଳୀୟ ଦଳନ ମୂର୍ତ୍ତି , ଖିଲାଣ ଉପରେ ନବଗ୍ରହ, ରାହୁ ଓ ଶଙ୍କରାଚାର୍ଯ୍ୟ ଆଦିଙ୍କ ମୂର୍ତ୍ତି ଓ ରାମନନ୍ଦୀ ଚିତା ରହିଛି।ଏହାର ବାମରେ କ୍ଷୁଦ୍ର ବୃଷଭ ରହିଛି।ଏହାର ଦୁଇ ପାର୍ଶ୍ୱର କାନ୍ଥରେ ଗଙ୍ଗବଂଶୀ ରାଜା ଅନଙ୍ଗଭୀମ ଦେବଙ୍କ ସାତଟି ଶିଳାଲେଖ ଉଦ୍ଧାର ହୋଇଛି।"
train/img_02138.jpg,"ଏଥିମଧ୍ୟରୁ ରଥଯାତ୍ରା ଗୋଟିଏ ଅଙ୍ଗ, ଗୁଣ୍ଡିଚା ମଣ୍ଡପରେ ବାସ ଦ୍ୱିତୀୟ ଅଙ୍ଗ ଏବଂ ବାହୁଡା଼ ୟାତ୍ରା ପୂର୍ବକ ଶ୍ରୀମନ୍ଦିରକୁ ବାହୁଡା଼ ବିଜେ ପର୍ଯ୍ୟନ୍ତ ତୃତୀୟ ଅଙ୍ଗ ।"
train/img_02139.jpg,ଏହାର ମଝି ଖିଲାଣଟି ବଡ଼ ଓ ଅନ୍ୟ ଖିଲାଣଗୁଡ଼ିକ ଦୁଇପାଖକୁ କ୍ରମାନ୍ୱୟରେ ଛୋଟ ହୋଇଯାଇଛି ।
train/img_02140.jpg,ନୂଆଗଡ଼ ତହସିଲ ଅଧିନରେ: ୧୯ଟି
train/img_02141.jpg,ଓଡ଼ିଶାରେ ଥିବା କ୍ରୀଡ଼ା ଷ୍ଟାଡ଼ିୟମଗୁଡ଼ିକ ମଧ୍ୟରେ ଅନ୍ତର୍ଭୁକ୍ତ :
train/img_02142.jpg,"ରାଧାନାଥ ରାୟ,"
train/img_02143.jpg,"ଏହାର ପ୍ରଜାତିମାନେ ହେଲେ, ବାରଶିଙ୍ଘା, ପାରା ହରିଣ, ଚିତଳ, କୁଟୁରା, କସ୍ତୁରୀ ମୃଗ, ଖୁରାଣ୍ଟ, ସାଙ୍ଗାଇ ହରିଣ, ହାଙ୍ଗଲ।"
train/img_02144.jpg,"ପେଟ୍ରୋଲିୟମ, କେମିକାଲ ଓ ଫର୍ଟିଲାଇଜର ଶିଳ୍ପ"
train/img_02145.jpg,ସ୍ଥାନେ ସ୍ଥାନେ କରୁଣ ଓ ଶାନ୍ତିରସର ପ୍ରୟୋଗ ମଧ୍ୟ ଦେଖାଯାଏ ।
train/img_02146.jpg,ଆଫଗାନ ଶାସନ କାଳରେ ଆଫଗାନୀମାନେ ବାଲେଶ୍ୱର ଦାଖଲ କରି ଶାସନ କରୁଥିଲେ ।
train/img_02147.jpg,କଳାହାଣ୍ଡି ରାଜ୍ୟ
train/img_02148.jpg,"ଏକ ଉଇକିପ୍ରକଳ୍ପ ପୃଷ୍ଠାରେ ସିଧା ଏକ ଜ୍ଞାନକୋଷ ଭିତ୍ତିକ ପ୍ରସଙ୍ଗକୁ ସିଧା ସଳଖ ଲେଖାଯାଏ ନାହିଁ, କିନ୍ତୁ ଏହା ସେହିପରି ପ୍ରସଙ୍ଗମାନଙ୍କର ଲେଖା ଓ ସମ୍ପାଦନାର ପରିଚାଳନା କରିଥାଏ ।"
train/img_02149.jpg,ଅସାର ସଂସାର ନାମ ମାତ୍ର ସାର/ କି ପରିବେ ଜୀବନ ଯୌବନା ।
train/img_02150.jpg,"ଛ ବର୍ଷରୁ କମ: ୨,୭୪,୪୩୨"
train/img_02151.jpg,ବେଲଖଣ୍ଡି ଶୈବପୀଠ
train/img_02152.jpg,ମହିମା ଧର୍ମ
train/img_02153.jpg,ଢେଙ୍କାନାଳ ଓଡ଼ିଶାର ଏକ ପ୍ରଶାସନିକ ଜିଲ୍ଲା ।
train/img_02154.jpg,"ଦାନ, ବ୍ରତ, ତପସ୍ୟା, ଯଜ୍ଞ ଏସମସ୍ତ ଅପେକ୍ଷା ସଙ୍କୀର୍ତ୍ତନ ଅଧିକତମ ଫଳପ୍ରଦ ଓ ମୁକ୍ତିପ୍ରଦ ଅଟେ ।"
train/img_02155.jpg,"ସେଗୁଡ଼ିକ ହେଲା: ରେଖା ଦେଉଳ, ପିଢ଼ା ଦେଉଳ, ଖାଖରା ଦେଉଳ ।"
train/img_02156.jpg,ଅନେକ ଜାତୀୟ ଏବଂ ଅନ୍ତର୍ଜାତୀୟ ମ୍ୟାଚ୍ ମାନ ଏହି ଷ୍ଟାଡିୟମ୍ ରେ ଖେଳାଯାଇସାରିଛି ।
train/img_02157.jpg,ଅନ୍ୟାନ୍ୟ ସେବକ
train/img_02158.jpg,"ବିଭିନ୍ନ ବିଷୟ ଓ ରାଗରାଗିଣୀ ମାଧ୍ୟମରେ ଲୋକ ଜୀବନର ଚଳଣି, ସାମାଜିକ ବିଧିବ୍ୟବସ୍ଥା ଆଦିର ରୂପଛବି ଏଥିରେ ପ୍ରକାଶ ପାଇଥାଏ ।"
train/img_02159.jpg,ଗୁନମନି ଗୁମନମନି ପ୍ରାନ ପାନି ଆୟ
train/img_02160.jpg,ଜନଗଣନା
train/img_02161.jpg,ଅଶୂର ଖୋଲ୍ ଜଳପ୍ରପାତ/ ମକର ମେଳା (ରିମୂଳି)
train/img_02162.jpg,ନମାଜ ପଢ଼ିବା ସମୟ
train/img_02163.jpg,ପ୍ରାକୃତିକ ଗଠନ
train/img_02164.jpg,ଓଡ଼ିଆ ଓ ବଙ୍ଗଳା ସାଙ୍ଗେ ଅସମିୟା ଭାଷାର ଯଥେଷ୍ଟ ସମାନତା ରହିଛି ।
train/img_02165.jpg,"ଗ୍ରାମାଞ୍ଚଳ: ୬,୭୨,୦୦୪"
train/img_02166.jpg,"ଏହି ଭାଷା କହୁଥିବା ଅଧିକାଂଶ ଲୋକ ଭାରତର ଆସାମ, ଓଡ଼ିଶା, ଝାଡ଼ଖଣ୍ଡ, ତ୍ରିପୁରା, ପଶ୍ଚିମବଙ୍ଗ, ବିହାର ଆଦି ରାଜ୍ୟରେ ବସବାସ କରିଥାଆନ୍ତି ।"
train/img_02167.jpg,"ଧର୍ମ ଦେବତାଙ୍କ ନିମନ୍ତେ ପ୍ରାରମ୍ଭରେ ଏହି ମନ୍ଦିର ନିର୍ମାଣ ହୋଇଥିଲା।ଏହି ମନ୍ଦିରରେ ବୈବାହିକ ନିର୍ବନ୍ଧ କାର୍ଯ୍ୟ କରାଯାଇଥାଏ।ଏହି ମନ୍ଦିର ଇନ୍ଦ୍ର ମନ୍ଦିର ନାମରେ ମଧ୍ୟ ସୁପରିଚିତ ଥିଲା।ମାଦଳା ପାଞ୍ଜିରୁ ଜଣାଯାଏ ଯେ, ଭୋଇ ବଂଶର ରାଜା ନରସିଂହ ଦେବ ୧୬୨୨-୧୬୪୪ ଖ୍ରୀଷ୍ଟାବ୍ଦ ମଧ୍ୟରେ କୋଣାର୍କରୁ ସୂର୍ଯ୍ୟ ଚନ୍ଦ୍ରଙ୍କୁ ଆଣି ଏଠାରେ ସ୍ଥାପନା କରିଥିଲେ।୧୬୨୮ ମସିହା ମାର୍ଚ୍ଚ ୧୭ ତାରିଖରେ ଗଜପତି ନରସିଂହ ଦେବ କୋଣାର୍କ ମନ୍ଦିରରୁ ଆଣି ଇନ୍ଦ୍ରଙ୍କ ମନ୍ଦିରରେ ସ୍ଥାପନା କରିଥିଲେ ବୋଲି ଜଣା ପଡିଛି।ଏହି ମନ୍ଦିରଟି ୩ ଭାଗରେ ବିଭକ୍ତ ଯଥା:- ୧) ବିମାନ, ୨) ଜଗମୋହନ, ୩) ନାଟ ମନ୍ଦିର।ଏହି ମନ୍ଦିର ୬୩ ଫୁଟ୍ ଉଚ୍ଚତା ବିଶିଷ୍ଟ ।ଶ୍ରୀମନ୍ଦିର ପରେ ଏହି ମନ୍ଦିରଟି ଅନ୍ୟ ମନ୍ଦିରମାନଙ୍କ ଅପେକ୍ଷାରେ ବଡ଼।ଇନ୍ଦ୍ରଙ୍କ ଅର୍ଦ୍ଧ ଭଗ୍ନ ବିଗ୍ରହ ସୂର୍ଯ୍ୟ ନାରାୟଣଙ୍କ ମଣି ବିଗ୍ରହର ଠିକ୍ ପଛ ପାର୍ଶ୍ୱରେ ଥିବା ଜଣାଯାଏ।ଜଗମୋହନର ମଧ୍ୟ ଭାଗରେ ଏକ ରଥାକୃତି କାଷ୍ଠ ସିଂହାସନରେ ଧାତୁ ନିର୍ମିତ ସୂର୍ଯ୍ୟ ପ୍ରତିମାଙ୍କ ଚଳନ୍ତି ବିଗ୍ରହ ଓ ବାମ ଭାଗରେ ଛାୟା ବିଗ୍ରହ ବା ଉତ୍ତରାୟଣ ବା ଚନ୍ଦ୍ର ବିଗ୍ରହ ବୋଲି କୁହାଯାଏ।ଏଠାରେ ଥିବା ""ଜ୍ୱର ଦେବତା""ଙ୍କ ମଣି ବିଗ୍ରହ ତିନି ମୁଣ୍ଡ, ପାଞ୍ଚ ହାତ ବିଶିଷ୍ଟ ।ରଥ ଉପରେ ""ପଦ୍ମ ମାଧବ"" ବିଗ୍ରହ ରଥାସୀନ ହୋଇଛନ୍ତି।"
train/img_02168.jpg,ଓଡ଼ିଶାର ନାବିକମାନଙ୍କର ସୀମା କ୍ରମଶଃ ସଂକୁଚିତ ହେବାରେ ଲାଗିଲା ।
train/img_02169.jpg,ଏହି ଚାନ୍ଦି ମେଢ଼ରେ ବିପୁଳ ପରିମାଣର ସୁନା ଓ ରୂପା ବ୍ୟବହୃତ ହୋ ଇଥାଏ।
train/img_02170.jpg,ଏହା ଆନ୍ଧ୍ର ପ୍ରଦେଶର ସୀମାକୁ ଲାଗିଛି ।
train/img_02171.jpg,ଆମେରିକୀୟ ବିପ୍ଳବ ତେରଟି କଲୋନୀକୁ ବ୍ରିଟିଶ ସାମ୍ରାଜ୍ୟରୁ ପୃଥକ କରିଥିଲା ଏବଂ ଆଧୁନିକ ଇତିହାସରେ ଏକ ୟୁରୋପୀୟ ଶକ୍ତି ବିରୁଦ୍ଧରେ ଏକ ଅଣ-ୟୁରୋପୀୟ ସଂସ୍ଥାଦ୍ୱାରା ସ୍ୱାଧୀନତାର ପ୍ରଥମ ସଫଳ ଯୁଦ୍ଧ ଥିଲା ଅଷ୍ଟାଦଶ ଶତାବ୍ଦୀ ସୁଦ୍ଧା ଆମେରିକୀୟ ଜ୍ଞାନକୌଶଳ ଏବଂ ଉଦାରବାଦୀତାର ରାଜନୈତିକ ଦର୍ଶନ ନେତାମାନଙ୍କ ମଧ୍ୟରେ ବ୍ୟାପିଗଲା।
train/img_02172.jpg,କଲମା
train/img_02173.jpg,ଏହା ଅତି ପବିତ୍ର ସମୟ ।
train/img_02174.jpg,"; , ୨୦୨୬, ୨୦୨୭ ୨୦୨୮"
train/img_02175.jpg,ମହାସ୍ନାନ ସ୍ନାନ ପୂର୍ଣ୍ଣିମା ଦିନ ସମ୍ପାଦିତ ହୋଇ ଅଣସର ନୀତି ପାଳିତ ହୁଏ ।
train/img_02176.jpg,ଶ୍ରୀଗୁଣ୍ଡିଚା ଓ ବାହୁଡା଼ ଯାତ୍ରାର ଅନ୍ୟତମ ମୂଖ୍ୟ ଆକର୍ଷଣ ହେଉଛି ପୁରୀ ଗଜପତି ମହାରାଜାଙ୍କ ତିନି ରଥ ଉପରେ ଛେରାପହଁରା ସେବା।
train/img_02177.jpg,ଦେବୀ ସର୍ବମଙ୍ଗଳା ଚତୁର୍ଭୁଜା ଓ ତ୍ରିନେତ୍ରୀ ଅଟନ୍ତି ।
train/img_02178.jpg,ଏହା ହିନ୍ଦୁମାନଙ୍କର ପବିତ୍ର ସ୍ଥାନ।
train/img_02179.jpg,ଉକ୍ତ ମନ୍ଦିରର କଳା ଓ ଭାସ୍କର୍ଯ୍ୟ ଖ୍ରୀଷ୍ଟୀୟ ଦ୍ୱିତୀୟ କିମ୍ବା ତୃତୀୟ ଶତକର ବୋଲି କେହି କେହି ପ୍ରତ୍ନତାତ୍ତ୍ୱିକ ପରିଦୃଶ୍ୟମାନ ଭଗ୍ନ ମନ୍ଦିରର ମୂଳଭିତ୍ତିରୁ ଅନୁମାନ କରନ୍ତି ।
train/img_02180.jpg,"ବିଭିନ୍ନ ମଠର ମଠାଧୀଶ, ବ୍ୟକ୍ତିବିଶେଷମାନେ ଚାମର, ଆଲଟ ସେବା କରିବା ସହିତ କେତେକ ନିର୍ଦ୍ଦିଷ୍ଟ ସ୍ଥାନରେ ପନ୍ତି ଭୋଗ ହୋଇଥାଏ।"
train/img_02181.jpg,ଯାହା ଫଳରେ କି ହେରା ପଞ୍ଚମୀର ପ୍ରରଦିନ ପ୍ରଭୁଙ୍କର ଆଜ୍ଞାମାଳ ଦିଆଯାଇ ରଥ ଦକ୍ଷିଣମୋଡ଼ ହୋଇଥାଏ।
train/img_02182.jpg,"ପାରଳାଖେମୁଣ୍ଡି ମହାରାଜା ଶ୍ରୀ କୃଷ୍ଣ ଚନ୍ଦ୍ର ଗଜପତି ନାରାୟଣ ଦେଓ ଜଣେ ବିଚକ୍ଷଣ ତଥା ସର୍ବଗୁଣସମ୍ପନ୍ନ ରାଜା ଥିଲେ , ଯିଏ କି ଓଡ଼ିଶାରେ ପ୍ରାୟତଃ ସାତଶହ ବର୍ଷରୁ ଉର୍ଦ୍ଧ ପ୍ରଭାବ ବିସ୍ତାର କରିଥିବା ଗଜପତି ରାଜବଂଶୀୟ ରାଜା ଥିଲେ ।"
train/img_02183.jpg,"ସାହିତ୍ୟସନ୍ଧ୍ୟା, କବିତା ଆସର, ପ୍ରତିଭାପୂଜା ପରି କାର୍ଯ୍ୟକ୍ରମଗୁଡ଼ିକର ଆୟୋଜନ କରିଥାଏ।"
train/img_02184.jpg,"ପ୍ରମୁଖ ମନ୍ଦିରଗୁଡ଼ିକର ଗଠନ ଶୈଳୀ ସ୍ୱତନ୍ତ୍ର ଓ ""କଳିଙ୍ଗ ଶୈଳୀ"" ନାମରେ ଖ୍ୟାତ ।"
train/img_02185.jpg,ଆମେରିକୀୟ ସଙ୍ଘୀୟ ବ୍ୟବସ୍ଥା ଏହାର ନାଗରିକମାନଙ୍କୁ ଯେ କୌଣସି ଧର୍ମରେ ବିଶ୍ୱାସ କରିବା ଓ ନିଜ ଇଚ୍ଛା ଅନୁସାରେ ଧର୍ମ ପରିବର୍ତ୍ତନ କରିବାକୁ ସ୍ୱାଧୀନତା ଦେଇଥାଏ।
train/img_02186.jpg,ପରମ୍ପରା ଅନୁଯାୟୀ ଏକ ନିର୍ଦ୍ଧିଷ୍ଟ ଉଚ୍ଚତା ଓ ମାପ ଅନୁସାରେ ଏହି ରଥତ୍ରୟର ନିର୍ମାଣ କରାଯାଇଥାଏ।
train/img_02187.jpg,ବାଲିଘାଟ ବନ୍ଦର
train/img_02188.jpg,ଗୁରୁତ୍ୱପୂର୍ଣ୍ଣ କାର୍ଯ୍ୟାଳୟ
train/img_02189.jpg,ବାରବାଟି ଷ୍ଟାଡ଼ିଅମ ( )
train/img_02190.jpg,"ଚତୁର୍ଦ୍ଦିଗରୁ ସ୍ଥଳଭାଗଦ୍ୱାରା ପରିବେଷ୍ଟିତ ଏହି ଜିଲ୍ଲାର ପୂର୍ବରେ ମୟୂରଭଞ୍ଜ ଓ ଭଦ୍ରକ, ଦକ୍ଷିଣରେ ଯାଜପୁର, ପଶ୍ଚିମରେ ଢେଙ୍କାନାଳ ଓ ସୁନ୍ଦରଗଡ ଏବଂ ଉତ୍ତରରେ ଝାଡ଼ଖଣ୍ଡର ପୂର୍ବ ସିଂହଭୂମ ଜିଲ୍ଲାମାନ ଅବସ୍ଥିତ ।"
train/img_02191.jpg,"କେନ୍ଦ୍ରୀୟ ଧାନ ଗବେଷଣା କେନ୍ଦ୍ର, ବିଦ୍ୟାଧରପୁର"
train/img_02192.jpg,ଏହି କଲେଜିମ୍ ଉଚ୍ଚ ନ୍ୟାୟାଳୟ କଲେଜିଅମର ପ୍ରସ୍ତାବଗୁଡ଼ିକ (ଯାହା ଉଚ୍ଚ ନ୍ୟାୟାଳୟର ମୁଖ୍ୟ ବିଚାରପତି ଏବଂ ଦୁଇଜଣ ବରିଷ୍ଠତମ ବିଚାରପତିଙ୍କଦ୍ୱାରା ଚାଳିତ) ପୁନଃସମୀକ୍ଷା କରେ ଏବଂ କାହାକୁ ମୁଖ୍ୟ ବିଚାରପତି ଭାବେ ନିଯୁକ୍ତ କରିବା ଉଚିତ ସେଥିପାଇଁ ଶେଷ ନିଷ୍ପତ୍ତି ନେଉଥାଏ ।
train/img_02193.jpg,ଏହା ଅସମୀୟା ଲିପିରେ ଲେଖା ହୁଏ ।
train/img_02194.jpg,ଧଉଳି ପାହାଡ଼ରେ ଥିବା ଅଶୋକଙ୍କ ସ୍ୱତନ୍ତ୍ର କଳିଙ୍ଗ ଶିଳାଲିପି ନିକଟରେ ପଥର କାନ୍ଥରେ ଖୋଦିତ ହାତୀର ସମ୍ମୁଖ ଭାଗ ଓଡ଼ିଶାର ସର୍ବପ୍ରାଚୀନ ପ୍ରସ୍ତର କଳାକୃତି ମଧ୍ୟରୁ ଅନ୍ୟତମ ।
train/img_02195.jpg,ସେଗୁଡିକ ମଧ୍ୟରୁ ଜଗତ୍ ସିଂହପୁର ପୌର ପରିଷଦଦ୍ୱାରା ପରିଚାଳିତ ଗୋଟିଏ ମାତ୍ର ଅଡିଟୋରିୟମ ଟାଉନ ହଲ୍ ଅଛି ।
train/img_02196.jpg,ବଳଦେବ ଉଚ୍ଚ ବିଦ୍ୟାଳୟ
train/img_02197.jpg,"ହୃଦୟାନନ୍ଦ ନାୟକ ସ୍ମାରକୀ ମହାବିଦ୍ୟାଳୟ, ଚାନ୍ଦୋଳ"
train/img_02198.jpg,ଆଖ୍ ଠାରା ଠାରି ।
train/img_02199.jpg,ଏହି ପରିବର୍ତ୍ତିତ ଶବ୍ଦସବୁ କ୍ରମେ ସଂସ୍କୃତ ଭାଷା ଭଣ୍ଡାରକୁ ଉନ୍ନତ କରିଛି ।
train/img_02200.jpg,ନାମ ବଦଳ
train/img_02201.jpg,ଏଠାରେ ଅନେକ ସ୍ଥାନରୁ ଏହି ଯୁଗର ହାତ ହତିଆର ମିଳିଛି।
train/img_02202.jpg,ବର୍ତ୍ତମାନ ଯାହାକୁ ଶରଧା ବାଲି କୁହାଯାଉଛି ତାହା ପୂର୍ବେ ନଦୀର ଗର୍ଭ ଥିଲା ଏବଂ ଚକ୍ରତୀର୍ଥ ପାଖରେ ଯେଉଁଠି ମାଳିନୀ ନଇ ସମୁଦ୍ର ସହିତ ମିଶିଛି ଏହି ସଙ୍ଗମ ସ୍ଥଳକୁ ବାଙ୍କୀ ମୁହାଣ କୁହାଯାଇଥାଏ ।
train/img_02203.jpg,ସୂର୍ଯ୍ୟ ନାରାୟଣ
train/img_02204.jpg,ପତୋରା
train/img_02205.jpg,"ଏଗୁଡ଼ିକ ପ୍ରାଚୀନ ଏକାମ୍ରକ୍ଷେତ୍ର (ଆଧୁନିକ ଭୁବନେଶ୍ୱର ନଗର), ଶଙ୍ଖକ୍ଷେତ୍ର (ଆଧୁନିକ ପୁରୀ), ଅର୍କକ୍ଷେତ୍ର (ଆଧୁନିକ କୋଣାର୍କ), ବିରଜାକ୍ଷେତ୍ର (ଆଧୁନିକ ଯାଜପୁର), ଖିଂଚି, ବୌଦ୍ଧ, ଗନ୍ଧରାଡ଼ି, ରାଣୀପୁର ଝରିଆଲ, ନୃସିଂହନାଥ, କୂଆଳ, ବରଗାଁ, ଚଉରାଶି, ନିଆଳି ଏବଂ ପାପଡାହାଣ୍ଡିଠାରେ ଦେଖିବାକୁ ମିଳେ ।"
train/img_02206.jpg,ଭୌଗୋଳିକ ସ୍ଥିତି
train/img_02207.jpg,ଜୟଦେବ (୧୧୧)
train/img_02208.jpg,ଫୁଲିଠାରୁ ୧ ଚଉଠ ୨ ଅଙ୍ଗୁଳ ଲେଖାରେ ହଂସପାଦି ପକାଇ ୧ ଚଉଠ ଉଚ୍ଚରେ ଚଢ଼େଇ ଖୋଜ ବସାଇବ।
train/img_02209.jpg,ଧ୍ୱନିବିଜ୍ଞାନ
train/img_02210.jpg,ମୁଢ଼ି ବା ଭୁଜା
train/img_02211.jpg,ପୁରୀ ଧାମ
train/img_02212.jpg,ଖ୍ରୀଷ୍ଟପୂର୍ବ ଷଷ୍ଠ ଶତାବ୍ଦୀରେ ବର୍ଦ୍ଧମାନ ମହାବୀର ଜୈନ ଧର୍ମ ପ୍ରଚାର କରିଥିଲେ ।
train/img_02213.jpg,ତାଙ୍କ ପିତାଙ୍କ ନାମ ଯଶୋବନ୍ତ ଥିଲାବୋଲି ଜଣାଯାଏ।
train/img_02214.jpg,"ଏହା ଛଡ଼ା ଶ୍ରୀଜଙ୍ଗ, ଚଣ୍ଡୀପୁର, ବର୍ଦ୍ଧନପୁର, ବାଙ୍କେଶ୍ୱର ଅଞ୍ଚଳର ବଣକୋଇଲା ନାଟ, ମଙ୍ଗଳପୁର ଓ ଅଭଣାର ଦଧି ନାଟ, ବାଲେଶ୍ୱରର ପଡ଼ିଅଁ, ଶ୍ରୀଜଙ୍ଗର ବହୁରୂପା ନାଟ, ଅନନ୍ତପୁର ଓ ଗୁଡ଼ସିଆଁର ଦାସକାଠିଆ, ଉତ୍ତର ବାଲେଶ୍ୱରର ଲଳିତା ପାଲା ଆଦି ଜନପ୍ରିୟ ।"
train/img_02215.jpg,ଖ୍ରୀ ଅ ୧୭୫୧ରେ ଏହି ଅଞ୍ଚଳ ମରାଠା ମାନଙ୍କ ଅଧୀନକୁ ଆସିଥିଲା ।
train/img_02216.jpg,ଏହା ଭାରତର ପଶ୍ଚିମବଙ୍ଗରେ ଅଛି।
train/img_02217.jpg,ଠାକୁରମାନେ ରଥାରୂଢ଼ ହେବାପରେ ଏହି ସୋଲ ଚିତା ଶ୍ରୀବିଗ୍ରହମାନଙ୍କ ମସ୍ତକରେ ଲଗାଯାଇଥାଏ।
train/img_02218.jpg,ଏହି ନିଗମ ଅଧୀନରେ କଟକ ୫୪ଟି ୱାର୍ଡ ବା ଭାଗରେ ବିଭକ୍ତ ହୋଇଛି।
train/img_02219.jpg,ଶ୍ରୀବିଗ୍ରହମାନଙ୍କ ସମସ୍ତ ବିଜେ ସମୟର ଧାଡି଼ ପହଣ୍ଡି ଓ ବାହୁଡା଼ ବିଜେଗୁଡିକ ସମୟରେ ଗୋଟି ପହଣ୍ଡି ଅନୁଷ୍ଠିତ ହୋଇଥାଏ।
train/img_02220.jpg,"ବଙ୍ଗଳା ଭାଷା (), ଏହାର ଅନ୍ୟନାମ ""ବାଂଲା"" ( : ; ) ନାମରେ ମଧ୍ୟ ପରିଚିତ) ଏକ ଇଣ୍ଡୋ-ଆର୍ଯ୍ୟଗୋଷ୍ଠୀ ଭାଷା ।"
train/img_02221.jpg,"ସେମାନେ ସେମାନଙ୍କର ""ଇଂରାଜୀ ଭାବରେ ଅଧିକାର"" ଏବଂ ""ପ୍ରତିନିଧିତ୍ୱ ବିନା ଟିକସ"" ଦାବି କରିଥିଲେ।"
train/img_02222.jpg,୧୫୧୪ ଖ୍ରୀଷ୍ଟାବ୍ଦରେ ଶ୍ରୀଚୈତନ୍ୟ ପୁରୀରୁ ପ୍ରତ୍ୟାବର୍ତ୍ତନ କରି ବିଦ୍ୟାବାଚସ୍ପତି ନାମକ ଜଣେ ଧର୍ମଯାଜକଙ୍କ ଘରେ ପାଞ୍ଚଦିନ ଅବସ୍ଥାନ କରିଥିଲେ।
train/img_02223.jpg,"ଏହି ଜିଲ୍ଲାରେ ବ୍ରଜରାଜନଗର ଅଞ୍ଚଳରେ ବିପୁଳ କୋଇଲା ଉପଲବ୍ଧ ଥିବା ହେତୁ , ତାହା ସଙ୍ଗେ ସଙ୍ଗେ ହୀରାକୁଦ ଜଳଭଣ୍ଡାରର ଜଳ ଓ ରେଳ ଓ ସଡକ ପଥ ଥିବା କାରଣରୁ ଜିଲ୍ଲାରେ ଅନେକ ଶିଳ୍ପ ପ୍ରତିଷ୍ଟିତ ହେଇଛି ।"
train/img_02224.jpg,ଦଧିନଉତି ୨ ଚଉଠ ଉଚ୍ଚରେ ମାଙ୍କଡ଼ଛନ୍ଦା ଉପରେ କଳସ ଚକ୍ର ପତାକା ହେବ ।
train/img_02225.jpg,କିନ୍ତୁ ସଂଯୁକ୍ତ ମହାରାଷ୍ଟ୍ର ସମିତିର ଆନ୍ଦୋଳନଦ୍ୱାରା ଏହାର ବିରୋଧ କରାଗଲା ଓ ମୁମ୍ବାଇକୁ ମହାରାଷ୍ଟ୍ରର ରାଜଧାନୀ କରିବାକୁ ଦାବି କରାଗଲା।
train/img_02226.jpg,ଜାତୀୟ କବି ବୀରକିଶୋର ମହାବିଦ୍ୟାଳୟ
train/img_02227.jpg,ମହିଳା: ୬୦ ୪୪
train/img_02228.jpg,ପୁରୁଷୋତ୍ତମ ଦେବ ଗଜପତିଙ୍କର କାଞ୍ଚି ଅଭିଯାନରୁ ଅଣାଯାଇଥିବା ସାକ୍ଷୀ ଗୋପୀନାଥଙ୍କ ବିଗ୍ରହ ପ୍ରଥମେ ଏଠାରେ ପୂଜା ପାଇଥିଲେ ।
train/img_02229.jpg,ପୁରୁଷୋତ୍ତମ ଦେବ ଗଜପତିଙ୍କର କାଞ୍ଚି ଅଭିଯାନରୁ ଅଣାଯାଇଥିବା ସାକ୍ଷୀ ଗୋପୀନାଥଙ୍କ ବିଗ୍ରହ ପ୍ରଥମେ ଏଠାରେ ପୂଜା ପାଇଥିଲେ ।
train/img_02230.jpg,କିଛି ଖ୍ରୀଷ୍ଟଧର୍ମୀ ସାନ୍ତାଳ ଅଲ ଚିକି ପରିବର୍ତ୍ତେ ରୋମାନ ଲିପିର ବହୁଳ ପ୍ରସାର କରିବାକୁ ଚେଷ୍ଟା କଲେ ।
train/img_02231.jpg,ଦିନସାରା ସମୁଦ୍ରର ୩-୪ ମାଇଲ ଯାଏଁ କେବେ ଲହଡି଼ ଆସେ ନାହିଁ ।
train/img_02232.jpg,"ଏହି ପ୍ରକଳ୍ପମାନ ଏବେ ଚାଲିଛି, ଯଦି ଆପଣ ଏକ ପ୍ରକଳ୍ପରେ ଭାଗ ନେବାକୁ ଚାହାଁନ୍ତି ତେବେ ସେହି ପ୍ରକଳ୍ପ ପାଖରେ ନିଜ ନାମ ଲେଖନ୍ତୁ ।"
train/img_02233.jpg,ପାଖାପାଖି ୧୯୦୦ ବର୍ଷ ପରେ ଏହା ଆବିଷ୍କାର ହୋଇଥିବାରୁ ଏହି ଶିଳାଲେଖର କିଛି ଅକ୍ଷର ନଷ୍ଟ ବା ଅସ୍ପଷ୍ଟ ହୋଇ ଯାଇଛି ।
train/img_02234.jpg,ଏହି ସମୟରେ ସଂପୂର୍ଣ୍ଣ ଓଡ଼ିଆ କଥାବସ୍ତୁ ସହ ନିଜସ୍ୱ କହାଣୀକୁ ନେଇ ଚଳଚ୍ଚିତ୍ର ପ୍ରସ୍ତୁତ କରାଯାଉଥିଲା।
train/img_02235.jpg,ପ୍ରାକୃତିକ ଗଠନ
train/img_02236.jpg,ଉପକ୍ରମ
train/img_02237.jpg,ବାଚସ୍ପତିଙ୍କର ସ୍ୱତନ୍ତ୍ର ସଚିବାଳୟ ଅଛି ।
train/img_02238.jpg,ବଙ୍ଗୋପସାଗରରୁ ଅବାଧରେ ଜାହାଜଗୁଡ଼ିକ ଏହି ପଥ ଦେଇ ହରିହରପୁର ପର୍ଯ୍ୟନ୍ତ ଯାତାୟତ କରିପାରୁଥିଲା ।
train/img_02239.jpg,"ସରକାରଦ୍ୱାରା ଆରମ୍ଭ କରାଯାଇଥିବା କେତେକ ମୁଖ୍ୟ ଯୋଜନାଗୁଡ଼ିକ ମଧ୍ୟରୁ ମହାତ୍ମାଗାନ୍ଧୀ ବୁଣାକାର ବୀମା ଯୋଜନା, ହସ୍ତତନ୍ତ ଶିଳ୍ପ ଉନ୍ନତୀକରଣ ଯୋଜନା, ଦକ୍ଷତା ବୃଦ୍ଧି ପ୍ରଶିକ୍ଷଣ କାର୍ଯ୍ୟକ୍ରମ, ଟେକନୋଲୋଜି ବୃଦ୍ଧି ଅର୍ଥ ଯୋଜନା ଇତ୍ୟାଦି ଅନ୍ୟତମ।"
train/img_02240.jpg,୭୦୦୦ ଖ୍ରୀ ପୂ ର ମଧ୍ୟ ପ୍ରଦେଶସ୍ଥ ପାଷାଣ ଯୁଗର ଭୀମବେଟକା ଗୁମ୍ଫା ଭାରତରେ ମାନବ ଜୀବନରେ ପ୍ରାଚୀନତମ ପ୍ରମାଣ ।
train/img_02241.jpg,ଏଠାକୁ କଟକ ଓ ଭୁବନେଶ୍ୱରରୁ ମଧ୍ୟ ସହଜରେ ଯାଇହେବ ।
train/img_02242.jpg,ରାଜ୍ୟରେ ୭୨ଟି କ୍ଲଷ୍ଟର ରହିଛି ତନ୍ମଧ୍ୟରୁ କେତେକ ହେଉଛନ୍ତି -
train/img_02243.jpg,ଦ୍ୱାର
train/img_02244.jpg,ଏହି ଗୀତର ପ୍ରତି ପଦର ଆରମ୍ଭ ଓ ଶେଷରେ ଡାଲଖାଇ ଶବ୍ଦ ଥାଏ ଯାହା ଝିଅ ସାଙ୍ଗକୁ ଲକ୍ଷ କରି ବ୍ୟବ ହାର କରାଯାଇଥାଏ ।
train/img_02245.jpg,"ଏହା ଶରୀର ପାଇଁ ବହୁତ ଗରମ,ତେଣୁ ଶୀତ ଦିନେ ଏହାକୁ ଅଧିକ ବ୍ୟବହାର କରାଯାଏ ।"
train/img_02246.jpg,ଉରଜେ କରଜ ମାରି ମଧୁରସ ଖାୟେ ।
train/img_02247.jpg,: : - (୧୪୯ )
train/img_02248.jpg,"ମନ୍ଦିରର ତିନି ପାର୍ଶ୍ୱରେ କାର୍ତ୍ତିକ, ପାର୍ବତୀ ଓ ଗଣେଶଙ୍କ ପରିବର୍ତ୍ତେ ନୃମୁଣ୍ଡମାଳିନୀ ଖଡ୍ଗଧାରିଣୀ ଭୈରବୀ ମୂର୍ତ୍ତିମାନ ରହିଛନ୍ତି ।"
train/img_02249.jpg,କୁର୍ମ ବେଢାର ଉତ୍ତର ପାର୍ଶ୍ୱ ଦ୍ୱାର ନିକଟରେ ପଶ୍ଚିମ ଦିଗକୁ ପୂର୍ବାଭିମୁଖୀ ହୋଇ ବଳୀ ପାତାଳ ମନ୍ଦିର ରହିଛି।ଏହି ମନ୍ଦିରକୁ ଶ୍ରୀପାତାଳେଶ୍ୱର ମନ୍ଦିର ବୋଲି ମଧ୍ୟ କୁହାଯାଇଥାଏ।ଏହା ବେଢାର ପତନଠାରୁ ଅଧେ ଅଂଶ ପୋତି ହୋଇ ରହିଲା ପରି ଲାଗୁଛି।ଏହି ମନ୍ଦିରଟି ରାଜା ଅନଙ୍ଗ ଭୀମ ଦେବ ନିର୍ମାଣ କରିଥିଲେ।ଏହି ମନ୍ଦିରଟି କେବଳ ଗର୍ଭ ଗୃହ ବା ବିମାନ ସମ୍ବଳିତ ମନ୍ଦିର ।ଭଗବାନ ବିଷ୍ଣୁ ବାମନ ଅବତାର ଧାରଣ କରି ନିଜ ପାଦରେ ଚାପି ଦେଇଥିବା ବଳୀ ଏଠାରେ ପାତାଳେଶ୍ୱର ନାମରେ ରହିଛନ୍ତି ଓ ନୀଳଚକ୍ର ପତିତପାବନକୁ ଚାହିଁ ଶ୍ରୀବିଷ୍ଣୁଙ୍କ ସାନିଧ୍ୟ ପାଇଛନ୍ତି ବୋଲି ଲୋକେ ବିଶ୍ୱାସ କରୁଛନ୍ତି।
train/img_02250.jpg,"ତିନି ରଥର ଦଧିନଉତି : ହିରଣ୍ୟଗର୍ଭ, ହିରଣ୍ମୟୀ, ଭୁବନକୋଷ ।"
train/img_02251.jpg,"ଏଥିମଧ୍ୟରୁ ଗ୍ରାମାଞ୍ଚଳରେ ୧୩,୪୨,୦୩୧ ଓ ସହରାଞ୍ଚଳରେ ୭,୩୮,୬୩୩ ଲୋକ ବାସ କରନ୍ତି ।"
train/img_02252.jpg,"ସରସ୍ୱତୀ ଜ୍ଞାନ ମନ୍ଦିର, ନୀଳକଣ୍ଠ ନଗର"
train/img_02253.jpg,ଆଗଙ୍ଗା-ଗୋଦାବରୀ ସାମ୍ରାଜ୍ୟ ।
train/img_02254.jpg,ପରେ ଏହାର ନାମ ବଦଳାଇ କେନ୍ଦୁଝର ଜିଲ୍ଲା ରଖାଗଲା ।
train/img_02255.jpg,"-ପାଟନା - ଭବାନୀପାଟଣା , ମାଣିକପାଟଣା ଇତ୍ୟାଦି"
train/img_02256.jpg,"ଫେରି ଯା, ଯାରେ ଯାରେ କାହ୍ନା ଆଉ ଜଳାନା"
train/img_02257.jpg,କୋଲାବ
train/img_02258.jpg,"୨୦୧୧ ଜନଗଣନା ଅନୁସାରେ, ଦେବଗଡ଼ ଜିଲ୍ଲାର ମୋଟ ଲୋକସଂଖ୍ୟା ୩,୧୨,୧୬୪ ଏଥିମଧ୍ୟରୁ ଗ୍ରାମାଞ୍ଚଳରେ ୨,୮୯,୮୧୪ ଓ ସହରାଞ୍ଚଳରେ ୨୨,୩୫୦ ଲୋକ ବାସ କରନ୍ତି"
train/img_02259.jpg,ସମ୍ଭୋଗ ଓ ବିପ୍ରଲମ୍ଭ ଶୃଙ୍ଗାରର ପ୍ରୟୋଗେ ଝୁମର ଗୀତର ବିଶେଷ ସ୍ୱାତନ୍ତ୍ର୍ୟ ପରିଲକ୍ଷିତ ହୋଇଥାଏ ।
train/img_02260.jpg,ଦଧିନଉତି ୨ ଚଉଠ ଉଚ୍ଚରେ ମାଙ୍କଡ଼ଛନ୍ଦା ଉପରେ କଳସ ଚକ୍ର ପତାକା ହେବ ।
train/img_02261.jpg,ସୁନାର ଗୌରାଙ୍ଗ
train/img_02262.jpg,ଶ୍ରୀଚୈତନ୍ୟ ସେତେବେଳେ ରଥ ଆଗରେ ଭାବ ବିହ୍ୱଳିତ ନୃତ୍ୟ ଓ ସଂକୀର୍ତ୍ତନ କରୁଥିଲେ ।
train/img_02263.jpg,ହାବସିପୁରୀ ଢାଞ୍ଚାରେ ତିଆରି ଶାଢ଼ୀ ଏଠାରେ ଦେଖିବାକୁ ମିଳିଥାଏ ।
train/img_02264.jpg,ବଙ୍ଗଳାଦେଶ ବିଶ୍ୱର ତୃତୀୟ ବୃହତ୍ତମ ମୁସଲମାନ ଦେଶ ଭାବରେ ପରିଗଣିତ ।
train/img_02265.jpg,ଏଠାକୁ କଟକ ଓ ଭୁବନେଶ୍ୱରରୁ ମଧ୍ୟ ସହଜରେ ଯାଇହେବ ।
train/img_02266.jpg,"ଖ୍ରୀ ୧୪୩୫ରୁ ୧୪୬୬ ମଧ୍ୟରେ, କପିଳେନ୍ଦ୍ରଦେବଙ୍କ ରାଜୁତି ସମୟରେ ଓଡ଼ିଶା ଏକ ମହାନ ରାଜନୈତିକ ଶକ୍ତିକେନ୍ଦ୍ର ଭାବେ ପରିଗଣିତ ହେଉଥିଲା ।"
train/img_02267.jpg,"୧୯୧୨ ମାର୍ଚ୍ଚ ୨୨ରେ ବିହାର ଓ ଓଡ଼ିଶା ପ୍ରଦେଶ ଗଠନ ହେବା ପରେ ଓଡ଼ିଶା, କଲିକତା ଉଚ୍ଚ ନ୍ୟାୟାଳୟର ଅଧୀନରେ ରହିଲା ।"
train/img_02268.jpg,"ତିନିଜଣ ପୂଜାପଣ୍ଡା ଏହି ଶୟନ ଠାକୁରଙ୍କୁ ତିନି ରଥ ଉପରକୁ ବିଜେ କରି ଯଥା ବଳଭଦ୍ର ରଥରେ ବାସୁଦେବ, ଦେବୀ ସୁଭଦ୍ରାଙ୍କ ରଥରେ ଭୁବନେଶ୍ୱରୀ ଏବଂ ଜଗନ୍ନାଥଙ୍କ ରଥରେ ଶ୍ରୀନାରାୟଣଙ୍କୁ ଶ୍ରୀବିଗ୍ରହମାନଙ୍କ ଶ୍ରୀଅଙ୍ଗକୁ ଲାଗି କରାଇବା ପରେ ରଥ ଉପରେ ମହାସ୍ନାନ ନୀତି ବଢ଼ାଇଥାନ୍ତି।"
train/img_02269.jpg,"ଲାଗନ ବେଶେ, ବିରୁନ୍ କତିରଙ୍ଗ ।’’ (କରମ ଗୀତ)"
train/img_02270.jpg,ଏହି ଜଳ ଭାଣ୍ଡୁପରେ ଥିବା ଏସିଆର ସବୁଠୁ ବଡ଼ ବିଶୋଧନାଗାରରେ ବିଶୁଦ୍ଧ ହେଇ ଅନ୍ୟ ଅଞ୍ଚଳକୁ ପଠାଯାଇଥାଏ।
train/img_02271.jpg,"ଏହା ଓଡ଼ିଶାର ନୁହେଁ ମାତ୍ର ପ୍ରାୟ୧୨ଟି ଜିଲ୍ଲା ଯଥା ଗଜପତି,ରାୟଗଡା,କୋରାପୁଟ,ଫୁଲବାଣୀ,କଳାହାଣ୍ତି,ସୋନପୁର ଇତ୍ୟାଦିରେ ଚାଷ କରାଯାଇଥାଏ।ଏଥିରୁ ବର୍ଷକୁ ପ୍ରାୟ ଚାଳିଶି ହଜାର କେଜି ରେଶମ ପୋକ ଉତ୍ପାଦନ କରାଯାଉଛି।"
train/img_02272.jpg,ଏହି ସମୟରେ ସ୍ଥାପିତ କଟକର ମିଶନ ପ୍ରେସ ଥିଲା ଓଡ଼ିଶାର ସର୍ବପୁରାତନ ମୁଦ୍ରଣଶାଳା ।
train/img_02273.jpg,ଫୋଟ ଗେଲେରି
train/img_02274.jpg,"ଉତ୍ତର ଓଡ଼ିଶାର ମୟୁରଭଞ୍ଜ, ସୁନ୍ଦରଗଡ଼ ପ୍ରଭୃତି ଅଞ୍ଚଳର ପ୍ରମୁଖ ଲୋକସଂଗୀତ ଭାବରେ ଝୁମର ବେଶ୍ ପରିଚିତ ।"
train/img_02275.jpg,"ସେଥି ମଧ୍ୟରୁ ୧,୮୫,୫୮୪ (୫୨ ୧୫ ) ଜଣ ପୁରୁଷ ହୋଇଥିବା ବେଳେ ୧,୭୦,୨୩୯ (୪୭ ୮୫ ) ଜଣ ନାରୀ ଅଟନ୍ତି ।"
train/img_02276.jpg,ଏହା ନୀଳଗିରି ପାଖରେ ଥିବା ପଞ୍ଚଲିଙ୍ଗେଶ୍ୱର ପାହାଡ଼ ଉପରେ ଅଛି ।
train/img_02277.jpg,ପ୍ରାୟ ପନ୍ଦର ହଜାର ପରିବାର ପିଢି ପଢ଼ି ଧରି ଏହି ବ୍ୟବସାୟକୁ ପରମ୍ପରା ଭାବରେ କରିଆସୁଛନ୍ତି।
train/img_02278.jpg,"ରଜପାନରେ ଗୁଆ, ଅଳେଇଚ, ଗୁଜୁରାତି, ଭଜା ଧଣିଆ, ଚାଉଳ ଓ ନଡିଆ ଖଣ୍ଡ, ଚେରି, ଲବଙ୍ଗ, କବାବଚିନି, ଚୁଆ, ପାନ ମହୁରି, ସୁବାସିତ ଜାଫ୍ରାନ କେଶର, ଖଇର ପରି ୧୦ରୁ ୧୨ ପ୍ରକାର ମସଲା ବ୍ୟବହୃତ ହୁଏ ।"
train/img_02279.jpg,ଓଡ଼ିଶା ବିଧାନ ସଭା ଓଡ଼ିଶାର ରାଜ୍ୟ ବିଧାନ ସଭା ।
train/img_02280.jpg,ଜଳ ଛଣା ଉଦ୍ଦେଶ୍ୟରେ ଏହା ପକାଯାଏ ବୋଲି କଥିତ ରହିଛି।
train/img_02281.jpg,ଗ୍ରାମ:୯୨୮
train/img_02282.jpg,ଗୁଜ ଅନୁକୂଳ - ନୃସିଂହ ଚତୁର୍ଦ୍ଦଶୀ
train/img_02283.jpg,ଦେବୀ ସର୍ବମଙ୍ଗଳା ଚତୁର୍ଭୁଜା ଓ ତ୍ରିନେତ୍ରୀ ଅଟନ୍ତି ।
train/img_02284.jpg,ରଜଦୋଳି ଗୀତ:
train/img_02285.jpg,ବ୍ୟାଘ୍ର ବ୍ୟତୀତ ଝରଣା ଓ ସବୁଜିମା ପୂର୍ଣ୍ଣ ଏହି ଜଙ୍ଗଲରେ ହାତୀ ଓ ଅନ୍ୟାନ୍ୟ ପଶୁପକ୍ଷୀ ବାସ କରନ୍ତି ।
train/img_02286.jpg,ଦେଉଳ ସ୍ଥାପତ୍ୟ
train/img_02287.jpg,ସେଥି ମଧ୍ୟରୁ ଜବାହରଲାଲ ନେହରୂ ଇଣ୍ଡୋର ଷ୍ଟାଡିୟମ ଅନ୍ୟତମ।
train/img_02288.jpg,ଜାମସେଦପୁର ୨୨ ୮୦୨୮ ଉତ୍ତର ଅକ୍ଷାଂଶ ଓ ୮୬ ୧୮୫୪ ପୂର୍ବ ଦ୍ରାଘିମାରେ ଅବସ୍ଥିତ ।
train/img_02289.jpg,"କୁହାଯାଏ ଯେ, ଏହି ସମୟରେ ଠାକୁରମାନେ ଜ୍ୱର ରୋଗରେ ପୀଡି଼ତ ହୋଇଥାନ୍ତି।"
train/img_02290.jpg,"ବିବାହ, ଅନ୍ନପ୍ରାସନ, ସାମାଜିକ କ୍ରିୟାନୁଷ୍ଠାନ ଏବଂ ମନୋରଞ୍ଜନ ନିମନ୍ତେ ଏହି ନୃତ୍ୟ କରାଯାଇଥାଏ ।"
train/img_02291.jpg,ପୁରୁଷ: ୮୪ ୨୮
train/img_02292.jpg,ମହାରାଷ୍ଟ୍ର ଭାରତର ପଶ୍ଚିମରେ ଅବସ୍ଥିତ ଏକ ରାଜ୍ୟ ମୁମ୍ବାଇ ମହାନଗର ଏହାର ରାଜଧାନୀ ।
train/img_02293.jpg,"୧୯୩୬ ମସିହା ଅପ୍ରେଲ ପହିଲା ଦିନ ଛଅଟି ଜିଲ୍ଲା କଟକ, ପୁରୀ, ବାଲେଶ୍ୱର ଗଞ୍ଜାମ କୋରାପୁଟ ଓ ସମ୍ବଲପୁରକୁ ନେଇ ୩୨,୬୯୫ ବର୍ଗମାଇଲ ଓ ୮୦ଲକ୍ଷ ୪୩ହଜାର ୬୮୧ ଜନସଂଖ୍ୟାକୁ ନେଇ ନୂତନ ଓଡ଼ିଶା ପ୍ରଦେଶ ଗଠିତ ହୋଇଥିଲା ।"
train/img_02294.jpg,"ଯେପରି- ଏହି ସମ୍ବନ୍ଧସୂଚକ ପଦ ମାମଲାରେ, ଲୋକର ( ) - ଲୋକର୍ ( )"
train/img_02295.jpg,ଶ୍ରୀ ଜଗନ୍ନାଥ ଭଞ୍ଜ (୧୬୮୮-୧୭୦୦)
train/img_02296.jpg,ଖାରବେଳଙ୍କର ଅନେକ ରାଣୀ ଥିଲେ ।
train/img_02297.jpg,ଏହାର ଭୌଗଳିକ ଦିଗବାରେଣି:
train/img_02298.jpg,ସମ୍ବିଧାନଦ୍ୱାରା ରାଜାଙ୍କର ଶକ୍ତି ସୀମିତ ।
train/img_02299.jpg,"ଏହି ଜଣାଣ ଏବଂ ଚଉତିଶା ମଧ୍ୟରେ ଜଗବନ୍ଧୁ ଜଣାଣ (ସାଧୁ), ରାମଚନ୍ଦ୍ର ଜଣାଣ (ଭୋବନି), ସର୍ପ ଜଣାଣ (କବିସୂର୍ଯ୍ୟ ବଳଦେବ ରଥ) ଓ ଆର୍ତ୍ତତ୍ରାଣ ଚଉତିଶା (ଭକ୍ତକବି ଦୀନକୃଷ୍ଣ) ଆଦି ପ୍ରମୁଖ ଅଟେ ।"
train/img_02300.jpg,ଚଟଣୀ
train/img_02301.jpg,ଖ୍ରୀ ପୂ ୧୮୦୦- ଏ ପର୍ଯ୍ୟନ୍ତ
train/img_02302.jpg,ଏତଦ୍ ବ୍ୟତୀତ ରଥଯାତ୍ରା ସମୟରେ ଅନୁଷ୍ଠିତ ପନ୍ତି ତାଲିକାରେ ଜିୟର ସ୍ୱାମୀ ମଠ ଅନ୍ତର୍ଭୁକ୍ତ ନ ହୋଇଥିଲେ ମଧ୍ୟ ଗୁଣ୍ଡିଚା ମନ୍ଦିରରୁ ରଥତ୍ରୟ ପ୍ରତ୍ୟାବର୍ତ୍ତନ କରି ସିଂହଦ୍ୱାରଠାରେ ପହଞ୍ଚିବା ପରେ ଏକାଦଶୀ ଦିନ ମଠ ତରଫରୁ ବହୁ ଅର୍ଥ ଖର୍ଚ୍ଚ କରାଯାଇ ବିଭିନ୍ନ ପ୍ରକାରର ସୁମିଷ୍ଟ ସ୍ୱାଦିଷ୍ଟ ପିଷ୍ଟକ ରଥ ଉପରେ ବିରାଜିତ ଠାକୁରମାନଙ୍କୁ ପୂଜାପଣ୍ଡା ସେବକମାନଙ୍କଦ୍ୱାରା ନୈବେଦ୍ୟ କରାୟାଇଥାଏ।
train/img_02303.jpg,"ଆର୍କିଟେକଚରାଲ ପ୍ଲାନିଙ୍ଗ, କ୍ୱାଲିଟି, କ୍ୱାଲିଟି କଣ୍ଟ୍ରୋଲ, ସର୍ଭେ ବର୍କ ଆଣ୍ଡ ସିଭିଲ କନସଲଟାନ୍ସି - -"
train/img_02304.jpg,ଭାରତର ପ୍ରଶାସନିକ ପ୍ରଧାନ ହେଉଛନ୍ତି ରାଷ୍ଟ୍ରପତି ।
train/img_02305.jpg,ଏହା ଉତ୍ତରେ ଗଙ୍ଗାଠାରୁ ଦକ୍ଷିଣରେ ଗୋଦାବରୀ ପର୍ଯ୍ୟନ୍ତ ଏବଂ ପୂର୍ବରେ ମହୋଦଧିଠାରୁ ପଶ୍ଚିମରେ ଅମରକଣ୍ଟକ ପର୍ବତମାଳା ଓ ଦାକ୍ଷିଣାତ୍ୟ ମାଳଭୂମି ପର୍ଯ୍ୟନ୍ତ ବିସ୍ତୃତ।
train/img_02306.jpg,ଝୁମର ଗୀତରେ ‘ରସ’
train/img_02307.jpg,"ମହିଳା: ୭,୮୭,୮୭୫"
train/img_02308.jpg,ଶ୍ରୀମନ୍ଦିର ସ୍ୱତ୍ତ୍ୱଲିପିର ୧୦୫ ନମ୍ବର ସେବାରେ ବଢ଼େଇ ମହାରଣାମାନଙ୍କ ସମ୍ପର୍କେ ଉଲ୍ଲେଖ ରହିଛି।
train/img_02309.jpg,ବୈଶାଖ ଶୁକ୍ଳ ତୃତୀୟା ରୋହିଣୀ ନକ୍ଷତ୍ର ଦିନ ରାଜା ସଂକଳ୍ପ କରିବେ।
train/img_02310.jpg,"ଗୋକୁଲେର ଗାଭୀକୁଲରେ, ଆସେ ଶୋକାକୁଲ ଭରି"
train/img_02311.jpg,ସ୍ୱାଧୀନତା ଆନ୍ଦୋଳନ ପାଇଁ ଏହି ଆଶ୍ରମ ଏକ ଶକ୍ତିଶାଳୀ କେନ୍ଦ୍ର ଥିଲା ।
train/img_02312.jpg,ଏଠାକୁ ମୋଗଲମାନେ ୧୫୬୮ରେ ଆସିଥିଲେ ଓ ସେମାନଙ୍କ ଅଧିନରେ ଏହା ୧୭୫୦-୫୧ ଯାଏଁ ଥିଲା ।
train/img_02313.jpg,"ଯୌନ ପୁନଃ ନିର୍ମାଣ ସର୍ଜରୀ ( ) ଏବଂ କସମେଟିକ୍ ସର୍ଜରୀ ଅଭ୍ୟାସ ପାଇଁ ଦେଶ ଲୋକପ୍ରିୟ ଅଟେ ୨୦୧୦ ୨୦୧୨ ମସିହାରେ, ୯୦ ରୁ ଅଧିକ ଡାକ୍ତରୀ ପର୍ଯ୍ୟଟକ ପାଇଁ ଥାଇଲ୍ୟାଣ୍ଡ ଯାତ୍ରା କରିଥିଲେ"
train/img_02314.jpg,ସାରଥି: ମାତଳୀ ।
train/img_02315.jpg,ନୂଆପଡ଼ା ଜିଲ୍ଲା ଅନ୍ତର୍ଗତ ୨ଟି ବିଧାନ ସଭା ନିର୍ବାଚନ ମଣ୍ଡଳୀ ହେଉଛି:
train/img_02316.jpg,ଝାରସୁଗୁଡା ମଦ୍ୟ ଦେଇ କଲିକତାରୁ ମୁମ୍ବାଇକୁ ରାଜପଥ ସହ ସମ୍ବଲପୁର ରାଉରକେଲାକୁ ମଧ୍ୟ ସଂଯୋଗ ରହିଛି ।
train/img_02317.jpg,ସ୍ୱାଧୀନତା ପରର ସାହିତ୍ୟ
train/img_02318.jpg,୧୪୭୦ରେ ବାଙ୍ଗର ନବାବ ଆଲିବର୍ଦ୍ଦିନ ଖାଁଙ୍କଠାରୁ ବାଲେଶ୍ୱରର ସୁବାଦାର ମୁରସିଦ ଖାଁ ଲୁଣିଆଯୋଡ଼ି ପୋଲ ନିକଟରେ ଥିବା ହାଜିପୁର (ଏବେକାର ହରିପୁର)ଠାରେ ଯୁଦ୍ଧରେ ପରାସ୍ତ ହୋଇଥିଲେ ଓ ଓଡ଼ିଶା ଛାଡ଼ି ପଳାଇଲେ ।
train/img_02319.jpg,"ନୀଳଗିରିର ଛଉ ନାଟ, ପାଟୁଆ ନାଟ, ଯାତ୍ରା, ଗୀତିନାଟ୍ୟ, ସଜନାଗଡ଼, ବାହାନଗା ଓ ଚନ୍ଦନେଶ୍ୱର ମେଳାର ଚଇତି ଘୋଡ଼ା ନାଚ ଆଦି ଖୁବ ଜଣାଶୁଣା ।"
train/img_02320.jpg,ବାଇଶି ପାହାଚ ବଉଳମାଳା ମାଙ୍କଡ଼ା ପଥରରେ ତିଆରି ।
train/img_02321.jpg,"ସିଂହଳରେ ଯେଉଁ ରଥଯାତ୍ରା ପାଳିତ ହୁଏ, ସେଥିରେ ବୁଦ୍ଧଙ୍କ ଦନ୍ତକୁ ବୈଶାଖ ଶୁକ୍ଳ ତ୍ରୟୋଦଶୀ ଦିନ ବାହାର କରି ହାତୀ ଉପରେ ଥୋଇ ମହା ସମାରୋହରେ ଶୋଭାଯାତ୍ରାରେ ନିଆଯାଏ ଓ ନଗରର ରାଜମାର୍ଗ ମାନ ବୁଲାଇ ସେହି ଦନ୍ତକୁ ଶେଷରେ ଏକ ମଣ୍ଡପରେ ସ୍ଥାପନ କରାହୁଏ।"
train/img_02322.jpg,"ବାହୁରେ ""ବାଜୁ"", କାନରେ ""ଝୁଣ୍ଟିଆ"", ନାକରେ ""ନାକଫୁଲ"" ବା ""ନାକ ଗୁଣା"", ଓ ଗଳାରେ ହାର ପିନ୍ଧିଥାନ୍ତି ।"
train/img_02323.jpg,ଓଡ଼ିଶାର ପୂର୍ବରେ ବାଲେଶ୍ୱର ଅବସ୍ଥିତ ।
train/img_02324.jpg,ଏହି ଘୋଷଣାରେ ବିକାଶ ପାଇଁ ପାଞ୍ଚ ବର୍ଷ ମଧ୍ୟରେ ୫୦୮ ୦୨ ବିଲିୟନ ଟଙ୍କା ମଞ୍ଜୁରି ଥିଲା ।
train/img_02325.jpg,"ଏହାର ଦକ୍ଷିଣରେ ଆନ୍ଧ୍ର ପ୍ରଦେଶ, ପଶ୍ଚିମରେ ଛତିଶଗଡ଼, ଉତ୍ତରରେ ଝାଡ଼ଖଣ୍ଡ ଓ ପଶ୍ଚିମବଙ୍ଗ ଏବଂ ପୂର୍ବରେ ବଙ୍ଗୋପ ସାଗର ରହିଛି ।"
train/img_02326.jpg,ବାଣୀକଣ୍ଠ ଥିଲେ ଗୋକୁଳ ଚନ୍ଦ୍ର ଶ୍ରୀଚନ୍ଦନଙ୍କ ପୁତୁରା ଓ ବୃନ୍ଦାବନ ହରିଚନ୍ଦନଙ୍କ ପୁତ୍ର ଓ ପୁରୀ ବାଳକଟୀ ଗ୍ରାମର ବାଳକୃଷ୍ଣ ଦାସ ଥିଲେ ଗୋକୁଳ ଶ୍ରୀଚନ୍ଦଙ୍କର ଶିଷ୍ୟ ।ବିଂଶ ଶତାବ୍ଦୀର ଇତିହାସ ପୃଷ୍ଠାରେ କେନ୍ଦ୍ରାପଡ଼ା ସ୍ୱତନ୍ତ୍ର ସ୍ଥାନ ଅଧିକାର କରିଅଛି ।
train/img_02327.jpg,ଶ୍ରୀ ଲକ୍ଷ୍ମୀନାରାୟଣ
train/img_02328.jpg,ତାରକସି
train/img_02329.jpg,ଗୁଲନଗର ଉଚ୍ଚ ବିଦ୍ୟାଳୟ
train/img_02330.jpg,ବାହର ତଥ୍ୟ
train/img_02331.jpg,ତେଣୁ ଝୁମର ଆଜି ଅନାଲୋଚିତ ପ୍ରସଙ୍ଗ ହୋଇରହିନାହିଁ ।
train/img_02332.jpg,"ଓଡ଼ିଶାର ସିଲଭରୱେର୍ ବହୁତ ଜଣାଶୁଣା ତାଙ୍କର ଫିଲିଗ୍ରି କାର୍ଯ୍ୟଗୁଡ଼ିକ ଭାରତର ଅନ୍ୟ କୌଣସି ସ୍ଥାନରେ କ୍ୱଚିତ୍ ଦେଖାଯାଉଥିବା କଳାତ୍ମକ ଉତ୍କର୍ଷର ଅନନ୍ୟ ଉଦାହରଣ ରୂପା ତାରଗୁଡ଼ିକ, ଅତ୍ୟନ୍ତ ସୂକ୍ଷ୍ମ, ଜଟିଳ ଡିଜାଇନ୍ରେ ଆକୃତିର ପଶୁ ଏବଂ ପକ୍ଷୀମାନଙ୍କର ଫର୍ମ, ଭର୍ମିଲିୟନ୍ ରିସେପ୍ଟେକଲ୍ ପରି ଦୈନିକ ବ୍ୟବହାରର ପ୍ରବନ୍ଧଗୁଡ଼ିକ ମଧ୍ୟ ରୂପା ତାରରେ ନିର୍ମିତ - ଫିଲିଗ୍ରି ଅଳଙ୍କାର, ବିଶେଷତ ବ୍ରୋଚ୍ ଏବଂ କାନଫୁଲ ଭାରତୀୟ ମହିଳାମାନଙ୍କ ମଧ୍ୟରେ ବହୁତ ଲୋକପ୍ରିୟ ସିଲିଗ୍ରି କାମ ପାଇଁ କଟକ ବିଶ୍ୱ ପ୍ରସିଦ୍ଧ ମହାଭାରତର ଦୃଶ୍ୟଗୁଡ଼ିକ ବେଳେବେଳେ ରୂପାରେ ଚିତ୍ରିତ ହୋଇଥାଏ ବିଶେଷ ଆଗ୍ରହରେ ରୂପାଦ୍ୱାରା ନିର୍ମିତ ଭଗବାନ କୃଷ୍ଣଙ୍କଦ୍ୱାରା ପରିଚାଳିତ ଅର୍ଜୁନ ରଥ ଜଣେ ଆଶ୍ଚର୍ଯ୍ୟ ଲାଗେ ଯେ ରଥ ଚକଗୁଡିକର ମିନିଟ୍ ସବିଶେଷ କାର୍ଯ୍ୟ ସହିତ କଶଳ ଦେଖ ରଥର ସୌନ୍ଦର୍ଯ୍ୟ, ଘୋଡ଼ାମାନଙ୍କର ଗର୍ବିତ ଆଭିମୁଖ୍ୟ ଏବଂ ସତ୍ୟ-ହାଇ-ଆକୃତି, ସମସ୍ତେ ରୂପା କଳା ପ୍ରଭାବର ଅତ୍ୟଧିକ ମହିମା ପାଇଁ ସହଯୋଗ କରନ୍ତି"
train/img_02333.jpg,"ବିମାନ ଗବେଷଣା କେନ୍ଦ୍ର , ଚରବାଟିଆ"
train/img_02334.jpg,ଏହାବାଦ୍ ୬ଟି ବାଇପାସ୍ କରାଯିବ ।
train/img_02335.jpg,ପୁନଶ୍ଚ ରଥଯାତ୍ରା ୫ ଭାଗରେ ବିଭକ୍ତ।
train/img_02336.jpg,"୧୮୯୮ମସିହାରେ ପରିବାର(ସ୍ତ୍ରୀ, ପିଲାମାନେ) ସେଠାକୁ ଚାଲି ଯାଇ ଥିଲେ ।"
train/img_02337.jpg,ଶୟନ ଏକାଦଶୀ
train/img_02338.jpg,ଭାରତରେ ଦେଖା ଯାଉଥିବା ସମ୍ବର ବଡ଼ ହୋଇଥାଏ ଓ ଏହାର ଶିଙ୍ଗ ମଧ୍ୟ ବଡ଼ ହୋଇଥାଏ ।
train/img_02339.jpg,"ଏପରିକି ଅତୀତରେ ବହୁ ଭକ୍ତ, କବିଗଣ ଠାକୁରର ଏହି ପବିତ୍ର ପହଣ୍ଡି ଦର୍ଶନ ପୂର୍ବକ ଭାବ ବିହ୍ୱଳିତ ହୋଇ ଅନେକ ଜଣାଣ,ଭଜନ, ସ୍ତୋତ୍ର ଇତ୍ୟାଦି ରଚନା କରି ନିଜକୁ ପ୍ରଭୁପାଦ ତଳେ ସମର୍ପି ଦେଇଛନ୍ତି।"
train/img_02340.jpg,କରତିଆ: (ସେବା ନଂ ୯୧) ରଥ ନିର୍ମାଣ ପାଇଁ ତୁମ୍ବ କାଟିବା ଓ ରଥର କାଠ ପଟା କାମ କରିଥାନ୍ତି।
train/img_02341.jpg,"ଛ ବର୍ଷରୁ କମ: ୧,୭୬,୭୯୩"
train/img_02342.jpg,ଏହି ପ୍ରଭାବର ପ୍ରମାଣ ପ୍ରଥମ ଶତାବ୍ଦୀରେ ଫୁନାନ ସମ୍ରାଜ୍ୟଠାରୁ ଆରମ୍ଭ କରି ଖେମର ସାମ୍ରାଜ୍ୟ ପର୍ଯ୍ୟନ୍ତ ଦେଖିବକୁ ମିଳେ ।
train/img_02343.jpg,ଚାଉଳ ତିଆରି
train/img_02344.jpg,ଏ ସଂପର୍କରେ ମୟୁରଭଞ୍ଜର ‘ଆମ୍ବେଦକର ସାହିତ୍ୟ ପରିଷଦ’ର ଭୂମିକା ଅତ୍ୟନ୍ତ ମହତ୍ତ୍ୱପୂର୍ଣ୍ଣ ।
train/img_02345.jpg,ମାତ୍ର ଆଲୋଚନାରୁ ଜଣାଯାଏ ଯେ ଝୁମର ସଙ୍ଗୀତର ମୂଳଭାଷା ହେଉଛି ମୈଥିଳୀ ।
train/img_02346.jpg,ସମ୍ଭବତଃ ଏହି ଧ୍ୱନିରୁ ଝୁମର ଶବ୍ଦ ଗୃହୀତ ହୋଇଥାଇ ପାରେ ।
train/img_02347.jpg,ବାଣପୁର
train/img_02348.jpg,ସେହିପରି ଜାନୁଗଞ୍ଜ ମରହଟ୍ଟା ଶାସକ ଜାନୋଜୀଙ୍କ ନାଁରୁ ଆସିଛି ବୋଲି କେତେକ ଗବେଷକ ମତ ଦିଅନ୍ତି।
train/img_02349.jpg,"ହୋ ଲୋକମାନେ ପାଖାପାଖି ୧୦୦,୦୦୦ ଅଧିକ ସଂଖ୍ୟକ ଲୋକ ମୟୂରଭଞ୍ଜ, କେନ୍ଦୁଝର, ଯାଜପୁର, ବାଲେଶ୍ୱର, ଭଦ୍ରକ, ସମ୍ବଲପୁର, ଝାରସୁଗୁଡ଼ା, ସୋନପୁର, ଦେବଗଡ଼, ଢେଙ୍କାନାଳ, ଅନୁଗୋଳ, ଝାରସୁଗୁଡ଼ା ଜିଲ୍ଲା, ସୁନ୍ଦରଗଡ଼, କନ୍ଧମାଳ ଜିଲ୍ଲା ମାନଙ୍କରେ ବସବାସ କରନ୍ତି।"
train/img_02350.jpg,"ପଣ୍ଡିତ ଗୋପବନ୍ଧୁ ଦାସ, ନୀଳକଣ୍ଠ ଦାସ ଏହି ଯୁଗର ଅନ୍ୟତମ ବିଶିଷ୍ଟ ଲେଖକ ଥିଲେ ।"
train/img_02351.jpg,ତାଙ୍କର ବାଜି ରାଉତ କବିତା ପାଇଁ ସେ ବିଶ୍ୱବିଦିତ ।
train/img_02352.jpg,"ପୂର୍ବରୁ ଏହି ସହରଟି ବହୁ ଲୁଗାକଳ ଓ ବୟନଶିଳ୍ପ ପାଇଁ ପ୍ରସିଦ୍ଧ ଥିଲା, ତେଣୁ ବ୍ରିଟିଶମାନେ ଏହାକୁ ""ମାଞ୍ଚେଷ୍ଟର ଅଫ ଇଷ୍ଟ"" ବୋଲି ନା ଦେଇଥିଲେ ।"
train/img_02353.jpg,ପରେ ୧୯୬୯ରେ ମାଡ୍ରାସ ଷ୍ଟେଟ ତାମିଲନାଡୁ ରାଜ୍ୟରେ ସାମିଲ ହୋଇଥିଲା।
train/img_02354.jpg,ହନୁମାନଙ୍କ ଲାଙ୍ଗୁଡ଼ରେ ନିଆଁ ଲଗାଇ ଲଙ୍କା ନାଶ କରିବା ଏଥିରେ ବର୍ଣ୍ଣିତ ।
train/img_02355.jpg,"ପ୍ରାୟ ଏକ ହଜାର ମିଟରରୁ ଉର୍ଦ୍ଧ କନା ତିନି ରଥର ମଣ୍ଡଣି,ଘେର,ଚାନ୍ଦୁଆ ନିମନ୍ତେ ଆବଶ୍ୟକ ହୋଇଥାଏ।"
train/img_02356.jpg,ତାଙ୍କ ସାମ୍ରାଜ୍ଯ ମୌର୍ଯ୍ୟ ରାଜବଂଶ ପ୍ରତିଷ୍ଠାତା ଚନ୍ଦ୍ରଗୁପ୍ତ ମୌର୍ଯ୍ୟଙ୍କ ସାମ୍ରାଜ୍ଯଠାରୁ ମଧ୍ଯ ବଡ଼ ଥିଲା ।
train/img_02357.jpg,ଜାତୀୟ କବି ବୀରକିଶୋର ମହାବିଦ୍ୟାଳୟ
train/img_02358.jpg,"ହିନ୍ଦୁଙ୍କ ବ୍ୟତୀତ କଟକରେ ବସବାସ କରୁଥିବା ମୁସ୍ ଲିମ୍, ଖ୍ରୀଷ୍ଟିଆନ, ଶିଖ୍ ଓ ଅନ୍ୟାନ୍ୟ ଧର୍ମାବଲମ୍ବୀମାନେ ମଧ୍ୟ ନିଜ ନିଜ ଧାର୍ମିକ ପର୍ବ ପାଳନ କରନ୍ତି।"
train/img_02359.jpg,ଏଥି ନିମନ୍ତେ ବହୁ ବଦାନ୍ୟ ବ୍ୟକ୍ତିବିଶେଷ ମଠ ମାରଫତରେ ହଜାର ହଜାର ଏକ ଭୂ-ସମ୍ପତି ତଥା ଅମୃତ ମଣୋହି ସମ୍ପତ୍ତି ଜଗନ୍ନାଥଙ୍କ ଦୈନନ୍ଦିନ ସେବା ବିଧାନର ସୁପରିଚାଳନା ନିମନ୍ତେ ଖଞ୍ଜିଥିଲେ।
train/img_02360.jpg,"ବରଗଡ଼ ଜିଲାର ଦୁଇଟି ସଦର-ମହକୁମା, ବରଗଡ଼ ଓ ପଦମପୁର ଓ ୧୨ଟି ପଞ୍ଚାୟତ ସମିତି (ବ୍ଲକ) ଅଛି ।"
train/img_02361.jpg,"ବାହାର ଚନ୍ଦନ ୨୧ଦିନ ନରେନ୍ଦ୍ରରେ ଚାପ, ଭଉଁରୀ ଓ ହଳଦିପାଣିରେ ଶେଷ ହେଲା ପରେ ୨୧ ଦିନ ଭିତର ଚନ୍ଦନ ଯାତ୍ରା ଜଳକ୍ରୀଡ଼ା ମଣ୍ଡପରେ ଜୀଉଙ୍କର ହୋଇଥାଏ।ଏହା ବିମଳା ମନ୍ଦିର ସମ୍ମୁଖ, ରୋହିଣୀ କୁଣ୍ଡ ଦକ୍ଷିଣ ପାର୍ଶ୍ୱ ଓ ଯଜ୍ଞ ଶ୍ରୀନୃସିଂହ ମନ୍ଦିରର ପଶ୍ଚିମ ଭାଗରେ ଅବସ୍ଥିତ।ମଦନମୋହନ,ଭୂଦେବୀ ଓ ଶ୍ରୀଦେବୀ ସୁବାସିତ ଚନ୍ଦନ କୁଣ୍ଡରେ ବୁଡି ଜଳକ୍ରୀଡ଼ା କରିଥାନ୍ତି।"
train/img_02362.jpg,(ଜଗା)
train/img_02363.jpg,ପ୍ରତ୍ୟେକ ପର୍ବପର୍ବାଣିର ଏକ ନିଜସ୍ୱ ସ୍ୱତନ୍ତ୍ରତା ରହିଛି ।
train/img_02364.jpg,ତେଣୁ ସମାଜର ସକଳ ରୂପଛବି ଝୁମର ଗୀତରେ ପ୍ରସ୍ଫୁଟିତ ଏବଂ ଏହି ସମସ୍ତ ଗୀତ ମଧ୍ୟ ସମାଜରେ ବେଶ୍ ଆଦୃତ ।
train/img_02365.jpg,ଆଦିବାସୀ/ହରିଜନ ପ୍ରାଥମିକ ବିଦ୍ୟାଳୟ ୫୮ଟି
train/img_02366.jpg,"ଜଳପାଇଗୁଡ଼ି ଜିଲ୍ଲା ଏବଂ କୋଚ ବିହାର ଜିଲ୍ଲା, ପଶ୍ଚିମବଙ୍ଗ"
train/img_02367.jpg,"ଗଜପତି ରାଜ ପ୍ରସାଦ , ବୃନ୍ଦାବନ ପ୍ୟାଲେସ ପରି ପ୍ରସାଦ ତଥା ସେରଙ୍ଗ, ମହେନ୍ଦ୍ରଗିରି ଓ ଜିରାଙ୍ଗଠାରେ ଥିବା ସ୍ତୂପ ତଥା ଦର୍ଶନୀୟ ସ୍ଥାନ ସମୂହ ଏହାର ଐତିହାସିକ ଗୁରୁତ୍ୱକୁ ଉପସ୍ଥାପନ କରୁଅଛି ।"
train/img_02368.jpg,ଓଡ଼ିଶାରେ ବାସ କରୁଥିବା ୬୨ପ୍ରକାର ଅନୁସୂଚିତ ଜନଜାତି ମଧ୍ୟରୁ ୫୩ପ୍ରକାର ଅନୁସୂଚିତ ଜନଜାତି ମୟୂରଭଞ୍ଜ ଜିଲ୍ଲାରେ ବସବାସ କରନ୍ତି ।
train/img_02369.jpg,ଏହି କାରଣରୁ ପ୍ରଚୀନ ବନ୍ଦରମାନଙ୍କ ମଧ୍ୟରୁ ଅନେକ ବର୍ତ୍ତମାନ ସମ୍ପୂର୍ଣ୍ଣ ଭାବେ ନିଶ୍ଚିହ୍ନ ହୋଇଯାଇଛନ୍ତି ।
train/img_02370.jpg,ଉଦିତ ମୁଦିତ କିବା ବାଲରବି
train/img_02371.jpg,"ଆନ୍ତର୍ଜାତୀୟ ମୁଦ୍ରାପାଣ୍ଠି ଅନୁଯାୟୀ, ୨୨ ୭ ଟ୍ରିଲିୟନ ଡଲାରର ମୋଟ ଘରୋଇ ଉତ୍ପାଦ (ଜିଡିପି) ବଜାର ବିନିମୟ ମୂଲ୍ୟରେ ମୋଟ ବିଶ୍ବ ଉତ୍ପାଦନର ୨୪ ଏବଂ କ୍ରୟଶକ୍ତି ପ୍ୟାରିଟି (ପିପିପି)ରେ ମୋଟ ବିଶ୍ବ ଉତ୍ପାଦନର ୧୬ ରୁ ଅଧିକ ଅଟେ।"
train/img_02372.jpg,"ଫକୀରମୋହନ ସେନାପତି ""ଉତ୍କଳ ଭ୍ରମଣଂ"" କାବ୍ୟରେ ଉତ୍କଳର ବିଭିନ୍ନ ସ୍ଥାନର ବର୍ଣ୍ଣନା କରିଛନ୍ତି ।"
train/img_02373.jpg,୧୯୩୬ ଖ୍ରୀ - ସ୍ୱତନ୍ତ୍ର ଓଡ଼ିଶା ପ୍ରାନ୍ତ ଗଠିତ ।
train/img_02374.jpg,ଉଷାଦେବୀ: ଯୋଜନା ଓ ସମନ୍ୱୟ
train/img_02375.jpg,ରଙ୍ଗ ଗଠନ(ଡିଜାଇନ) କରିବାର ଏକ ଜରୁରୀ ଉପାଦାନ ।
train/img_02376.jpg,ନାରୀ ଶିଳ୍ପୀର ଆବର୍ତ୍ତମାନରେ ପୁରୁଷ ଶିଳ୍ପୀ ଜଣକ ନାରୀବେଶ ହୋଇ ମଧ୍ୟ ଏହାକୁ ପରିବେଷଣ କରିଥାଏ ।
train/img_02377.jpg,"ସ୍ୱାଧୀନ ଭାରତରେ ରାମ ମନୋହର ଲୋହିଆ, ହରେକୃଷ୍ଣ ମହତାବ ଓ ସୁରେନ୍ଦ୍ର ନାଥ ଦ୍ୱିବେଦୀ ପ୍ରମୁଖ ଏହି ମାଟିରୁ ସେମାନଙ୍କ କାର୍ଯ୍ୟ ଆରମ୍ଭ କରିଥିଲେ ।"
train/img_02378.jpg,ସହରଠାରୁ ୧୪ କି ମି ଦୂରରେ ବାରବାଟିଠାରେ ଅବସ୍ଥିତ ପରମହଂସନାଥ ମନ୍ଦିର କଟକର ସର୍ବୋଚ୍ଚ ମନ୍ଦିର ।
train/img_02379.jpg,ଏହା ହେଉଛି ମୋଗଲ ଶାସନ କାଳର ସାମାଜିକ ଅବସ୍ଥାର ନିଛକ ଚିତ୍ରଣ।
train/img_02380.jpg,"ସୁଦର୍ଶନ, ସୁଭଦ୍ରା, ବଳଭଦ୍ର ଓ ଜଗନ୍ନାଥ ଯଥାକ୍ରମେ ଦେବଦଳନ, ତାଳଧ୍ୱଜ, ନନ୍ଦିଘୋଷ ରଥ ଉପରେ ଅଧିଷ୍ଠିତ ହୋଇଥାନ୍ତି।"
train/img_02381.jpg,ସେ ମଧ୍ୟ ଶାନ୍ତିନିକେତନ ତାଙ୍କ ବାପାଙ୍କ ସହ ଯାଇଥିଲେ ।
train/img_02382.jpg,"ଲୋକକବି କେବଳ ସମାଜର ଚିତ୍ରକାର ନୁହେଁ, ଜୀବନର ମଧ୍ୟ ଭାଷ୍ୟକାର ।"
train/img_02383.jpg,ଉଷୁନାଧାନ ଗଜା ହୁଏ
train/img_02384.jpg,"ବଙ୍ଗଳା ଭାଷା (), ଏହାର ଅନ୍ୟନାମ ""ବାଂଲା"" ( : ; ) ନାମରେ ମଧ୍ୟ ପରିଚିତ) ଏକ ଇଣ୍ଡୋ-ଆର୍ଯ୍ୟଗୋଷ୍ଠୀ ଭାଷା ।"
train/img_02385.jpg,ଓଡ଼ିଆରେ ଅନେକ ଦୂତ ବା ସନ୍ଦେଶମୂଳକ ସାହିତ୍ୟ ରଚିତ ହୋଇଥିଲା ।
train/img_02386.jpg,"ରଜ ସହିତ ପାନ ଯୋଡ଼ିହେବା ପଛରେ କଥା ଅଛି, ଏଡା ବନ୍ଧୁତାର ଡେ଼ାରିକୁ ସୁଦୃଢ କରିବ ।"
train/img_02387.jpg,ସାଧାରଣତଃ ନବଜାତକର ଏକୋଇଶିଆ (ଜନ୍ମର ଏକୋଇଶ ଦିନ)ରେ ଅଥବା କାହାରି ଜନ୍ମଦିନରେ ଏହା ଆୟୋଜିତ ହୋଇଥାଏ।
train/img_02388.jpg,: : (୪୨୭ )
train/img_02389.jpg,"ସେଗୁଡ଼ିକ ହେଲା: ରେଖା ଦେଉଳ, ପିଢ଼ା ଦେଉଳ, ଖାଖରା ଦେଉଳ ।"
train/img_02390.jpg,"ପୁରୀ, ଯାହାକି ଏକ ବିଶ୍ୱବିଖ୍ୟାତ ହିନ୍ଦୁ ଧର୍ମପୀଠ, ଏଠାରୁ ପ୍ରାୟ ୬୦ କି ମି ଦୂରରେ ବଙ୍ଗୋପସାଗର ଉପକୂଳରେ ଅବସ୍ଥିତ ।"
train/img_02391.jpg,ରାଷ୍ଟ୍ରପତିଙ୍କ ମଞ୍ଜୁରୀ ପରେ ନିଯୁକ୍ତି ସଂପର୍କିତ ନୋଟିଫିକେସନ ଗେଜେଟରେ ପ୍ରକାଶ ପାଏ ।
train/img_02392.jpg,ସମୁଦ୍ର ପତନଠାରୁ ଏହା ୯୫୮ ଫୁଟ ଉଚ୍ଚତାରେ ରହିଛି ।
train/img_02393.jpg,୧୮୧୭ ପରେ ନଗରକୁ ବହୁତ ସିଭିଲ କାର୍ଯ୍ୟଦ୍ୱାରା ପୁନରୁଦ୍ଧାର କରାଯାଇଥିଲା।
train/img_02394.jpg,"କହି କଥା ମିଠା, ମୋର ବୁକେ ଅଠା"
train/img_02395.jpg,"ବିହାର ହ୍ରଦ, ବଇତରଣା, ଉପର ବଇତରଣା, ତୁଳସୀ, ତଂସ ଓ ପଉଅଇ।"
train/img_02396.jpg,"୩,୩୦,୧୭,୪୪୬ (୨୦୦୧)"
train/img_02397.jpg,ଅଷ୍ଟାଦଶ ଲୋକ ସଭା (୨୦୨୪-ବର୍ତ୍ତମାନ ପର୍ଯ୍ୟନ୍ତ)
train/img_02398.jpg,"ବୟନ ଶିଳ୍ପର ତିନୋଟି ମୁଖ୍ୟ ଉପାଦାନ ହେଉଛି ସୂତା, ରଙ୍ଗ , ଏବଂ ତନ୍ତ ।"
train/img_02399.jpg,"ଏହି ପ୍ରକଳ୍ପମାନ ଏବେ ଚାଲିଛି, ଯଦି ଆପଣ ଏକ ପ୍ରକଳ୍ପରେ ଭାଗ ନେବାକୁ ଚାହାଁନ୍ତି ତେବେ ସେହି ପ୍ରକଳ୍ପ ପାଖରେ ନିଜ ନାମ ଲେଖନ୍ତୁ ।"
train/img_02400.jpg,ଅନ୍ୟ ଭୂଖଣ୍ଡ ଓ ସମୁଦ୍ରରେ ଥିବା ରାଜ୍ୟଗୁଡିକ ହେଲା
train/img_02401.jpg,ଏହି ମାଟିର ଯାତ୍ରା ଅନୁଷ୍ଠାନ ଓ ଯାତ୍ରାକାର ଓଡ଼ିଆ ଯାତ୍ରା କ୍ଷେତ୍ରରେ ପ୍ରସିଦ୍ଧିଲାଭ କରିପାରିଛନ୍ତି ।
train/img_02402.jpg,ମଙ୍ଗେଇ ଗମାଙ୍ଗ
train/img_02403.jpg,"ଶ୍ରୀବିଗ୍ରହମାନେ ରଥାରୁଢ଼ ହେବାପରେ ପୁଷ୍ପାଳକ ମହାଜନମାନେ ଶ୍ରୀମଦନମୋହନଙ୍କୁ ନନ୍ଦିଘୋଷ ରଥରେ ଏବଂ ରାମ, କୃଷ୍ଣ ବିଗ୍ରହଙ୍କୁ ତାଳଧ୍ୱଜ ରଥ ଉପରେ ଅଧିଷ୍ଠିତ କରାଇଥାନ୍ତି।"
train/img_02404.jpg,"ସ୍କନ୍ଧପୁରାଣ, ବାମଦେବ ସଂହିତା, କପିଳ ସଂହିତା,"
train/img_02405.jpg,"କେବଳ ଏତିକି ନୁହେଁ, ଜଗତ୍ ସିଂହପୁର ସହର ମଧ୍ୟଦେଇ ପ୍ରବାହିତ ମୃତ ଅଳକା ନଦୀର ଉପସ୍ଥିତି ପୂର୍ବ ନୌବାଣିଜ୍ୟ ସ୍ମୃତିକୁ ଉଜୀବିତ ରଖିଛି ।"
train/img_02406.jpg,'ସୁବର୍ଣ୍ଣରେଖା '
train/img_02407.jpg,ଯାହା ଦେଖି କୌରବମାନଙ୍କ ମନ ବିଷର୍ଣ୍ଣ ହୋଇଗଲା ।
train/img_02408.jpg,"ମୁଖ୍ୟରୂପେ ଦକ୍ଷିଣ ଏସିଆରେ ଭାଷା କୁହାଯାଏ, କିନ୍ତୁ ଇଣ୍ଡୋ-ଆର୍ଯ୍ୟନ ଭାଷା ୟୁରୋପ ଏବଂ ମଧ୍ୟ ପୂର୍ବରେ କୁହାଯିବ ।"
train/img_02409.jpg,"ଏହି ସହର ପାଖରେ ଭୁବନେଶ୍ୱର, ପୁରୀ ଓ କୋଣାର୍କର ଅଛି ।"
train/img_02410.jpg,ଅନେକ ମହାନ ଓଡ଼ିଶୀ ନାଟଗୁରୁମାନେ ଆରମ୍ଭରେ ଏହି ନାଟକଳାରେ ଶିକ୍ଷାଲାଭ କରିଥିଲେ ।
train/img_02411.jpg,ଓଡ଼ିଶାର ରାଜନୀତି ସମ୍ବନ୍ଧୀୟ ଲିଖିତ ପ୍ରସଙ୍ଗ ।
train/img_02412.jpg,୬୫ରୁ ଅଧିକ ପର୍ବ ପର୍ବପର୍ବାଣି
train/img_02413.jpg,ଏହି ରାଧାଶ୍ୟାମ ନରେନ୍ଦ୍ରଙ୍କ ପିଉସା ଥିଲେ ବିଦଗ୍ଧ କବି ଅଭିମନ୍ୟୁ ସାମନ୍ତରାୟ ।
train/img_02414.jpg,ପଶ୍ଚିମ ଭାଗ ଅତ୍ୟନ୍ତ ବାଲିଆ ଓ ପଥୁରିଆ ।
train/img_02415.jpg,ଯଜ୍ଞ ଶ୍ରୀନୃସିଂହ ମନ୍ଦିର
train/img_02416.jpg,ପୂର୍ବରୁ ପାଣିଆ ଆପଟ ସେବକମାନେ ସିଂହଦ୍ୱାର ଛାଉଣୀ ମଠ ସମ୍ମୁଖସ୍ଥ କୂପରୁ ଗରାମାନଙ୍କରେ ଜଳ କାଢି ରଥ ଉପରକୁ ବୋହି ନେଇ ବଡ଼ ପିତଳ ହଣ୍ଡାମାନଙ୍କରେ ରଖିଥାନ୍ତି ।
train/img_02417.jpg,ଏହି ଜିଲାଟି ମହାନଦୀ କୁଳରେ ଅବସ୍ଥିତ ।
train/img_02418.jpg,ଭାତ ବା ଅନ୍ନ
train/img_02419.jpg,ବି ଏମ ସି ସହରର ପାନୀୟ ଜଳର ଆବଶ୍ୟକତା ପୂର୍ଣ୍ଣ କରିଥାଏ।
train/img_02420.jpg,ବିମାନ (ମୁଖ୍ୟ ମନ୍ଦିର ବା ଗର୍ଭଗୃହ)
train/img_02421.jpg,ଜନ୍ମଦିନମାନଙ୍କରେ ମା' ଷଷ୍ଠୀ ଦେବୀଙ୍କଠାରେ ପିଲାମାନଙ୍କର ଦୀର୍ଘାୟୁ ଏବଂ ସର୍ବ କୁଶଳ ପାଇଁ କାମନା କରି ପୂଜାର୍ଚ୍ଚନା କରାଯାଇଥାଏ।ମା' ଷଷ୍ଠୀ ଦେବୀ ତ୍ରିଭୂଜା ଅଟନ୍ତି।ତାଙ୍କ ବାମ କୋଳରେ ଦିବ୍ୟ ଶିଶୁ ଆତ୍ମ ସୁଖ ଲାଭ କରୁଛନ୍ତି।
train/img_02422.jpg,ସେରଭିଡା ( ) ପରିବାରର ପ୍ରାଣୀ ସମ୍ବର ଏକ ପ୍ରକାର ମୃଗ।
train/img_02423.jpg,"ଗବେଷକ ଡଃ ସୁରେନ୍ଦ୍ର କୁମାର ମିଶ୍ର ଓଡ଼ିଆ ମଠରୁ ପ୍ରାପ୍ତ ସନନ୍ଦକୁ ଆଧାର କରି ଉଲ୍ଲେଖ କରିଛନ୍ତି ଯେ, ପୂର୍ବେ ବାହୁଡା଼ ଦଶମୀ ଦିନ ତିନି ହାଣ୍ଡି, ଏକାଦଶୀରେ ତିନି ହାଣ୍ଡି ଓ ଦ୍ୱାଦଶୀ ଦିନ ତିନି ହାଣ୍ଡି ଏହିପରି ନଅ ହାଣ୍ଡି ଅଧର ପଣା ଓ ବଳଭଦ୍ରଙ୍କ ରଥରେ ରାମ , କୃଷ୍ଣଙ୍କ ଇଦ୍ଦେଶ୍ୟରେ ୨ ହାଣ୍ଡି (ସାନ) ଓ ଜଗନ୍ନାଥଙ୍କ ରଥରେ ମଦନମୋହନ ଠାକୁରଙ୍କ ନିମିତ୍ତ ୧ ହାଣ୍ଡି (ସାନ) କ୍ରମରେ ମୋଟ ୧୨ଟି ହାଣ୍ଡି ଅଧର ପଣା ଭୋଗ ହେଉଥିଲା।"
train/img_02424.jpg,କେବେ ନଦୀ ଗତିପଥ ବଦଳାଇ ନୂଆ ମୁହଁ ଖୋଲେ ତ ପୁଣି କେବେ ଜୁଆର ଭଟ୍ଟାକୁ ବହୁତ ଭିତର ଯାଏଁ ଛାଡିଦିଏ ।
train/img_02425.jpg,"ରାୟପୁର, ଛତିଶଗଡ଼ ୨୧ ୨୩୩୩ ଉତ୍ତର ଅକ୍ଷାଂଶ ଓ ୮୧ ୬୩୩୩ ପୂର୍ବ ଦ୍ରାଘିମାରେ ଅବସ୍ଥିତ ।"
train/img_02426.jpg,"କଟକ, କଟକ ଜିଲ୍ଲାର ମୁଖ୍ୟାଳୟ ହେବା ସହିତ ଓଡ଼ିଶାର ଉପ-ରାଜଧାନୀ ତଥା ତତ୍ ସହିତ ରାଜ୍ୟର ସର୍ବପୁରାତନ ନ ଗର ମଧ୍ୟ ।"
train/img_02427.jpg,ବଲାଙ୍ଗୀର ଜିଲା - -
train/img_02428.jpg,"-ପାଲି / ପଲ୍ଲୀ - କମାପଲ୍ଲୀ , ଡୁଙ୍ଗୁରିପାଲି , ନୟାପଲ୍ଲୀ , ବରପାଲି ଇତ୍ୟାଦି"
train/img_02429.jpg,ଏକ ଦଳ ପାଲାବାଲା ପାଲା ଅଭିନୟ କଲେ ତାକୁ 'ଗୋଟିକିଆ ପାଲା' କହନ୍ତି ।
train/img_02430.jpg,ଏହି ମନ୍ଦିରର ମୂଳଭିତ୍ତି ଉପରେ ବର୍ତ୍ତମାନ ଅମୁହିଁ ଦେଉଳ ବା ଶ୍ରୀଜଗନ୍ନାଥଙ୍କ ରତ୍ନଭଣ୍ଡାର ଅବସ୍ଥିତ ।
train/img_02431.jpg,ଗୁରୁର କଥାତେ ବିଶ୍ୱାସ ନା କର
train/img_02432.jpg,ଜୈନ ଧର୍ମ
train/img_02433.jpg,"ଏଥିରେ ମୁଖ୍ୟ ଭୂମିକାରେ ରତିକାନ୍ତ, କମଳା ପ୍ରମୁଖ ଅଭିନୟ କରିଥିଲେ।"
train/img_02434.jpg,"ସୂଚନାଯୋଗ୍ୟ ଯେ, ବାସୁଦେବଙ୍କ ଚିତ୍ର ସମ୍ମୁଖରେ ଦୋଳଗୋବିନ୍ଦ, ରାମ ଓ ନୃସିଂହ ବିରାଜମାନ କରିଥିବା ବେଳେ ଭୁବନେଶ୍ୱରୀଙ୍କ ପାର୍ଶ୍ୱରେ ଭୂଦେବୀ ଓ ଶ୍ରୀଦେବୀ ଏବଂ ନାରାୟଣଙ୍କ ଚିତ୍ର ସମ୍ମୁଖରେ ମଦନମୋହନ ଓ କୃଷ୍ଣ ବିଗ୍ରହମାନେ ଖଟ ଉପରେ ଅଧିଷ୍ଠିତ ହୋଇଥାନ୍ତି।"
train/img_02435.jpg,"ଭନେ ଦ୍ୱିଜ ଭବପ୍ରିତା, କାନ୍ଦେ ବିରାଟ ଦୁହିତା"
train/img_02436.jpg,ତାଙ୍କରି ନାମାନୁଯାୟୀ ଆମ ଦେଶ ଭାରତ ବର୍ଷ ନାମରେ ଅଭିହିତ ।
train/img_02437.jpg,ଏହି ପବିତ୍ର ଦଉଡ଼ିକୁ ସ୍ପର୍ଶ କରିବା ସଙ୍ଗେ ସଙ୍ଗେ ରଥ ଟାଣି ଲକ୍ଷ ଲକ୍ଷ ଭକ୍ତ ନିଜକୁ ଧନ୍ୟ ମଣିଥାନ୍ତି।
train/img_02438.jpg,ସେଥିପାଇଁ ମା ବାପାମାନେ ଛୁଆକୁ ରଥଛିଆଁ କରେଇଥାଆନ୍ତି ।
train/img_02439.jpg,ମୁଢ଼ି ବା ଭୁଜା
train/img_02440.jpg,"ସେମାନେ ସ୍ପେସ୍ ରେସରେ ମଧ୍ୟ ପ୍ରତିଦ୍ୱନ୍ଦ୍ୱିତା କରିଥିଲେ, ଯାହା ୧୯୬୯ ଆମେରିକୀୟ ସ୍ପେସ୍ ଫ୍ଲାଇଟ ରେ ଶେଷ ହୋଇଥିଲା ଯାହାକି ପ୍ରଥମେ ମନୁଷ୍ୟମାନଙ୍କୁ ଚନ୍ଦ୍ରରେ ଅବତରଣ କରେଇଥିଲା ଏକାସାଙ୍ଗରେ, ନାଗରିକ ଅଧିକାର ଆନ୍ଦୋଳନ (୧୯୫୪ ୧୯୬୮) ରାଜ୍ୟ ତଥା ସ୍ଥାନୀୟ ଜିମ କ୍ରୋ ଆଇନ ଏବଂ ଆଫ୍ରିକୀୟ ଆମେରିକୀୟଙ୍କ ବିରୁଦ୍ଧରେ ଜାତିଗତ ଭେଦଭାବକୁ ରଦ୍ଦ କରିଦେଲା ୧୯୯୧ରେ ସୋଭିଏତ୍ ୟୁନିଅନର ବିଲୋପ ଶୀତଳ ଯୁଦ୍ଧକୁ ସମାପ୍ତ କରି ଆମେରିକାକୁ ବିଶ୍ୱର ଏକମାତ୍ର ମହାଶକ୍ତି ଭାବରେ ଛାଡି ଦେଇଥିଲା।"
train/img_02441.jpg,ଏହା ଲକ୍ଷ୍ମୀପୁର ନିକଟସ୍ଥ ଏକ ପାହାଡ଼।
train/img_02442.jpg,"ଖଳିଲାଗି ଏକାଦଶୀ ଦିନ ବିଗ୍ରହମାନଙ୍କ ସର୍ବାଙ୍ଗ ନିମନ୍ତେ ୭ କିଲୋଗ୍ରାମ ଚନ୍ଦନକାଠ, କର୍ପୂର, କେଶର ଏବଂ ଭିତର ପନ୍ତି ଭୋଗ ଇନିଷାତ୍ ମାନ ମଠ ତରଫରୁ ଯୋଗାଇଯାଇଥାଏ।"
train/img_02443.jpg,୨୦୦୭ ମସିହାର ଗଣନା ଅନୁସାରେ ଏହା ସ୍ଥାନୀୟ ଭାଷାଭାଷୀଙ୍କ ସଂଖ୍ୟା ଭିତ୍ତିରେ ବିଶ୍ୱର ୨୬ ତମ ସର୍ବାଧିକ କଥିତ ଭାଷା ।
train/img_02444.jpg,"ସମୁଦାୟ କ୍ଷେତ୍ର (ଜଳ ଏବଂ ସ୍ଥଳ) ଅନୁଯାୟୀ ଆମେରିକା ହେଉଛି ବିଶ୍ବର ତୃତୀୟ କିମ୍ବା ଚତୁର୍ଥ ବୃହତ୍ତମ ରାଷ୍ଟ୍ର, ରୁଷ ଏବଂ କାନାଡା ପଛରେ ରହି ଚୀନ୍ ସହିତ ସମାନ ଚୀନ୍ ଏବଂ ଭାରତର ବିବାଦ ଯୋଗୁ ଦୁଇଟି ଅଞ୍ଚଳର ବିଭାଜନ କିପରି ହୋଇଛି ଏବଂ ଯୁକ୍ତରାଷ୍ଟ୍ର ଆମେରିକାର ମୋଟ ଆକାର କିପରି ମାପ କରାଯାଏ ତାହା ଉପରେ ନିର୍ଭର କରି ଗଣନା ଏବଂ ମାନ୍ୟତା ଭିନ୍ନ ହୋଇଥାଏ"
train/img_02445.jpg,ସମୁଦାୟ ଜନସଂଖ୍ୟାର ୪୪ ୫ ହେଉଛନ୍ତି ଆଦିବାସୀ ଏବଂ ୧୧ ୬୨ ହେଉଛନ୍ତି ହରିଜନ ।
train/img_02446.jpg,"ଦିଏ, ନିଏ, ଖାଏ, ଖୁଆଏ, ଗୋପନ କଥା କହେ ଓ ପଚାରେ, ଏ ଛ'ଟି ଆନ୍ତରିକତା ଓ ନିବିଡ଼ତାର କଥା ।"
train/img_02447.jpg,"ରଥଯାତ୍ରା ଦିନ ଠାକୁରମାନଙ୍କ ମଙ୍ଗଳ ଆଳତି , ଅବକାଶ, ଖେଚେଡି଼ ଭୋଗ (ସକାଳ ଧୂପ), ମଙ୍ଗଳାର୍ପଣ ଇତ୍ୟାଦି ନୀତି ଅନୁଷ୍ଠିତ ହୋଇଥାଏ।"
train/img_02448.jpg,ସଙ୍କୀର୍ତ୍ତନ ଶିକ୍ଷାକୁ ସଙ୍କୀର୍ତ୍ତନ ଆଖଡ଼ା ଏବଂ ଦଳକୁ ସଙ୍କୀର୍ତ୍ତନିଆ କୁହାଯାଏ ।
train/img_02449.jpg,ଶାସ୍ତ୍ରର ବଚନ କର୍ଣ୍ଣେ ନାହିଁ ଧର
train/img_02450.jpg,ମାଦଳା ପାଞ୍ଜି ଅନୁସାରେ କୋଶଳକେଶରୀ ରାଜା ମାର୍କଣ୍ଡେଶ୍ୱର ମନ୍ଦିର ଓ ପୁଷ୍କରିଣୀର ପଶ୍ଚିମ ପାର୍ଶ୍ୱସ୍ଥ ପଥର ପାଚେରୀ ନିର୍ମାଣ କରାଇଥିଲେ।
train/img_02451.jpg,୧୮୦୩ ବେଳକୁ ଇଂରେଜମାନେ ଓଡ଼ିଶା ଅଧିକାର କଲାବେଳକୁ ଓଡ଼ିଶାର ଏହି ଅର୍ଥନୀତିର ଅଧପତନ ଚରମ ସୀମାରେ ପହଞ୍ଚି ଥିଲା ।
train/img_02452.jpg,ଏହି ମାଟିର ଯାତ୍ରା ଅନୁଷ୍ଠାନ ଓ ଯାତ୍ରାକାର ଓଡ଼ିଆ ଯାତ୍ରା କ୍ଷେତ୍ରରେ ପ୍ରସିଦ୍ଧିଲାଭ କରିପାରିଛନ୍ତି ।
train/img_02453.jpg,(ଡ଼ମକଚ:ନାଗପୁରିଆ)
train/img_02454.jpg,ପ୍ରଦର୍ଶନ
train/img_02455.jpg,୮-ମହଡ଼ା ନାଚିଆ ଝୁମର : ‘ମହଡ଼ା’ ଅର୍ଥ ହେଉଛି ମୁଖା ।
train/img_02456.jpg,ସିଂହଳର ପ୍ରାଚୀନ ଗ୍ରନ୍ଥ ମହାବଂଶରୁ ଜଣାଯାଏ ସେଠାର ପୁରାତନ ଅଧିବାସୀ ପ୍ରାଚୀନ କଳିଙ୍ଗରୁ ଯାଇଥିଲେ ।
train/img_02457.jpg,'ବ୍ରାହ୍ମଣ'
train/img_02458.jpg,ଶାସ୍ତ୍ରର ବଚନ କର୍ଣ୍ଣେ ନାହିଁ ଧର
train/img_02459.jpg,ପରେ ଏହାର ନାମ ବଦଳାଇ କେନ୍ଦୁଝର ଜିଲ୍ଲା ରଖାଗଲା ।
train/img_02460.jpg,ସେ ସମୟରେ ଓଡ଼ିଶାର ଜଣାଶୁଣା ପଣ୍ଡିତ ଜ୍ଞାନୀ ଦେଶଭକ୍ତମାନେ ଏହି ବିଦ୍ୟାଳୟର ଶିକ୍ଷକ ଥିଲେ ।
train/img_02461.jpg,ମିସନାରୀମାନେ ଖ୍ରୀ ୧୮୨୨ରେ ଓଡ଼ିଶାରେ ପ୍ରଥମ ଇଂରାଜୀ ୪ଟି ସ୍କୁଲ ପ୍ରତିଷ୍ଠା କରିଥିଲେ ମଧ୍ୟ ଅର୍ଥାଭାବ ହେତୁ ତାହା ବେଶୀ ଦିନ ଚଳାଇ ପାରି ନଥିଲେ ।
train/img_02462.jpg,"ବଲାଙ୍ଗିର ଜିଲ୍ଲା, ଓଡ଼ିଶାର ପଶ୍ଚିମରେ ଥିବା ଏକ ପ୍ରଶାସନିକ ଜିଲ୍ଲା ।"
train/img_02463.jpg,ଏହି ସଦ୍ଭାବର ପ୍ରଭାବ ମୋଗଲ ତାମସା ଅଭିନୟରେ ଦେଖିବାକୁ ମିଳିଥାଏ ।
train/img_02464.jpg,"ରଥଯାତ୍ରା ସମ୍ପର୍କରେ ମିଳୁଥିବା ପ୍ରାଚୀନ ଗ୍ରନ୍ଥ, କାବ୍ୟ, କବିତାରୁ ଧୂଳିଆ ଗୁଣ୍ଡିଚା ବିଷୟରେ କୈଣସି ଉଲ୍ଲେଖ ଥିବାର ଦୃଷ୍ଟିକୁ ଆସୁନାହିଁ ।"
train/img_02465.jpg,ଏହା ହାତୀଗୁମ୍ଫା ଅଭିଲେଖ ନାମରେ ଖ୍ୟାତ ।
train/img_02466.jpg,"ତନ୍ମଧ୍ୟରେ ଭାରତୀୟ ଜନତା ପାର୍ଟି, ଭାରତୀୟ ଜାତୀୟ କଂଗ୍ରେସ ଭଳି ପ୍ରମୁଖ ଦଳଗୁଡିକ ସହ ୪୦ଟି ପ୍ରାଦେଶିକ ଦଳ ମଧ୍ୟ ଅନ୍ତର୍ଭୁକ୍ତ ।"
train/img_02467.jpg,ଅନେକ ମହାନ ଓଡ଼ିଶୀ ନାଟଗୁରୁମାନେ ଆରମ୍ଭରେ ଏହି ନାଟକଳାରେ ଶିକ୍ଷାଲାଭ କରିଥିଲେ ।
train/img_02468.jpg,ପାଳି ଭାଷା
train/img_02469.jpg,ଗୋପାଳ ସମ୍ପ୍ରଦାୟର ଲୋକେ ଦୋଳ ପୂର୍ଣ୍ଣମୀର ପୂର୍ବଦିନରୁ କୁମ୍ଭ ପୂଜା କରି ରାଧାକୃଷ୍ଣ ଉପାସନା ସହିତ ଗୋପାଳଙ୍କ ଉଗାଳ ଓ ଲଉଡ଼ି ଖେଳ (ବାଡ଼ି ଖେଳ) ପ୍ରଦର୍ଶନ କରିଥାନ୍ତି।
train/img_02470.jpg,ଜାତୀୟ ବୃକ୍ଷ ବରଗଛ
train/img_02471.jpg,ମୁଖ୍ୟ ଦେଉଳଟି ପଞ୍ଚରଥ ଶୈଳୀରେ ନିର୍ମିତ ।
train/img_02472.jpg,"ବିର୍ଲା ଟାୟାର, ବାଲେଶ୍ୱର"
train/img_02473.jpg,"ତିନୋଟି ରାଜ୍ୟ ଏବଂ ଚାରିଟି ଆମେରିକୀୟ ଅଞ୍ଚଳ ହାୱାଇ (ହାୱାଇ), ଆଲାସ୍କା (କୋଡ଼ିଏଟି ଦେଶୀୟ ଭାଷା), ଦକ୍ଷିଣ ଡାକୋଟା (ସିଓକ୍ସ) ଇଂରାଜୀ ବ୍ୟତୀତ ସ୍ଥାନୀୟ କିମ୍ବା ସ୍ୱଦେଶୀ ଭାଷାକୁ ସ୍ୱୀକୃତି ଦେଇଛନ୍ତି ପୁଏର୍ତୋ ରିକୋ (ସ୍ପାନିଶ୍), ଗୁଆମ୍ (ଚାମୋରୋ), ଏବଂ ଉତ୍ତର ମାରିଆନା ଦ୍ୱୀପପୁଞ୍ଜ (କାରୋଲିନିଆନ୍ ଏବଂ ଚାମୋରୋ) ଭାଷାକୁ ସ୍ୱୀକୃତି ଦେଇଛନ୍ତି ପୁଏର୍ତୋ ରିକୋରେ ଇଂରାଜୀ ଅପେକ୍ଷା ସ୍ପାନିଶ୍ ଅଧିକ କଥିତ ନିମ୍ନ ସାରଣୀରେ କିଛି ମୁଖ୍ୟ ଭାଷାର ବ୍ୟବହାରକାରୀ ସଂଖ୍ୟା ଦିଆଗଲା।"
train/img_02474.jpg,ସଙ୍ଗୀତ ଓ ନାଟ
train/img_02475.jpg,ଜିଲ୍ଲାରେ ଝାରସୁଗୁଡାର ମନମୋହନ ହାଇସ୍କୁଲ ଓଡ଼ିଶାର ଏକ ପୁରାତନ ସ୍କୁଲ ।
train/img_02476.jpg,ଜୋବ୍ରା ପାର୍କ
train/img_02477.jpg,"ପୁରୁଷ: ୧,୫୮,୦୧୭"
train/img_02478.jpg,ପ୍ରତ୍ୟେକ ଚକର ଉଚ୍ଚତା ୬ ଫୁଟ ୬ ଇଞ୍ଚ।
train/img_02479.jpg,"ଏହି ରଥରେ ୧୬ଟି ଚକ (ବିଷ୍ଣୁସିଦ୍ଧ, ବିଭୂତି, ଅଣିମା, ପ୍ରଜ୍ଞା, ଧୀ, ଜ୍ଞାନ, ପ୍ରେମ, ଆଶକ୍ତ, ରତି, କେଳି, ସତ୍ୟ, ସୁଷ୍ୱସ୍ତି, ଜାଗୃତି, ତୁରୀୟ, ଆମ, ନିର୍ବାଣ) ସଂଯୁକ୍ତ ହୋଇଥାଏ ।"
train/img_02480.jpg,ଅଦ୍ୟାବତ୍ ସେହି ବିଗ୍ରହମାନେ ସେହି ମନ୍ଦିରରେ ଯଥାବିଧି ପୂଜିତ ହେଉ ଅଛନ୍ତି।
train/img_02481.jpg,ଏହି ଗୀତର ପ୍ରତି ପଦର ଆରମ୍ଭ ଓ ଶେଷରେ ଡାଲଖାଇ ଶବ୍ଦ ଥାଏ ଯାହା ଝିଅ ସାଙ୍ଗକୁ ଲକ୍ଷ କରି ବ୍ୟବ ହାର କରାଯାଇଥାଏ ।
train/img_02482.jpg,ଆଷାଢ଼ ମାସର ତୃତୀୟା ତିଥି ଯେଉଁଦିନ ପଡ଼ିବ ସେହିଦିନ ଶ୍ରୀଜଗନ୍ନାଥ ସେହିବାରର ପ୍ରତୀକଗ୍ରହ ରୂପେ ପୂଜା ପାଆନ୍ତି ।
train/img_02483.jpg,ସେଥିରୁ ୪୨ ୬୦ ପ୍ରତିଶତ ପୁରୁଷ ଓ ୩୩ ୫୩ ନାରୀ ଅଟନ୍ତି ।
train/img_02484.jpg,"ଉଦୟଗିରିରେ ମଞ୍ଚପୁରୀ, ଯମପୁରୀ ଓ ଛୋଟ ହାତୀ ଗୁମ୍ଫାରେ ଥିବା ବ୍ରାହ୍ମୀ ଲେଖମାନଙ୍କରୁ ତାଙ୍କ ଦୁଇଟି ପୁତ୍ର କନ୍ଦର୍ପଶ୍ରୀ ଓ ବରେଷଶ୍ରୀଙ୍କ ନାମ ମିଳେ ।"
train/img_02485.jpg,୧୪୫୨ ଖ୍ରୀଷ୍ଟାବ୍ଦରେ ଗଜପତି କପିଳେନ୍ଦ୍ର ଦେବ ଶ୍ରୀମନ୍ଦିର ଚତୁଃପାର୍ଶ୍ୱରେ ମେଘନାଦ ପାଚେରୀର ନିର୍ମାଣ କରାଇଥିଲେ ।
train/img_02486.jpg,"ଜିଲ୍ଲା ନ୍ୟାୟପାଳିକା, କଳାହାଣ୍ଡି"
train/img_02487.jpg,"ସେହି କାଳରୁ ବୁଦ୍ଧଙ୍କର ଜନ୍ମଜାତକ (ବୁଦ୍ଧଜାତକ), ବାଣୀ ତ୍ରିପିଟକ ଭାବରେ ଓ ବୌଦ୍ଧ ସାଧୁ ସନ୍ଥମାନଙ୍କ ଲେଖା ଚର୍ଯ୍ୟଗୀତିକା ଓଡ଼ିଆ ସାହିତ୍ୟର ଆରମ୍ଭ ।"
train/img_02488.jpg,ଗଞ୍ଜାମ ପ୍ରାଚୀନ ଦକ୍ଷିଣ କଳିଙ୍ଗ ପ୍ରଦେଶର ଏକ ଅଂଶବିଶେଷ ଥିଲା ।
train/img_02489.jpg,ମହେନ୍ଦ୍ରଗିରି
train/img_02490.jpg,ଶୁଆ-ସାରୀ ମନ୍ଦିର
train/img_02491.jpg,ଏହାପରେ ଲକ୍ଷ୍ମୀଙ୍କ ତରଫରୁ ଭିତରଚ୍ଛ ବନ୍ଦାପନା ନୀତି ବଢ଼ାଇଥାନ୍ତି ।
train/img_02492.jpg,ଭୁବନେଶ୍ୱର ଓ କଟକରୁ ବସଦ୍ୱାରା ଯଥାକ୍ରମେ ତିନି ଓ ଦୁଇ ଘଂଟାରେ ପହଂଚି ହେବ।ଭଦ୍ରକରୁ ଭାୟା ଚାନ୍ଦବାଲି ରାଜ୍ୟ ରାଜପଥଦ୍ୱାରା ଆସିପାରିବେ।
train/img_02493.jpg,ବଙ୍ଗର ମୁସଲିମ ଶାସକ ସୁଲେମାନ କରାଣୀ ତଥା ତାଙ୍କ ସେନାପତି 'କଳାପାହାଡ଼'ଦ୍ୱାରା ଓଡ଼ିଶା ଅଧିକୃତ ।
train/img_02494.jpg,ବାରବାଟି ଷ୍ଟାଡ଼ିଅମ ( )
train/img_02495.jpg,ସେଥିମଧ୍ୟରୁ ଦୁଇଥର ଶ୍ରୀକ୍ଷେତ୍ର ଭିତରେ ଲୀଳା ହୋଇଥିବା ବେଳେ ଶ୍ରୀକ୍ଷେତ୍ର ବାହାରେ ଉଣେଇଶ ଥର ସ୍ଥାନାନ୍ତର ହୋଇ ଲୀଳା କରିଛନ୍ତି ।
train/img_02496.jpg,ପୁରାତନ ଇତିହାସ ୨ ହଜାର ବର୍ଷ ତଳର ଏବଂ ଆଧୁନିକ ସହର ୧୯୬୮ରୁ ଆରମ୍ଭ ହୋଇ ଅଛି ।
train/img_02497.jpg,ସମ୍ବଲପୁରରେ ରଥଛିଆଁ ଗୋଟିଏ ଅଲଗା ଓ ନିଆରା ପରମ୍ପରା ।
train/img_02498.jpg,ବାଟ ମଙ୍ଗଳା ।
train/img_02499.jpg,"ସେହିପରି ପଶ୍ଚିମ ଓଡ଼ିଶାରେ ସମ୍ବଲପୁରୀ, କଳାହାଣ୍ଡିର ଦେଶିଆ ଓଡ଼ିଆ, ବାଲେଶ୍ୱର, ଭଦ୍ରକ, ମୟୂରଭଞ୍ଜ ଆଦି ଉତ୍ତର ଓଡ଼ିଶାର ଜିଲାରେ କଥିତ ବାଲେଶ୍ୱରୀ ଓଡ଼ିଆ ତଥା ଦକ୍ଷିଣ ଓଡ଼ିଶାର ଗଞ୍ଜାମ, ଗଜପତି ଆଦିରେ କଥିତ ଭାଷା ଗଞ୍ଜାମି ଓଡ଼ିଆରେ ଅନେକ ଲୋକ କଥା ଓ ଲୋକଗୀତ ଓଡ଼ିଆ ସାହିତ୍ୟକୁ ପରିପୁଷ୍ଟ କରିଅଛି ।"
train/img_02500.jpg,"ହିନ୍ଦୁଙ୍କ ବ୍ୟତୀତ କଟକରେ ବସବାସ କରୁଥିବା ମୁସଲମାନ, ଖ୍ରୀଷ୍ଟିଆନ, ଶିଖ ଓ ଅନ୍ୟାନ୍ୟ ଧର୍ମାବଲମ୍ବୀମାନେ ମଧ୍ୟ ନିଜ ନିଜ ଧାର୍ମିକ ପର୍ବ ପାଳନ କରନ୍ତି, ଏଗୁଡିକ ମଧ୍ୟରୁ ଇଦୁଲ ଫିତର, ଇଦୁଲ ଜୁହା, ବଡ଼଼ଦିନ ଆଦି ପ୍ରଧାନ ।"
train/img_02501.jpg,ଗମନାଗମନ
train/img_02502.jpg,ଅଖିଳ ଭାରତୀୟ ଫୁଟବଲ୍ ସଂଘ ଉଚ୍ଚ ପ୍ରଦର୍ଶନ କେନ୍ଦ୍ର ( )
train/img_02503.jpg,"ସେମାନେ ସେମାନଙ୍କର ""ଇଂରାଜୀ ଭାବରେ ଅଧିକାର"" ଏବଂ ""ପ୍ରତିନିଧିତ୍ୱ ବିନା ଟିକସ"" ଦାବି କରିଥିଲେ।"
train/img_02504.jpg,"ଓଡ଼ିଶୀ ସଙ୍ଗୀତର ନିଜସ୍ୱ ସୁଦୀର୍ଘ ପରମ୍ପରା, ରାଗ ରାଗିଣୀ ଓ ଗାୟନ ପରମ୍ପରା ଇତ୍ୟାଦି ସ୍ୱତନ୍ତ୍ର ଭାବେ ପ୍ରାଚୀନ କାଳରୁ ରହିଅଛି ।"
train/img_02505.jpg,"ଏହାର ସବୋଚ୍ଚ ସ୍ଥାନ ସମୁଦ୍ର ପତ୍ତନଠାରୁ ୨୫୬୫ ମିଟର (୮,୪୧୫ ଫୁଟ) ଉଚ୍ଚତାରେ ଥିବା ଥାନନ୍ ଥଙ୍ଗ ଚା ପର୍ବତ ମାଳାର ଡୋଇ ଇଁଥାନନ୍ ।"
train/img_02506.jpg,ଡାଲି ଚାଉଳ ଚଟଣୀ
train/img_02507.jpg,ପଞ୍ଚସଖାଙ୍କ ଯୁଗ ଥିଲା ପୁରାଣ ଓ ଭକ୍ତିଯୁଗ ।
train/img_02508.jpg,"ବିଶାଖାପାଟଣା, ଆନ୍ଧ୍ର ପ୍ରଦେଶର ଏକ ପ୍ରମୁଖ ସହର ଓ ବାଣିଜ୍ୟ କେନ୍ଦ୍ର ।"
train/img_02509.jpg,ତେଣୁ ସେ କହୁଛି
train/img_02510.jpg,ପଶ୍ଚିମ ଭାଗ ଅତ୍ୟନ୍ତ ବାଲିଆ ଓ ପଥୁରିଆ ।
train/img_02511.jpg,ଏହା ଲକ୍ଷ୍ମୀପୁର ନିକଟସ୍ଥ ଏକ ପାହାଡ଼।
train/img_02512.jpg,ସ୍ୱର ଧ୍ୱନି ଦୀର୍ଘ ହେବା : ବ୍ୟଞ୍ଜନମଧ୍ୟରେ ଆସୁଥିବା ବା ଦେଖାଯାଉଥିବା ସ୍ୱରବର୍ଣ୍ଣଗୁଡ଼ିକ ଦୀର୍ଘ ରୂପରେ ଉଚ୍ଚାରିତ ହୁଏ
train/img_02513.jpg,ଖାରବେଳଙ୍କ ସମ୍ପର୍କିତ ମୁଖ୍ୟ ତଥ୍ୟଗୁଡ଼ିକ ଆଧୁନିକ ଭୁବନେଶ୍ୱର ନିକଟରେ ଥିବା ଉଦୟଗିରିର ହାତୀଗୁମ୍ଫା ଶିଳାଲେଖରୁ ମିଳିଥାଏ ।
train/img_02514.jpg,ଭାରତର ତ୍ରିରଙ୍ଗା ଜାତୀୟ ପତାକା
train/img_02515.jpg,"ମଧୁସୂଦନ ଦାସ, ଗୋପବନ୍ଧୁ ଦାସ, ଫକୀର ମୋହନ ସେନାପତି, ନୀଳକଣ୍ଠ ଦାସ, ଗଙ୍ଗାଧର ମେହେର, ରାଧାନାଥ ରାୟ, ବାସୁଦେବ ସୁଢ଼ଳ ଦେବ ଓ କୃଷ୍ଣଚନ୍ଦ୍ର ଗଜପତି ନାରାୟଣ ଦେବ ଆଦିଙ୍କ ନେତୃତ୍ୱରେ ଏହି ଆନ୍ଦୋଳନ ଅଧିକ ତୀବ୍ର ହୋଇଥିଲା ।"
train/img_02516.jpg,କରମା ଗୀତ ସମ୍ବଳିତ ଝୁମର ଏହି ଯୁଗୀୟ ରଚନା ।
train/img_02517.jpg,"ସୋମବାର ଦିନ ଚନ୍ଦ୍ରଙ୍କ ସ୍ୱରୂପ, ମଙ୍ଗଳବାର ଦିନ ମଙ୍ଗଳଙ୍କ ସ୍ୱରୂପ, ବୁଧବାର ଦିନ ବୁଧଙ୍କ ସ୍ୱରୂପ, ଗୁରୁବାର ଦିନ ବୃହସ୍ପତିଙ୍କ ସ୍ୱରୂପ, ଶୁକ୍ରବାର ଦିନ ଶୁକ୍ରଙ୍କ ସ୍ୱରୂପ, ଶନିବାର ଦିନ ଶନିଙ୍କ ସ୍ୱରୂପ ଓ ରବିବାର ଦିନ ରବିଙ୍କ ସ୍ୱରୂପ ଭାବରେ ପୂଜା ପାଆନ୍ତି ।"
train/img_02518.jpg,କନୁରିଆ
train/img_02519.jpg,କଟକଠାରେ ଓଡ଼ିଶାର ଉଚ୍ଚ ନ୍ୟାୟାଳୟ ଅବସ୍ଥିତ ।
train/img_02520.jpg,ଶିଳ୍ପସାର ସଂଗ୍ରହ ପୋଥିରେ ୨ୟ ଖଣ୍ଡରେ ରଥର ମୂଳରୁ ଚୂଳ ପର୍ଯ୍ୟନ୍ତ ମୋଟ ୨୭ ଭାଗ କରାଯାଇଛି।
train/img_02521.jpg,ଲୋକନୃତ୍ୟ
train/img_02522.jpg,ଶ୍ରୀବେଢାକାଳୀ
train/img_02523.jpg,କିଛି କିଛି ଶିଳା ବିଶାଳାକାର ଥିଲା ।
train/img_02524.jpg,୧୨ଶ ଓ ୧୩ଶ ଶତାବ୍ଦୀ
train/img_02525.jpg,ଭୁବନେଶ୍ୱର ଓ କଟକରୁ ବସଦ୍ୱାରା ଯଥାକ୍ରମେ ତିନି ଓ ଦୁଇ ଘଂଟାରେ ପହଂଚି ହେବ।ଭଦ୍ରକରୁ ଭାୟା ଚାନ୍ଦବାଲି ରାଜ୍ୟ ରାଜପଥଦ୍ୱାରା ଆସିପାରିବେ।
train/img_02526.jpg,ଦିଗପହଣ୍ଡି (୧୩୪)
train/img_02527.jpg,"ଅର୍ଜୁନ ଦାସ, ଦେବଦୁର୍ଲଭ ଦାସ, ନରସିଂହ ସେଣ, ପାର୍ଥ ଶ୍ରୀଚନ୍ଦନ ପ୍ରତାପରାୟ, ବିଷ୍ଣୁ ଦାସ, ଧନଞ୍ଜୟ, ରଘୁନାଥ ହରିଚନ୍ଦନ, ଉପେନ୍ଦ୍ର ଭଞ୍ଜ, ଦୀନକୃଷ୍ଣ ଦାସ, ଅଭିମନ୍ୟୁ ସାମନ୍ତସିଂହାର, ବ୍ରଜନାଥ ବଡ଼ଜେନା ଓ ଯଦୁମଣି ପ୍ରମୁଖ ଏହି କାଳର କବି ।"
train/img_02528.jpg,ଖ୍ରୀ ୧୪୯୭ରୁ ୧୫୪୧ ମଧ୍ୟରେ ପ୍ରତାପରୁଦ୍ରଦେବଙ୍କ ଶାସନ କାଳରେ ହୁଗୁଳି ଓ ମେଦିନୀପୁର ଅଞ୍ଚଳରୁ ଆନ୍ଧ୍ରପ୍ରଦେଶର ଗୁଣ୍ଟୁର୍ ଅଞ୍ଚଳ ପର୍ଯ୍ୟନ୍ତ ବ୍ୟାପ୍ତ ଥିଲା ।
train/img_02529.jpg,"ଶିବ, ଦୁର୍ଗା, ବିଷ୍ଣୁ, ଗଣେଶ, କାର୍ତ୍ତିକେୟ, ବରାହ, ନୃସିଂହ ଓ ବାମନ ପ୍ରଭୃତି ଦେବଦେବୀମାନେ ଏହି ମନ୍ଦିରଗୁଡ଼ିକର ଅଭ୍ୟନ୍ତରରେ ତଥା ପାର୍ଶ୍ୱରେ ପୂଜା ପାଇଲେ ।"
train/img_02530.jpg,"କଳା ଚିକ୍କଣ ମୁଗୁନି ପଥରରେ ଅତ୍ୟନ୍ତ କମନୀୟ, ମନୋଲୋଭା ଢ଼ଙ୍ଗରେ ୧ଫୁଟ ଉଚ୍ଚ ବିଶିଷ୍ଟ ସିଂହାସନ ଉପରେ ନୃତ୍ୟରତ ଭଙ୍ଗୀ, ଠାଣୀରେ ""ନାଟୁଆ ଗଣେଶ"" ୬ ଫୁଟ ଉଚ୍ଚତା ଓ ୩ ଫୁଟ ଓସାରରେ ଅଷ୍ଟଭୁଜ ବିଶିଷ୍ଟ ବିଦ୍ୟମାନ।ବିମଳାଙ୍କ ମନ୍ଦିରର ସମ୍ମୁଖ ଭାଗରେ ଦକ୍ଷିଣାଭିମୁଖୀ ୩୫ ଫୁଟ୍ ଉଚ୍ଚତା ବିଶିଷ୍ଟ ମନ୍ଦିର ମଧ୍ୟରେ ପୂଜା ପାଉଛନ୍ତି।କାଞ୍ଚି ଅଭିଯାନ ସମୟରେ ଗଜପତି ଶ୍ରୀପୁରୁଷୋତ୍ତମ ଦେବ ଏହି ନୃତ୍ୟ ଗଣପତିଙ୍କୁ ଆଣି ସ୍ଥାପନ କରିଛନ୍ତି।ଗଣେଶ ପୂଜା ଅବସରରେ ସନ୍ଧ୍ୟା ଧୂପ ପରେ ଏହି ବିଗ୍ରହଙ୍କୁ ପ୍ରସାଦ ଲାଗି ଭୋଗ ଓ ବନ୍ଦାପନା କରାଯାଏ।"
train/img_02531.jpg,"ଏହି ପ୍ରବାସୀଙ୍କ ଆଗମନ ସ୍ଥାନୀୟ ମରାଠୀମାନଙ୍କ ମନକୁ ଆଶଙ୍କିତ କରିଲା, ଯେଉଁମାନେ ନିଜର ଭାଷା, ସଂସ୍କୃତି ଓ ବ୍ୟବସାୟକୁ ରକ୍ଷା କରିବାପାଇଁ ଚିନ୍ତିତ ଥିଲେ।"
train/img_02532.jpg,ନାରଦ ଏବଂ ଅନ୍ୟ ଦୁଇ ଦେବଦୂତଙ୍କ ସହ ଇନ୍ଦ୍ରଦ୍ୟୁମ୍ନ ଶ୍ରୀକ୍ଷେତ୍ରରେ ପହଞ୍ଚିବା ପରେ ମହାପ୍ରଭୁଙ୍କ ପଣି ରଥ ନିର୍ମାଣ କରାଯାଇଥିଲା ।
train/img_02533.jpg,ଝୁମରର ଯୁଗବିଭାଜନ
train/img_02534.jpg,ସମ୍ରାଟ ଖାରବେଳଙ୍କ ଆତ୍ମଜୀବନୀ
train/img_02535.jpg,ପୁରୁଷ: ୯୨ ୪୫
train/img_02536.jpg,ଜୋଙ୍କ ନଦୀ
train/img_02537.jpg,"ଖାରବେଳଙ୍କ ସମୟରେ ଖୋଦିତ ରାଣୀଗୁମ୍ଫା, ସ୍ୱର୍ଗପୁରୀ ଓ ମଞ୍ଚପୁରୀ ଗୁମ୍ଫାର ଗାତ୍ରରେ ଦେଖିବାକୁ ମିଳୁଥିବା ନର୍ତ୍ତକୀମାନଙ୍କର ପ୍ରତିମା ତଥା ହାତୀଗୁମ୍ଫା ଅଭିଲେଖରେ ବର୍ଣ୍ଣିତ ନୃତ୍ୟ ଓଡ଼ିଶୀ ନୃତ୍ୟର ଆଧାର ।"
train/img_02538.jpg,ବଙ୍ଗଳାଦେଶ ବିଶ୍ୱର ତୃତୀୟ ବୃହତ୍ତମ ମୁସଲମାନ ଦେଶ ଭାବରେ ପରିଗଣିତ ।
train/img_02539.jpg,ରଥଟଣା
train/img_02540.jpg,ଆଶ୍ରମ ଏବଂ ସ୍ୱାଧୀନତା ସଂଗ୍ରାମୀମାନଙ୍କୁ ମନେ ପକାଇବା ପାଇଁ ସ୍ଥାନୀୟ ଚାଟରାର ବିନାୟକ ପଟ୍ଟନାୟକ କିଛି ଜମି ଦାନ କରିଥିଲେ ।
train/img_02541.jpg,"କୋରୁଆ ମହିଳା ଉଚ୍ଚ ମାଧ୍ୟମିକ ବିଦ୍ୟାଳୟ, କୋରୁଆ"
train/img_02542.jpg,ଏତଦବ୍ୟତୀତ କଟକ ଚଣ୍ଡୀ ମନ୍ଦିର ଓ ଭଟ୍ଟାରିକା ମନ୍ଦିର ମଧ୍ୟ କଟକର ଶୋଭା ବୃଦ୍ଧି କରୁଛନ୍ତି ।
train/img_02543.jpg,"""କୁହ ଗୋ ଦୁତୀ ମୁଇ କେନତା କରସିଁ ଗୋ"
train/img_02544.jpg,କଣ୍ଢେଇରେ କଳାସୂତା ଲଗାଇ ଆଙ୍ଗୁଳି ଚାଳନାଦ୍ୱାରା ଅନେକ ପ୍ରକାରର ପ୍ରସଙ୍ଗକୁ ଚିତ୍ରଣ କରାଯାଏ।
train/img_02545.jpg,"ଓଡ଼ିଆ ରୀତିଯୁଗୀୟ କବିମାନଙ୍କ ରଚନା ଭଳି ଏହି ସମୟର କିବିମେନ ଅଳଙ୍କାର, ରସ-ରୀତି ଆଦି ଶାସ୍ତ୍ରୀୟ ମର୍ଯ୍ୟାଦାରେ ନିଜର କାବ୍ୟନାୟିକାକୁ ଭୂଷିତ କରଅଛନ୍ତି ।"
train/img_02546.jpg,ଚେନ୍ନାଇ଼ 'ତାମିଲନାଡୁ' ରାଜ୍ୟର ରାଜଧାନୀ ।
train/img_02547.jpg,ମାତ୍ର ତାଙ୍କ ରୁଗ୍ଣ ପୁତ୍ର ରାଜା ମୁକୁନ୍ଦ ଦେବଙ୍କ ସମୟରେ ରଥ ଉପରର ଚତୁଃପାର୍ଶ୍ୱ ଛେରା ପହଁରାର ନୂତନ ବିଧି ବିଧାନ ହୋଇଥିଲା ଏବଂ ଏହି ପ୍ରଥା ଅଦ୍ୟାବଧି ଅନୁସୃତ ହୋଇ ଆସୁଅଛି।
train/img_02548.jpg,ସ୍ୱର ଶାସ୍ତ୍ର
train/img_02549.jpg,ମରାଠାମାନେ ଜଳେଶ୍ୱରରେ ଥିବା ରାଇବଣିଆ ଦୁର୍ଗଠାରେ ଥିଲେ ।
train/img_02550.jpg,ଯୋଗୀମଠର ଚିତ୍ରଲିପିରେ ନାଲଙ୍ଗୀ ରଙ୍ଗରେ ଲିଖିତ “ଠ” ଲିପି ଆଜି ପର୍ଯ୍ୟନ୍ତ ଓଡ଼ିଆ ସମେତ ସମସ୍ତ ଭାରତୀୟ ଲିପିମାଳାରେ ଅବିକଳ ଭାବରେ ବ୍ୟବହୃତ।
train/img_02551.jpg,"ଜଗନ୍ନାଥ ଦାସଙ୍କ ଓଡ଼ିଆ ଭାଗବତ, ବଳରାମଙ୍କ ଜଗମୋହନ ରାମାୟଣ, ଅଚ୍ୟୁତାନନ୍ଦଙ୍କ ହରିବଂଶ ଓ ମାଳିକା ଏହି ଯୁଗର କେତୋଟି ଅମୂଲ୍ୟ ରଚନା ।"
train/img_02552.jpg,କୋଣାର୍କ ଓ ବ୍ରହ୍ମେଶ୍ୱର ମନ୍ଦିର କାନ୍ଥରେ ଖୋଦିତ ଚିତ୍ରରେ ବି ନାଚୁଥିବା ନର୍ତ୍ତକ ଓ ନର୍ତ୍ତକୀଙ୍କ ଅଙ୍ଗଭଙ୍ଗୀ ଓଡ଼ିଶୀ ସହ ସମ୍ବନ୍ଧିତ ।
train/img_02553.jpg,ସାତ ଦିନ ପରେ ନବଦିନ ଯାତ୍ରା ସମାପ୍ତ କରି ବାହୁଡା ଯାତ୍ରା ହେଉଥିଲା।
train/img_02554.jpg,ବାହୁଡା଼ ଯାତ୍ରା
train/img_02555.jpg,ପ୍ରାୟ ୧୨ ଲକ୍ଷ ବାସିନ୍ଦାଙ୍କ ମଧ୍ୟରୁ ୭ଲକ୍ଷ ଭୋଟର ମତଦାନ କରନ୍ତି ।
train/img_02556.jpg,ଡାଲି
train/img_02557.jpg,ସେ କାମ୍ବୋଡିଆକୁ ପଠାଇଥିବା ଧର୍ମଗୁରୁଙ୍କୁ କାମ୍ବୋଡିଆର ଜନତା ସ୍ୱାଗତ କରିବା ସହ ସେମାନଙ୍କଠାରୁ ଶିକ୍ଷା ଗ୍ରହଣ କରିଥିଲେ ।
train/img_02558.jpg,"୧୯୨୧ରେ ଟାଗୋର ଏବଂ କୃଷି ସମ୍ଭଦ୍ଧିୟ ଅର୍ଥବିତ ତା ନାମ "" "", ପରେ ତା ନାମ ଶ୍ରୀନିକେତନ କିମ୍ବା ""ସୁଖର ବାସଗୃହ"", ସୁରୁଲ,ଆଶ୍ରମ ପାଖରେ ଗୋଟେ ଗାଁ ।"
train/img_02559.jpg,"ସାଧାରଣତଃ ପ୍ରତି ପାଞ୍ଚ ବର୍ଷରେ ଥରେ ବା ଆବଶ୍ୟକ ସ୍ଥଳେ, ପାଞ୍ଚ ବର୍ଷ ପୂରଣ ହେବା ପୂର୍ବରୁ ବିଧାନ ସଭା ଭଙ୍ଗ କରାଯାଇ ଯଥାଶିଘ୍ର (୬ ମାସ ମଧ୍ୟରେ) ନିର୍ବାଚନ କରାଯାଇ ନୂତନ ବିଧାନ ସଭା ଗଠନ କରାଯାଏ ।"
train/img_02560.jpg,ତେରୁ ରସବିହୀନ ରଚନା ଯଥାର୍ଥ ରଚନା ପଦବାଚ୍ୟ ହୋଇପାରେ ନାହିଁ ।
train/img_02561.jpg,ବାରକୋଟ
train/img_02562.jpg,ଭାରତର ତ୍ରିରଙ୍ଗା ଜାତୀୟ ପତାକା
train/img_02563.jpg,ସାଧାରଣତଃ ନବଜାତକର ଏକୋଇଶିଆ (ଜନ୍ମର ଏକୋଇଶ ଦିନ)ରେ ଅଥବା କାହାରି ଜନ୍ମଦିନରେ ଏହା ଆୟୋଜିତ ହୋଇଥାଏ।
train/img_02564.jpg,"ବୈଦିକ ଓଡ଼ିଶା - କୃଷ୍ଣ ଯଜୁର୍ବେଦ ବୌଧାୟନ କଳ୍ପସୂତ୍ର କହେ (ଖ୍ରୀ ପୂ ଷଷ୍ଠ ଶତାବ୍ଦୀ), ବୈଦିକ ସଭ୍ୟତା ବାହାରେ କଳିଙ୍ଗ ଥିଲା ଭିନ୍ନ ଏକ ସଭ୍ୟତା (ନା ଆର୍ଯ୍ୟ ନା ଦ୍ରାବିଡ଼)"
train/img_02565.jpg,ଏହା ଜଗନ୍ନାଥ ମନ୍ଦିରରେ ପାଳିତ ଦ୍ୱାଦଶ ଯାତ୍ରାର ମଧ୍ୟରେ ପ୍ରଧାନ ।
train/img_02566.jpg,"ଘିରିଘିରି ହୋଇ ବୁଲିବା, ତଳୁ ଉପରକୁ ରକେଟ ପରିଯିବା, ଉପରୁ ତଳକୁ ଖସିବାବେଳେ ମୁଣ୍ଡକୁ ଲମ୍ବାଇ ଉଡ଼ିବା, ଚିତ୍ ପଟାଙ୍ଗ ମାରିବା, ଡାହାଣରୁ ବାମକୁ ଓ ବାମରୁ ଡାହାଣକୁ କଡ଼େଇ କଡ଼େଇ ଉଡ଼ିବା ଆଦି ନାନାଦି କରାମତି ନ ଦେଖିଲେ ବିଶ୍ୱାସ କରିବା କଷ୍ଟକର ।"
train/img_02567.jpg,"ପୁରୁଷ: ୬,୧୨,୫୯୭"
train/img_02568.jpg,ଓଝା ମହାରଣା
train/img_02569.jpg,ଗଜପତି ରାଜବଂଶର ଇତିହାସ ଆଜି ମଧ୍ୟ ଗଜପତି ଜିଲ୍ଲାର ଇତିହାସରେ ସ୍ୱର୍ଣ ଅକ୍ଷରରେ ଲିପିବଦ୍ଧ ହୋଇରହିଛି ।
train/img_02570.jpg,ଦଧିନଉତି ୨ ଚଉଠ ଉଚ୍ଚରେ ମାଙ୍କଡ଼ଛନ୍ଦା ଉପରେ କଳସ ଚକ୍ର ପତାକା ହେବ ।
train/img_02571.jpg,ଖ୍ରୀ ଅ ୩ ଯ ଶତାବ୍ଦୀରେ କଳିଙ୍ଗର ରାଜା ବାଲୁକେଶ୍ୱରଙ୍କ ସମୟରେ ସଧବପୁଅମାନେ ବାଲି ଦ୍ୱୀପ ସହିତ ଯେତେବେଳେ ବେପାର ବଣିଜ କରୁଥିଲେ ସେତେବେଳେ ମଧ୍ୟ ଏହାର ନାମ ବାଲେଶ୍ୱର ଥିଲା ।
train/img_02572.jpg,ମଦ୍ୟପ ସ୍ୱାମୀର ଅତ୍ୟାଚାରରେ ସ୍ତ୍ରୀର ବକ୍ତବ୍ୟ ନିମ୍ନୋକ୍ତ ଝୁମରରେ-
train/img_02573.jpg,"ସେହି ପରି ଜନସାଧାରଣରେ ବହୁ ପ୍ରଚାରିତ ନୀଳାଦ୍ରୌ ଶତବର୍ଷାଣି ଆଡ଼ପେ ମଣ୍ଡପେ ଦିନେ ଉକ୍ତିକୁ ସ୍ମରଣ କରି ସନ୍ଧ୍ୟା ଦର୍ଶନ ଦିନ ଭକ୍ତମାନଙ୍କର ଶ୍ରୀଗୁଣ୍ଡିଚା ମନ୍ଦିରରେ ଶ୍ରୀବିଗ୍ରହମାନଙ୍କୁ ଦର୍ଶନ , ଦୀପ ପ୍ରଜ୍ଜ୍ୱଳନ , ବ୍ରାହ୍ମଣମାନଙ୍କୁ ମହାପ୍ରସାଦ ସେବନରେ ଅପ୍ୟାୟିତ କରିଥିବା ଜଣାଯାଏ।"
train/img_02574.jpg,"ଏହି ନୃତ୍ୟରେ ପଖଉଜ, ବେହେଲା, ଗିନି, ଝାଞ୍ଜ ଓ ବଂଶୀ ଆଦି ବାଦ୍ୟଯନ୍ତ୍ର ବ୍ୟବହାର କରାଯାଏ ।"
train/img_02575.jpg,"ଏଣୁ ଏ ସଂମ୍ପର୍କରେ କୁହାଯାଏ ‘‘ନୃତ୍ୟ ଜଗତରେ ‘ଛଉନାଚ’ ଯେପରି ଏକ ବିଶିଷ୍ଟ ସମ୍ପଦ, ସଙ୍ଗୀତ ରାଜ୍ୟରେ ‘ଝୁମର’ ମଧ୍ୟ ଏକ ବିଶ୍ୱସ୍ତ ସମ୍ପଦ ।"
train/img_02576.jpg,ଏମଟି ଏନ ଏଲ ଓ ଟାଟା ଏଠାରେ ବ୍ରଡବ୍ୟାଣ୍ଡ ସେବା ମଧ୍ୟ ପ୍ରଦାନ କରୁଛି।
train/img_02577.jpg,"ପ୍ରମୁଖ ସ୍ୱାଧୀନତା ସଂଗ୍ରାମୀମାନେ ହେଲେ- ହରେକୃଷ୍ଣ ମହତାବ, ମହମ୍ମଦ ହନିଫ୍, ନୀଳମଣି ରାଉତରାୟ, ଗୋକୁଳାନ୍ଦ ମହାନ୍ତି, ଚକ୍ରଧର ବେହେରା, ଭାଗବତ ସାହୁ, ମୂରଲୀଧର ଜେନା, ରାମଚନ୍ଦ୍ର ବେହୁରା, ହୃଦାନନ୍ଦ ମଲ୍ଲିକ, କମଳାକାନ୍ତ କର, ଗୌରଚନ୍ଦ୍ର ମହାପାତ୍ର, ଗୌରାଙ୍ଗ ଚରଣ ମହାନ୍ତି, ମୁନସୀ ଅବଦୁଲ ଗନି।"
train/img_02578.jpg,୧୫୩୪ ଖ୍ରୀଷ୍ଟାବ୍ଦରେ ପର୍ତ୍ତୁଗୀଜମାନେ ଗୁଜରାଟର ଶାସକମାନଙ୍କଠୁ ଏହି ଦ୍ୱୀପପୁଞ୍ଜ ଛଡେଇନେଇଥିଲେ।
train/img_02579.jpg,"ନନ୍ଦିଘୋଷରେ ହରିହର, ପଣ୍ଡୁ ନୃସିଂହ, ଗିରିଧର, ଷଡ଼ଭୁଜ ଚିନ୍ତାମଣି କୃଷ୍ଣ, ଚତୁର୍ଭୁଜ ନାରାୟଣ, ସପ୍ତଫେଣ ସର୍ପରେ ଆସୀନ ମଧୁସୂଦନ ବା ବିଷ୍ଣୁ, ଲକ୍ଷ୍ମଣ, ପଞ୍ଚମୁଖୀ ମହାବୀର ପାର୍ଶ୍ୱଦେବ/ଦେବୀ ଭାବେ ଅବସ୍ଥାନ କରିଥାନ୍ତି ।"
train/img_02580.jpg,"ବ୍ରହ୍ମପୁର ବିଶ୍ୱବିଦ୍ୟାଳୟ,ବ୍ରହ୍ମପୁର (ସ୍ଥାପିତ ୧୯୬୭)"
train/img_02581.jpg,ପାଲିଙ୍କି ଆନନ୍ଦବଜାରସ୍ଥିତ ଚାହାଣୀ ମଣ୍ଡପକୁ ନିଆଯାଏ।
train/img_02582.jpg,"ଭୁବନେଶ୍ୱରର ପର୍ଶୁରାମେଶ୍ୱର ମନ୍ଦିର, ବୈତାଳ ମନ୍ଦିର, ଶିଶିରେଶ୍ୱର ମନ୍ଦିର, ମାର୍କଣ୍ଡେଶ୍ୱର ମନ୍ଦିର, ମୁକ୍ତେଶ୍ୱର ମନ୍ଦିର, ରାଜରାଣୀ ମନ୍ଦିର, ଲିଙ୍ଗରାଜ ମନ୍ଦିର, ମେଘେଶ୍ୱର ମନ୍ଦିର, ପୁରୀର ଜଗନ୍ନାଥ ମନ୍ଦିର ଏବଂ କୋଣାର୍କର ସୂର୍ଯ୍ୟମନ୍ଦିରର ବର୍ହିଭାଗରେ ଖୋଦିତ ନର୍ତ୍ତକୀ ଓ ନାୟିକାମାନଙ୍କର ଅଙ୍ଗଭଙ୍ଗୀ ଓ ମୁଦ୍ରାରୁ ଓଡ଼ିଶୀ ନୃତ୍ୟର ପରମ୍ପରା ସମୃଦ୍ଧ ହୋଇଥିବା ଜଣାଯାଏ ।"
train/img_02583.jpg,"ସିଆମ୍ ଏବଂ ଥାଇଲ୍ୟାଣ୍ଡ ମଧ୍ୟ ରିହାତି ପାଇଁ ଜଣାଶୁଣା, ଯେପରିକି ବୋଲିଂ ଚୁକ୍ତି ପରଠାରୁ ଅସମାନ ଚୁକ୍ତିନାମା ସ୍ୱାକ୍ଷର କରିବା ଏବଂ ଏଥିପାଇଁ ମାଲାୟା, ଲାଓସ୍ ଏବଂ କାମ୍ବୋଡିଆରେ ଏହାର ସଂରକ୍ଷଣ ସ୍ଥାନ ଛାଡିବା କେତେକ କ୍ଷେତ୍ରରେ ସିଆମ୍ ଏବଂ ଥାଇଲ୍ୟାଣ୍ଡ ନିରପେକ୍ଷତା ଛାଡିପାରନ୍ତି ଏବଂ ଏହାର ଲାଭ ପାଇଁ ଦ୍ୱନ୍ଦ୍ୱରେ ଏକ ପକ୍ଷ ରଖିଥିଲେ ଯେପରିକି ପ୍ରଥମ ବିଶ୍ୱଯୁଦ୍ଧରେ ସହଯୋଗୀ ଦଳ ଏବଂ ଦ୍ୱିତୀୟ ବିଶ୍ୱଯୁଦ୍ଧରେ ଜାପାନରେ ଯୋଗଦେବା।"
train/img_02584.jpg,"ଗ୍ରାମ: ୧,୯୫୦"
train/img_02585.jpg,ଏହା ଭୌଗୋଳିକ ଆୟତନ ଅନୁସାରେ ବିଶ୍ୱର ସପ୍ତମ ଓ ଜନସଂଖ୍ୟା ଅନୁସାରେ ବିଶ୍ୱର ପ୍ରଥମ ବୃହତ୍ତମ ଦେଶ ।
train/img_02586.jpg,ଖାରବେଳ ୨୪ ବର୍ଷ ବୟସରେ କଳିଙ୍ଗ ସିଂହାସନରେ ଅଧିଷ୍ଠିତ ହୋଇଥିଲେ ।
train/img_02587.jpg,କଳାହାଣ୍ଡିର ବୀରବାଦ୍ୟ ଘୁମୁରା ଅଟେ ।
train/img_02588.jpg,ଏତେ ବଡ଼ ଆକାରର ପ୍ରାଣୀ ହେଲେ ମଧ୍ୟ ଏମାନେ ଯିବା ଆସିବା କରିଲା ବେଳେ ଶବ୍ଦ ହୁଏ ନାହିଁ।
train/img_02589.jpg,ରଥ ଯାତ୍ରାର କେତେକ ବିଶେଷ ନୀତି
train/img_02590.jpg,ପଥର ଖୋଦନ ହେଉଛି ଓଡ଼ିଶାର ଏକ ପୁରୁଣା ଶିଳ୍ପ।
train/img_02591.jpg,"ଚାରୁ ହାସମୟୀ ଚାରୁ ଭାଷମୟୀ,"
train/img_02592.jpg,", ଆଗ୍ନେୟ ଏସିଆରେ ୪୦ , ଦକ୍ଷିଣ ଏସିଆରେ ୩୧ , ଉପସାହାରୀୟ ଆଫ୍ରିକାରେ ୩୦ , ଏସିଆ-ଓସେନିଆରେ ୨୫ , ୟୁରୋପରେ ୬ , ଆମେରିକାରେ ୧ ଇସଲାମ ଧର୍ମାବଲମ୍ବୀ ବାସକରନ୍ତି ।"
train/img_02593.jpg,୧ ।
train/img_02594.jpg,ଓଡ଼ିଶା ଆଦିତ୍ୟ ବିକ୍ରମ ବିର୍ଲା ଏବଂ ଗଗନ ନାରଙ୍ଗ ସୁଟିଂ ଉଚ୍ଚ ପ୍ରଦର୍ଶନ କେନ୍ଦ୍ର ( )
train/img_02595.jpg,"ହୃଦୟାନନ୍ଦ ନାୟକ ସ୍ମାରକୀ ମହାବିଦ୍ୟାଳୟ, ଚାନ୍ଦୋଳ"
train/img_02596.jpg,ଏହି ପ୍ରଣାଳୀରୁ ବାହୁରୁଥିବା ଖଦଡ ଅଂଶଟି ହେଉଛି ଟସର ।
train/img_02597.jpg,ଐତିହ୍ୟ
train/img_02598.jpg,"ଜଗନ୍ନାଥ ଦାସଙ୍କ ଓଡ଼ିଆ ଭାଗବତ, ବଳରାମଙ୍କ ଜଗମୋହନ ରାମାୟଣ, ଅଚ୍ୟୁତାନନ୍ଦଙ୍କ ହରିବଂଶ ଓ ମାଳିକା ଏହି ଯୁଗର କେତୋଟି ଅମୂଲ୍ୟ ରଚନା ।"
train/img_02599.jpg,"ଓଡ଼ିଶାର ମୟୂରଭଞ୍ଜ ଜିଲ୍ଲା, ବାଲେଶ୍ୱର, କେଉଁଝର, ସୁନ୍ଦରଗଡ, ସମ୍ବଲପୁର,ଢେଙ୍କାନାଳ, ଅନୁଗୁଳ, ବୌଦ୍ଧ,ଜୟପୁର ଆଦିରେ ଚାଷ କରାଯାଉଛି।ଏଥିପାଇଁ ୮୪୫୦ ହେକ୍ଟର ଜମିରେ ଅର୍ଜୁନ ଗଛ ଲଗାଯାଇଥାଏ।"
train/img_02600.jpg,"ଏଥିମଧ୍ୟରୁ ଗ୍ରାମାଞ୍ଚଳରେ ୧୪,୫୧,୪୧୩ ଓ ସହରାଞ୍ଚଳରେ ୧,୯୭,୧୬୧ ଲୋକ ବାସ କରନ୍ତି ।"
train/img_02601.jpg,ଦେବଗଡ଼
train/img_02602.jpg,ପତି ନାହିଁ ପଲଙ୍କ ଉପରେ
train/img_02603.jpg,ଏଠାରେ ପାଳନ କରାଯାଉଥିବା ରଥଯାତ୍ରାରେ ସାମାନ୍ୟ ଭିନ୍ନ ପରମ୍ପରା ଦେଖିବାକୁ ମିଳେ ।
train/img_02604.jpg,"ଗୌତମ ନଗରସ୍ଥିତ ଶିବ ମନ୍ଦିର ଓ ଗଣେଶ ମନ୍ଦିର,"
train/img_02605.jpg,୧୨ଶ ଓ ୧୩ଶ ଶତାବ୍ଦୀ
train/img_02606.jpg,ସେପ୍ ଟେମ୍ବରରୁ ଅକ୍ଟୋବର ମଧ୍ୟଭାଗ ଯାଏଁ ସର୍ବାଧିକ ବୃଷ୍ଟିପାତ ହୋ ଇଥାଏ ।
train/img_02607.jpg,ଯୁଦ୍ଧର ପରିଣାମ ଆମେରିକା ଏବଂ ସୋଭିଏତ ସଂଘକୁ ବିଶ୍ୱର ଦୁଇଟି ମହାଶକ୍ତି ଭାବରେ ପରିଣତ କରିଥିଲା ଶୀତଳ ଯୁଦ୍ଧ ସମୟରେ ଉଭୟ ଦେଶ ଆଦର୍ଶଗତ ପ୍ରାଧାନ୍ୟ ପାଇଁ ସଂଗ୍ରାମରେ ନିୟୋଜିତ ହୋଇଥିଲେ ମଧ୍ୟ ପ୍ରତ୍ୟକ୍ଷ ସାମରିକ ବିବାଦରୁ ଦୂରେଇ ରହିଥିଲେ।
train/img_02608.jpg,ହିନ୍ଦୀ ଓ ବଙ୍ଗଳା ବ୍ୟତୀତ ଏକାଧିକ ଭାରତୀୟ ରାଜ୍ୟରେ ପ୍ରାଥମିକ ସରକାରୀ ମାନ୍ୟତା ପାଇଥିବା ଅଳ୍ପ କେତେକ ଭାଷା ମଧ୍ୟରୁ ଏହା ଅନ୍ୟତମ ।
train/img_02609.jpg,"ଦକ୍ଷିଣେଶ୍ୱର, ଉତ୍ତରେଶ୍ୱର ମନ୍ଦିର ଓ ମାରିଚି ମନ୍ଦିର, ଅଯୋଧ୍ୟା"
train/img_02610.jpg,"ପୁରୀ ଜିଲ୍ଲା ଚିକିତ୍ସାଳୟ, ପୁରୀ: ଓଡ଼ିଶାର ଏକମାଲ୍ର ଡାକ୍ତରଖାନା ଯାହା କି ଆଇ ଏସ୍ ଓ ( ) ସ୍ୱୀକୃତିପ୍ରାପ୍ତ ।"
train/img_02611.jpg,ଉଷାଦେବୀ: ଯୋଜନା ଓ ସମନ୍ୱୟ
train/img_02612.jpg,"ସେମାନେ ହେଲେ ବାରବାଟି କଟକ- ଶ୍ରୀ ମହମ୍ମଦ ମୋକିମ୍, ଚୌଦ୍ୱାର କଟକ - ଶ୍ରୀ ସୌଭିକ ବିଶ୍ୱାଳ ଓ କଟକ ସଦର- ଶ୍ରୀ ଚନ୍ଦ୍ର ସାରଥୀ ବେହେରା।"
train/img_02613.jpg,ପୁରୁଷ: ୬୧ ୨୯
train/img_02614.jpg,ତାମସା
train/img_02615.jpg,"ଭାରତର ସମାଜିକ ବ୍ୟବସ୍ଥାରେ ଦଳିତମାନେ ନିମ୍ମନତ୍ତର/ଅବହେଳିତ,ଭଗବାନଙ୍କ ପୂଜା ସ୍ଥାନରେ, ଓ ବିଭିନ୍ନ କାର୍ଯ୍ୟରେ ଯୋଗ ଦେବାପାଇଁ ଦଳିତମାନଙ୍କୁ ଅନୁମତି ମିଳେନି, ସେ କେରଳର ଗୁରୁବାରୀ ମନ୍ଦିରକୁ ଦଳିତ ଲୋକମାନଙ୍କୁ ଯିବା ଅନୁମତି ପାଇଁ ଅଧିକାରୀଙ୍କ ପାଖରେ ସେ ଅନୁରୋଧ/ଅପିଲ କରିଥିଲେ।"
train/img_02616.jpg,ବୈଜୟନ୍ତ ପଣ୍ଡା: ୨୦୨୪
train/img_02617.jpg,ପ୍ରବେଶ ଦ୍ୱାରର ଓସାର ମାତ୍ର ଅଢେ଼ଇ ଫୁଟ ଓ ଉଚ୍ଚତାରେ ୪ଫୁଟ ।
train/img_02618.jpg,ଏଠାରୁ ସାକ୍ଷୀଗୋପାଳ ସତ୍ୟବାଦୀକୁ ସୁଉଚ୍ଚ ମନ୍ଦିର ନିର୍ମାଣ କରାଯାଇ ସ୍ଥାନାନ୍ତରିତ କରାଯାଇ ଏହି ବିଗ୍ରହକୁ ସ୍ମାରକୀ ଉପାସନା ନିମନ୍ତେ ସ୍ଥାପନା କରାଯାଇଛି ।
train/img_02619.jpg,"ରଥପାଦ ଦେଶରୁ ଶୀର୍ଷଦେଶ ପର୍ଯ୍ୟନ୍ତ ଥିବା ଅଂଶଗୁଡ଼ିକ ମଧ୍ୟରେ ଚକ, ଦଣ୍ଡିଆ,ଅର,ବାଙ୍କି ହଂସପଟା,କଣି,ଶଙ୍ଖଦ୍ୱାର,ଜାଲି,ଗାଈପଟା,ସିଂହାସନ,କନକ ମୁଣ୍ଡେଇ, ଭୂମି,ଷୋଳ ନାହକ,ମଗରଦଣ୍ଡା, ବସନ୍ତ,ଦୁଆରଘୋଡ଼ା, ସାରଥୀ ପୀଡ଼,କୁମ୍ଭପଟି,ରାହୁପଟି,ଆଠ ନାହାକା, ପୀଢ଼,ଋଷିପଟା,ଦଣ୍ଡା, ପାରାଭାଡି,ଖପୁରୀ,ପାଦ, ଓଲଟ ଶୁଆ,ଦଧିନଉତି,କଣ୍ଠି,ଦଣ୍ଡ,ଚକ୍ର ଓ କେତନ ।"
train/img_02620.jpg,ସିଲ୍କ ଏକ ବିଶେଷ ଧରଣର ପୋକରୁ ବାହାରେ ତାହା ହେଉଛି ରେଶମ ପୋକ ।
train/img_02621.jpg,ଉଚ୍ଚ ବିଦ୍ୟାଳୟ- ୫୮ଟି
train/img_02622.jpg,"ଏହି ବକ୍ତାମାନେ ମୁଖ୍ୟତଃ ବରଗଡ଼ (୧୧,୩୦,୦୦୦), ସୁବର୍ଣ୍ଣପୁର (୩,୬୪,୦୦୦), ବଲାଙ୍ଗୀର (୩,୩୫,୦୦୦), ସମ୍ବଲପୁର (୨,୭୫,୦୦୦), ଝାରସୁଗୁଡା (୨,୪୫,୦୦୦), ନୁଆପଡା (୧,୪୫,୦୦୦), ବୌଦ୍ଧ (୯୦,୭୦୦), ସୁନ୍ଦରଗଡ଼ (୪୨,୭୦୦) ଏବଂ କଳାହାଣ୍ଡି ( ୧୧,୫୪୫ ) ଜିଲ୍ଲାରେ ବସବାସ କରିଥାନ୍ତି ।"
train/img_02623.jpg,ତଥାପି ପ୍ରତ୍ୟେକ ପ୍ରଦେଶରେ ସେଗୁଡ଼ିକର ସ୍ୱାତନ୍ତ୍ର୍ୟ ଅଲଗା ।
train/img_02624.jpg,"ନଦୀଗୁଡ଼ିକ ଓଡ଼ିଶା ଭିତରୁ ଉତ୍ପନ୍ନ, କିନ୍ତୁ ଅନ୍ୟ ରାଜ୍ୟ ଦେଇ ପ୍ରବାହିତ ହୁଏ (ବାହୁଦା, ଭାମସାଧରା ନଦୀ ଏବଂ ନାଗାଭାଲୀ ନଦୀ)"
train/img_02625.jpg,ଅଗ୍ନିଦଣ୍ଡ
train/img_02626.jpg,କ୍ଷୀରଚୋରା ଗୋପୀନାଥ ମନ୍ଦିର
train/img_02627.jpg,ନବୀନ ସାହିତ୍ୟ ପତ୍ରିକା ପ୍ରକାଶନ
train/img_02628.jpg,ଏହା ବିଶ୍ୱାସ କରାଯାଏ ଯେ କଦମ ରସୁଲର ମନିଷୀ ମହମ୍ମଦଙ୍କ ପଦଚିହ୍ନ ରହିଛି ।
train/img_02629.jpg,ସେଗୁଡିକ ମଧ୍ୟରୁ ଜଗତ୍ ସିଂହପୁର ପୌର ପରିଷଦଦ୍ୱାରା ପରିଚାଳିତ ଗୋଟିଏ ମାତ୍ର ଅଡିଟୋରିୟମ ଟାଉନ ହଲ୍ ଅଛି ।
train/img_02630.jpg,ଏମଟି ଏନ ଏଲ ଓ ଟାଟା ଏଠାରେ ବ୍ରଡବ୍ୟାଣ୍ଡ ସେବା ମଧ୍ୟ ପ୍ରଦାନ କରୁଛି।
train/img_02631.jpg,ଖ୍ରୀ ୧୮୫୩ ବେଳକୁ ପୁରୀ ଓ ବାଲେଶ୍ୱରରେ ଉଚ୍ଚ ଇଂରାଜୀ ବିଦ୍ୟାଳୟ ପ୍ରତିଷ୍ଠା ହେଲା ।
train/img_02632.jpg,ବିମାନ ସେବା ଓ ଗନ୍ତବ୍ୟ ସ୍ଥଳ
train/img_02633.jpg,୨୦୧୫ଠାରୁ ଭୁବନେଶ୍ୱରର ଭାରତୀୟ ବୈଷୟିକ ଅନୁଷ୍ଠାନର ଇଞ୍ଜିନିୟରିଂରେ ସ୍ନାତକ ପାଠ୍ୟକ୍ରମରେ ଓଡ଼ିଶୀ ଅନ୍ତର୍ଭୁକ୍ତ ହୋଇଛି ।
train/img_02634.jpg,ଏହାର ସୁରମ୍ୟ ଶୋଭାପାଇଁ ଏହା ପର୍ଯ୍ୟଟକମାନଙ୍କର ଏକ ଅଭୁଲା ଆକର୍ଷଣ।
train/img_02635.jpg,ସେମାନଙ୍କ ମଧ୍ୟରୁ କେତେକ ସମବାୟ ସଂସ୍ଥା ହେଉଛି-
train/img_02636.jpg,"ଦେଶ ସ୍ୱାଧୀନ ହେବାର ୨୦ବର୍ଷ ପରେ, ୧୯୬୮ରେ ଓଡ଼ିଶାର ରାଜଧାନୀ କଟକରୁ ଭୁବନେଶ୍ୱରକୁ ସ୍ଥାନାନ୍ତରିତ ହୋଇଥିଲା ।"
train/img_02637.jpg,ବାଲେଶ୍ୱରର ଅନଲାଇନ ପୋର୍ଟାଲ - -
train/img_02638.jpg,"କେଉଁ ସେବକଙ୍କର କି କି ସମସ୍ୟା ରହିଛି, କିଏ କି ଅସୁବିଧାରେ ପଡ଼ିଛି, ଠାକୁରଙ୍କ ରୀତିନୀତିର କିଛି ଅସୁବିଧା ରହିଛି କି, କିଏ କିଛି ଭୁଲ କରିଛି କି, କିଏ ଭଣ୍ଡ କାମ କରିଛି କି ନାଁ ନାହିଁ, ଏସବୁ ଅସୁବିଧାର ସମାଧାନ ସେଠାରେ ହେଉଥିଲା ।"
train/img_02639.jpg,"ଏହାପରେ ପତ୍ରିବଡ଼ୁ, ସୁଆରବଡ଼ୁ ଓ ଗରାବଡ଼ୁ ପାଳିଆ ସେବକ ତିନି ରଥରେ ପୂଜା ଠା' କରନ୍ତି।"
train/img_02640.jpg,"ରଥଯାତ୍ରା (ରଥ, ଘୋଷଯାତ୍ରା ଓ ଶ୍ରୀଗୁଣ୍ଡିଚା ନାମରେ ମଧ୍ୟ ଜଣା) ଓଡ଼ିଶାର ପୁରୀଠାରେ ପାଳିତ ଓ ଜଗନ୍ନାଥଙ୍କ ସହ ସମ୍ବନ୍ଧିତ ଏକ ହିନ୍ଦୁ ପର୍ବ ।"
train/img_02641.jpg,ନ୍ୟାୟ ଘଡ଼ି
train/img_02642.jpg,ଗ୍ରାମ: ୩୭୧୮
train/img_02643.jpg,"ସରସ୍ୱତୀ ଜ୍ଞାନ ମନ୍ଦିର, ନୀଳକଣ୍ଠ ନଗର"
train/img_02644.jpg,ସମୟ ଥାକିତେ ନା ଭଜିଲେ ତାରେ / ବାର୍ଦ୍ଧକ୍ୟ ବୟସେ ସବ ଜ୍ଞାନ ହରେ
train/img_02645.jpg,"ଓଡ଼ିଆ ସାହିତ୍ୟକୁ କାଳିଚରଣ ପଟ୍ଟନାୟକ, ରାମଚନ୍ଦ୍ର ମିଶ୍ର, ପ୍ରାଣବନ୍ଧୁ କର , ଗୋପାଳ ଛୋଟରାୟ, ମନୋରଞ୍ଜନ ଦାସ, ବିଶ୍ୱଜିତ ଦାସ ଓ ବିଜୟ ମିଶ୍ରଙ୍କ ନାଟକ କ୍ଷେତ୍ରରେ ଅବଦାନ ଅବିସ୍ମରଣୀୟ ।"
train/img_02646.jpg,ସ୍ଥାନ
train/img_02647.jpg,"ସରକାରଦ୍ୱାରା ଆରମ୍ଭ କରାଯାଇଥିବା କେତେକ ମୁଖ୍ୟ ଯୋଜନାଗୁଡ଼ିକ ମଧ୍ୟରୁ ମହାତ୍ମାଗାନ୍ଧୀ ବୁଣାକାର ବୀମା ଯୋଜନା, ହସ୍ତତନ୍ତ ଶିଳ୍ପ ଉନ୍ନତୀକରଣ ଯୋଜନା, ଦକ୍ଷତା ବୃଦ୍ଧି ପ୍ରଶିକ୍ଷଣ କାର୍ଯ୍ୟକ୍ରମ, ଟେକନୋଲୋଜି ବୃଦ୍ଧି ଅର୍ଥ ଯୋଜନା ଇତ୍ୟାଦି ଅନ୍ୟତମ।"
train/img_02648.jpg,ବେଢ଼ା ମଧ୍ୟରୁ ଭକ୍ତ ଦ୍ୱାର ଦେଇ ପ୍ରବେଶ କରିବାକୁ ହେଲେ ଦ୍ୱାରଦେଶରେ ପହଞ୍ଚିବାନିମନ୍ତେ କେତୋଟି ପାହାଚ ଚଢ଼ିବାକୁ ପଡେ ।
train/img_02649.jpg,ପ୍ରାଚୀନତା ଓ ଇତିହାସ
train/img_02650.jpg,ନିରାମିଷ
train/img_02651.jpg,ଫଲ୍ ଗୁ ସାହିତ୍ୟ ସଂସଦ
train/img_02652.jpg,ଇଣ୍ଡୋନେସିଆ ଦକ୍ଷିଣ ପୂର୍ବ ଏସିଆରେ ଥିବା ଏକ ଦେଶ।
train/img_02653.jpg,ଚନ୍ଦ୍ରସାରଥୀ ବେହେରା: କ୍ରୀଡ଼ା ଓ ଯୁବ ବ୍ୟାପାର
train/img_02654.jpg,"ଜଗନ୍ନାଥ ମନ୍ଦିର (ବଡ଼ଦେଉଳ, ଶ୍ରୀମନ୍ଦିର ନାମରେ ମଧ୍ୟ ଜଣା) ଓଡ଼ିଶାର ପୁରୀ ସହରର ମଧ୍ୟଭାଗରେ ଅବସ୍ଥିତ ଶ୍ରୀଜଗନ୍ନାଥ, ଶ୍ରୀବଳଭଦ୍ର, ଦେବୀ ସୁଭଦ୍ରା ଓ ଶ୍ରୀସୁଦର୍ଶନ ପୂଜିତ ହେଉଥିବା ଏକ ପୁରାତନ ଦେଉଳ ।"
train/img_02655.jpg,ପୌରପାଳିକା:୧: ଚୌଦ୍ୱାର
train/img_02656.jpg,"ଭାରତୀୟ ହକି ଦଳ ୧୯୭୫ ହକି ବିଶ୍ୱକପ ଓ ଅଲମ୍ପିକ କ୍ରୀଡାରେ ଆଜି ପର୍ଯ୍ୟନ୍ତ ଆଠ ଥର ସ୍ୱର୍ଣ୍ଣ, ଥରେ ରୌପ୍ୟ ଏବଂ ଦୁଇଥର ବ୍ରୋଞ୍ଜ ପଦକ ଜିତି ସାରିଛି ।କ୍ରିକେଟ ଭାରତର ସବୁଠାରୁ ଲୋକପ୍ରିୟ ଖେଳ ଭାରତ ଏଥିରେ ୧୯୮୩ ଓ ୨୦୧୧ରେ କ୍ରିକେଟ ବିଶ୍ୱକପ ଓ ୨୦୦୭ରେ ୨୦-୨୦ ବିଶ୍ୱକପ ଜିତିଛି ।୨୦୧୭ରେ ଭାରତ ୧୭ ବର୍ଷରୁ କମ୍ ଫିଫା ବିଶ୍ୱକପ ଆୟୋଜନ କରିବା"
train/img_02657.jpg,୧୯୪୮ ମସିହା ଅପ୍ରେଲ ୧୩ତାରିଖ ଦିନ ଭୁବନେଶ୍ୱରରେ ନୂଆ ରାଜଧାନୀର ପ୍ରତିଷ୍ଠା ଫଳକ ତତ୍କାଳିନ ପ୍ରଧାନମନ୍ତ୍ରୀ ଜବାହରଲାଲ ନେହେରୁଙ୍କ କରକମଳରେ ସ୍ଥାପିତ ହୋଇଥିଲା ।
train/img_02658.jpg,"୧୦୦ତମ ମେରିଡିଆନ ର ପଶ୍ଚିମ ମହାନ ସମତଳ ଅର୍ଦ୍ଧ-ଶୁଷ୍କ ଅଟେ ଆମେରିକୀୟ ପାଶ୍ଚାତ୍ୟର ଅନେକ ପାର୍ବତ୍ୟ ଅଞ୍ଚଳରେ ଆଲପାଇନ୍ ଜଳବାୟୁ ରହିଛି ଦକ୍ଷିଣ-ପଶ୍ଚିମ ମରୁଭୂମି ମହାନ ବସ୍ତିରେ ଜଳବାୟୁ ଶୁଷ୍କ, ଭୂମଧ୍ୟସାଗରର ଉପକୂଳ କାଲିଫର୍ଣ୍ଣିଆରେ ଏବଂ ଉପକୂଳ ଓରେଗନ୍ ଏବଂ ୱାଶିଂଟନ୍ ଏବଂ ଦକ୍ଷିଣ ଆଲାସ୍କାରେ ମହାସାଗରୀୟ ଜଳବାୟୁ ରହିଥାଏ"
train/img_02659.jpg,ବୌଦ୍ଧରୁ ପ୍ରାପ୍ତ ଏକ ପୂର୍ଣ୍ଣାବୟବ ମୂର୍ତ୍ତି ମଧ୍ୟ ଏହି ଶ୍ରେଣୀଭୁକ୍ତ ।
train/img_02660.jpg,"ସେଗୁଡ଼ିକ ହେଲା କ୍ୟାଣ୍ଟନମେଣ୍ଟ, ବିଡ଼ାନାସି, ମର୍କତନଗର, ଲାଲବାଗ, ପୁରିଘାଟ, ମଧୁପାଟଣା, ଚାଉଳିଆଗଞ୍ଜ, ମାଲଗୋଦାମ, ମଙ୍ଗଳାବାଗ,ଦରଘାବଜାର, ମହିଳା ଥାନା, ଚୌଦ୍ୱାର, ଜଗତପୁର, ବିଦ୍ୟୁତ (ବିଶେଷ), ସଦର, ବାରଙ୍ଗ, ବାଦାମବାଡି, କନ୍ଦରପୁର, ଟ୍ରାଫିକ, ଟ୍ରାଫିକ (ଜାତୀୟ ରାଜପଥ ଫୁଲନଖରା)।"
train/img_02661.jpg,ଏହି ନୀଳଗିରି ପୁରୁଷୋତ୍ତମ ଜଗନ୍ନାଥଙ୍କ ନିବାସ ସ୍ଥଳ ।
train/img_02662.jpg,ରାଜକନିକା
train/img_02663.jpg,ଓଡ଼ିଆ ଉଇକିପିଡ଼ିଆରେ ଏଯାବତ ୪ଟି ଉଇକିପ୍ରକଳ୍ପ ଅଛି ।
train/img_02664.jpg,ଗୁମ୍ମା
train/img_02665.jpg,"ପୁରୁଷ: ୬,୭୭,୮୬୪"
train/img_02666.jpg,ପଞ୍ଚୁପାଣ୍ଡବ ମନ୍ଦିର ସମୂହ ।
train/img_02667.jpg,"ଫଳରେ ବିଶେଷ କରି ବିଭିନ୍ନ ଦକ୍ଷିଣ ଏସିଆ, ଦକ୍ଷିଣପୂର୍ବ ଏସିଆ ଏବଂ ପୂର୍ବ ଏସିଆର ଭାଷାଗୁଡ଼ିକର ଔପଚାରିକ ଏବଂ ପରିବର୍ତ୍ତିତ ଶବ୍ଦାବଳୀ ଉପରେ ସଂସ୍କୃତ ସ୍ଥାୟୀ ପ୍ରଭାବ ପକାଇଥିଲା ।"
train/img_02668.jpg,ଗଁଦିଆ: ୨୭ଟି ପଞ୍ଚାୟତ
train/img_02669.jpg,"ଆଦିବାସୀମାନଙ୍କ କରମା ଗୀତ, ପାଲା ଓ ଦାସକାଠିଆ ସଙ୍ଗୀତ, ବାଲେଶ୍ୱରର ଚଢ଼େଇଆ ସଙ୍ଗୀତ ଆଦିସବୁ ଏହି ଶ୍ରେଣୀର ।"
train/img_02670.jpg,"ମାତୃଜାତି ମଧ୍ୟରେ ଉତ୍ସାହ, ଉନ୍ମାଦନା ଓ ନୂତନ ଶକ୍ତି ଜାଗ୍ରତ କରିବା ପାଇଁ ପାଳନ କରାଯାଇଥାଏ ରଜପର୍ବ ।"
train/img_02671.jpg,୩ୟ ବର୍ଷ
train/img_02672.jpg,ଲୋକ ବିଶ୍ୱାସ ଅନୁସାରେ ସେତେବେଳର ଜେନାବଳୀ-ପାଟଣା ବର୍ତ୍ତମାନର ଜୁନାଗଡ଼ ।
train/img_02673.jpg,କଟକ ଉତ୍ତରରେ ମହାନଦୀ ଓ ଦକ୍ଷିଣରେ କାଠଯୋଡ଼ି ମଧ୍ୟରେ ଥିବା ତ୍ରିକୋଣଭୂମିରେ ଅବସ୍ଥିତ ।
train/img_02674.jpg,ବିଶେଷ ଭାବେ ଏହି ନାଚ ଶୈଳୀରେ ଦେହ ଓ ମୁଖର ବିଭିନ୍ନ ଭଙ୍ଗୀ ଉପରେ ଗୁରୁତ୍ୱ ଦିଆ ହୋଇଥାଏ ।
train/img_02675.jpg,ସାରଳା ଦାସ ଏହି ବାଦ୍ୟକୁ ଏକ ମହିଷାସୁରଙ୍କ ରଣବାଦ୍ୟ ବୋଲି ମଧ୍ୟ ଉଲ୍ଲେଖ କରିଛନ୍ତି ।
train/img_02676.jpg,"ବଙ୍ଗଳାଦେଶର କ୍ଷେତ୍ରଫଳ ୧୪,୮୫୬୦ ବର୍ଗ କିଲୋମିଟର (୫୭,୩୬୦ ବର୍ଗ ମାଇଲ) ।"
train/img_02677.jpg,ଉପଖଣ୍ଡ (ସବ୍ ଡିଭିଜନ): ୦୪
train/img_02678.jpg,ତେଣୁ ସାନ୍ତାଳମାନେ କୁଡ଼ୁମିମାନଙ୍କ ବଡ଼ଭାଇ ବୋଲି ସମ୍ବୋଧନ କରିଥାନ୍ତି ।
train/img_02679.jpg,ପୂର୍ବତନ ମୂଖ୍ୟ ବିଚାରପତିଙ୍କ ତାଲିକା
train/img_02680.jpg,"ଅଙ୍ଗସୂତ୍ର,ଉପାଙ୍ଗସୂତ୍ର, କଳ୍ପସୂତ୍ର ପ୍ରଭୃତି ଜୈନମାନଙ୍କର ପ୍ରଧାନ ଧର୍ମଗ୍ରନ୍ଥ ।"
train/img_02681.jpg,୧୮୧୭ରେ ଖୋର୍ଦ୍ଧା ରାଜା ମୁକୁନ୍ଦଦେବ ବନ୍ଦୀ ବେଳେ ମୃତୁ ବରଣ କଲେ ।
train/img_02682.jpg,କ୍ରୀଡ଼ା
train/img_02683.jpg,ଏହି ସମୟରେ ପରମ୍ପର ଅନୁଯାୟୀ ମହାପ୍ରଭୁ ସିଂହଦ୍ୱାର ନିକଟରେ ପହଞ୍ଚିବା ବେଳେ ସାମୟିକ ଭାବେ ଦ୍ୱାର ବନ୍ଦ ରହିଥାଏ ଓ କିଛି କ୍ଷଣ ପରେ ଦ୍ୱାର ଖୋଲିଯାଏ ।
train/img_02684.jpg,"ଉଲ୍ଲେଖ ଅଛି ଯାଜପୁର ପାଇଁ ରାଧାଶ୍ୟାମ ନରେନ୍ଦ୍ର ୭୫ ହଜାର ମହଣ ଧାନ ବୀନା ମୂଲ୍ୟରେ, ଆଦି ନେତା ବିଚିତ୍ରାନନ୍ଦ ଦାସଙ୍କ ଅନୁରୋଧରେ ଦାନ କରିଥିଲେ ।"
train/img_02685.jpg,"ସ୍ୱପ୍ନେଶ୍ୱର ମନ୍ଦିର,କେନ୍ଦୁସାହି"
train/img_02686.jpg,"୨୦୨୦ରେ, ଆମେରିକା ହେଉଛି ଦ୍ୱିତୀୟ ରାଷ୍ଟ୍ର ଯାହାକି ସର୍ବାଧିକ ବୈଜ୍ଞାନିକ କାଗଜପତ୍ର ପ୍ରକାଶ କରିଥିଲା ।୨୦୨୧ ମସିହାରେ, ଆମେରିକା ସମୁଦାୟ ୫୧ ସ୍ପେସ୍ ଫ୍ଲାଇଟ୍ ଉତକ୍ଷେପଣ କରିଥିଲା (ଚୀନ୍ ୫୫ଟି ରିପୋର୍ଟ କରିଛି) ଡିସେମ୍ବର ୨୦୨୧ରେ ମହାକାଶରେ ଆମେରିକାର ୨,୯୪୪ ସକ୍ରିୟ ସାଟେଲାଇଟସ ଥିଲା, ଯେ କୌଣସି ଦେଶ ତୁଳନାରେ ସର୍ବାଧିକ ସଂଖ୍ୟା ଅଟେ"
train/img_02687.jpg,"ପ୍ରାଚୀନ କଳିଙ୍ଗର ନରପତିଙ୍କ ସମୟରେ ଯେତେବେଳେ ଜବା ଦ୍ୱୀପ (ଜାଭା), ସୁମାତ୍ରା, ବାଲି ଦ୍ୱୀପକୁ କଳିଙ୍ଗର ବଣିକମାନେ ନୌବାଣିଜ୍ୟ କରିବାକୁ ଯାଉଥିଲେ, ସେତେବେଳେ ମଧ୍ୟ କୋଶାମ୍ବ ବାଲେଶ୍ୱର ପରମିଟ ଘାଟ ବନ୍ଦରରୁ ପଣ୍ୟ ଦ୍ରବ୍ୟ ବିକାହେବା ପାଇଁ ଯାଉଥିଲା ।"
train/img_02688.jpg,ପରମ୍ପରା ଅନୁଯାୟୀ ଶ୍ରୀମନ୍ଦିରର ଘସା (ତେଲିଙ୍ଗି) ଓ କାହାଳି ବାଦ୍ୟ ସହ ବଣିଆ ସେବକମାନଙ୍କଠାରୁ ସୋଲ ଚିତା ତିନୋଟି ଅଣାଯାଇ ସିଂହଦ୍ୱାର ସଂଲଗ୍ନ ଛାଉଣୀ ମଠରେ ରଖାଯାଇଥାଏ।
train/img_02689.jpg,"ପ୍ରଥମ ଅଙ୍ଗ -ପୂର୍ବ ଯାତ୍ରା, ଦ୍ୱିତୀୟ ଯାତ୍ରା- ଗୁଣ୍ଡିଚା ମଣ୍ଡପରେ ଅବସ୍ଥାନ ବା ଆଡ଼ପ, ତୃତୀୟ ଅଙ୍ଗ- ବାହୁଡା ଯାତ୍ରା।"
train/img_02690.jpg,ଏହା ପ୍ରାଚୀନ କାଳରୁ ଭିନ୍ନ ଭିନ୍ନ ମତ ଓ ବିଶ୍ୱାସରୁ ଉତ୍ପନ୍ନ ହୋଇଛି।
train/img_02691.jpg,କଳାହାଣ୍ଡି ରେ ଅବସ୍ଥିତ ।
train/img_02692.jpg,ମାନସିକ କରିଥିବା ବ୍ୟକ୍ତି ସେମାନଙ୍କୁ ନିମନ୍ତ୍ରଣ କରନ୍ତି ।
train/img_02693.jpg,"ଲଳିତଗିରି, ଯାଜପୁର"
train/img_02694.jpg,କଟକ ଇତିହାସର ମୂକସାକ୍ଷୀ ରୂପେ ଓଡ଼ିଶା ବିଦିତ ପୁରାତନ ବାରବାଟି ଦୁର୍ଗ ଏଯାବତ୍ ସଗର୍ବେ ଦଣ୍ଡାୟମାନ ।
train/img_02695.jpg,୭-ସଖୀ ନାଚିଆ ଝୁମର : ଅଷ୍ଟାଦଶ ଶତାବ୍ଦୀରେ ବୈଷ୍ଣବ ଧର୍ମର ପ୍ରଭାବ ଫଳରେ ଝୁମରରେ ରାଧାକୃଷ୍ଣ ଏବଂ ସେମାନଙ୍କ ସଖା-ସଖୀମାନଙ୍କର ଆବିର୍ଭାବ ଘଟିଲା ।
train/img_02696.jpg,"କଳା, ବିଜ୍ଞାନ ଓ ବାଣିଜ୍ୟ ବିଭାଗରେ ମୋଟ ୫,୪୦୦ ଛାତ୍ରୀଛାତ୍ର ପଢୁଛନ୍ତି ।"
train/img_02697.jpg,"ଦକ୍ଷିଣରେ: ଝାରସୁଗୁଡ଼ା ଜିଲ୍ଲା, ସମ୍ବଲପୁର ଜିଲ୍ଲା ଓ ଦେବଗଡ଼ ଜିଲ୍ଲା ଅଛି ।"
train/img_02698.jpg,"ଓଡ଼ିଶା ବିଧାନ ସଭାରେ କଟକ ନଗର ୩ଟି ସିଟରେ ଯଥା ବାରବାଟି-କଟକ, ଚୌଦ୍ୱାର-କଟକ ଓ କଟକ ସଦରରେ ଭାଗ କରା ଯାଇଛି ।"
train/img_02699.jpg,"ଗଜପତି ରାଜାଙ୍କ ରାଜତ୍ୱରେ ନୀଳଗିରି, ସିଂହଭୂମି, ବରାହଭୂମି, ପଥରାଇ, ନରସିଂହପୁର, ସାରଣ୍ଡା, କେନ୍ଦୁଝର ଆଦି ଏବଂ ସିଂହଭୂମି, ମାନଭୂମି ଅଞ୍ଚଳ ମାନ ଏହି ରାଜ୍ୟର ଅନ୍ତର୍ଗତ ଥିଲା।"
train/img_02700.jpg,ଓଡ଼ିଶାର ଅନ୍ୟ ଅଞ୍ଚଳ ପରି ଏହା ମଧ୍ୟ ରେଳବାଇର ପୂର୍ବତଟ ରେଳବାଇ ଅନ୍ତର୍ଗତ ।
train/img_02701.jpg,ପାଣି ଦଣ୍ଡ
train/img_02702.jpg,ପ୍ରଭାତ କୁମାର ସାମନ୍ତରାୟ : ୧୯୯୮ ଓ ୧୯୯୯
train/img_02703.jpg,"କାରିଗରମାନଙ୍କ ବଂଶଧର ଯେଉଁମାନେ ଏକଦା ମନ୍ଦିର ଭବନରେ ଉତ୍କର୍ଷର ଚମତ୍କାର ଉଚ୍ଚତାକୁ ମାପଚୁପ କରିଥିଲେ, ସେମାନେ ପଥର ଖୋଦନ କରିବାର ବଂଶାନୁକ୍ରମିକ ଶିଳ୍ପ ମାଧ୍ୟମରେ ମୂର୍ତ୍ତି ପରମ୍ପରାକୁ ଜୀବନ୍ତ ରଖିଛନ୍ତି ଖୋଦିତ ଦ୍ରବ୍ୟରେ ମନ୍ଦିରର ପ୍ରତିକୃତି, ଦେବତା ଏବଂ ଦେବୀଙ୍କ ପ୍ରତିମୂର୍ତ୍ତି, କୋଣାର୍କ ଚକ ଏବଂ ଘୋଡ଼ା, ଏବଂ ଅଳସ କନ୍ୟା (ସାଧୁ ଝିଅ) ସାଲାଭଞ୍ଜିକା (ସାଲ ଶାଖା ଉପରେ ଝୁଲୁଥିବା ମହିଳା), ସୁରସୁଣ୍ଡାରୀ (ସ୍ୱର୍ଗୀୟ ସୌନ୍ଦର୍ଯ୍ୟ), ଲେଖିକା ( ଲେଡି ଏକ ଚିଠି ଲେଖିବା), ଇତ୍ୟାଦି ଯାହା ଘର ସାଜସଜ୍ଜାର ଲୋକପ୍ରିୟ ଆଇଟମ୍ ଓଡ଼ିଶାର କାଠ ଖୋଦନ ପ୍ରାୟ ସମାନ ଭାବରେ ଲୋକପ୍ରିୟ ସେମାନେ ଅନ୍ୟ ରାଜ୍ୟଗୁଡିକର କଳାକୃତିଠାରୁ ଭିନ୍ନ ଅଟନ୍ତି ଯେପର୍ଯ୍ୟନ୍ତ ସେମାନେ ସାଧା ଏବଂ ଚମତ୍କାର ପଲିସ୍ ସହିତ ଉଜ୍ଜ୍ୱଳ ଅଟନ୍ତି ଏବଂ ସେମାନଙ୍କ ଉପରେ କୌଣସି ରଙ୍ଗ କିମ୍ବା ଆବରଣ ବିନା ଲେକ୍ କାମ କରନ୍ତି ପାର୍ଟ ଓଡ଼ିଶାରେ ଅନେକ ହସ୍ତତନ୍ତ ସାମଗ୍ରୀ ଅଛି ଯେପରିକି କାଗଜ ମାଞ୍ଚ, ସୋଲା ପିଥ୍ କାମ, ଲଙ୍କ କାର୍ଯ୍ୟ, ଜାରୀ କାମ, ଗ୍ଲାସ୍ ବିଡି, କପଡ଼ା ଗାର୍ଲେଣ୍ଡ୍, କ୍ୟାମ୍ପୋର ଗାର୍ଲେଣ୍ଡ, ଜଟ କାର୍ପେଟ, ରଶ୍ ସାଥୀ, ଏବଂ ସର୍ବୋପରି, ପୁରୀ ଏବଂ ଗୋପାଳପୁରରେ ସମୁଦ୍ର ସେଲ କାର୍ଯ୍ୟ"
train/img_02704.jpg,ଧଉଳି ପାହାଡ଼ରେ ଥିବା ଅଶୋକଙ୍କ ସ୍ୱତନ୍ତ୍ର କଳିଙ୍ଗ ଶିଳାଲିପି ନିକଟରେ ପଥର କାନ୍ଥରେ ଖୋଦିତ ହାତୀର ସମ୍ମୁଖ ଭାଗ ଓଡ଼ିଶାର ସର୍ବପ୍ରାଚୀନ ପ୍ରସ୍ତର କଳାକୃତି ମଧ୍ୟରୁ ଅନ୍ୟତମ ।
train/img_02705.jpg,"ବେତାର ନାଟକ ସାଜି ""ଦୂରଦର୍ଶନରେ ପ୍ରସାର"" ନିମନ୍ତେ ପ୍ରକାଶିତ ହେଉଛି ଯାହା ଶବ୍ଦ ଓ ଗୀତ ମାଧ୍ୟମରେ ପ୍ରସାରିତ ହୁଏ ଏଠି ଦୃଶ୍ୟମାନ କରିହୁଏ ନାହିଁ ।"
train/img_02706.jpg,"ଏହି ସମୟରେ ଅଣସର ପଣା, ଘଣାଲାଗି, ଖଳି ଲାଗି, ଚକା ଅପସର ଓ ଅନ୍ୟାନ୍ୟ ଗୁପ୍ତ ନୀତିମାନ ଅନୁଷ୍ଠିତ ହୋଇଥାଏ।"
train/img_02707.jpg,ଏହି ଦୃଷ୍ଟିରୁ ଆଲୋଚକମାନେ ଝୁମରର ଯୁଗବିଭାଜନ କରିଛନ୍ତି ।
train/img_02708.jpg,"ସୁରେନ୍ଦ୍ରନାଥ ଦ୍ୱିବେଦୀ: ୧୯୫୭, ୧୯୬୨ ଓ ୧୯୬୭"
train/img_02709.jpg,ଶ୍ରୀ ପ୍ରତାପ ବଳଭଦ୍ର ଭଞ୍ଜ (୧୭୬୪-୧୭୯୨ ଅଥବା ୧୭୬୨-୧୭୯୭)
train/img_02710.jpg,ସେ କୌଣସି ସରକାରୀ ଲାଭଜନକ ପଦବୀରେ ଅବସ୍ଥାପିତ ହୋଇଥିବେ ।
train/img_02711.jpg,ପୁରାତନ ଓଡ଼ିଆ ସାହିତ୍ୟରେ ମିଳନ ଓ ବିରହମୂଳକ ଅନେକ ଚଉତିଶା ଦେଖିବାକୁ ମିଳିଥାଏ ।
train/img_02712.jpg,"ଏହି ନୀତିରେ ଭିତରଚ୍ଛ, ପତି ମହାପାତ୍ର, ଗରାବଡ଼ୁ, ବିମାନବଡ଼ୁ, ମହାଜନ, ବଜନ୍ତରୀ ପ୍ରମୁଖ ସେବକମାନେ ଉପସ୍ଥିତ ରହିଥାନ୍ତି।"
train/img_02713.jpg,ସୁନାବେଡ଼ା
train/img_02714.jpg,ସେଠାରେ ଦେଉଳର ସବୁ ହିସାବନିକାଶ କରାଯାଉଥିଲା ।
train/img_02715.jpg,"ପାଲା ଓଡ଼ିଶାର ଏକ ପାରମ୍ପାରିକ, ପୁରାତନ ଓ ବିଦଗ୍ଧ ଓଡ଼ିଆ ଗୀତି-ଲୋକନାଟ୍ୟ ।"
train/img_02716.jpg,ଆଳଙ୍କାରିକ ଚଉତିଶା
train/img_02717.jpg,ଭାରତୀୟ ସମ୍ବିଧାନର ଧାରା ୨୨୬ ଅନୁଯାୟୀ ଓଡ଼ିଶା ରାଜ୍ୟର ଉଚ୍ଚ ନ୍ୟାୟାଳୟ ଏହାର ଅଧିକାର କ୍ଷେତ୍ର ମଧ୍ୟରେ ରିଟ ମାଧ୍ୟମରେ ନାଗରିକର ମୌଳିକ ଅଧିକାର ରକ୍ଷା ନିମନ୍ତେ ଆବଶ୍ୟକୀୟ ନିର୍ଦ୍ଦେଶ ଜାରି କରିପାରିବେ ।
train/img_02718.jpg,"୧୯୨୦ରେ, ମହିଳା ଅଧିକାର ଆନ୍ଦୋଳନ ଏକ ସାମ୍ବିଧାନିକ ସଂଶୋଧନ ପାସ୍ କରି ମହିଳାଙ୍କ ମତଦାନକୁ ଜିତିଥିଲା।"
train/img_02719.jpg,"ଆଗ କାଳରେ ଏହା ମହାକାନ୍ତର (ଅର୍ଥ ବିଶାଳ ଜଙ୍ଗଲ) ଓ କାରୁଣ୍ଡା ମଣ୍ଡଳ (କାରୁଣ୍ଡାର ଅର୍ଥ ମାଣିକ) ଭାବରେ ଜଣା ଥିଲା ଯାହା ଏଠାରେ ମାଣିକ, ଲାଲ ପଥର, ବେରୁଜ, ନୀଲମ, ଓ ଆଲେକଜାଣ୍ଡ୍ରା ଆଦି ମିଳୁଥିବାର ଜଣାଯାଏ ।"
train/img_02720.jpg,ତେଣୁ ଏଠାରେ ପ୍ରଥମେ ଦ୍ରାବିଡ଼ ଓ ଆର୍ଯ୍ୟ ସଭ୍ୟତାର ଅଭ୍ୟୁଦୟ ହୋଇଥିଲା ।
train/img_02721.jpg,ତାଙ୍କର ପୁତ୍ର ଭରତ ଲୋକପ୍ରିୟ ଓ ପ୍ରଜାପାଳକ ରାଜାଥିଲେ।
train/img_02722.jpg,କେବଳ ଲୋକ ସଙ୍ଗୀତ ଭାବରେ ତାହାର ମର୍ଯ୍ୟାଦା ଅତୁଟ ରହିନି: ଅଧିକନ୍ତୁ ଏକ ଉନ୍ନତ ସାହିତ୍ୟିକ ଆବେଦନକୁ ମଧ୍ୟ ଏହା ନିଜ ଭିତରେ ସମାହିତ କରି ରଖିଛି ।
train/img_02723.jpg,ଈଶାନେଶ୍ୱରଙ୍କୁ ଶ୍ରୀଜଗନ୍ନାଥଙ୍କ ଗୁରୁ ବୋଲି ବିବେଚନା କରାଯାଏ ଓ ଶ୍ରୀଜଗନ୍ନାଥ ମନ୍ଦିର ବହୁ ପୂର୍ବରୁ ସେ ଏଠାରେ ରହିଛନ୍ତି।ଗର୍ଭଗୃହରେ ୨ ଫୁଟରେ ୨ ଫୁଟ୍ ଆୟତନର ଉତ୍ତରାଭିମୁଖୀ ଶକ୍ତି ପୂଜା ପାଉଛନ୍ତି ।
train/img_02724.jpg,ଉନ୍ନତ ଭିତରେ ଗୋପାଳସାଗର (୩୫ ଡେସିମିଲ) ଓ ମାଧପୁର ମୌଜାର ରାଧାମାଧବଜୀଉ (୨୦ ଡେସିମିଲ) ପୋଖରୀ ଅନ୍ତର୍ଭୁକ୍ତ ।
train/img_02725.jpg,"ସେହି ସମୟ କାଳ ମଧ୍ୟରେ ଚଇତନ ଦାସଙ୍କଦ୍ୱାରା ""ଚଢ଼େଇ ଚଉତିଶା"" ରଚିତ ହେଇ ପ୍ରକାଶିତ ହେଇଥିଲା ।"
train/img_02726.jpg,"""ହେ ଋଷିପୁତ୍ରେ!"
train/img_02727.jpg,ନଗରର ପରିମଳ ବ୍ୟବସ୍ଥା କଟକ ମହାନଗର ନିଗମ ଉପରେ ନ୍ୟାସ୍ତ।
train/img_02728.jpg,କୋକିଲା ହୁଙ୍କାରେ ଭ୍ରମର ଝଙ୍କାରେ
train/img_02729.jpg,ରହିବାସ୍ଥାନ
train/img_02730.jpg,ଟୀକା
train/img_02731.jpg,ରାଷ୍ଟ୍ରପତି ବହୁମତ ପ୍ରାପ୍ତ କରିଥିବା ରାଜନୈତିକ ଦଳର ନେତାମାନଙ୍କୁ ସରକାର ଗଠନ କରିବାପାଇଁ ଆମନ୍ତ୍ରଣ ଦେଇଥାନ୍ତି ।
train/img_02732.jpg,ଶ୍ରୀଚୈତନ୍ୟଙ୍କ ପାଦୁକା ନିକଟସ୍ଥ କୁଆଁସ ଗ୍ରାମରେ ଏବେ ବି ପୂଜା ପାଉଛି।
train/img_02733.jpg,ସେ ୧୧୯ଟି କବିତା ସହ ଏକ ସଂକ୍ଷିପ୍ତ ସମ୍ବଲପୁରୀ ବ୍ୟାକରଣ ପୁସ୍ତକ ପ୍ରକାଶ କରିଥିଲେ ।
train/img_02734.jpg,"କେତେକ ମରାଠା କର୍ମଚାରି ବାଲେଶ୍ୱରରେ ବାଣ୍ଠୁଆ ଜଗନ୍ନାଥ ମନ୍ଦିର, ଲକ୍ଷ୍ମୀନାରାୟଣ ମନ୍ଦିର ଆଦି ତୋଳାଇଥିଲେ ।"
train/img_02735.jpg,ଏହା ଜଗନ୍ନାଥ ମନ୍ଦିରରେ ପାଳିତ ଦ୍ୱାଦଶ ଯାତ୍ରାର ମଧ୍ୟରେ ପ୍ରଧାନ ।
train/img_02736.jpg,ଶରତ କୁମାର ଦେବ: ୧୯୮୫
train/img_02737.jpg,"ୱିପ୍ରୋ ଟେକନୋଲଜି,ଇନ୍ଫୋସିଟି, ଭୁବନେଶ୍ୱର"
train/img_02738.jpg,"ଅବଶ୍ୟ, ସିନେଟ୍ ଏହାକୁ ଅନୁମୋଦନ କରିବାକୁ ମନା କରିଦେଇଥିଲା ଏବଂ ଲିଗ୍ ଅଫ୍ ନେସନ୍ସ ପ୍ରତିଷ୍ଠା କରିଥିବା ଭର୍ସେଲ୍ସ ଚୁକ୍ତିନାମାକୁ ଅନୁମୋଦନ କରିନଥିଲା।"
train/img_02739.jpg,ଏଠାରେ ମଧ୍ୟ ଏକ ଲୁଗାକଳ ସ୍ଥାପନ କରିଥିଲେ ।
train/img_02740.jpg,: : (୬ )
train/img_02741.jpg,"ଏମିତି ପିଢ଼ି ପରେ ପିଢ଼ି ସେହି ଗୀତ, ଢଗ ଢମାଳି, ପ୍ରବଚନ ଆଦି କାନରୁ କାନକୁ ଯାଏ ଓ ପୁରୁଷ ପୁରୁଷ ଯାଏଁ ସେସବୁ ଲୋକକୁ ଗାଇ ବୁଲୁଥାନ୍ତି ।"
train/img_02742.jpg,"ଅପରପକ୍ଷରେ ଗବେଷକ ଡଃ ନୀଳକଣ୍ଠ ମିଶ୍ର ଉଲ୍ଲେଖ କରିଛନ୍ତି ଯେ, ଖ୍ରୀ ଅ ୧୨୭୦ରେ ମାଧବାଚାର୍ଯ୍ୟଙ୍କ ଶ୍ରୀକ୍ଷେତ୍ର ଆଗମନ କାଳରେ ଏକ ଯାତ୍ରାରେ ଦୁଇ ପ୍ରକାର ରଥ ବ୍ୟବହାର ଶାସ୍ତ୍ର ବିରୋଧୀ ବୋଲି ମତ ଦେଇ ମାଳିନୀ ନଦୀ ପୋତି ବଡ଼ଦାଣ୍ଡରେ ମାତ୍ର ତିନି ଗୋଟି ରଥରେ ରଥଯାତ୍ରା ସମ୍ପାଦନ କରିବାକୁ ପରାମର୍ଶ ଦେଇଥିଲେ ।"
train/img_02743.jpg,୧୯୩୬ ଅପ୍ରେଲ ୧ ତାରିଖ ଦିନ ଏକ ରାଜ୍ୟ ଭାବେ ନବଗଠିତ ହେବା ସ୍ମୃତିରେ ଅପ୍ରେଲ ମାସ ୧ ତାରିଖ ଦିନ ଉତ୍କଳ ଦିବସ (ଓଡ଼ିଶା ଦିବସ) ପାଳନ କରାଯାଇଥାଏ ।
train/img_02744.jpg,ଜଗମୋହନ ବା ମୁଖଶାଳା
train/img_02745.jpg,"କରିଣ ପୀରତି ରଖତୁ କୀରତି, ଦେଇଣ ସୁରତି ବିହାରେ"
train/img_02746.jpg,ସ୍ୱୟଂ ମହାପ୍ରଭୁ ଜଣେ ବୃଦ୍ଧ ବେଶରେ ଆସି ସେହି ଦାରୁରେ ମୂର୍ତ୍ତି ପ୍ରସ୍ତୁତ କଲେ।
train/img_02747.jpg,ଅଣସର ତାଟି ସମ୍ମୁଖରେ ତିନୋଟି ପଟି ଚିତ୍ର ପ୍ରତିମା ରହିଥାଏ।
train/img_02748.jpg,ହାତୀଗୁମ୍ଫା ଶିଳାଲେଖ
train/img_02749.jpg,ଏହା ସହିତ ଜଡ଼ିତ ସଙ୍ଗୀତକୁ ପାନ୍ତାଶାଲିଆ ଝୁମର କୁହାଯାଏ ।
train/img_02750.jpg,ଓଡ଼ିଶା ରାଜନୀତିର ନେତାମାନଙ୍କର ତାଲିକା ଓଡ଼ିଶାର ରାଜନୀତିରେ ସିଧାସଳଖ ଜଡ଼ିତ ଥିବା ନେତାମାନଙ୍କ ସମ୍ପର୍କରେ ସୂଚନା ଦେଇଥାଏ ।
train/img_02751.jpg,"କରିଲୋପାଟଣା ମହାବିଦ୍ୟାଳୟ, କରିଲୋପାଟଣା"
train/img_02752.jpg,ଏକଟି ସାଇକେଲର ତିନ୍ ଟି ଚାକା ଦେଖିୟା ନୟନେ
train/img_02753.jpg,ଦ୍ୱିତୀୟ ଜଳପ୍ରପାତଟି ନିକଟରେ ଅପରାହ୍ଣରେ (ସୂର୍ଯ୍ୟ ପଶ୍ଚିମ ଦିଗରେ ଥିବା ସମୟରେ) ଇନ୍ଦ୍ରଧନୁ ସୃଷ୍ଟି ହୋଇଥାଏ ।
train/img_02754.jpg,ସୂର୍ଯ୍ୟବଂଶୀ ରାଜା କପିଳେନ୍ଦ୍ର ଦେବ (୧୪୩୫-୧୪୬୬) ଜଗନ୍ନାଥଙ୍କୁ ଜାତୀୟ ଦେବତା ରୂପେ ପ୍ରଚାରିତ କରି ନିଜକୁ ତାଙ୍କର ସେବକ ଭାବେ ସ୍ୱୀକାର କରିଥିଲେ ।
train/img_02755.jpg,"ରାଜ୍ୟ ଯୋଜନା ବୋର୍ଡ ଉପାଧ୍ୟକ୍ଷ ବିଷ୍ଣୁ ଦାସ, ଜିଲ୍ଲା ଯୋଜନା କମିଟି ।"
train/img_02756.jpg,ନୌବାଣିଜ୍ୟରେ ସମୃଦ୍ଧ ଥିବାରୁ କଳିଙ୍ଗର ବିଶାଳ ସୈନ୍ଯବାହିନୀ (୬ ଲକ୍ଷରୁ ଉର୍ଦ୍ଧ୍ବ) ଥିଲା ।
train/img_02757.jpg,"ଶବ୍ଦ ମଧ୍ୟସ୍ଥ ସ୍ୱରବର୍ଣ୍ଣ ବିଲୋପ: କିଛି ଶବ୍ଦ ମଧ୍ୟସ୍ଥ ସ୍ୱରବର୍ଣ୍ଣର ସମନ୍ୱୟ, - ଦ୍ବୈତସ୍ବର( ) ଦେଖାଯାଇଥାଏ ବ୍ୟତିକ୍ରମ ସହିତ ଅର୍ଥାତ୍ ଶବ୍ଦର ମଧ୍ୟର ସ୍ୱର ହଟିଯାଇବାକୁ ମଧ୍ୟସ୍ଥ ସ୍ୱର ବିଲୋପ କୁହାଯାଏ, କିନ୍ତୁ - ଯୋଗ ଥିଲେ ହଟେ ନାହିଁ ।"
train/img_02758.jpg,ଶକବତ୍ସରେ ୧୫୦୮ରେ ରଥଯାତ୍ରାରେ ରାଜାଥାଇ ମୁଗଲ ହୋଇଯିବାରୁ ଛେରା ପହଁରା କରିବା ନୋହିଲା ମୁଦିରଥ (ମୁଦ୍ର ହସ୍ତ) ଶାଢ଼ୀ଼ ନଥିବାରୁ ଛେରା ପହଁରା ଦାମୋଦର ଚମ୍ପତିରାୟ ଛେରା ପହଁରା କରିବା କଥା ଉଠିଲା ।
train/img_02759.jpg,ଏହା ପରବର୍ତ୍ତୀ କାଳରେ ଭକ୍ତିଯୁଗ ସମୟରେ ଏହା ଖୁବ ଉନ୍ନତ ହୋଇଥିଲା ।
train/img_02760.jpg,"ଯେତେବେଳେ ଗୋଟିଏ ଦଳକୁ ବହୁମତ ମିଳି ନ ଥାଏ, ସେତେବେଳେ କେତେଗୋଟି ଦଳ ପରସ୍ପର ସହିତ ମିଶି ସରକାର ଗଠନ କରିଥାନ୍ତି ।"
train/img_02761.jpg,କଳାହାଣ୍ଡି ରାଜ୍ୟ
train/img_02762.jpg,ଅଝାଲ ସିଲାଇ
train/img_02763.jpg,ଭାରତର ତ୍ରିରଙ୍ଗା ଜାତୀୟ ପତାକା
train/img_02764.jpg,ଭଜା
train/img_02765.jpg,ଜୈନଧର୍ମ ଏକ ପ୍ରାଚୀନ ଧର୍ମ ବୋଲି ଐତିହାସିକମାନେ ମତବ୍ୟକ୍ତ କରନ୍ତି ।
train/img_02766.jpg,"୨୦୧୧ ଜନଗଣନା ଅନୁସାରେ ଭୁବନେଶ୍ୱର ସହରର ଲୋକସଂଖ୍ୟା ୮,୩୭,୭୩୭ ।"
train/img_02767.jpg,"କେନ୍ଦୁଝର ଜିଳ୍ଲା, (କେଉଁଝର ନାମରେ ମଧ୍ୟ ଜଣାଶୁଣା), ଓଡ଼ିଶାର ଏକ ପ୍ରଶାସନିକ ଜିଳ୍ଲା ।"
train/img_02768.jpg,"ବଙ୍ଗୋପସାଗରର କରମଣ୍ଡଳ ଉପକୂଳରେ ଅବସ୍ଥିତ ଏହି ସହର ବାଣିଜ୍ୟିକ, ସାଂସ୍କୃତିକ, ଅର୍ଥନୈତିକ ଏବଂ ଶିକ୍ଷା କ୍ଷେତ୍ରରେ ବେଶ ଗୁରୁତ୍ୱପୂର୍ଣ୍ଣ ଭୂମିକା ବହନ କରୁଛି ।"
train/img_02769.jpg,ବଙ୍ଗର ମୁସଲିମ ଶାସକ ସୁଲେମାନ କରାଣୀ ତଥା ତାଙ୍କ ସେନାପତି 'କଳାପାହାଡ଼'ଦ୍ୱାରା ଓଡ଼ିଶା ଅଧିକୃତ ।
train/img_02770.jpg,ଶ୍ରୀ ଯମେଶ୍ୱର
train/img_02771.jpg,ତତୋ ଦେବଂ କର୍ପୂରାତ୍ରିକଂ ଦଦ୍ୟାତ୍ ।
train/img_02772.jpg,"ରଜ ସଂକ୍ରାନ୍ତିର ପୂର୍ବଦିନ ପହିଲି ରଜ, ଦ୍ୱିତୀୟ ଦିବସ ହେଉଛି ରଜ ସଂକ୍ରାନ୍ତି, ତୃତୀୟ ଦିବସ ହେଉଛି ଭୂମିଦାହ ବା ଭୂମି ଦହନ, ଚତୁର୍ଥ ତଥା ଅନ୍ତିମ ଦିବସ ହେଉଛି ବସୁମତୀ ସ୍ନାନ ।"
train/img_02773.jpg,"ମାତ୍ର ଏପର୍ଯ୍ୟନ୍ତ ଯେତେ ଝୁମର ରଚୟିତାଙ୍କ ସନ୍ଧାନ ମିଳିଛି, କେହି ହେଲ, ମୂଳଭାଷା ମୈଥିଳୀକୁ ଛାଡ଼ିନାହାନ୍ତି ।"
train/img_02774.jpg,ଏଥି ଉପରେ ଛନ୍ଦା ପକାଇବ।
train/img_02775.jpg,ଏହା ପୂର୍ଣ୍ଣଯୋଗ ଏବଂ ପିତୃମାନଙ୍କର ମୁକ୍ତିପଦ।
train/img_02776.jpg,କଳିଙ୍ଗର ସିଂହଳ (ଆଧୁନିକ ଶ୍ରୀଲଙ୍କା) ସହିତ ଅତି ଘନିଷ୍ଠ ବ୍ୟବସାୟିକ ସମ୍ପର୍କ ରହିଥିଲା ।
train/img_02777.jpg,"ଯଦିଓ ୧୬ଶ ଓ ୧୭ଶ ଶତାବ୍ଦୀରେ ଓଡ଼ିଶାର ବାହାର-ବାଣିଜ୍ୟ ଉନ୍ନତି ସାଧନ କରିଥିଲା, ତଥାପି କେଇ ବର୍ଷର ରାଜନୀତିକ ଅସ୍ଥିରତା ସକାଶେ ଅର୍ଥନୀତିର ପ୍ରଗତି ବାଧା ପାଇଥିଲା ।"
train/img_02778.jpg,ଏହା ମହୋଦଧିତୀରେ ଥିଲେ ହେଁ ଏଠାରେ କୂଅ ଖୋଳିଲେ ଲୁଣପାଣି ନ ଝରି ମଧୁରଜଳ ଝରିଥାଏ।
train/img_02779.jpg,ଫୁଲବାଣୀ
train/img_02780.jpg,ପୁରୀ ସହର ଏହି ଜିଲ୍ଲାର ପ୍ରଶାସନିକ ମୁଖ୍ୟସ୍ଥଳ ଯେଉଁଠି ସବୁ ସରକାରୀ ଅଫିସ ଆଉ ବେସରକାରି କମ୍ପାନୀର ପ୍ରଧାନ ଅଫିସସବୁ ଅଛି ।
train/img_02781.jpg,ନିମ୍ନରେ ମାନକ ଓଡ଼ିଆ ସହିତ ବୈଶିଷ୍ଟ୍ୟ ଏବଂ ତୁଳନା ତାଲିକା ଦିଆଯାଇଛି:
train/img_02782.jpg,ଦୁଃଖର ବିଷୟ ସମୟଚକ୍ରରେ ଅଳକାଶ୍ରମ ତାର ପରିଚୟ ହଜାଇବାକୁ ବସିଲାଣି ।
train/img_02783.jpg,ଏହା ଗୁଣ୍ଡିଚା ମନ୍ଦିର ପାଖରେ ଅବସ୍ଥିତ ।
train/img_02784.jpg,ସହର ସମଗ୍ର କ୍ଷେତ୍ରଫଳ ୬୦୩ ବର୍ଗକି ମି (୨୩୩ ବର୍ଗମାଇଲ) ।
train/img_02785.jpg,ଏହି ଜିଲାର ପ୍ରଶାସନିକ ମୁଖ୍ୟ ଜାଗା ହେଲା ଛତ୍ରପୁର ।
train/img_02786.jpg,"ତେଲୁଗୁର ଏକ ହଜାର ବର୍ଷରୁ ଅଧିକ ସମୟର ଏକ ଅଖଣ୍ଡ, ବିଶାଳ ଏବଂ ବିବିଧ ସାହିତ୍ୟ ପରମ୍ପରା ରହିଛି ।"
train/img_02787.jpg,"ମା ମଙ୍ଗଳା ତନ୍ତୁବାୟ ସହଯୋଗ ସମିତି, ଦୁର୍ଗାପ୍ରସାଦ, ଦେଉଳି,ଖୋର୍ଦ୍ଧା"
train/img_02788.jpg,"ଜନନୀ, ଜନନୀ, ଜନନୀ,"
train/img_02789.jpg,ମହିଳା: ୭୨ ୯୫
train/img_02790.jpg,ଋଗ୍ବେଦ ଓ ଅଥର୍ବ ବେଦ ଇତ୍ୟାଦିରେ ରଥ ଶବ୍ଦର ପ୍ରୟୋଗ ଦେଖାଯାଏ ।
train/img_02791.jpg,ସମୟକ୍ରମେ ସରକାରୀ ଓ ବେସରକ।ରୀ ସ୍କୁଲସଂଖ୍ୟା ଖ୍ରୀ ୧୮୭୦ ବେଳକୁ ପ୍ରାୟ ୧୦୦ ପାଖାପାଖି ହୋଇଯାଇଥିଲା ।
train/img_02792.jpg,"ଅର୍ଥାତ, କିଛି ସମୟ ଅନ୍ତରାଳ ପରେ ଖାଇବା ।"
train/img_02793.jpg,କନକ ମୁଣ୍ଡାଇରେ ରତ୍ନ ଚାନ୍ଦୁଆ ଟଣା ହେଉଥିଲା।
train/img_02794.jpg,କେନ୍ଦ୍ରାପଡ଼ା ସରକାରୀ ଉଚ୍ଚ ବିଦ୍ୟାଳୟ
train/img_02795.jpg,"ଏହାର ଦୈର୍ଘ୍ୟ ୬୬୫ ଫୁଟ ଓ ପ୍ରସ୍ଥ ୬୪୦ ଫୁଟ, ଉଚ୍ଚତା ୨୨ ଫୁଟ ଓ ସ୍ଥାନେ ସ୍ଥାନେ ୨୦ରୁ ୨୪ ଫୁଟ ଉଚ୍ଚତା ମଧ୍ୟ ରହିଥିବା ଦେଖାଯାଇଛି।"
train/img_02796.jpg,"ଯେପରି ଆଷାଢ଼ ଶୁକ୍ଳ, ମୁନିବାର ବାଣୀ ଆଦି, କିନ୍ତୁ ଏହିସବୁ ରଚନା ଆଜି ଯାଏଁ ମିଳିନାହିଁ ।"
train/img_02797.jpg,"ସମ୍ବାଦ ୧୩/୦୪/୨୦୧୫ ପୃଷ୍ଠା ୧୨ରେ ପ୍ରକାଶିତ ପ୍ରସଙ୍ଗ ""ଆମ ରାଜଧାନୀ ସହର"""
train/img_02798.jpg,"ପଞ୍ଜାବୀ ଭାଷାର ବ୍ୟାକରଣ ଶବ୍ଦ, ଚିହ୍ନ ଦେବା, କ୍ରିୟାପଦର ପରିବର୍ତ୍ତନ ପଦ୍ଧତି ଓ ଅନ୍ୟ ପ୍ରକାର ତତ୍ତ୍ୱ ଉପରେ ଗୁରୁତ୍ୱ ଦେଇଥାଏ ।"
train/img_02799.jpg,ଯାତ୍ରା
train/img_02800.jpg,ଓଷାବ୍ରତ
train/img_02801.jpg,ଶହଶହ ବର୍ଷଧରି ରତ୍ନଭଣ୍ଡାରରେ ତାହା ସବୁ ତାଲାପଡ଼ି ରହିଆସିଛି ।
train/img_02802.jpg,ସେ ଦୁଇଟିକୁ ଗୋଟିଏ କାଠଦ୍ୱାରା ସଂଯୁକ୍ତ କରାଯାଏ।
train/img_02803.jpg,"ଏହାକୁ ବିଭିନ୍ନ ଢଙ୍ଗରେ ତ୍ରିଭଙ୍ଗି, ଚଉଭଙ୍ଗି ଆକୃତି ଦେଇ ଉପରେ ଲବଙ୍ଗ ଖୋସି ଅତି ସୁନ୍ଦର ଭାବେ ଥାଳିରେ ସଜାଇ ଦିଆଯାଏ ।"
train/img_02804.jpg,କଟକରେ ଜାତୀୟ ସ୍ତରରେ ପ୍ରତିଷ୍ଠିତ ନାନା ଶୈ କ୍ଷିକ ଅନୁଷ୍ଠାନ ଯଥା ରେଭେନ୍ସା ବିଶ୍ୱବିଦ୍ୟାଳୟ ରହିଛି ।
train/img_02805.jpg,ବିଜ୍ଞାପିତ ଅଞ୍ଚଳ ପରିଷଦ (୩): ପାଟଣାଗଡ଼ ଓ କଣ୍ଟାବାଞ୍ଝି ଓ ତୁଷୁରା ବେଳପଡ଼ା ସଇଁତଳା ଟିଟିଲାଗଡ
train/img_02806.jpg,ଗୋଷାଣି (ପାରଳାଖେମୁଣ୍ଡି) ତହସିଲ ଅଧିନରେ: ୨୧ଟି
train/img_02807.jpg,ବେତାର ନାଟକ ପାଇଁ କୌଣସି ନାଟକ ରଚିତ ହେଉନଥିଲା ତେଣୁ ମଞ୍ଚ ନାଟକକୁ ରେଡ଼ିଓ ମାଧ୍ୟମରେ ଲୋକମାନଙ୍କ ପାଖକୁ ଧୀରେ ଧୀରେ ପହଞ୍ଚାଇବାକୁ ଚେଷ୍ଟା କରାଗଲା ।
train/img_02808.jpg,୧ ଅପ୍ରେଲ ୧୯୯୩ ପୂର୍ବରୁ ଏହା କଳାହାଣ୍ଡି ଜିଲ୍ଲାର ଅନ୍ତର୍ଭୁକ୍ତ ଥିଲା ।
train/img_02809.jpg,କିନ୍ତୁ ତ୍ରୟୋଦଶ ଶତାଦ୍ଦୀ ପୂର୍ବରୁ ପୁରୀରେ ରଥ ଯାତ୍ରା ଅନୁଷ୍ଠିତ ହେଉଥିବାର ପ୍ରମାଣ ମିଳୁଛି।
train/img_02810.jpg,"ଏହା ପରେ ନୃସିଂହ ଚତୁର୍ଦ୍ଦଶୀ ଦିନ ଗୁଜ ଅନୁକୂଳ, ଶ୍ରୀକ୍ଷେତ୍ର ଭଉଁରୀ ଦିନ ପ୍ରତ୍ୟେକ ରଥର ଦୁଇଟି ଲେଖାଏଁ ଚକ ଡେରା ହୋଇଥାଏ ଓ ଶ୍ରୀମନ୍ଦିରରୁ ଆଜ୍ଞାମାଳ ଆସି ଏହା ଉପରେ ଲାଗି କରାଯାଇଥାଏ।"
train/img_02811.jpg,"ଦେଶବନ୍ଧୁ ସରକାରି ଉଚ୍ଚ ବିଦ୍ୟାଳୟ,କୋରୁଆଳ,ପୁରୀ"
train/img_02812.jpg,ଦେବଗଡ଼ ସହର ଏହି ଜିଲ୍ଲାର ପ୍ରଶାସନିକ ମୁଖ୍ୟ ସହର ।
train/img_02813.jpg,ଅଧିକ ପଢ଼ନ୍ତୁ
train/img_02814.jpg,"ଏହି ନୀତିରେ ଭିତରଚ୍ଛ, ପତି ମହାପାତ୍ର, ଗରାବଡ଼ୁ, ବିମାନବଡ଼ୁ, ମହାଜନ, ବଜନ୍ତରୀ ପ୍ରମୁଖ ସେବକମାନେ ଉପସ୍ଥିତ ରହିଥାନ୍ତି।"
train/img_02815.jpg,ଭୂଦେବୀ (ରୂପା ମୂର୍ତ୍ତି)
train/img_02816.jpg,ଧ୍ୱନିଶୀଳ ମୂର୍ଦ୍ଧନ୍ୟ ବ୍ୟଞ୍ଜନର ବ୍ୟବହାର : ଧ୍ୱନିଶୀଳ ମୂର୍ଦ୍ଧନ୍ୟ ପାର୍ଶ୍ୱ ସମୀପୀୟ (ଳ) ର ଅଭାବ ଏବଂ ଧ୍ୱନିଶୀଳ ମୂର୍ଦ୍ଧନ୍ୟ ନାସିକ୍ୟଧ୍ୱନି (ଣ) ର ସୀମିତ ବ୍ୟବହାର ।
train/img_02817.jpg,ମରାଠାମାନେ ଜଳେଶ୍ୱରରେ ଥିବା ରାଇବଣିଆ ଦୁର୍ଗଠାରେ ଥିଲେ ।
train/img_02818.jpg,ଗଡମଣିତ୍ରୀ(ରାମଚଣ୍ଡି)
train/img_02819.jpg,ଏହା ନେପାଳ ଏବଂ ଭୁଟାନରୁ ସିଲିଗୁରି କରିଡରଦ୍ୱାରା ଏବଂ ଚୀନ୍ଠାରୁ ଉତ୍ତରରେ ଥିବା ଭାରତୀୟ ସିକ୍କିମ୍ଦ୍ୱାରା ପୃଥକ ହୋଇଛି ।
train/img_02820.jpg,ମହିମା ଧର୍ମ
train/img_02821.jpg,"୨୦୧୧ ଜନଗଣନା ଅନୁସାରେ ଭୁବନେଶ୍ୱର ସହରର ଲୋକସଂଖ୍ୟା ୮,୩୭,୭୩୭ ।"
train/img_02822.jpg,ଦାରିଙ୍ଗବାଡ଼ି
train/img_02823.jpg,"ଜଳବୁହା ବେଳେ ମନ୍ଦିର ଚର୍ଚ୍ଚା ଓ ବରକନ୍ଦାଜ କର୍ମଚାରୀମାନେ ଆଗରେ ଗୁଆ ଖୋଳପା ଧରି ଲୋକଙ୍କୁ ଆଡେଇଥାନ୍ତି, ଯେପରିକି କେହି ଜଳକୁ ସ୍ପର୍ଶ କରିପାରିବେ ନାହିଁ ।"
train/img_02824.jpg,ପ୍ରତିଦିନ ଏଠାରୁ ଶହଶହ ବସ ଓଡ଼ିଶାର ବିଭିନ୍ନ ଅଞ୍ଚଳକୁ ଯାତାୟତ କରେ ।
train/img_02825.jpg,ପୁରୀଠାରୁ ୧୦କି ମି ଦୂର ମାଳତିପାଟପୁର ନିକଟସ୍ଥ କାଠ ପୋଲଠାରୁ ଏହି କାଠଗୁଡିକ ଶଗଡ଼ରେ ବୁହା ଯାଉଥିଲା।
train/img_02826.jpg,ରାଉରକେଲା ଇସ୍ପାତ କାରଖାନା
train/img_02827.jpg,ଉରଜେ କରଜ ମାରି ମଧୁରସ ଖାୟେ ।
train/img_02828.jpg,ଗୌତମ ବୁଦ୍ଧ
train/img_02829.jpg,ତତ୍ପରେ ରଥ ପ୍ରଦକ୍ଷିଣ ଓ ମହାପ୍ରଭୁଙ୍କ ଆଜ୍ଞାମାଳ ପାଇ ଲକ୍ଷ୍ମୀ ଠାକୁରାଣୀ ଶ୍ରୀମନ୍ଦିରକୁ ବାହୁଡା଼ ବିଜେ କରିବା ସଙ୍ଗେ ସଙ୍ଗେ ଶ୍ରୀନଅରଠାରୁ ନନ୍ଦିଘୋଷ ଟଣା ଯାଇ ସିଂହଦ୍ୱାରଠାରେ ରଖାଯାଇଥାଏ।
train/img_02830.jpg,ବାଲ୍ୟ ଜୀବନ (୧୮୬୧-୧୯୦୧)
train/img_02831.jpg,ଏହାପରେ ରାଜ୍ୟ ସରକାରଙ୍କ ମତ ସହ ପ୍ରଧାନ ମନ୍ତ୍ରୀ ଯୋଗ୍ୟ ପ୍ରାର୍ଥୀଙ୍କ ନାମ ସୁପାରିସ ସହ ରାଷ୍ଟ୍ରପତିଙ୍କ ନିକଟକୁ ମଞ୍ଜୁରୀ ନିମନ୍ତେ ପ୍ରେରଣ କରନ୍ତି ।
train/img_02832.jpg,ଇନ୍ଦ୍ରାଣୀ ଦେବୀ ରୂପେ ପୂଜିତା।କାମଦେବ ରାଜାଙ୍କ କୀର୍ତ୍ତି ରୂପେ ଏହା ଖ୍ୟାତ।ଶ୍ରୀମନ୍ଦିରର ନାଟ ମଣ୍ଡପରେ ଦକ୍ଷିଣ ପଟକୁ ଲାଗି ମାଜଣା ମଣ୍ଡପ ଆଡ଼କୁ ଯିବାବେଳେ ଡାହାଣ ପାର୍ଶ୍ୱରେ ଇନ୍ଦ୍ରାଣୀ ଦେବୀଙ୍କ ମନ୍ଦିର ।
train/img_02833.jpg,ତତ୍ପରେ ଠାକୁରମାନଙ୍କ ମନମୁଗ୍ଧକର ପହଣ୍ଡି ନୀତି ଅନୁଷ୍ଠିତ ହେବା ପୂର୍ବରୁ ବିଜେ କାହାଳି ବାଜି ମଙ୍ଗଳାପର୍ଣ ନୀତି ବଢ଼ି଼ଥାଏ।
train/img_02834.jpg,ପୌରପାଳିକା:୧: ଚୌଦ୍ୱାର
train/img_02835.jpg,ଠାକୁରଙ୍କ ଅଣସର/ଅନବସର ସମୟରେ ପଟିଦିଅଁମାନେ ଏଠାରୁ ଯାଆନ୍ତି ଓ ପରେ ଆସି ରଖାଯାଆନ୍ତି ।
train/img_02836.jpg,"ସେହି ଦିନ ଗଜପତି ବଡ଼ଶଙ୍ଖଠାରୁ ହସ୍ତୀ, ଛତି, କାହାଳୀ ସହ ବର୍ଣ୍ଣାଢ୍ୟ଼ ଶୋଭାଯାତ୍ରାରେ ତାମଯାନ୍ରେ ବସି ଗୁଣ୍ଡିଚା ଘର ନାକଚଣା ଦ୍ୱାରଠାରେ ରହିଥିବା ରଥ ନିକଟକୁ ଆସିଥାନ୍ତି।"
train/img_02837.jpg,ଭଗବାନ ନରନାରାୟଣ ସତ୍ୟଯୁଗରେ ବଦ୍ରିକାଶ୍ରମରେ ତପସ୍ୟା କରି ତାକୁ ତପୋଭୂମି ରୂପରେ ସତ୍ୟଯୁଗର ଧାମ ରୂପରେ ପ୍ରତିଷ୍ଠା କରିଲେ ।
train/img_02838.jpg,ମୁଖ୍ୟମନ୍ତ୍ରୀ ନବୀନ ପଟ୍ଟନାୟକଙ୍କ ଆହ୍ୱାନରେ ଓଡ଼ିଶାରେ କୋଭିଡ-୧୯ ମହାମାରୀ ସମୟରେ ବିଭିନ୍ନ ସେବା କାର୍ଯ୍ୟ କରୁଥିବା କୋଭିଡ ଯୋଦ୍ଧାମାନଙ୍କ ସମ୍ମାନରେ ବିଶ୍ୱର ବିଭିନ୍ନ ସ୍ଥାନରେ ଓଡ଼ିଆ ଲୋକମାନେ ୩୦ ମଇ ୨୦୨୦ ସନ୍ଧ୍ୟା ୫ ୩୦ ଏହି ଗୀତ ଗାଇଥିଲେ ।
train/img_02839.jpg,ଉଚ୍ଚ ଶିକ୍ଷା
train/img_02840.jpg,ଶାନ୍ତିନିକେତନ(୧୯୦୧-୧୯୩୨)
train/img_02841.jpg,ଭାଦ୍ରବ ଶୁକ୍ଲ ଏକାଦଶୀରେ ଏହା ଆରମ୍ଭ ହୋଇ କିଛି ଦିନ ପର୍ଯ୍ୟନ୍ତ ଚାଲିଥାଏ ।
train/img_02842.jpg,ନମାଜ
train/img_02843.jpg,ଲୋକସଂଖ୍ୟାତ୍ମକ ତଥ୍ୟ
train/img_02844.jpg,ଦୁର୍ଜନସିଂହ ପାଲା ବା ଚନ୍ଦ୍ରାଜିତ୍ ପାଲା: ଅମ୍ବିକା ନଗରର ଦୁର୍ଜନ ନାମକ ନାସ୍ତିକ ରାଜାଙ୍କର ଗଳ୍ପ
train/img_02845.jpg,ରଣ ଶିବ ସକଳ ନାଟ୍ୟପ୍ରକଟ ଶାସ୍ତ୍ର ମୂଳ ଦେବତା ।
train/img_02846.jpg,ସେଥି ମଧ୍ୟରୁ ୫୫ ୮୭ ଜଣ ପରୁଷ ହୋଇଥିବା ବେଳେ ୪୪ ୧୩ ଜଣ ନାରୀ ଅଟନ୍ତି ।
train/img_02847.jpg,ପରେ ସେ ଏହାକୁ ସମ୍ପୂର୍ଣ୍ଣ କରିନଥିଲେ ଓ ୧୯୩୦ରେ ପ୍ରକାଶିତ ରାମଶଙ୍କର ଗ୍ରନ୍ଥାବଳିରେ ମଧ୍ୟ ଏହା ସ୍ଥାନ ପାଇନଥିଲା ।
train/img_02848.jpg,"ଦେଶବନ୍ଧୁ ସରକାରି ଉଚ୍ଚ ବିଦ୍ୟାଳୟ,କୋରୁଆଳ,ପୁରୀ"
train/img_02849.jpg,ଦୁଃଖର ବିଷୟ ସମୟଚକ୍ରରେ ଅଳକାଶ୍ରମ ତାର ପରିଚୟ ହଜାଇବାକୁ ବସିଲାଣି ।
train/img_02850.jpg,"ଆଚାର୍ଯ୍ୟ ହରିହର, ପଣ୍ଡିତ କୃପାସିନ୍ଧୁ ପ୍ରମୁଖ ସତ୍ୟବାଦୀ ଗୋଷ୍ଠୀର ରଚନାରେ ଆମ ଦେଶର ଚଳଣି ଜାତୀୟତାବାଦର ସ୍ୱର ଦେଖିବାକୁ ମିଳିଥାଏ ।"
train/img_02851.jpg,"ତହସିଲ (୧୪): ଆଗଲପୁର, ଖପ୍ରାଖୋଲ, ଗୁଡ଼ଭେଲା, ଦେଓଗାଁ, ପାଟଣାଗଡ଼, ପୁଇଁତଳା, ବଙ୍ଗମୁଣ୍ଡା, ବଲାଙ୍ଗୀର, ବେଲପଡ଼ା, ଲୋଇସିଂହା, ମୁରିବାହାଲ, ସଇଁତଳା, ଟିଟିଲାଗଡ଼ ଓ ତୁସରା"
train/img_02852.jpg,"ଗୋଟିଏ ଅନୁଭାଗରେ ସହାୟକ, ଲିପିକ, ଟାଇପିଷ୍ଟ ଆଦି କର୍ମଚାରୀ ରହିଥାନ୍ତି ।"
train/img_02853.jpg,"ତେବେ ବିଧାନ ସଭାର ସଭ୍ୟପଦ ପାଇଁ ଜଣେ ବ୍ୟକ୍ତି ଅଯୋଗ୍ୟ ଘୋଷିତ ହେବେ, ଯଦି :-"
train/img_02854.jpg,"୨୦୧୧ ଜନଗଣନା ଅନୁସାରେ, କନ୍ଧମାଳ ଜିଲ୍ଲାର ମୋଟ ଲୋକସଂଖ୍ୟା ୭,୩୧,୯୫୨ ।"
train/img_02855.jpg,ପୁରାତନ ଇତିହାସ ୨ ହଜାର ବର୍ଷ ତଳର ଏବଂ ଆଧୁନିକ ସହର ୧୯୬୮ରୁ ଆରମ୍ଭ ହୋଇ ଅଛି ।
train/img_02856.jpg,କୁଆଲୋ
train/img_02857.jpg,ମୁଖ୍ୟମନ୍ତ୍ରୀଙ୍କ ପରାମର୍ଶ କ୍ରମେ ରାଜ୍ୟପାଳ ବିଧାନ ସଭାର ଅଧିବେଶନ ସମାପ୍ତି ଘୋଷଣା କରନ୍ତି ।
train/img_02858.jpg,ପରମ୍ପରା ଅନୁଯାୟୀ ଠାକୁରମାନଙ୍କ ସୁନାବେଶ ଓ ଅଧରପଣାର ପରଦିନ ଶ୍ରୀବିଗ୍ରହମାନେ ଗୋଟି ପହଣ୍ଡିରେ ଶ୍ରୀମନ୍ଦିରକୁ ବିଜେ କରି ରତ୍ନ ସିଂହାସନାଧିଷ୍ଠିତ ହୋଇଥାନ୍ତି।
train/img_02859.jpg,ରାଧାକୃଷ୍ଣ ତାମସା : ମୂରଲୀ ହରଣ ଓ ବସ୍ତ୍ର ହରଣ ଆଦି ପ୍ରସଙ୍ଗର ବର୍ଣ୍ଣନା କରାଯାଇଛି।
train/img_02860.jpg,"ଗୁରୁପଦ ପାବାର ଆଶେ, ବସେ, ଆଛି ନଦୀର ଘାଟେ"
train/img_02861.jpg,"୮ଟି ଶାସ୍ତ୍ରୀୟ ନୃତ୍ୟ (ଓଡ଼ିଶୀ, ଭାରତନାଟ୍ୟମ, କଥକ, କଥକାଳୀ, କୁଚିପୁଡ଼ି, ସାତ୍ରୀୟ, ମଣିପୁରୀ, ମୋହିନୀଆଟ୍ଟମ)"
train/img_02862.jpg,"କେନ୍ଦୁଝର ଜିଲ୍ଲାରେ ବିପୁଳ ପରିମାଣରେ ଉତ୍ତମ ମାନର ଲୁହାପଥର, ମାଙ୍ଗାନିଜ ଓ କ୍ରୋମାଇଟ ଆଦି ଖଣିଜ ମିଳିଥାଏ ।"
train/img_02863.jpg,ଓଡ଼ିଆ ଭାଷାରେ ଅନେକ ଜଣାଶୁଣା ବିଜ୍ଞାନ କାହାଣୀ ଲେଖାଯାଇଅଛି ।
train/img_02864.jpg,ରୋଜା
train/img_02865.jpg,ତାଙ୍କର ପଦବୀ ମୁଖ୍ୟତଃ ଆନୁଷ୍ଠାନିକ ।
train/img_02866.jpg,"ସୁଦର୍ଶନ, ସୁଭଦ୍ରା, ବଳଭଦ୍ର ଓ ଜଗନ୍ନାଥ ଯଥାକ୍ରମେ ଦେବଦଳନ, ତାଳଧ୍ୱଜ, ନନ୍ଦିଘୋଷ ରଥ ଉପରେ ଅଧିଷ୍ଠିତ ହୋଇଥାନ୍ତି।"
train/img_02867.jpg,ପ୍ରଥମେ ବିଜେ କାହାଳି ବାଜିବା ପରେ ବନ୍ଦାପନା ଓ ଡୋରି ଲାଗି ନୀତି ହୋଇଥାଏ।
train/img_02868.jpg,ଓଡ଼ିଆ ଭାରତର ଆଞ୍ଚଳିକ ଭାଷାମାନଙ୍କ ମଧ୍ୟରେ ଅନ୍ୟତମ ।
train/img_02869.jpg,"ପତିତ ପାବନ କ୍ଷେତ୍ର, ମର୍ତ୍ତ୍ୟବୈକୁଣ୍ଠ, ଯମନିକ କ୍ଷେତ୍ର ପ୍ରଭୃତି"
train/img_02870.jpg,ତତ୍ ପରେ ପାଳିଆ ପୂଜା ପଣ୍ଡା ପଞ୍ଚୋପଚାରରେ ପୂଜା କରିଥାନ୍ତି।
train/img_02871.jpg,ସ୍ୱାୟତ ଶାସନ ପ୍ରସଙ୍ଗରେ ସର୍ବପ୍ରଥମେ କେନ୍ଦ୍ରାପଡ଼ାରେ ତା ୧୦ ୦୩ ୧୮୬୯ ମସିହାରେ ମୁନିସିପାଲିଟି ସ୍ଥାପିତ ହୋଇଥିଲା ।
train/img_02872.jpg,ରାଜଧାନୀଠାରୁ ଜଗସିଂହପୁରର ଦୂରତା ପାଖାପାଖି ୬୨ କିଲୋମିଟର ହେବ ।
train/img_02873.jpg,ଶ୍ରୀଗୁଣ୍ଡିଚା ଓ ବାହୁଡା଼ ଯାତ୍ରାର ଅନ୍ୟତମ ମୂଖ୍ୟ ଆକର୍ଷଣ ହେଉଛି ପୁରୀ ଗଜପତି ମହାରାଜାଙ୍କ ତିନି ରଥ ଉପରେ ଛେରାପହଁରା ସେବା।
train/img_02874.jpg,ମୁକ୍ତି ମଣ୍ଡପର ବାମ ପାର୍ଶ୍ୱରେ ଅନନ୍ତ ବାସୁଦେବଙ୍କ ସ୍ୱତନ୍ତ୍ର ଧରଣର ମନ୍ଦିର ଯାହାର ମୁଖଶାଳାଟି ବଡ଼ ଥିବା ବେଳେ ଗର୍ଭ ଗୃହଟି ଛୋଟ ।
train/img_02875.jpg,"ବାଂଲାଦେଶ ପଶ୍ଚିମ, ଉତ୍ତର ଏବଂ ପୂର୍ବରେ ଭାରତ, ଦକ୍ଷିଣ ପୂର୍ବରେ ମ୍ୟାଁମାର ଏବଂ ଦକ୍ଷିଣରେ ବଙ୍ଗୋପସାଗରରେ ଭାରତ ସୀମା ବାଣ୍ଟିଛି ।"
train/img_02876.jpg,ରାସଲୀଳା ଓ ନାବକେଳି ଆଦି ଏଇ ଯାତ୍ରାର ମୁଖ୍ୟ ଅଙ୍ଗ।
train/img_02877.jpg,ଗେରୁଆ ରଙ୍ଗରେ ବିଭିନ୍ନ ଚିତ୍ର ଅଙ୍କିତ।
train/img_02878.jpg,ଅହମଦାବାଦର ଇତିହାସ ଅଣହିଲବାଡ଼ (ଆଧୁନିକ ପାଟନ)ର ଶାସକ ସୋଲଂକୀରାଜା କର୍ଣଦେବ ପ୍ରଥମଙ୍କ ସହ ଏଗାରଶହ ଶତାବ୍ଦୀରେ ଆରମ୍ଭ ହେଲା ।
train/img_02879.jpg,ବିଭାଗୀକରଣ
train/img_02880.jpg,ବାର ବାର ବାରିଜାକ୍ଷୀ କର ଆଲିଙ୍ଗନିଆ ।
train/img_02881.jpg,ଚିଲିକା (୧୧୮)
train/img_02882.jpg,: : (୩୨ )
train/img_02883.jpg,ଜୋବ୍ରା ପାର୍କ
train/img_02884.jpg,୩ ୨୮ ନିୟୁତ ବର୍ଗ କି ମି କ୍ଷେତ୍ରଫଳ
train/img_02885.jpg,ଏହି ଜଳ ପ୍ରପାତରେ ୨୦୦ଫୁଟ ଉପରୁ ଜଳ ନିର୍ଗତ ହେଇ ତାହା ବହି ଯାଏ ଓ ମହାନଦୀରେ ମିଶ୍ରଣ ହୁଏ ।
train/img_02886.jpg,ଏହି ମନ୍ଦିରର ସ୍ଥାପତ୍ୟ ମଧ୍ୟ ଆକର୍ଷଣୀୟ ।
train/img_02887.jpg,ସମ୍ବଲପୁରୀ ହସ୍ତତନ୍ତ ବସ୍ତ୍ର ବରମାନ ସାରା ପୃଥିବୀରେ ବିଖ୍ୟାତ ।
train/img_02888.jpg,ତାଙ୍କର ବାଜି ରାଉତ କବିତା ପାଇଁ ସେ ବିଶ୍ୱବିଦିତ ।
train/img_02889.jpg,ଗଡ଼ଗଡ଼ିଆ ମନ୍ଦିର
train/img_02890.jpg,୧୫ଶ ଶତାବ୍ଦୀର ଶେଷାର୍ଦ୍ଧରେ ରାଜା ଗୋବିନ୍ଦ ଭଞ୍ଜ ଦକ୍ଷିଣ ଭାଗକୁ ରାଜ୍ୟରେ ମିଶାଇଥିଲେ ।
train/img_02891.jpg,"ଦାନ, ବ୍ରତ, ତପସ୍ୟା, ଯଜ୍ଞ ଏସମସ୍ତ ଅପେକ୍ଷା ସଙ୍କୀର୍ତ୍ତନ ଅଧିକତମ ଫଳପ୍ରଦ ଓ ମୁକ୍ତିପ୍ରଦ ଅଟେ ।"
train/img_02892.jpg,ଆକାଶ ବିକାଶ ଧରିଗୋ
train/img_02893.jpg,ରୋଲାଣ୍ଡ ଇନଷ୍ଟିଚ୍ୟୁଟ୍ ଅଫ୍ ଫାର୍ମାସୁଟିକାଲ ସାଇନ୍ସ କଲେଜ
train/img_02894.jpg,ଏହା ସତ୍ତ୍ୱେ ଆଶ୍ରମର ବିକାଶ ଏଯାଏ ସମ୍ଭବ ହୋଇପାରିନାହିଁ।
train/img_02895.jpg,ପରବର୍ତ୍ତୀ ସମୟରେ ସିଂହଦ୍ୱାରା ସମ୍ମୁଖ କୂପରୁ ଏହି ଜଳ ଅଣାଯାଉଛି।
train/img_02896.jpg,"ଏହା ଅନେକ ପର୍ବପର୍ବାଣି ଯଥା:- ଭାଇ ଜିଉନ୍ତିଆ, ପୁଷପୁନି, ନୂଆଖାଇ ଇତ୍ୟାଦି ପର୍ବପର୍ବାଣିରେ ଏହି ନୃତ୍ୟ କରାଯାଏ ।"
train/img_02897.jpg,(ଖ) ରୂପକ : ‘‘ତୋମା ବିନେ ବିଧୂମୁଖୀ
train/img_02898.jpg,ଏଇ ବାଡ଼ିଖେଳ ଓଡ଼ିଶାର ଏକ ବିଲୁପ୍ତପ୍ରାୟ ସାମରିକ କଳା।
train/img_02899.jpg,ବିଜ୍ଞାପିତ ଅଞ୍ଚଳ ପରିଷଦ (୩): ପାଟଣାଗଡ଼ ଓ କଣ୍ଟାବାଞ୍ଝି ଓ ତୁଷୁରା ବେଳପଡ଼ା ସଇଁତଳା ଟିଟିଲାଗଡ
train/img_02900.jpg,ଉରେଉର ଅଧରେତେ ଅଧର ଲଗାୟ
train/img_02901.jpg,୧୯୫୦ ମସିହାରେ ଏହା ଭାରତ ସହିତ ମିଶିଥିଲା ।
train/img_02902.jpg,ଏଥିରୁ ଓଡ଼ିଆ ଗୀତିସାହିତ୍ୟ ଓ ଛାନ୍ଦ ସାହିତ୍ୟର ଉଦ୍ଭବ ହୋଇଛି ।
train/img_02903.jpg,୨ୟ ବର୍ଷ
train/img_02904.jpg,"ଉଲ୍ଲେଖଯୋଗ୍ୟ ଯେ, ୧୯୯୯ ମସିହାଠାରୁ ରଥଟଣା ସମୟରେ ତିନୋଟି ରଥର ବ୍ରେକକୁ ପକାଇବା ଓ ଉଠାଇବା ପାଇଁ ମନ୍ଦିର ପ୍ରଶାସନ ତରଫରୁ ପୁଲି ବ୍ୟବସ୍ଥା ପ୍ରଚଳନ କରାଯାଇଛି।"
train/img_02905.jpg,ମୋଟୁ
train/img_02906.jpg,ଭାଷା ଭିତ୍ତିରେ ରାଜ୍ୟଗଠନ ହେବାରେ ଓଡ଼ିଶା ଭାରତର ପ୍ରଥମ ରାଜ୍ୟ ।
train/img_02907.jpg,ଆଧୁନିକ ମାନକ ତେଲୁଗୁ ଉପକୂଳ ଆନ୍ଧ୍ରର କ୍ରିଷ୍ଣା-ଗୋଦାବରୀ ତ୍ରିକୋଣଭୂମୀ ଅଞ୍ଚଳର ଉପଭାଷା ଉପରେ ଆଧାରିତ ।
train/img_02908.jpg,ଥରେ ଦକ୍ଷ ପ୍ରଜାପତି ଯଜ୍ଞର ଆୟୋଜନ କରି ନିଜ କନ୍ୟା ସତୀ ଓ ଜାମାତା ଶିବଙ୍କ ବ୍ୟତୀତ ସବୁ ଦେବତାମାନଙ୍କୁ ଆମନ୍ତ୍ରିତ କରିଥିଲେ।
train/img_02909.jpg,ସତ୍ୟବାଦୀ ଯୁଗ
train/img_02910.jpg,"ଅନେକ ନଦୀ ଛୋଟା ନାଗପୁର ମାଳଭୂମି ଦେଇ ଯାଇଅଛି, ଯଥା; ଦାମୋଦର, ଉତ୍ତର କୋଏଲ, ବାରକର, ଦକ୍ଷିଣ କୋଏଲ, ସଙ୍କ ଏବଂ ସୁବର୍ଣ୍ଣରେଖା ନଦୀ।"
train/img_02911.jpg,ପିଠି ପାଖ ଚଉଡା।
train/img_02912.jpg,ସସାଗରାଧରା ଆନନ୍ଦର ଲହରୀରେ ଉଦ୍ଭାସିତ ।
train/img_02913.jpg,ଦଶହରାରେ ଶକ୍ତି ରୂପିଣୀ ଦେବୀ ଦୁର୍ଗାଙ୍କ ପୂଜା କରାଯାଏ।
train/img_02914.jpg,କୁମାରୀମାନେ ସାଙ୍ଗହୋଇ ବାଲୁକା ସ୍ଥାପନ କରି ଗୌରୀ ପୂଜା କରିଥାନ୍ତି।
train/img_02915.jpg,ପଞ୍ଚତୀର୍ଥର ଘାଟ ନିଲାମ ହୋଇ ମିଳୁଥିବା ଆୟ ଶ୍ରୀମନ୍ଦିରକୁ ଯାଏ ।
train/img_02916.jpg,କେନ୍ଦ୍ରାପଡ଼ା ଅନ୍ତର୍ଗତ ତତ୍କାଳୀନ କନିକା ରାଜ୍ୟର ‘ମାଈପୁର’ ବା ସାଂପ୍ରତିକ ‘ମୟୁରୀ ଗାଁକୁ ଐତିହାସିକ ଟଲେମୀ ‘ମୟୀଡ଼େରା’ ବନ୍ଦର ଭାବରେ ଚିତ୍ରଣ କରି ଅଛନ୍ତି ।
train/img_02917.jpg,ଜାତୀୟ ଭାଷା - ନାହିଁ
train/img_02918.jpg,ଓଡ଼ିଆ ଲିପି (ଉତ୍କଳ ଲିପି/ ଉତ୍କଳାକ୍ଷର) ଓଡ଼ିଆ ଭାଷା ଲେଖିବା ପାଇଁ ବ୍ୟବହାର କରାଯାଏ ।
train/img_02919.jpg,ବୈଦିକ ସଂସ୍କୃତ ଭାରତୀୟ ଉପମହାଦେଶର ପୂର୍ବବର୍ତ୍ତୀ ପ୍ରାଚୀନ ଭାଷାମାନଙ୍କ ସହ ଆଦାନ ପ୍ରଦାନ କରିବା ବେଳେ ପ୍ରଥମ କରି ଭେଟିଥିବା ଗଛ ଏବଂ ପଶୁମାନଙ୍କ ନାମ ମଧ୍ୟ ଆହରଣ କରିଥିଲା ।
train/img_02920.jpg,"ଆର୍କିଟେକଚରାଲ ପ୍ଲାନିଙ୍ଗ, କ୍ୱାଲିଟି, କ୍ୱାଲିଟି କଣ୍ଟ୍ରୋଲ, ସର୍ଭେ ବର୍କ ଆଣ୍ଡ ସିଭିଲ କନସଲଟାନ୍ସି - -"
train/img_02921.jpg,ଜିଲ୍ଲାର ପ୍ରଥମ ଅବସ୍ଥାର ଇତିହାସ ଏ ଯାଏଁ ସଂପୂର୍ଣ୍ଣ ସ୍ପଷ୍ଟ ନୁହେଁ ।
train/img_02922.jpg,"-କେଲା - ରାଉରକେଲା , ସରାଇକେଲା ଇତ୍ୟାଦି"
train/img_02923.jpg,ବୋଡ଼ୋ-ଗାରୋ ଉପଗୋଷ୍ଠୀ ସିନୋ-ତିବ୍ବତୀୟ ଭାଷା ପରିବାରର ଦୀର୍ଘତମ ଭାବେ ସ୍ୱୀକୃତ ଏବଂ ସବୁଠାରୁ ସୁସଂଯୁକ୍ତ ଉପଗୋଷ୍ଠୀ ମଧ୍ୟରୁ ଗୋଟିଏ ।
train/img_02924.jpg,"ଏପରିକି ଚୈତନ୍ୟ ମହାପ୍ରଭୁଙ୍କ ତିରୋଧାନର ୮୦ବର୍ଷ ପରେ କୃଷ୍ଣ ଦାସ କବିରାଜ ଗୋସ୍ୱମୀଙ୍କ ପ୍ରଣୀତ ଶ୍ରୀଚୈତନ୍ୟ ଚରିତାମୃତ ଗ୍ରନ୍ଥରେ ଛେରା ପହଁରା ସମ୍ପର୍କରେ ଉଲ୍ଲେଖ ଅଛି ଯେ,"
train/img_02925.jpg,"ନରସିଂହ ମହାପାତ୍ର, ଭଗବାନ ନାୟକ ବର୍ମା, ଡଃ କୀର୍ତ୍ତନ ନାରାୟଣ ପାଢ଼ୀ, ଡଃ ଖଗେନ୍ଦ୍ରନାଥ ମଲ୍ଲିକ, ଅପୂର୍ବ ରଞ୍ଜନ ରାୟ, ଇଂ ଅରୁଣ କୁମାର ପାତ୍ର, ନିର୍ମଳ ରାଉତ, ପିତାମ୍ବର ମିଶ୍ର, ଇଂ ଅଭୟ ସୂତାର।"
train/img_02926.jpg,ଅଡିଟୋରିୟମ
train/img_02927.jpg,୧୦୭୮-୧୧୫୦ ଖ୍ରୀ - ଚୋଡ଼ଗଙ୍ଗ ଦେବଙ୍କ ରାଜୁତି ।
train/img_02928.jpg,: : (୪୦ )
train/img_02929.jpg,"ମହିଳା: ୭,୨୨,୧୯୬"
train/img_02930.jpg,ମାସିକ ଧର୍ମର ବିଧି ଅନୁଯାୟୀ ଧରଣୀ ମାତା ତିନିଦିନ ବିଶ୍ରାମ ପରେ ସ୍ନାନ କରି ଶୁଦ୍ଧ ପବିତ୍ର ହୋଇଥା’ନ୍ତି ।
train/img_02931.jpg,"ରାଜ୍ୟର ବିଧାନ ସଭାର ଆସନ ସଂଖ୍ୟା ଯେତିକି, ସେତିକି ସମାନ ସଂଖ୍ୟକ ଏକ-ସଭ୍ୟ ବିଶିଷ୍ଟ ଆଞ୍ଚଳିକ ନିର୍ବାଚନ ମଣ୍ଡଳୀରେ ପ୍ରତିରାଜ୍ୟକୁ ବିଭକ୍ତ କରାଯାଇଥାଏ ।"
train/img_02932.jpg,ପୌରାଞ୍ଚଳ: (୪)
train/img_02933.jpg,"ବାତ୍ୟାଦ୍ୱାରା ଧ୍ୱଂସ ହୋଇ ଯାଇଥିବା ତୋରଣ ଓ ଘର ସବୁର ପୁନର୍ଗଠନ କଲେ, ଅନେକ ପୋଖରୀ ଆଦି ଖୋଳାଇଲେ ଓ ବଗିଚା ସବୁ ଆଉଥରେ ତିଆରି କଲେ ।"
train/img_02934.jpg,"ଗୀତାଞ୍ଜଳିର ଲେଖକ ଓ ତାଙ୍କର ଗଭୀର ସମ୍ବେଦନଶୀଳ, ତାଜା, ସୁମଧୁର କବିତା; ୧୯୧୩ ମସିହାରେ ଗୀତାଞ୍ଜଳି କବିତାଗ୍ରନ୍ଥର ଇଂରାଜୀ ଅନୁବାଦ ପାଇଁ ସେ ନୋବେଲ ପୁରସ୍କାର ଲାଭ କରିଥିଲେ ।"
train/img_02935.jpg,ସେହି ଶିଳାଲେଖ ଅନୁଯାୟୀ ଖାରବେଳ ଚେଦି ବଂଶର ରାଜା ଥିଲେ ଏବଂ ମହର୍ଷି ବାସୁଙ୍କର ବଂଶଜ ଥିଲେ।
train/img_02936.jpg,ମାତ୍ରା ଦୁଇଅଣାରୁ ଆଠ ଅଣା ପର୍ଯ୍ୟନ୍ତ।
train/img_02937.jpg,ସମ୍ପୂର୍ଣ୍ଣ ଯାତ୍ରାକୁ ତିନୋଟି ଅଙ୍ଗ ରୂପେ ଧରାଯାଇଛି।
train/img_02938.jpg,ଚକାପାଦ
train/img_02939.jpg,"ଆଚାର୍ଯ୍ୟ ହରିହର, ପଣ୍ଡିତ କୃପାସିନ୍ଧୁ ପ୍ରମୁଖ ସତ୍ୟବାଦୀ ଗୋଷ୍ଠୀର ରଚନାରେ ଆମ ଦେଶର ଚଳଣି ଜାତୀୟତାବାଦର ସ୍ୱର ଦେଖିବାକୁ ମିଳିଥାଏ ।"
train/img_02940.jpg,"ଏହାର ଦକ୍ଷିଣରେ ଆନ୍ଧ୍ର ପ୍ରଦେଶ, ପଶ୍ଚିମରେ ଛତିଶଗଡ଼, ଉତ୍ତରରେ ଝାଡ଼ଖଣ୍ଡ ଓ ପଶ୍ଚିମବଙ୍ଗ ଏବଂ ପୂର୍ବରେ ବଙ୍ଗୋପ ସାଗର ରହିଛି ।"
train/img_02941.jpg,ଧରଣୀ ମାତା ଶସ୍ୟଶ୍ୟାମଳାପୂର୍ଣ୍ଣ ହେବା ପାଇ ପ୍ରାଥମିକ ପ୍ରସ୍ତୁତି ଭାବେ ରଜ ତିନିଦିନ ବିଶ୍ରାମ ମିଳିଥାଏ ତାଙ୍କୁ ।
train/img_02942.jpg,୧୫ଶ ଶତାବ୍ଦୀ
train/img_02943.jpg,କନିକା ରାଜବଂଶର ଅପରାଜୟ ସ୍ୱାଧୀନଚେତା ରାଜା ବଳଭଦ୍ରଭଞ୍ଜ ଓ କୁଜଙ୍ଗର ଦୁର୍ଦାନ୍ତ ଷଣ୍ଢ ରାଜା ଚନ୍ଦ୍ରଧ୍ୱଜଷଣ୍ଢ ସର୍ବପ୍ରଥମେ ମିଳିତ ଭାବେ ହରିଶପୁର ରାଜା ନୀଳକଣ୍ଠ ମଙ୍ଗରାଜଙ୍କ ସହ ହାତ ମିଳେଇ ଇଂରେଜ ବିରୁଦ୍ଧରେ ସଂଗ୍ରାମ କରିଥିଲେ ।
train/img_02944.jpg,"-ଗୁଡ଼ା - ଖରିଆଗୁଡ଼ା , କୋସାମାଗୁଡ଼ା , ସେମିଲିଗୁଡ଼ା , ମୁନିଗୁଡ଼ା , ଝାରସୁଗୁଡ଼ା ଇତ୍ୟାଦି"
train/img_02945.jpg,ତୃତୀୟ ଅନଙ୍ଗଭୀମ ଦେବ (୧୨୧୧-୧୨୩୮) ଜଗନ୍ନାଥଙ୍କୁ ଉତ୍କଳର ପ୍ରକୃତ ରାଜା ଓ ନିଜକୁ ତାଙ୍କର ଜନୈକ ଅକିଞ୍ଚନ ସେବକ ଭାବେ ସର୍ବପ୍ରଥମେ ଘୋଷଣା କରିଥିଲେ।
train/img_02946.jpg,"ଉପଖଣ୍ଡ: (୩): ବଲାଙ୍ଗୀର, ଟିଟିଲାଗଡ଼ ଓ ପାଟଣାଗଡ଼"
train/img_02947.jpg,ପ୍ରତି ବୃକ୍ଷ ମୂଳରେ ଆଜ୍ୟଧାରା ଦେବେ।
train/img_02948.jpg,"ରଥ କେବଳ ରତ୍ନ ଏବଂ ସ୍ୱର୍ଣ୍ଣ ଅଳଙ୍କାର ମାନ ଲଗାଯାଇନଥିଲା , ଏହାର ଚାରିପଟେ ନାନା ଅବତାରମାନଙ୍କରେ ପ୍ରକଟିତ ହୋଇଥିବା ଭଗବାନଙ୍କର ଲୀଳା ଚିତ୍ରିତ କରାଇ ଚଳନ୍ତି ପ୍ରତିମା ତିଆରି ହୋଇଥିଲା ।"
train/img_02949.jpg,କିନ୍ତୁ କ୍ରମାଗତ ଭାବେ ପୋତି ହୋଇ ଏହା କୌଣସି ପ୍ରକାରର ବଡ଼ ଯାହାଜ ଚଳାଚଳ ପାଇଁ ଏବେ ଅସମର୍ଥ ।
train/img_02950.jpg,ଯେଉଁଥିରେ ଶତାଧିକ ଲୋକ ମୃତ୍ୟୁବରଣ କରିଥିଲେ।
train/img_02951.jpg,ସମ୍ପ୍ରତି ମାତ୍ର ଚାରି ଘର ଏହି ଓଝା ମହାରଣା ସେବା ନିର୍ବାହ କରୁଛନ୍ତି।
train/img_02952.jpg,ବାଇଶି ପାହାଚ ବଉଳମାଳା ମାଙ୍କଡ଼ା ପଥରରେ ତିଆରି ।
train/img_02953.jpg,ସାକ୍ଷୀଗୋପାଳ ମନ୍ଦିର
train/img_02954.jpg,"ବିଶେଷତଃ ଓଡ଼ିଶା ଓ ସିଂହଭୂମିର ଝୁମର କବିମାନେ ଶାସ୍ତ୍ରୋଚିତ ଅଳଙ୍କାର, ରସାଦିକୁ ଦକ୍ଷତାର ସହିତ ଉପସ୍ଥାପନ କରିପାରିଛନ୍ତି ଆପଣାର ଝୁମର ମାନଙ୍କରେ ।"
train/img_02955.jpg,ବୃକ୍ଷର ପ୍ରୀତି ପାଇଁ ଶ୍ହେ ଦୁଗ୍ଧାନ୍ନ ଆହୁତି ଦେବେ ।
train/img_02956.jpg,ରଥଯାତ୍ରାର ଅୟମାରମ୍ଭ ପୂର୍ବରୁ ଶ୍ରୀମନ୍ଦିରର ଅଣସର ପିଣ୍ଡିରେ ଗୋଟିଏ କାଠର କନକମୁଣ୍ଡି ଓ ପ୍ରଭା ଏହି ମଠ ଯୋଗାଇଥାଏ।
train/img_02957.jpg,ଗୋଟିଏ କାଳରେ ସେ ରାବଣଛାୟାର ଏକମାତ୍ର ଗୁରୁ ଥିଲେ ।
train/img_02958.jpg,ଫୁଲବାଣୀ
train/img_02959.jpg,ଚିପିଳିମା
train/img_02960.jpg,ମହାନଦୀ
train/img_02961.jpg,କନୁରିଆ
train/img_02962.jpg,ଓଡ଼ିଆ ଉଇକିପିଡ଼ିଆରେ ଏଯାବତ ୪ଟି ଉଇକିପ୍ରକଳ୍ପ ଅଛି ।
train/img_02963.jpg,"ରଥଯାତ୍ରା ଦିନ ଠାକୁରମାନଙ୍କ ମଙ୍ଗଳ ଆଳତି , ଅବକାଶ, ଖେଚେଡି଼ ଭୋଗ (ସକାଳ ଧୂପ), ମଙ୍ଗଳାର୍ପଣ ଇତ୍ୟାଦି ନୀତି ଅନୁଷ୍ଠିତ ହୋଇଥାଏ।"
train/img_02964.jpg,ଦାମନଯୋଡ଼ି: ଏହା ଏସିଆ ମହାଦେଶର ଏକ ବୃହତ୍ତମ ବକ୍ସାଇଟ ଖଣିମାନଙ୍କ ଭିତରୁ ଅନ୍ୟତମ ।
train/img_02965.jpg,ଏପରିକି ଭକ୍ତମାନେ ଏହି ଦୁର୍ଲଭ ଦର୍ଶନରେ ଅଶ୍ୱମେଧ ଯଜ୍ଞର ଫଳ ଲାଭ କରି ଅନ୍ତକାଳରେ ବୈକୁଣ୍ଠ ପ୍ରାପ୍ତି ହୋଇଥାନ୍ତି ବୋଲି ବିଶ୍ୱାସ କରାଯାଏ ।
train/img_02966.jpg,'ବ୍ରାହ୍ମଣ'
train/img_02967.jpg,"ଗହୀରମଥା, ଦେବୀ ନଦୀ ଏବଂ ଋଷିକୁଲ୍ୟା ନଦୀ ମୁହାଣକୁ ପ୍ରତିବର୍ଷ ଲକ୍ଷାଧିକ ସଂଖ୍ୟାରେ ଅଲିଭ ରିଡ଼ଲେ କଇଁଛ ଅଣ୍ଡା ଦେବାପାଇଁ ଆସନ୍ତି ।"
train/img_02968.jpg,"ଭକ୍ତମାନଙ୍କ ହରିବୋଲ, ହୁଳହୁଳି, ସଂକୀର୍ତ୍ତନ ଇତ୍ୟାଦିରେ ସମଗ୍ର ବଡ଼ଦାଣ୍ଡ ଏକ ଆଧ୍ୟାତ୍ମିକ ପରିବେଶ ସୃଷ୍ଟି ହୋଇଥାଏ।"
train/img_02969.jpg,ପୁଷ୍ପଗିରି ମହାବିହାର (ପୁଫଗିରି ମହାବିହାର ନାମରେ ମଧ୍ୟ ଜଣା) ଓଡ଼ିଶାର ଯାଜପୁର ଜିଲ୍ଲାରେ ଥିବା ଏକ ପୁରାତନ ଓ ପ୍ରମୁଖ ବୌଦ୍ଧ ମହାବିହାର ଥିଲା ଯାହା ଭାରତୀୟ ଉପମହାଦେଶର ଏକ ମୁଖ୍ୟ ମହାବିହାର ଭାବରେ ୧୧ଶ ଶତାବ୍ଦୀ ଯାଏଁ କାର୍ଯ୍ୟକ୍ଷମ ଥିଲା ।
train/img_02970.jpg,"୧୯୪୮ ମସିହା ଜାନୁଆରୀ ପହିଲା ତାରିଖରେ ୨୩ଟି ଗଡ଼ଜାତର (ଆଠଗଡ଼, ଆଠମଲ୍ଲିକ, କଳାହାଣ୍ଡି, କେନ୍ଦୁଝର, ଖଣ୍ଡପଡ଼ା, ଗାଙ୍ଗପୁର, ଢେଙ୍କାନାଳ, ତାଳଚେର, ତିଗିରିଆ, ଦଶପଲ୍ଲା, ନରସିଂହପୁର, ନୟାଗଡ଼, ନୀଳଗିରି, ପାଟନା, ପାଲଲହଡ଼ା, ବଉଦ, ବଡ଼ମ୍ବା, ବଣାଇ, ବାମଣ୍ଡା, ରଣପୁର, ରେଢ଼ାଖୋଲ, ସୋନପୁର ଓ ହିନ୍ଦୋଳ) ଓଡ଼ିଶା ସହିତ ମିଶ୍ରଣ ହୋଇଥିଲା ।"
train/img_02971.jpg,ଯଥାର୍ଥରେ-
train/img_02972.jpg,ଲଙ୍କା ପୋଡ଼ି: ଭାଦ୍ରବ ମାସର ସପ୍ତପୁରୀ ଅମାବାସ୍ୟା ଅବସରରେ ଲଙ୍କା ପୋଡ଼ି ଉତ୍ସବ ପାଳନ କରାଯାଇଥାଏ ।
train/img_02973.jpg,ବୌଦ୍ଧ ଯୁଗ
train/img_02974.jpg,ଯାତାୟତ ପାଇଁ ସଡକ ପଥ ରହିଛି ।
train/img_02975.jpg,ରୋଲାଣ୍ଡ ଇନଷ୍ଟିଚ୍ୟୁଟ୍ ଅଫ୍ ଟେକ୍ନୋଲୋଜି
train/img_02976.jpg,ଅତୀତରେ ଓଡ଼ିଶାର ନଦୀ ଓ ସମୁଦ୍ର ପଥରେ ଦକ୍ଷିଣ ଏସିଆର ଇଣ୍ଡୋନେସିଆ ଓ ଅନ୍ୟାନ୍ୟ ଦେଶସମୂହ ସହ ବେପାର ବଣିଜ କାରବାର ପାଇଁ ଓଡ଼ିଶାର ସାଧବମାନେ ଏହି ସୁନା ରୂପାର ଅଳଙ୍କାର ନେଇ କଳିଙ୍ଗରୁ ଯାଉଥିଲେ ।
train/img_02977.jpg,ରାମକୃଷ୍ଣ ମିଶନ: ଏହା ୧୯୨୫ ମସିହାରେ ପ୍ରତିଷ୍ଠା ହୋଇଥିଲା ।
train/img_02978.jpg,ରାଜଧାନୀଠାରୁ ଦୂରତା
train/img_02979.jpg,ଏହି ମନ୍ଦିରଟି ଚୋଡ଼ଗଙ୍ଗ ଦେବଙ୍କଦ୍ୱାରା ପ୍ରତିଷ୍ଠିତ।କପିଳେନ୍ଦ୍ର ଦେବ ଏହାକୁ ପୁନଃ ନିର୍ମାଣ କରିଥିଲେ ।
train/img_02980.jpg,"ସ୍କନ୍ଧପୁରାଣ, ବାମଦେବ ସଂହିତା, କପିଳ ସଂହିତା,"
train/img_02981.jpg,ଇଞ୍ଜିନିୟରିଂ ଓ ପ୍ରତିରକ୍ଷା ଶିଳ୍ପ
train/img_02982.jpg,୨-ଭାଦୁରିଆ ଝୁମର : ଏହି ଝୁମର ବିଶେଷତଃ କରମାଗୀତ ଉପରେ ପର୍ଯ୍ୟବସିତ ।
train/img_02983.jpg,ଅନ୍ୟ ସେବା ଛାଡ଼ି ଏ ସେବା କର
train/img_02984.jpg,କଟକର ଚୌଦ୍ୱାରଠାରେ ଦେଶର ସର୍ବବୃହତ୍ ଫେରୋ ଆଲୟ ଉତ୍ପାଦକ ଇମ୍ଫା ( - )ର କାରଖାନା ରହିଛି
train/img_02985.jpg,ଏହି ପବିତ୍ର ଦଉଡ଼ିକୁ ସ୍ପର୍ଶ କରିବା ସଙ୍ଗେ ସଙ୍ଗେ ରଥ ଟାଣି ଲକ୍ଷ ଲକ୍ଷ ଭକ୍ତ ନିଜକୁ ଧନ୍ୟ ମଣିଥାନ୍ତି।
train/img_02986.jpg,ଠିକ ସେହିପରି କୋଣାର୍କର ସୂର୍ଯ୍ୟ ମନ୍ଦିର ପୃଥିବୀ ପ୍ରସିଦ୍ଧ ।
train/img_02987.jpg,"ଅନେକ ଓଡ଼ିଆ କଥାଚିତ୍ର ଉପନ୍ୟାସର ବିଷୟବସ୍ତୁକୁ ଆଧାର କରି ନିର୍ମାଣ କରାଯାଇଛି, ସେଥିମଧ୍ୟରୁ କେତୋଟି ହେଲା:"
train/img_02988.jpg,"-ଗୁଡ଼ା - ଖରିଆଗୁଡ଼ା , କୋସାମାଗୁଡ଼ା , ସେମିଲିଗୁଡ଼ା , ମୁନିଗୁଡ଼ା , ଝାରସୁଗୁଡ଼ା ଇତ୍ୟାଦି"
train/img_02989.jpg,ଚୁପ୍ ଚାପ୍ ବସିଥାନ୍ତି ।
train/img_02990.jpg,"ଶ୍ରୀ ଶ୍ରୀ ଜଗନ୍ନାଥ ମହାବିଦ୍ୟାଳୟ, ରାଜନଗର"
train/img_02991.jpg,"ପ୍ରଥମ ସାତପୁର ପଟଳ ଉଚ୍ଚ ୨ ଚଉଠ, ସାତପୁରରେ କୋଣ ଓରା ପକାଇ ପଟଳ ଲଦିବ।"
train/img_02992.jpg,ଅଶୋକ କଳିଙ୍ଗ ବିଜୟ କରି ଋଷିକୁଲ୍ୟା ନଦୀତଟସ୍ଥ ଗଞ୍ଜାମ ଜିଲ୍ଲାର ପୁରୁଷୋତ୍ତମପୁର ନିକଟବର୍ତ୍ତୀ ଜଉଗଡ଼ଠାରେ ଏକ ଶିଳାଲିପି ଖୋଦନ କରିଥିଲେ ।
train/img_02993.jpg,ଦଣ୍ଡନାଚ ଓଡ଼ିଶାର ଏକ ପ୍ରାଚୀନ ଓ ପାରମ୍ପରିକ ନାଚ ।
train/img_02994.jpg,ବିଦ୍ୟାଳୟରେ ୬ଷ୍ଠରୁ ୧୦ମ ଶ୍ରେଣୀ ପର୍ଯ୍ୟନ୍ତ ଛାତ୍ରୀଛାତ୍ର ଶିକ୍ଷାଲାଭ କରୁଛନ୍ତି ।
train/img_02995.jpg,ସ୍ଥାନେ ସ୍ଥାନେ କରୁଣ ଓ ଶାନ୍ତିରସର ପ୍ରୟୋଗ ମଧ୍ୟ ଦେଖାଯାଏ ।
train/img_02996.jpg,ପୂର୍ବେ ଦେବଦାସୀମାନଙ୍କଦ୍ୱାରା ପୁରୀ ଜଗନ୍ନାଥ ମନ୍ଦିରରେ ମାହାରୀ ନୃତ୍ୟ ପ୍ରଦର୍ଶନ କରାଯାଉଥିଲା।
train/img_02997.jpg,ପଞ୍ଚାୟତି ରାଜ ମନ୍ତ୍ରଣାଳୟ ୨୦୦୬ ମସିହାରେ କେନ୍ଦୁଝର ଜିଲ୍ଲାକୁ ଦେଶର ୨୫୦ଟି ଅନଗ୍ରସର ଜିଲ୍ଲା ମଧ୍ୟରେ ସ୍ଥାନିତ କରିଥିଲେ ।
train/img_02998.jpg,ପ୍ରଥମ ଓଡ଼ିଆମାନଙ୍କୁ ଓଡ୍ର କିମ୍ବା କଳିଙ୍ଗ (ପରେ ଉତ୍କଳ ନାମରେ ପରିବର୍ତ୍ତନ ହେଲା) କୁହାଯାଉଥିଲା ।
train/img_02999.jpg,"ବ୍ଳକ: (୧୨ଟି): ୧ ଫିରିଙ୍ଗିଆ, ୨ ଖଜୁରୀପଡ଼ା, ୩ ବାଲିଗୁଡ଼ା, ୪ ଚକାପାଦ, ୫ ଦାରିଙ୍ଗବାଡ଼ି, ୬ ଘୁ ଉଦୟଗିରି, ୭ କୋଟଗଡ଼, ୮ କ ନୁଆଗାଁ, ୯ ରାଇକିଆ, ୧୦ ଟିକାବାଲି୧୧"
train/img_03000.jpg,"ସେ ସେଠାରେ କିଛି ମାସ ଧରି ରହିଥିଲେ, ଟାଗୋରଙ୍କ ପରିବାର ବ୍ରିଟେନ ଓ ହୋବର ମେଡ଼ିଆନ ଭିଲାରେ ନିଜେ ଘର କିଣି ଥିଲେ: ୧୮୭୭ ମସିହାରେ ସେଠାରେ ତାଙ୍କ ଝିଅରୀ ଓ ପୁତୁରା (ସୁରେନ୍ଦ୍ର ଓ ଇନ୍ଦିରା ଦେବୀଙ୍କ ପିଲାମାନେ), ଟାଗୋରଙ୍କ ଭାଇ ସତ୍ୟନ୍ଦ୍ରନାଥ ତାଙ୍କ ମା'ଙ୍କ ଏବଂ ତାଙ୍କ ଭାଉଜଙ୍କ ସହ ରହୁଥିଲେ ।"
train/img_03001.jpg,ଧ୍ୱନିଶୀଳ ମୂର୍ଦ୍ଧନ୍ୟ ବ୍ୟଞ୍ଜନର ବ୍ୟବହାର : ଧ୍ୱନିଶୀଳ ମୂର୍ଦ୍ଧନ୍ୟ ପାର୍ଶ୍ୱ ସମୀପୀୟ (ଳ) ର ଅଭାବ ଏବଂ ଧ୍ୱନିଶୀଳ ମୂର୍ଦ୍ଧନ୍ୟ ନାସିକ୍ୟଧ୍ୱନି (ଣ) ର ସୀମିତ ବ୍ୟବହାର ।
train/img_03002.jpg,ସୀତାକୁଣ୍ଡ: ଶିମିଳିପାଳ ଜାତୀୟ ଉଦ୍ୟାନର ପାଦଦେଶରେ ଅବସ୍ଥିତ ସୀତାକୁଣ୍ଡର ମୂଳ ଝରଣା କାଳୀପାହାଡ଼ ପର୍ବତର ପ୍ରାୟ ୨୫୦୦ ଫୁଟ ଉଚ୍ଚତାରୁ ବାହାରିଛି ।
train/img_03003.jpg,ପୁଣେ ୧୮ ୫୧୩୩ ଉତ୍ତର ଅକ୍ଷାଂଶ ଓ ୭୩ ୮୪୯୯ ପୂର୍ବ ଦ୍ରାଘିମାରେ ଅବସ୍ଥିତ ।
train/img_03004.jpg,୨୧୫ ନଂ ଜାତୀୟ ରାଜପଥ କେନ୍ଦୁଝର ଜିଲ୍ଲାର ଠିକ ମଝାମଝି ଦେଇ ଗତିକରୁଛି ଏବଂ ଏହା ଜିଲ୍ଲାକୁ ଦୁଇଟି ଏକାଭଳି ପ୍ରାକୃତିକ ଅଞ୍ଚଳରେ ବିଭାଜିତ କରେ ।
train/img_03005.jpg,ଦୋଳ ଦଶହରା ଆଦି ଯାନୀଯାତ୍ରାରେ ଦେବତାମାନଙ୍କ ଶୋଭାଯାତ୍ରା ଓ ଦେବ ମେଳଣ ବେଳେ ଖୋଳ କରତାଳ ବଜାଯାଇ ସଙ୍କୀର୍ତ୍ତନ କରାଯାଏ ।
train/img_03006.jpg,"ତହସିଲ (୧୪): ଆଗଲପୁର, ଖପ୍ରାଖୋଲ, ଗୁଡ଼ଭେଲା, ଦେଓଗାଁ, ପାଟଣାଗଡ଼, ପୁଇଁତଳା, ବଙ୍ଗମୁଣ୍ଡା, ବଲାଙ୍ଗୀର, ବେଲପଡ଼ା, ଲୋଇସିଂହା, ମୁରିବାହାଲ, ସଇଁତଳା, ଟିଟିଲାଗଡ଼ ଓ ତୁସରା"
train/img_03007.jpg,ଧାମରେଈ ମନ୍ଦିର ଧାମରା
train/img_03008.jpg,"ପୁଣି ସାଇକେଲ ଯେପରି ଚୋରି ନ ହେବ, ସେଭଳି ତାହା ତିଆରି ହୋଇଛି ଅର୍ଥାତ୍ ଛ’ଜଣ ତାକୁ ଜଗିଛନ୍ତି ।"
train/img_03009.jpg,"ଥାଇଲ୍ୟାଣ୍ଡ ୭୬ଟି ପ୍ରଦେଶ (ଚାଙ୍ଗୱାଟ)କୁ ନେଇ ଗଠିତ, ଯାହା ପ୍ରଥମ ସ୍ତରୀୟ ପ୍ରଶାସନିକ ବିଭାଜନ ଅଟେ।"
train/img_03010.jpg,ଗ୍ୟାସ୍ ବ୍ୟବସ୍ଥା ଥିବା ଶବଦାହ ଯନ୍ତ୍ର ନିହାତି ଦରକାର ।
train/img_03011.jpg,ସୁଖୋଥାଇ ରାଜ୍ୟ ଉତ୍ତର-ମଧ୍ୟ ଥାଇଲ୍ୟାଣ୍ଡର ସୁଖୋଥାଇ ସହର ନିକଟବର୍ତି ଅଞ୍ଚଳର ଏକ ରାଜ୍ୟ ଥିଲା ୧୨୩୮ରୁ ୧୪୩୮ ପର୍ଯ୍ୟନ୍ତ ଏହି ରାଜ୍ୟ ବିଦ୍ୟମାନ ଥିଲା
train/img_03012.jpg,ଏହି ପରିବର୍ତ୍ତିତ ଶବ୍ଦସବୁ କ୍ରମେ ସଂସ୍କୃତ ଭାଷା ଭଣ୍ଡାରକୁ ଉନ୍ନତ କରିଛି ।
train/img_03013.jpg,"କମଲପୁର ଏବଂ କାଇଲାସାହର ଉପବିଭାଗ, ଉତ୍ତର ତ୍ରିପୁରା ଜିଲ୍ଲା, ତ୍ରିପୁରା"
train/img_03014.jpg,ବ୍ଳକ: ୨୬
train/img_03015.jpg,ଏ ସମୟ ମଧ୍ୟରେ ଗୁଣ୍ଡିଚା ଘରେ ଠାକୁରମାନଙ୍କର ମଧ୍ୟାହ୍ନ ଧୂପ ସରି ଶାଢ଼ୀ଼ ଲାଗି ହୋଇ ଆଳତି ବଢ଼ିଥାଏ।
train/img_03016.jpg,"ବହୁ ଭାଷାତତ୍ତ୍ୱବିତ୍ ଙ୍କ ମତରେ ପଞ୍ଜାବୀର, ଲାହଣ୍ଡା ଭଳି ନିରବଚ୍ଛିନ ଉପଭାଷାରେ ଥିବା ଭାଷା, ଯେଉଁଥିରେ ସାରାଇକି ଓ ହିଣ୍ଡକୋ, ପ୍ରଭୃତି ଉପଭାଷା ରହିଛି, ମାତ୍ର ଅନ୍ୟମାନଙ୍କ ପାଇଁ ଏହା ପୃଥକ୍ ।"
train/img_03017.jpg,ଦିଗପହଣ୍ଡି (୧୩୪)
train/img_03018.jpg,"ତହସିଲସବୁ - ବାଲେଶ୍ୱର, ବାଲିଆପାଳ, ବସ୍ତା, ଜଳେଶ୍ୱର, ନୀଳଗିରି, ସିମୁଳିଆ, ସୋର"
train/img_03019.jpg,"ସାରି ଗୀତ, ଫୋଲିଆ ଗୀତ, ପ୍ରକୃତି ସହ ଯୋଡ଼ା ନାନାପ୍ରକାରର ଗୀତ ମଧ୍ୟ ଏଠାରେ ପ୍ରଚଳିତ ଯାହା କୋରାପୁଟ ଜିଲ୍ଲାର 'ବୋରିଆ ଗୀତ, ନିଆଳିମାଳି, କଳାକୋଳିକ' ଆଦି ଗୀତ ସହ ସାମଞ୍ଜସ୍ୟ ଥିବାର ଦେଖାଯାଏ ।"
train/img_03020.jpg,ଅଧୁନା କଟକ ନଗରରେ ୨୦ଟି ପୁଲିସ ଥାନା ଅଛି ।
train/img_03021.jpg,"ଜୟପୁର ଉପଖଣ୍ଡର (୫): କୁନ୍ଦ୍ରା, କୋଟପାଡ଼, ବୈପାରିଗୁଡା, ଜୟପୁର ଓ ବୋରିଗୁମା"
train/img_03022.jpg,ସମୁଦାୟ
train/img_03023.jpg,"ସମଗ୍ର ବଡ଼ ଦେଉଳ ଓ ସିଂହଦ୍ୱାର ଅଞ୍ଚଳ ହୁଳହୁଳି, ହରିବୋଲ, ଜୟ ଜଗନ୍ନାଥ ଓ ଦେବ ଧ୍ୱନି ଶବ୍ଦରେ ପ୍ରକମ୍ପିତ ହୋଇଥାଏ।"
train/img_03024.jpg,ପ୍ରଚଳିତ ପ୍ରଥାନୁଯାୟୀ ଦେବୀ ସୁଭଦ୍ରାଙ୍କ ରଥ ସର୍ବ ପ୍ରଥମେ ଟଣା ହୋଇଥାଏ।
train/img_03025.jpg,ଜାଗାର ନାମକରଣ
train/img_03026.jpg,ଓଡ୍ର ଦେଶର ରାଜା ଶୁଭକରଋଷ ସାଧୁ ହେବାପାଇଁ ୭୧୬ ମସିହାରେ ଚୀନଯାତ୍ରା କରିଥିଲେ ଓ ଚୀନରେ ତାନ୍ତ୍ରିକ ବୌଦ୍ଧଧର୍ମର ଆରମ୍ଭ କରାଇଥିଲେ ।
train/img_03027.jpg,"ବଙ୍ଗଳା ଓ ଇଂରାଜୀ ପଢ଼ିବା ପାଇଁ ଏକ ପଦ୍ଧତି ବାହାର କରିଥିଲେ, ସେ ସମୟରେ ଟାଗୋର ନୈବେଦ୍ୟ (୧୯୦୧)ଓ କ୍ଷେୟ (୧୯୦୬)ରେ ନିଜ ଭାଷାରେ କବିତା ରଚନା କରିଥିଲେ ।"
train/img_03028.jpg,"ସେଥିମଧ୍ୟରେ ମୋଟର ସାଇକେଲ, ସ୍କୁଟି, ମୋପେଜ୍ ।"
train/img_03029.jpg,"ବଙ୍କିମ ଚନ୍ଦ୍ର ଚାଟାର୍ଜୀ,"
train/img_03030.jpg,"ଅତୀତରେ ବିଭିନ୍ନ ଶାସକମାନଙ୍କଦ୍ୱାରା ଶାସିତ ଓଡ଼ିଶାରେ କଳା, ସ୍ଥାପତ୍ୟ ,ସାହିତ୍ୟ ,ନୃତ୍ୟ ,ସଂଗୀତ ଓ କୁଟୀରଶିଳ୍ପର ଅନନ୍ୟ ମିଶ୍ରଣ ଘଟିଥିଲା ।"
train/img_03031.jpg,"ପୁରୁଷ: ୧୭,୭୭,୩୨୪"
train/img_03032.jpg,ସଙ୍କୀର୍ତ୍ତନଶେଷରେ ଖୋଳ ଏବଂ ଅନ୍ୟାନ୍ୟ ଉପକରଣକୁ ଭୋଗ ଓ ନୂଆ ବସ୍ତ୍ର ଅର୍ପଣ ପୂର୍ବକ ପୂଜା କରାଯାଏ ।
train/img_03033.jpg,"ବର୍ତ୍ତମାନ୍ ଏହି ଜିଲ୍ଲାରେ ଉତ୍କଳ ଅଲୁମିନା, ଏଲ୍ ଏଣ୍ଡ ଟି ଭଳି କମ୍ପାନି ଅବସ୍ଥାପିତ ।"
train/img_03034.jpg,ଦକ୍ଷିଣ ପଶ୍ଚିମରେ: ନୂଆପଡ଼ା ଜିଲ୍ଲା
train/img_03035.jpg,ପଶ୍ଚ।ତ୍ୟ ଶିକ୍ଷା ଓ ସଭ୍ୟତାର ସମ୍ପର୍କରୁ ଓଡ଼ିଆ ସାହିତ୍ୟରେ ଆଧୁନିକତାର ଅଭୁ୍ଦୟ ଘଟିଥିଲା ।
train/img_03036.jpg,ଗୁମ୍ମା
train/img_03037.jpg,ତାଙ୍କ ରଚିତ ଓଡ଼ିଆ ସାହିତ୍ୟର ଇତିହାସ ଏକ ଗବେଷଣାଭିତ୍ତିକ ନିବନ୍ଧ ।
train/img_03038.jpg,ଓଡ଼ିଶାର ଭାଗବତ ଟୁଙ୍ଗୀ ପରମ୍ପରା ଅବଲୁପ୍ତ ହେଇଆସୁଥିଲା ବେଳେ ଏଠାକାର କିସ୍ମତ କୃଷ୍ଣପୁର ଗ୍ରାମରେ ଏ ପରମ୍ପରା ଏବେବି ଜୀବିତ ଅଛି।
train/img_03039.jpg,ଏକ ଉଇକିପ୍ରକଳ୍ପ ଗଠନ ଏକାଠି କାମ କରିବାକୁ ଇଛୁକଥିବା ଲୋକମାନଙ୍କୁ ନେଇ ସଙ୍ଘଗଠନକୁ ବୁଝାଇଥାଏ ।
train/img_03040.jpg,ଚଉତିଶାର ଗୋଟିଏ ପଦ ବା ଗୋଟିଏ ପାଦରେ ଆଦି ବର୍ଣ୍ଣ ଗୋଟିଏ କ୍ରମରେ କଠାରୁ କ୍ଷ ପର୍ଯ୍ୟନ୍ତ ବର୍ଣ୍ଣମାଳାରେ ଆବଦ୍ଧ ହୋଇଥାଏ ।
train/img_03041.jpg,ପ୍ରଶାସନ ଓ ରାଜନୀତି
train/img_03042.jpg,କଣ୍ଢେଇରେ କଳାସୂତା ଲଗାଇ ଆଙ୍ଗୁଳି ଚାଳନାଦ୍ୱାରା ଅନେକ ପ୍ରକାରର ପ୍ରସଙ୍ଗକୁ ଚିତ୍ରଣ କରାଯାଏ।
train/img_03043.jpg,ଆଦିଯୁଗରେ ଓଡ଼ିଆ ଭାଷା ଏବେକାର ଓଡ଼ିଆ ଭାଷା ପରି ନଥିଲା ।
train/img_03044.jpg,ଲାଲରାଜ୍ୟ ରାଢ଼ (ପଶ୍ଚିମବଙ୍ଗ) ବା ଲାଟ (ଗୁଜରାଟ) ବୋଲି ଅନୁମାନ କରାଯାଏ ।
train/img_03045.jpg,ଆମିଷ
train/img_03046.jpg,ଯେଉଁଥି ପାଇଁ ଶୁଖିଲା ମୁଣ୍ଡ ପ୍ରତି ଉପରବେଳା ପୀଡ଼ା କରେ ।’’
train/img_03047.jpg,"ଦାମୋଦର ରାଉତ: କୃଷି, ମତ୍ସ୍ୟ ଓ ପଶୁ ସମ୍ପଦ ବିକାଶ, ସାଧାରଣ ଉଦ୍ୟୋଗ"
train/img_03048.jpg,ଏହି ପଡ଼ିଆରେ କ୍ରିକେଟ ସହ ଜାତୀୟ ଓ ରାଜ୍ୟ ଫୁଟବଲ ପ୍ରତିଯୋଗିତା ମଧ୍ୟ ହୋଇଥାଏ।
train/img_03049.jpg,ଶିଶିରେ ଆସିଆ ଶୀତ ଦିଲ ଦରଶନ (ଭବପ୍ରୀତା)
train/img_03050.jpg,ରଙ୍ଗୀନ ଯୁଗ (୧୯୫୦ରୁ ଅଦ୍ୟାବଧି) : ଏହି କାଳରେ ଝୁମର ପୂର୍ବର ରୀତିଯୁଗୀୟ କାବ୍ୟିକ ଗୁଣକୁ ପରିହାର କରି ସାଧାରଣ ଜନପଦକୁ ଓହ୍ଲାଇ ଆସିଛି ।
train/img_03051.jpg,ଅବିବାହିତା ଝିଅଙ୍କ ପାଇଁ ଗର୍ଭଧାରଣ କ୍ଷମତା ପ୍ରାପ୍ତିର ଏକ ସାଙ୍କେତିକ ପର୍ବ ହେଉଛି ରଜ ।
train/img_03052.jpg,ଭୁବନେଶ୍ୱର ଓ କଟକରୁ ବସଦ୍ୱାରା ଯଥାକ୍ରମେ ତିନି ଓ ଦୁଇ ଘଂଟାରେ ପହଂଚି ହେବ।ଭଦ୍ରକରୁ ଭାୟା ଚାନ୍ଦବାଲି ରାଜ୍ୟ ରାଜପଥଦ୍ୱାରା ଆସିପାରିବେ।
train/img_03053.jpg,ସିଲଭର ୱେୟାର ଏବଂ ଫିଲିଗ୍ରି କାମ
train/img_03054.jpg,ସେହି ପରି ଦର୍ପଦଳନ ବା ଦେବଦଳନ ରଥ ଚକର ଉଚ୍ଚତା ୬ ଫୁଟ ୮ ଇଞ୍ଚ ଏବଂ ୧୨ ଚକ ଏହି ରଥରେ ଲାଗିଥାଏ।
train/img_03055.jpg,ଏଥିରେ ସମ୍ଭୋଗ ଓ ବିପ୍ରଲମ୍ଭ ଶୃଙ୍ଗାରର ବର୍ଣ୍ଣନା ଦେଖାଯାଇଥାଏ ।
train/img_03056.jpg,ଶିଶିରେ ଆସିଆ ଶୀତ ଦିଲ ଦରଶନ (ଭବପ୍ରୀତା)
train/img_03057.jpg,"ପାଲା ଓଡ଼ିଶାର ଏକ ପାରମ୍ପାରିକ, ପୁରାତନ ଓ ବିଦଗ୍ଧ ଓଡ଼ିଆ ଗୀତି-ଲୋକନାଟ୍ୟ ।"
train/img_03058.jpg,ଶୀତଋତୁ ନଭେମ୍ବରରୁ ଆରମ୍ଭ ହୋ ଇ ଜାନୁଆରୀ ଆରମ୍ଭ ଯାଏଁ ରହିଥାଏ ।
train/img_03059.jpg,ଗୁପ୍ତକ୍ଷେତ୍ର ସଖୀବଟମାର୍ଶାଘାଇ
train/img_03060.jpg,ଲାଙ୍ଗୁଡ଼ି ପାହାଡ଼ରେ ଅନେକ ବୌଦ୍ଧ ସ୍ଥଳ ମାନ ମଧ୍ୟ ରହିଛି ।
train/img_03061.jpg,ସେହି ତେରଜଣଙ୍କ ଭିତରୁ ଜଣେ ଶିବଙ୍କ ଶରଣାପନ୍ନ ହୋଇ ଦଣ୍ଡ ପାଳନ କରି ବ୍ରହ୍ମାଙ୍କୁ ତୁଷ୍ଟ କଲା ଓ ତେରଭାଇ ଶାପମୁକ୍ତ ହେଲେ।
train/img_03062.jpg,"ସେ ବଡ଼ଛତା ମଠର ଇଷ୍ଟଦେବତା ଅଟନ୍ତି।ଏହି ମୂର୍ତ୍ତି ପାଷାଣରେ ନିର୍ମିତ।ମହାପ୍ରଭୁଙ୍କ ଦାରୁ କେବେ କେମିତି ନବକଳେବର ହୁଅନ୍ତି।ସ୍ନାନ ପୂର୍ଣ୍ଣିମା ଓ ଅଣସର ସମୟରେ ଦୋଳମଣ୍ଡପ ସାହିର ଚିତ୍ରକରମାନେ ମହାପ୍ରଭୁଙ୍କୁ ବନକଲାଗି କରିଥାନ୍ତି।ଆଶ୍ରମର ପ୍ରବେଶ ପୂର୍ବରୁ ସପ୍ତର୍ଷିମଣ୍ଡଳସ୍ଥ ଋଷିଗଣ ଯଥା:- ଅତ୍ରି, ଆଙ୍ଗିରା, ବଶିଷ୍ଠ, ମରୀଚି, କ୍ରତୁ, ପୁଲହ, ପୁଲସ୍ତ୍ୟ ଆଦିଙ୍କ ଚିତ୍ର ଦୃଷ୍ଟି ପଥରେ ପଡ଼େ।ବଡ଼ଛତା ମଠ ଏହି ଆଶ୍ରମକୁ ""ବଡ଼ଛତା"" ଶାଖା ""ଆଙ୍ଗିରାମଠ"" ନାମକରଣ କରିଛନ୍ତି।ଆଶ୍ରମର ଅଗଣାରେ ଏକ କୂପ ରହିଛି ଯାହାକି ବ୍ୟବହାର ସୁଅନୁପଯୋଗୀ ।ବର ଅଶ୍ୱତ୍ଥ ବୃକ୍ଷର ସନ୍ଧି ସ୍ଥଳରେ ଭକ୍ତମାନେ କେତୋଟି ଶିବଲିଙ୍ଗ ସ୍ଥାପନା କରିଛନ୍ତି।ଏହି ଆଶ୍ରମର ଗମ୍ଭୀରାରେ ଗରୁଡ଼ କରଯୋଡ ମୁଦ୍ରାରେ ବିଦ୍ୟମାନ ହୋଇଛନ୍ତି।ପ୍ରତିବର୍ଷ ଶ୍ରାବଣ ପୂର୍ଣ୍ଣିମା ବା ରାକ୍ଷୀ ପୂର୍ଣ୍ଣିମା ତିଥିରେ ଶ୍ରୀସୁଦର୍ଶନ ବିମାନରେ ବସି ବିମାନବଡୁ ସେବକମାନଙ୍କ କାନ୍ଧରେ ଏଠାକୁ ମହାପ୍ରଭୁଙ୍କୁ ରକ୍ଷାବନ୍ଧନର ସାକ୍ଷୀ ରହିବା ପାଇଁ ଆସିଥାନ୍ତି।ଏଠାରେ ତାଙ୍କ ଭବ୍ୟ ସମ୍ବର୍ଦ୍ଧନା, ଉପାସନା ହେବା ସହିତ ସାହିର ଭକ୍ତମାନଙ୍କ ତରଫରୁ ପନ୍ତି ଭୋଗ ସମର୍ପଣ କରାଯାଇଥାଏ।ପୂର୍ବେ ଚକ୍ରରାଜ ସୁଦର୍ଶନ ଆଶ୍ରମକୁ ପରିକ୍ରମା କରିବାର ପରମ୍ପରା ଥିଲା କିନ୍ତୁ ଏବେ ଆଶ୍ରମର ଚତୁଃପାର୍ଶ୍ୱ ଆବର୍ଜନାରେ ପୂର୍ଣ୍ଣ ହୋଇଥିବାରୁ ଏହି ପରମ୍ପରା ଆଉ ପାଳନ ହେଉନାହିଁ।ଶ୍ରୀସୁଦର୍ଶନ କୁମାର ପୂର୍ଣ୍ଣିମା ରାତ୍ରିକାଳରେ ଏଠାରେ ବିଜେ ହୋଇ ପନ୍ତି ଭୋଗ ମଣୋହି କରନ୍ତି।ଶ୍ରୀଜଗନ୍ନାଥଙ୍କ ଶ୍ରୀଭୂଜରେ ଶୋଭା ପାଉଥିବା ସ୍ୱର୍ଣ୍ଣ ସୁଦର୍ଶନ ଚକ୍ର ମଧ୍ୟ ଏହି ଆଶ୍ରମକୁ ଶ୍ରାବଣ କୃଷ୍ଣ ଏକାଦଶୀ ବା ଚକ୍ର ବୁଲା ଏକାଦଶୀ ତିଥିରେ ବିଜେ ହୋଇଥାନ୍ତି ଓ ମୁନିଋଷିଙ୍କୁ ସମ୍ବର୍ଦ୍ଧିତ କରିଥାନ୍ତି।ଭକ୍ତମାନେ ଚକ୍ରରାଜଙ୍କୁ ପନ୍ତି ଭୋଗ ସମର୍ପଣ କରିଥାନ୍ତି।ମାର୍ଗଶୀର ମାସ ପୂର୍ଣ୍ଣିମା ବା ବା ପଣ୍ଡୁ ପୂର୍ଣ୍ଣିମାରେ ପଣ୍ଡୁ ନୃସିଂହ ଏବଂ ଶ୍ରାବଣ କୃଷ୍ଣ ଅଷ୍ଟମୀ ତିଥିରେ ବାଡ଼ି ନୃସିଂହ ଏହି ଆଶ୍ରମରେ ବିଜେ ହୋଇଥାନ୍ତି ଓ ଋଷି ଏବଂ ଭକ୍ତମାନଙ୍କୁ ସଂଖୋଳି ଅଭୟ ପ୍ରଦାନ କରନ୍ତି।ସେତେବେଳେ ଦିଅଁଙ୍କ ପାଇଁ ପନ୍ତି ଭୋଗର ଆୟୋଜନ କରାଯାଇଥାଏ।"
train/img_03063.jpg,ଏହା ପରେ ଘଟୁଆରୀ ପ୍ରଦତ୍ତ ରୂପା ପିଙ୍ଗଣରେ ଥିବା ଚନ୍ଦନ ପାଣିକୁ ରାଜଗୁରୁ ସଂସ୍କାର କରିବାପରେ ଭଣ୍ଡାର ମେକପ ଗଜପତିଙ୍କ ହସ୍ତକୁ ବଢ଼ାଇଥାନ୍ତି।
train/img_03064.jpg,"ଏହା ବ୍ୟତୀତ ରଥ ଉପରକୁ ମଠ ତରଫରୁ ଠାକୁରମାନଙ୍କ ଲାଗି ଉଦ୍ଦେଶ୍ୟରେ ମାଳ, ଚୂଳ ଇତ୍ୟାଦି ପଠାଯାଇଥାଏ।"
train/img_03065.jpg,ପରମ୍ପରା ଅନୁଯାୟୀ ଠାକୁରମାନଙ୍କ ସୁନାବେଶ ଓ ଅଧରପଣାର ପରଦିନ ଶ୍ରୀବିଗ୍ରହମାନେ ଗୋଟି ପହଣ୍ଡିରେ ଶ୍ରୀମନ୍ଦିରକୁ ବିଜେ କରି ରତ୍ନ ସିଂହାସନାଧିଷ୍ଠିତ ହୋଇଥାନ୍ତି।
train/img_03066.jpg,ଟସର
train/img_03067.jpg,ଛତ୍ରପୁର (୧୨୭)
train/img_03068.jpg,"ଜଣାଗଲା ଏବେ, ତୋର ସବୁ ଛଳନା ।"
train/img_03069.jpg,"ସାତ୍ୟନାରାୟଣ ବିଦ୍ୟାପିଠ,ବାଲିଆ,ପୁରୀ"
train/img_03070.jpg,"ଅନେକ ନଦୀ ଛୋଟା ନାଗପୁର ମାଳଭୂମି ଦେଇ ଯାଇଅଛି, ଯଥା; ଦାମୋଦର, ଉତ୍ତର କୋଏଲ, ବାରକର, ଦକ୍ଷିଣ କୋଏଲ, ସଙ୍କ ଏବଂ ସୁବର୍ଣ୍ଣରେଖା ନଦୀ।"
train/img_03071.jpg,"ଓଡ଼ିଶାର ଲୋକସଂଗୀତ ତଥା ମୟୁରଭଞ୍ଜର ପାରମ୍ପରିକ ଲୋକଗୀତ-ନୃତ୍ୟ ଭାବରେ ଝୁମର ଯେଉଁ ମର୍ଯ୍ୟୋଦା ଲାଭ କରିଛି, ସେ ସଂପର୍କରେ ସାମାନ୍ୟ ଅବଧାରଣା କରିବା ନିମିତ୍ତ ଝୁମରର ବିଭିନ୍ନ ପ୍ରସଙ୍ଗଗୁଡ଼ିକ ଚୁମ୍ବକରେ ଆଲୋଚନା କରାଗଲା।"
train/img_03072.jpg,ମଧ୍ୟକାଳ ଗୁଜରାଟୀ
train/img_03073.jpg,ଶେଷସମୟ(୧୯୩୨-୧୯୪୧)
train/img_03074.jpg,ଏହି ଗୀତର ପ୍ରତି ପଦର ଆରମ୍ଭ ଓ ଶେଷରେ ଡାଲଖାଇ ଶବ୍ଦ ଥାଏ ଯାହା ଝିଅ ସାଙ୍ଗକୁ ଲକ୍ଷ କରି ବ୍ୟବ ହାର କରାଯାଇଥାଏ ।
train/img_03075.jpg,ମିଠା
train/img_03076.jpg,"ରଥ ଉପରୁ ପହଣ୍ଡି ବିଜେ କରିବା ପୂର୍ବରୁ ରଥ ଉପରେ ଠାକୁରମାନଙ୍କ କେତେକ ବିଶେଷ ନୀତି ମୁଦିରସ୍ତ, ପତିମହାପାତ୍ର ସେବକମାନଙ୍କଦ୍ୱାରା ସମ୍ପାଦିତ ହୋଇଥାଏ।"
train/img_03077.jpg,ନନ୍ଦ ମୋର ଫୁଲକେରୀ ହାର ।।
train/img_03078.jpg,ଏହି ଭାଷାଟି ଆଦିବାସୀ ଏବଂ ଦ୍ରାବିଡ଼ ଭାଷା ସହିତ ଶତାବ୍ଦୀର ପାରସ୍ପରିକ କ୍ରିୟା ଦ୍ୱାରା ଆକାରିତ ଏକ ସ୍ୱତନ୍ତ୍ର ଶବ୍ଦତାତ୍ତ୍ୱିକ ଏବଂ ରୂପଗତ ଚରିତ୍ର ପ୍ରଦର୍ଶନ କରେ ।
train/img_03079.jpg,"ଏଥିରେ ପଶ୍ଚିମବଙ୍ଗ, ଓଡ଼ିଶା, ବିହାର ଏବଂ ଝାଡ଼ଖଣ୍ଡ ରାଜ୍ୟ ଅନ୍ତର୍ଭୁକ୍ତ।"
train/img_03080.jpg,ହିନ୍ଦୁ ଧର୍ମ କୈଣସି ବ୍ୟକ୍ତି ବିଶେଷଙ୍କଦ୍ୱାରା ସ୍ଥାପନା କରାଯାଇନାହିଁ।
train/img_03081.jpg,ସ୍ୱତ୍ତ୍ୱଲିପି ଅନୁଯାୟୀ ବାହୁଡା଼ ଦଶମୀ ଦିନ ରଥ ସିଂହଦ୍ୱାର ନିକଟରେ ପହଞ୍ଚିବା ପରେ ଅଧର ପଣା ଭୋଗ ହେବା କଥା ।
train/img_03082.jpg,ଉନ୍ନତ ଭିତରେ ଗୋପାଳସାଗର (୩୫ ଡେସିମିଲ) ଓ ମାଧପୁର ମୌଜାର ରାଧାମାଧବଜୀଉ (୨୦ ଡେସିମିଲ) ପୋଖରୀ ଅନ୍ତର୍ଭୁକ୍ତ ।
train/img_03083.jpg,ପ୍ରାୟ ଖ୍ରୀ ୬୦୦ ସମୟରେ କୌନ୍ଦିନ୍ୟ ନାମକ ଜଣେ ଭାରତୀୟ ବାଲିର ପ୍ରଥମ ଶାସକ ହୋଇଥିଲେ ଓ ପରମ୍ପରାଗତ ଭାବେ ବାଲିର ସମସ୍ତ ଶାସକ ଏହି ଉପାଧି ବହନ କରନ୍ତି ।
train/img_03084.jpg,ଭାରତୀୟ ଦର୍ଶନ ଅନୁସାରେ ସୃଷ୍ଟି ରଚନା ପରେ ବ୍ରହ୍ମା ଜଗତର ଭାର ତାଙ୍କ ପୁତ୍ର ସ୍ୱୟଂଭୁବ ମନୁଙ୍କୁ ଅର୍ପଣ କଲେ।
train/img_03085.jpg,ଏଠାରେ ଏକ ଗୁରୁଦ୍ୱାରା ମଧ୍ୟ ସ୍ଥାପନା କରା ଯାଇଅଛି।
train/img_03086.jpg,ସମସ୍ତ ବିଗ୍ରହ ପହଣ୍ଡି ବିଜେ ହୋଇ ରଥାରୂଢ଼ ହେବାପରେ ରୁନ୍ଧା କାର୍ଯ୍ୟ ବଢ଼ିଥାଏ।
train/img_03087.jpg,ସୁନହଟରେ ଥିବା ଭୁଜାଖିଆ ପିର ଉଭୟ ହିନ୍ଦୁ ଓ ମୁସଲିମ ଧର୍ମାବଲମ୍ବୀମାନଙ୍କ ଦେଇ ପୂଜିତ ହୋଇଥାନ୍ତି ଆସ୍ଥାନା ସରିଫ ହଜରତ ପିରବାବା ଏଠାରେ ହଇଜା ରୋଗିଙ୍କର ସେବା ପାଇଁ ଆସିଥିବାରୁ ତାଙ୍କ ନାମ ଅନୁସାରେ ଏହି ପୀଠର ନାମ ଭୁଜାଖିଆ ପିର ରଖାଯାଇଛି ।
train/img_03088.jpg,ଅଭିଧାନ
train/img_03089.jpg,ନାରଦ ଏବଂ ଅନ୍ୟ ଦୁଇ ଦେବଦୂତଙ୍କ ସହ ଇନ୍ଦ୍ରଦ୍ୟୁମ୍ନ ଶ୍ରୀକ୍ଷେତ୍ରରେ ପହଞ୍ଚିବା ପରେ ମହାପ୍ରଭୁଙ୍କ ପଣି ରଥ ନିର୍ମାଣ କରାଯାଇଥିଲା ।
train/img_03090.jpg,"ଏହି ତିନୋଟି ନଦୀ ବ୍ୟତୀତ ମହାନଦିର ଚାଟିଶଗଡରେ ଉପନଦୀ ଅଛି, ଯଥା ସେଓନାଥ, ହାସଡେଓ, ଜଙ୍କ ଏବଂ ମାଣ୍ଡ ନାରାଜ ବ୍ରିଜ୍ ଚାରିପାଖରେ ମହାନାଦୀ ଶାଖାଗୁଡ଼ିକ ପାଖାପାଖି କଟକ ସହରଠାରୁ କିଲୋମିଟର ଦୂରରେ, କାଥାଜୋଡି ଏବଂ ବିରୁପା ନଦୀ ସୃଷ୍ଟି ବିରୁପା ବ୍ରାହ୍ମଣୀ ସହିତ ମିଶ୍ରିତ ହୁଏ ଏବଂ କଥଜୋଡି ଏକାଧିକ ସ୍ରୋତରେ ବିଭକ୍ତ"
train/img_03091.jpg,ମହିଳା: ୧୨୭୯୫୫୫
train/img_03092.jpg,"ଏ ଭବ ନଦୀ ଆର ମାଝେ,ଦୁଇ ରଙ୍ଗେର ଜଲେ ଆଛେ"
train/img_03093.jpg,କୋନ ମହିନା ଆୟଃ ରାଞ୍ଚୀ ମେଲା ଲାଗେ ?
train/img_03094.jpg,ଓଡ଼ିଶା ରାଜ୍ୟ ସଡ଼କ ପରିବହନ ନିଗମର ପ୍ରଶାସନିକ କେନ୍ଦ୍ର ଭୁବନେଶ୍ୱରରେ ଅବସ୍ଥିତ ।
train/img_03095.jpg,ଭାଗବତ ସାହୁ ଜାତୀୟ ରାଜନୀତିରେ ଅଂଶଗ୍ରହଣ କରିବାରେ ଭଦ୍ରକରୁ ପ୍ରଥମ।
train/img_03096.jpg,ଭାରତର ପ୍ରଧାନମନ୍ତ୍ରୀମାନଙ୍କର ତାଲିକା
train/img_03097.jpg,"ରୋଗବଇରାଗ ନିବାରଣ, ପାରିବାରିକ କଷ୍ଟ ଦୂରୀକରଣ, କୃଷିର ଉନ୍ନତି ବା ମନୋକାମନା ପୂର୍ତ୍ତିର ଫଳ ସ୍ୱରୂପ ଶରୀରକୁ କଷ୍ଟ ଦେଇ ୧୩, ୧୮ ବା ୨୧ ଦିନ ପର୍ଯ୍ୟନ୍ତ ମା' ଦଣ୍ଡକାଳୀ ଓ ରୁଦ୍ର ମହାଦେବଙ୍କୁ ଧ୍ୟାନ କରି ଚୈତ୍ରମାସ ପୂର୍ଣ୍ଣିମାପରଠାରୁ ଭକ୍ତମାନେ ରହିଥାନ୍ତି।"
train/img_03098.jpg,ଏହି ଜିଲ୍ଲାରେ ମୃତ୍ତିକା କୃଷ୍ଣ-କାର୍ପାସ ଶ୍ରେଣୀୟ ଏବଂ ମାଟିର ରଙ୍ଗ କଳା ।
train/img_03099.jpg,ସମ୍ପ୍ରତି କିଛି ବର୍ଷ ଧରି ରଥ ନିମିତ୍ତ ଆବଶ୍ୟକ କନା ବମ୍ବେର ପ୍ରସିଦ୍ଧ କପଡ଼ା କମ୍ପାନୀ ସେଞ୍ଚୁରୀ ମିଲରୁ ଆସୁଅଛି।
train/img_03100.jpg,"ଓଡ଼ିଶାର ଲୋକସଂଗୀତ ତଥା ମୟୁରଭଞ୍ଜର ପାରମ୍ପରିକ ଲୋକଗୀତ-ନୃତ୍ୟ ଭାବରେ ଝୁମର ଯେଉଁ ମର୍ଯ୍ୟୋଦା ଲାଭ କରିଛି, ସେ ସଂପର୍କରେ ସାମାନ୍ୟ ଅବଧାରଣା କରିବା ନିମିତ୍ତ ଝୁମରର ବିଭିନ୍ନ ପ୍ରସଙ୍ଗଗୁଡ଼ିକ ଚୁମ୍ବକରେ ଆଲୋଚନା କରାଗଲା।"
train/img_03101.jpg,ମହିଳା: ୬୩ ୩୬
train/img_03102.jpg,"ମାତ୍ର ଏପର୍ଯ୍ୟନ୍ତ ଯେତେ ଝୁମର ରଚୟିତାଙ୍କ ସନ୍ଧାନ ମିଳିଛି, କେହି ହେଲ, ମୂଳଭାଷା ମୈଥିଳୀକୁ ଛାଡ଼ିନାହାନ୍ତି ।"
train/img_03103.jpg,ଜକାତ
train/img_03104.jpg,ପୂର୍ବରେ : ସମ୍ବଲପୁର ଜିଲ୍ଲା
train/img_03105.jpg,"କିନ୍ତୁ ସେ ଯାହା ହେଉନା କାହିଁକି ୧୯୦୫ ପରଠାରୁ ଯେତେବଳେ ଏହି ଅଞ୍ଚଳ ଇଂରେଜ ଶାସିତ ବଙ୍ଗଳା ରାଜ୍ୟଖଣ୍ଡ ସଙ୍ଗେ ମିଶିଲା , ଏହାର ନାମ କଳାହାଣ୍ଡି ଭାବରେ ବ୍ୟବହୃତ ହେଲା ।"
train/img_03106.jpg,ସେ ମଧ୍ୟ କାଳୀଦାସ ଙ୍କ ବିଷୟରେ ପଢ଼ୁଥିଲେ ।
train/img_03107.jpg,ଏଠାରେ ବହୁ ବିଭାଗରେ ଅତ୍ୟାଧୁନିକ ଯନ୍ତ୍ରପାତି ଓ ବିଶେଷ ସେବା ଉପଲବ୍ଧ ଆଛି।
train/img_03108.jpg,ଆଳଙ୍କାରିକ ଚଉତିଶା
train/img_03109.jpg,ଉପଯୋଗୀ ସେବାଗୁଡିକ
train/img_03110.jpg,"ମହାବିଦ୍ୟାଳୟ ଓ ସ୍ୱାସ୍ଥକେନ୍ଦ୍ର, ପୁରୀ"
train/img_03111.jpg,ସେ ନିଜ ନାମ (ନାଭି ବା ଅଜନାଭ) ସହିତ ରାଜ୍ୟର ନାମକୁ ଯୋଡ଼ି ଅଜନାଭବର୍ଷ ନାମରେ ପ୍ରଚାର କଲେ।
train/img_03112.jpg,ନମାଜର ୩ଟି ଅଂଶ ରହିଛି:
train/img_03113.jpg,"ଏହା ବ୍ୟତୀତ ପ୍ରତି ରଥରେ ୪ଟି ଲେଖାଏଁ ଅଶ୍ୱ, ଗୋଟିଏ ସାରଥୀ, ଦୁଇଟି ଶୁଆ, ରଥବାଡ଼, ୯ଟି ଲେଖାଏଁ ପାର୍ଶ୍ୱ ଦେବତା ଖଞ୍ଜା ଯାଇଥାଏ।"
train/img_03114.jpg,"ମଧୁସୂଦନ ଦାସ, ଗୋପବନ୍ଧୁ ଦାସ, ଫକୀର ମୋହନ ସେନାପତି, ନୀଳକଣ୍ଠ ଦାସ, ଗଙ୍ଗାଧର ମେହେର, ରାଧାନାଥ ରାୟ, ବାସୁଦେବ ସୁଢ଼ଳ ଦେବ ଓ କୃଷ୍ଣଚନ୍ଦ୍ର ଗଜପତି ନାରାୟଣ ଦେବ ଆଦିଙ୍କ ନେତୃତ୍ୱରେ ଏହି ଆନ୍ଦୋଳନ ଅଧିକ ତୀବ୍ର ହୋଇଥିଲା ।"
train/img_03115.jpg,୧ ଜାନୁଆରୀ ୧୯୪୮ରେ ଓଡ଼ିଶା ସହିତ ନିଜର ଗଡ଼ଜାତ ରାଜ୍ୟମାନଙ୍କର ମିଶ୍ରଣ ପରେ କେଉଁଝର ଓଡ଼ିଶାର ଏକ ସ୍ୱତନ୍ତ୍ର ଜିଲ୍ଲାରୂପେ ପରିଗଣିତ ହେଲା ।
train/img_03116.jpg,ଏହା ଦାଣ୍ଡିବୃତ୍ତରେ ଲେଖା ।
train/img_03117.jpg,ପରବର୍ତ୍ତୀ କାଳରେ ଏହି ନୃତ୍ୟ ଦେବଦାସୀ ନୃତ୍ୟ (ମାହାରୀ) ଓ ଗୋଟିପୁଅ ଆଦି ନୃତ୍ୟ ପରମ୍ପରାଦ୍ୱାରା ପରିବେଷିତ ହୋଇଆସୁଛି ।
train/img_03118.jpg,"ଏଠାରେ ଶ୍ରୀପୁରୁଷୋତ୍ତମ ବା ଶ୍ରୀଜଗନ୍ନାଥଙ୍କ ଯେଉଁ ଯାତ୍ରାର ନାମ ଉଲ୍ଲେଖ କରିଛନ୍ତି, ତାହା ଆଲୋଚକମାନଙ୍କଦ୍ୱାରା ରଥଯାତ୍ରା ରୂପେ ଗୃହୀତ ହୋଇଛି।"
train/img_03119.jpg,ଆଫଗାନ ଶାସନ କାଳରେ ଆଫଗାନୀମାନେ ବାଲେଶ୍ୱର ଦାଖଲ କରି ଶାସନ କରୁଥିଲେ ।
train/img_03120.jpg,ଭନେ ମୂଢ ରାମେଶ୍ୱରେରେ ।
train/img_03121.jpg,ଝୁମରର ବିଭାଗୀକରଣ
train/img_03122.jpg,"ଏହା ଏକ ପ୍ରମୁଖ ସମୁଦ୍ର ପଥ ନିକଟବର୍ତ୍ତି ଦେଶର ସମୁଦାୟ କ୍ଷେତ୍ରଫଳ ୬୫,୬୧୨ ବର୍ଗ କିଲୋମିଟର, ଯେଉଥିରୁ ୬୨,୭୦୭ ବର୍ଗ କିଲୋମିଟର ସ୍ଥଳଭାଗ ଏବଂ ୨,୯୦୫ କିଲୋମିଟର ଜଳଭାଗ ଏହାର ଉପକୂଳ ରେଖା ୧,୩୪୯ ବର୍ଗ କିଲୋମିଟର (୮୩୦ ବର୍ଗ ମାଇଲ) ଲମ୍ବ ଶ୍ରୀଲଙ୍କାର ମୁଖ୍ୟ ଦ୍ୱୀପର କ୍ଷେତ୍ରଫଳ ୬୫,୨୬୮ କିଲୋମିଟର; ଏହା କ୍ଷେତ୍ର ଅନୁଯାୟୀ ବିଶ୍ୱର ପଚିଶତମ ବୃହତ୍ତମ ଦ୍ୱୀପ ଅବଶିଷ୍ଟ ୩୪୨ ବର୍ଗ କିଲୋମିଟର ଅଞ୍ଚଳ ଡଜନେ ଛୋଟ ଦ୍ୱୀପପୁଞ୍ଜର ଅନ୍ତର୍ଭୁକ୍ତ ଏହି ଛୋଟ ଦ୍ୱୀପପୁଞ୍ଜର ବୃହତ୍ତମ ଦ୍ୱୀପ, ମନ୍ନାର୍ ଦ୍ୱୀପ, ଯାହା ଆଦାମ ସେତୁ ଆଡକୁସ୍ଥିତ ।"
train/img_03123.jpg,ମହାନ୍ତି ଡ ବଂଶୀଧର ଓଡ଼ିଆ ସାହିତ୍ୟର ଇତିହାସ (ପ୍ରଥମଭାଗ) (୧୯୭୦)
train/img_03124.jpg,ଏହା ହେଉଛି ମୋଗଲ ଶାସନ କାଳର ସାମାଜିକ ଅବସ୍ଥାର ନିଛକ ଚିତ୍ରଣ।
train/img_03125.jpg,"ଶାସ୍ତ୍ରରେ ଉଲ୍ଲେଖ ଅଛି ସତ୍ୟ ଯୁଗରେ ତୀର୍ଥ, ତ୍ରେତୟାରେ ଯଜ୍ଞ, ଦ୍ୱାପରରେ ଦାନ ଏବଂ କଳି ଯୁଗରେ ନାମ ସଙ୍କୀର୍ତ୍ତନ ହିଁ ଯୁଗଧର୍ମ ।"
train/img_03126.jpg,ଉଭୟ ଜଗନ୍ନାଥ ଓ ଲକ୍ଷ୍ମୀ ଠାକୁରାଣୀ ପରସ୍ପରକୁ ଭେଟ ହୋଇଥାନ୍ତି।
train/img_03127.jpg,"ଏହା ପୂର୍ବରୁ ତାମିଲ, ସଂସ୍କୃତ, ତେଲୁଗୁ, କନ୍ନଡ ଓ ମାଲାୟାଲମକୁ ଶାସ୍ତ୍ରୀୟ ଭାଷା ମାନ୍ୟତା ମିଳିସାରିଛି।"
train/img_03128.jpg,ଗୁରୁଗାଓଁର ସାକ୍ଷରତା ହାର ୭୫ ୮୭ ଅଟେ ।
train/img_03129.jpg,"ବିଶେଷତଃ ଓଡ଼ିଶା ଓ ସିଂହଭୂମିର ଝୁମର କବିମାନେ ଶାସ୍ତ୍ରୋଚିତ ଅଳଙ୍କାର, ରସାଦିକୁ ଦକ୍ଷତାର ସହିତ ଉପସ୍ଥାପନ କରିପାରିଛନ୍ତି ଆପଣାର ଝୁମର ମାନଙ୍କରେ ।"
train/img_03130.jpg,"ଶ୍ରୀଜଗନ୍ନାଥଙ୍କ ରଥର ୧୬ ଚକ ଷୋଳକଳାର, ବଳଭଦ୍ରଙ୍କର ୧୪ ଚକ ଚତୁର୍ଦ୍ଦଶ ମନ୍ୱନ୍ତରର ଓ ସୁଭଦ୍ରାଙ୍କ ୧୨ ଚକ ବାରମାସର ଦୃଷ୍ଟି ଆକର୍ଷଣ କରିଥାଏ ।"
train/img_03131.jpg,"ବେଦାନ୍ତ ଆଲୁମିନା,ଝାରସୁଗୁଡା"
train/img_03132.jpg,କିଛି ଖ୍ରୀଷ୍ଟଧର୍ମୀ ସାନ୍ତାଳ ଅଲ ଚିକି ପରିବର୍ତ୍ତେ ରୋମାନ ଲିପିର ବହୁଳ ପ୍ରସାର କରିବାକୁ ଚେଷ୍ଟା କଲେ ।
train/img_03133.jpg,"ରଥଯାତ୍ରା (ରଥ, ଘୋଷଯାତ୍ରା ଓ ଶ୍ରୀଗୁଣ୍ଡିଚା ନାମରେ ମଧ୍ୟ ଜଣା) ଓଡ଼ିଶାର ପୁରୀଠାରେ ପାଳିତ ଓ ଜଗନ୍ନାଥଙ୍କ ସହ ସମ୍ବନ୍ଧିତ ଏକ ହିନ୍ଦୁ ପର୍ବ ।"
train/img_03134.jpg,"ଦଶହରା, ବିଶ୍ୱକର୍ମା ପୂଜା, ଗଣେଶ ପୂଜା, ସୋମନାଥ ପୀଠରେ ମକର ସଂକ୍ରାନ୍ତି, ଶ୍ରୀରାମ ନବମୀ, ରଥଯାତ୍ରା, ଦୋଳଯାତ୍ର, ଝୁଲଣ ଯାତ୍ରା, ରଜ, ହୋଲି, ଚନ୍ଦନ ଯାତ୍ରା ଆଦି ପାରମ୍ପରିକ ଉତ୍ସବ ଏଠାରେ ଅନୁଷ୍ଠିତ ହୁଏ ।"
train/img_03135.jpg,ଯୁଦ୍ଧ ବିରତି ସମୟରେ ସେନାଛାଉଣୀରେ ମନୋରଞ୍ଜନ ଲାଗି ରସଧର୍ମୀ ଘୁମୁରା ନୃତ୍ୟ ଓ ବାଦ୍ୟ ପରିବେଷଣ ମଧ୍ୟ କରାଯାଉଥିଲା ।
train/img_03136.jpg,ମନ୍ଦିରଟି ଭାଙ୍ଗି ଯିବାରୁ ଅନେକ ବର୍ଷ ଧରି ବାଳମୁକୁନ୍ଦ ଓ ବଟକୃଷ୍ଣ ଗୋଟିଏ ମନ୍ଦିରରେ ପୂଜିତ ହେଉଛନ୍ତି ।
train/img_03137.jpg,ଉତ୍ପାଦନ ଏବଂ ରପ୍ତାନି
train/img_03138.jpg,ଏଣୁ ଯିବ ନାହିଁ ।’’ ଆଉ ଏକ ଉଦାହରଣ ମାଧ୍ୟମରେ ଜଣେ ବିଳାସିନୀ ରମଣୀର କେଶ ପ୍ରସାଧନକୁ ଏଠାରେ ଲକ୍ଷ୍ୟ କରାଯାଇପାରେ
train/img_03139.jpg,"ମୈଥିଳୀ ଭାଷା କହୁଥିବା ମୂଳ ଅଧିବାସି ବିହାର, ଝାଡ଼ଖଣ୍ଡ, ପଶ୍ଚିମବଙ୍ଗ ଓ ନେପାଳର ଦକ୍ଷିଣ-ପଶ୍ଚିମ ଭାଗରେ ରହିଥାନ୍ତି ।"
train/img_03140.jpg,ଆସି ଧଇଲା ମୋ କରଲୋ
train/img_03141.jpg,୧୯୯୪ ମସିହାରେ ବାଚସ୍ପତି ଯୁଧିଷ୍ଠିର ଦାସ ଏହାକୁ ରାଜ୍ୟ ସଙ୍ଗୀତ ଭାବରେ ମାନ୍ୟତା ଦେବା ପାଇଁ ବିଧାନ ସଭାରେ ନିଷ୍ପତି ନେଇଥିଲେ ।
train/img_03142.jpg,ଶ୍ରଦ୍ଧା ନାହିଁକି ଶ୍ୟାମର ଲୋ ?
train/img_03143.jpg,ସ୍ୱର୍ଗାରୋହଣ ପାଲା: ବରୁଣ ସହରର ରାଜା ପଦ୍ମଲୋଚନଙ୍କ ଗଳ୍ପ (ଏଥିରେ କବିକର୍ଣ୍ଣ ବିରଚିତ ୧୬ଟି ପାଲାର ନାମ ଦିଆଯାଇ ଅଛି)
train/img_03144.jpg,ଶେଷ ଦିନରେ ବରହମପୁରା ମନ୍ଦିରର ମହାପୁରୁ ରାଜ୍ୟ ଅଭିଷେକ ଅବତାରରେ ଧାରଣ କରନ୍ତି ।
train/img_03145.jpg,"ସାମ୍ୟ ମୈତ୍ରୀର ପ୍ରତୀକ ଶ୍ରୀଜଗନ୍ନାଥ ମହାପ୍ରଭୁ ଯେଉଁ ରଥରେ ବିରାଜମାନ କରି ଶ୍ରୀଗୁଣ୍ଡିଚା ମନ୍ଦିରକୁ ନବ ଦିନ ଯାତ୍ରା କରନ୍ତି, ସେ ରଥର ନାମ ନନ୍ଦିଘୋଷ।"
train/img_03146.jpg,"ଏହା ଏପ୍ରିଲ ୧, ୧୯୩୬ରେ ଭାଷା ଭିତ୍ତିରେ ଏକ ଅଲଗା ରାଜ୍ୟ ଭାବରେ ନବଗଠିତ ହୋଇଥିଲା ।"
train/img_03147.jpg,"କୁସ୍ତି ଓ ଫୁଟବଲ ଭାରତର ଗୋଆ, ତାମିଲନାଡୁ, କେରଳ, ଉତ୍ତର-ପୂର୍ବ ଭାରତରେ ଖୁବ ଲୋକପ୍ରିୟ ।"
train/img_03148.jpg,ଓଡ଼ିଶା ବିଧାନ ସଭାର ସଭ୍ୟ ସଂଖ୍ୟା ୧୪୭ ।
train/img_03149.jpg,"ଅନ୍ୟ ମତରେ ଗଂଜା ବା ଗଂଜ ଶବ୍ଦର ଅର୍ଥ ହେଲା ଗୋଦାମ, ଭଣ୍ଡାର ଇତ୍ୟାଦି ।"
train/img_03150.jpg,ଭୂଟାନରେ ମଧ୍ୟ କିଛିସଂଖ୍ଯକ ଅସମୀୟା ଭାଷୀ ଲୋକ ଅଛନ୍ତି ।
train/img_03151.jpg,"କୋକିଲ ଭ୍ରମରା ଥାଟେ, ଜାଗି ବିଯୋଗୀର ଘାଟେ"
train/img_03152.jpg,"ଚାରୁ ଓ କଳା ମହାବିଦ୍ୟାଳୟ, ଖଲ୍ଲିକୋଟ"
train/img_03153.jpg,ବସୁମତୀ ସ୍ନାନ ହେଉଛି ରଜ ପର୍ବର ଅନ୍ତିମ ଦିବସ ।
train/img_03154.jpg,"ଦିନେ କୁତ୍ତାମ ଚଣ୍ଡୀ ରତ୍ନ ସିଂହାସନ ଗର୍ଭ ଗୃହରେ ପୂଜା ପାଉଥିଲେ।କିନ୍ତୁ ବାଦ ବିବାଦ ମଧ୍ୟରେ ମରହଟ୍ଟା ଶାସନ,ବୌଦ୍ଧ ଧର୍ମ ପ୍ରଭାବ ଓ ଇଂରାଜୀ ଶାସନ ମଧ୍ୟରେ ଏଠାକୁ ଅନ୍ୟ ଏକ ରୂପାନ୍ତରରେ ସ୍ଥାନାନ୍ତରିତ ହୋଇଥିବା ଜଣାଯାଇଛି ।"
train/img_03155.jpg,ଯୁକ୍ତରାଷ୍ଟ୍ର ଆମେରିକାର ରାଜ୍ୟଗୁଡିକର ତାଲିକା
train/img_03156.jpg,"ଧୋବ ଫର୍ ଫର୍ ଟେ ଜନବାରୀର୍ ଟେ ବେକେ ଉଲେଇ ହେସୀ ଗୋ """
train/img_03157.jpg,ପ୍ରାଚୀ ସମିତି ପ୍ରକାଶିତ ଚଉତିଶା ମଧୁଚକ୍ରରେ ଏହି ପରି କେତେ ଗୋଟି ଚଉତିଶା ଦେଖିବାକୁ ମିଳିଥାଏ ।
train/img_03158.jpg,"ପୁରୁଷ: ୧୧,୬୬,୯୪୯"
train/img_03159.jpg,"ଉଭୟ ଆସିବା ଓ ବାହୁଡା଼ ବିଜେ ସମୟରେ ଲକ୍ଷ୍ମୀ ଠାକୁରାଣୀଙ୍କ ଉଦ୍ଦେଶ୍ୟରେ ବିଭିନ୍ନ ମଠ, ସେବକ, ଜାଗା, ଆଖଡା଼ ଅନୁଷ୍ଠାନ ଓ ବ୍ୟକ୍ତିବିଶେଷଙ୍କ ତରଫରୁ ବଡ଼ଦାଣ୍ଡ, ହେରାଗୋହିରୀ ସାହି ଓ ମଠ ବିଜେ ସ୍ଥଳୀଠାରେ ପନ୍ତି ଭୋଗ କରାଯାଇଥାଏ।"
train/img_03160.jpg,ମିର୍ଗି ସିଂଘା (କାନୁପୁର /କନ୍ଡରା)
train/img_03161.jpg,ସ୍ୱାୟତ ଶାସନ ପ୍ରସଙ୍ଗରେ ସର୍ବପ୍ରଥମେ କେନ୍ଦ୍ରାପଡ଼ାରେ ତା ୧୦ ୦୩ ୧୮୬୯ ମସିହାରେ ମୁନିସିପାଲିଟି ସ୍ଥାପିତ ହୋଇଥିଲା ।
train/img_03162.jpg,ଓଡ଼ିଶାରେ ସର୍ବତ୍ର ଏହି ଗଛ ଦେଖାଯାଏ ।
train/img_03163.jpg,ରଥ ଚାଲିବା ସମୟରେ ବଡ଼ଦାଣ୍ଡସ୍ଥ ନରେନ୍ଦ୍ର ମହଲାଠାରେ ପନ୍ତିଭୋଗ ହୋଇଥାଏ।
train/img_03164.jpg,୨୦୧୫ଠାରୁ ଭୁବନେଶ୍ୱରର ଭାରତୀୟ ବୈଷୟିକ ଅନୁଷ୍ଠାନର ଇଞ୍ଜିନିୟରିଂରେ ସ୍ନାତକ ପାଠ୍ୟକ୍ରମରେ ଓଡ଼ିଶୀ ଅନ୍ତର୍ଭୁକ୍ତ ହୋଇଛି ।
train/img_03165.jpg,"ତେଣୁ କୁହା ଯାଇପାରେ ଆସାମରେ ‘ବିହୁ’, ଉତ୍ତରପ୍ରଦେଶର ‘ଚୈତ୍ରୀ’ ଓ ‘କାଜ୍ ରୀ’, ଜମ୍ମୁ-କାଶ୍ମୀରର ‘ଭୋଗ୍ ରୀ’ ଭଳି ଓଡ଼ିଶା, ପଶ୍ଚିମବଙ୍ଗ, ଝାଡ଼ଖଣ୍ଡ, ବିହାରର ଲୋକଗୀତ ଭାବରେ ଝୁମର ବେଶ୍ ପ୍ରସଦ୍ଧି ଅର୍ଜନ କରିଛି ।"
train/img_03166.jpg,"୧୯୩୪ ମସିହାରେ ବିହାରରେ ବଡ଼ ଧରଣର ଭୂମିକମ୍ପ ହୋଇଥିଲା, ସେଥିରେ ହଜାର ହଜାର ଲୋକ ମୃତାହତ ହୋଇଥିଲ।"
train/img_03167.jpg,"ସ୍ୱତନ୍ତ୍ର ଆକାରର ରଥ କୋରା ଶ୍ରୀମନ୍ଦିରରେ ନିର୍ମିତ ହୋଇ ବଡ଼ଦାଣ୍ଡରେ ରଥ ଯେଉଁ ସ୍ଥାନରେ ରହି ନୀତି ଆରମ୍ଭ ହୋଇଥାଏ, ସେଠାରେ ଏହି ଭୋଗ କରାଯାଏ।"
train/img_03168.jpg,"ନୁଆ ବଜାର, ମୋତିଗଞ୍ଜ, ବିବେକାନନ୍ଦ ମାର୍ଗ, ଫକିରମୋହନ ଗୋଲେଇ, ଷ୍ଟେସନ ଛକ, ଆଇଟିଆଇ ଛକ, କଚେରୀ ବଜାର, ନୁଆସାହି ଆଦି ଏଠାକାର ବେପାର ବାଣିଜ୍ୟର ମୁଳ ।"
train/img_03169.jpg,ଦଶହରାରେ ଶକ୍ତି ରୂପିଣୀ ଦେବୀ ଦୁର୍ଗାଙ୍କ ପୂଜା କରାଯାଏ ।
train/img_03170.jpg,ଏହାର ଅନ୍ୟନାମ ଶଙ୍ଖକ୍ଷେତ୍ର।
train/img_03171.jpg,ସମ୍ରାଟ କଲେଜ
train/img_03172.jpg,ସେ ଗୋଟେ ଦିନ ପାଇଁ ପ୍ରେସିଡେନ୍ସି ମହାବିଦ୍ୟାଳୟ ଯାଇଥିଲେ ।
train/img_03173.jpg,ଏହି ଦକ୍ଷିଣୀ ଘରକୁ ପୂର୍ବରୁ ବେହରଣ ବୋଲି କୁହାଯାଉଥଲା ।
train/img_03174.jpg,"ଶ୍ରୀଗୁଣ୍ଡିଚା ଯାତ୍ରା, ବାହୁଡା଼ ଯାତ୍ରା ଓ ନୀଳାଦ୍ରି ବିଜେ ଦିନ ଉକ୍ତ ମଠ ତରଫରୁ ଶ୍ରୀବିଗ୍ରହମାନଙ୍କ ପହଣ୍ଡି ତଥା ରଥ ଚାଲିବା ସମୟରେ ପନ୍ତି ଭୋଗ ହୋଇଥାଏ।"
train/img_03175.jpg,ଶ୍ରୀ ସଦାଶିବ ସଂସ୍କୃତ ମହାବିଦ୍ୟାଳୟ: ଏହାକୁ ୧୯୭୧ ମସିହାରେ ପ୍ରତିଷ୍ଠା କରାଯାଇଥିଲା ।
train/img_03176.jpg,"ଧୀରେ ଧୀରେ ନୂଆ ସଚିବାଳୟ ଭବନ, ଓଡ଼ିଶା ବିଧାନ ସୌଧ, ଡାକସେବା ଭବନ, ରାଜ୍ୟ ସଂଗ୍ରହାଳୟ ଭବନ, ରାଜଭବନ ଆଦି ସ୍ଥାପିତ ହୋଇହେଲା ।"
train/img_03177.jpg,ପରବର୍ତ୍ତୀ କାଳର ଇତିହାସ
train/img_03178.jpg,ତନ୍ତ୍ର ମତରେ ଏହାର ନାମ ଉଡ଼ୀୟାନ
train/img_03179.jpg,ଗରାବଡ଼ୁ ସେବକ ମଙ୍ଗଳାର୍ପଣର ସମସ୍ତ ଜିନିଷମାନ ନୀତି ସମ୍ପୃକ୍ତ ସେବକଙ୍କ ହାତକୁ ବଢ଼ାଇଥାନ୍ତି।
train/img_03180.jpg,"ଭୁବନେଶ୍ୱର ଏକ ବାହ୍ୟ ଶିଳ୍ପ କ୍ଷେତ୍ର ସହିତ ଏକ ଆବାସିକ ସହର ଭାବରେ ପରିକଳ୍ପନା କରାଯାଇଥିଲା ୧୯୯୦ ଦଶକ ପର୍ଯ୍ୟନ୍ତ ଅର୍ଥନୀତିରେ କିଛି ପ୍ରମୁଖ ଖେଳାଳି ରହିଥିଲେ ଏବଂ ଖୁଚୁରା ଏବଂ କ୍ଷୁଦ୍ର ଉତ୍ପାଦନଦ୍ୱାରା ପ୍ରାଧାନ୍ୟ ବିସ୍ତାର କରିଥିଲେ ୧୯୯୦ ଦଶକରେ ଭାରତ ସରକାର ଗ୍ରହଣ କରିଥିବା ଆର୍ଥିକ ଉଦାରିକରଣ ନୀତି ସହିତ ଭୁବନେଶ୍ୱର ଟେଲି ଯୋଗାଯୋଗ, ସୂଚନା ପ୍ରଯୁକ୍ତିବିଦ୍ୟା (ଆଇଟି) ଏବଂ ଉଚ୍ଚଶିକ୍ଷାରେ ପୁଞ୍ଜି ବିନିଯୋଗ କରିଥିଲା।"
train/img_03181.jpg,ଶାସ୍ତ୍ରର ବଚନ କର୍ଣ୍ଣେ ନାହିଁ ଧର
train/img_03182.jpg,ନାଟମଣ୍ଡପ ଓ
train/img_03183.jpg,କଲେଜ ଓ ବିଶ୍ୱବିଦ୍ୟାଳୟ
train/img_03184.jpg,୧୯୫୦ରେ ତୃତୀୟ ଓଡ଼ିଆ ଚଳଚ୍ଚିତ୍ର ସପ୍ତଶଯ୍ୟା ମୁକ୍ତି ଲାଭ କରିଥିଲା।
train/img_03185.jpg,ବିର୍ସା ମୁଣ୍ଡା ଆନ୍ତର୍ଜାତୀୟ ହକି ଷ୍ଟାଡ଼ିୟମ ( )
train/img_03186.jpg,ତଙ୍କଦ୍ୱାରା ୧୯୮୫ରେ ନିର୍ମିତ ହାକିମ୍ ବାବୁକୁ ଜାତୀୟ ଫିଲ୍ମ ପୁରସ୍କାର ମିଳିଥିଲା।
train/img_03187.jpg,ବ୍ରହ୍ମା ଏହି ଦଣ୍ଡ-ଘଡ଼ି ପୂଜା କରିବାକୁ ଚଢ଼େଇଆକୁ ଦେଲେ।
train/img_03188.jpg,କ୍ଲଷ୍ଟର
train/img_03189.jpg,ଭାଷାଗତ ସମ୍ପର୍କ
train/img_03190.jpg,ଗୋରେଖନାଥା ଷ୍ଟେଶନଟି ଏଠାରୁ ୧୦ କିଲୋମିଟର ଦୂରରେ ଅବସ୍ଥିତ ।
train/img_03191.jpg,ଭାରତ ସ୍ୱାଧୀନ ହେବା ପରେ ଏହି ନୃତ୍ୟ ପରମ୍ପରାର ପୁନରୁଦ୍ଧାର କରାଯାଇ ଏହାକୁ ଓଡ଼ିଶୀ ନାମରେ ନାମିତ କରାଗଲା ଓ ପରେ ଏହା ଶାସ୍ତ୍ରୀୟ ନୃତ୍ୟର ମର୍ଯ୍ୟାଦା ଲାଭ କଲା ।
train/img_03192.jpg,"ଏଥିରେ ଚଢ଼େୟା, ଚଢ଼େୟାଣୀ, ଦକ୍ଷିଣକାଳୀ, ଡୁବଡୁବା, ଗଉଡ଼, ଗଉଡ଼ୁଣୀ, ସାପୁଆ, ଚହଟା ଦିଅର, ସିପାହୀ, ଢୋଲିଆ, ଉଲ, ବୀଣାକାର, ଜଗାଳି, ରାଜଗୁଣିଙ୍କ ଚରିତ୍ର ମାଧ୍ୟମରେ ହାସ୍ୟରସ ପ୍ରକାଶ ସହିତ ବହୁ ଉପଦେଶ ଜନ ସମୁଦାୟକୁ ପରିବେଷଣ କରା ଯାଇଥାଏ।"
train/img_03193.jpg,ପ୍ରସ୍ତର ନିର୍ମିତ ହର ପାର୍ବତୀ ମୂର୍ତ୍ତି ୧୦ଇଞ୍ଚ ଉଚ୍ଚତା ବିଶିଷ୍ଟ ପୂଜିତ।
train/img_03194.jpg,"ଦିନେ କୁତ୍ତାମ ଚଣ୍ଡୀ ରତ୍ନ ସିଂହାସନ ଗର୍ଭ ଗୃହରେ ପୂଜା ପାଉଥିଲେ।କିନ୍ତୁ ବାଦ ବିବାଦ ମଧ୍ୟରେ ମରହଟ୍ଟା ଶାସନ,ବୌଦ୍ଧ ଧର୍ମ ପ୍ରଭାବ ଓ ଇଂରାଜୀ ଶାସନ ମଧ୍ୟରେ ଏଠାକୁ ଅନ୍ୟ ଏକ ରୂପାନ୍ତରରେ ସ୍ଥାନାନ୍ତରିତ ହୋଇଥିବା ଜଣାଯାଇଛି ।"
train/img_03195.jpg,ଅଳକାଶ୍ରମର ଇତିହାସ ।
train/img_03196.jpg,ରଥ ଉପରେ ସୁନାବେଶ
train/img_03197.jpg,ବିଶେଷ କରି ସିଂହଦ୍ୱାର ଗୁମୁଟ ଭିତରେ ଡାହାଣ ପଟରେ ଥିବା ପୂର୍ବାଭିମୁଖୀ ଜଗନ୍ନାଥ ମୂର୍ତ୍ତିଙ୍କୁ ପତିତପାବନ ବୋଲି କୁହାଯାଏ ।
train/img_03198.jpg,ସହରଠାରୁ ୧୪ କି ମି ଦୂରରେ ବାରବାଟିଠାରେ ଅବସ୍ଥିତ ପରମହଂସନାଥ ମନ୍ଦିର କଟକର ସର୍ବୋଚ୍ଚ ମନ୍ଦିର ।
train/img_03199.jpg,ଖାରବେଳଙ୍କ ଉତଥାନ
train/img_03200.jpg,ମହାନଦୀ ମୁହାଣରେ ରହିଥିବା ଯୋଗୁଁ ତାହାର ନାମ ମନ୍ନଦ ରଖାଯାଇଥିଲା।
train/img_03201.jpg,ଆସାମର କାମାକ୍ଷା ମନ୍ଦିର
train/img_03202.jpg,ଗଙ୍ଗାଧର ମହାପାତ୍ର ଆଇନ ମହାବିଦ୍ୟାଳୟ
train/img_03203.jpg,ତାମସା ହେଉଛି ଓଡ଼ିଶାର ସଂସ୍କୃତିକୁ ଭଦ୍ରକର ନିଜସ୍ୱ ଅବଦାନ।
train/img_03204.jpg,ବୈଶିଷ୍ଟ୍ୟ
train/img_03205.jpg,ଭେଙ୍କଟରମଣ ରାମକୃଷ୍ଣନ - ରସାୟନ ବିଜ୍ଞାନରେ ନୋବେଲ ପୁରସ୍କାର - ୨୦୦୯
train/img_03206.jpg,"ଏ ଜାତୀୟ ମାଈ, ଅଣ୍ଡିରା ସବୁ ହରିଣଙ୍କର ଶିଙ୍ଗଥାଏ।"
train/img_03207.jpg,ଡାଲଖାଇ ପଶ୍ଚିମ ଓଡ଼ିଶାର ସର୍ବାଧିକ ଲୋକପ୍ରିୟ ନୃତ୍ୟ ।
train/img_03208.jpg,"କଥିତ ସାହିତ୍ୟ ସାଧାରଣ ଲୋକ ମୁଖରେ ପ୍ରଚଳିତ କଥା, କବିତା ଆଦିକୁ ବୁଝାଏ ।"
train/img_03209.jpg,କି ବୋଲବ ଭାଇ ହାଁସିର କଥା
train/img_03210.jpg,ତାମ୍ରଯୁଗୀୟ ସାମଗ୍ରୀମାନଙ୍କ ସହିତ ଭିଏତ୍ନାମରୁ ମିଳିଥିବା ତତ୍କାଳୀନ ସାମଗ୍ରୀମାନଙ୍କର ସାମଞ୍ଜସ୍ୟ ଥିବାରୁ ଏହି ଦୁଇ ଦେଶ ମଧ୍ୟରେ ଯୋଗାଯୋଗ ଥିଲା ବୋଲି ଅନୁମାନ କରାଯାଏ ।
train/img_03211.jpg,ଏହାପରେ କର୍ପୂର ଆଳତି ବଢ଼ି ତିନିଜଣ ପୂଜାପଣ୍ଡା ତିନି ରଥକୁ ବିଜେ ହୋଇଥିବା ଶୟନ ଠାକୁରଙ୍କୁ ହାତରେ ଧରି ମନ୍ଦିରର ଭଣ୍ଡାର ଦୁଆରଠାରୁ ନେଇଥାନ୍ତି।
train/img_03212.jpg,ଦଶହରାର ଆଡ଼ମ୍ବର ବ୍ୟତୀତ କଟକ ମଧ୍ୟ ଚାନ୍ଦି ମେଢ଼ ଲାଗି ପ୍ରସିଦ୍ଧ ।
train/img_03213.jpg,"ଓଡ଼ିଆ, ବଙ୍ଗଳା, ସାନ୍ତାଳୀ, କୁର୍ମାଳୀ, ଆସାମୀ, ମୈଥିଳୀ ଆଦି ଭାଷାରେ ଏହା ପରିଦୃଷ୍ଟ ।"
train/img_03214.jpg,କୋକିଲା ହୁଙ୍କାରେ ଭ୍ରମର ଝଙ୍କାରେ
train/img_03215.jpg,ଏହିଭଳି ଅନେକ ସାମାଜିକ ଘଟଣା ଝୁମର ଗୀତରେ ସୁଲଭ ।
train/img_03216.jpg,ଆଖ୍ ଠାରା ଠାରି ।
train/img_03217.jpg,"ଆରବର ଐତିହାସିକମାନେ ଖ୍ରୀ ୮ମ ଶତାବ୍ଦୀରେ ଜାଭାରେ ଶାସନ କରୁଥିବା ଓ କାମ୍ବୋଡିଆ, ଚମ୍ପାରେ ପ୍ରଭାବ ବିସ୍ତାର କରିଥିବା ଶୈଳେନ୍ଦ୍ର ବଂଶ କଳିଙ୍ଗରୁ ବୋଲି କହିଛନ୍ତି ।"
train/img_03218.jpg,ବ୍ରିଟିଶମାନେ ସଂସଦ ମାଧ୍ୟମରେ ଉପନିବେଶଗୁଡିକ ପରିଚାଳନା କରିବାକୁ ଜିଦ୍ ଧରିଥିଲେ ଯେଉଁଥିରେ କୌଣସି ଆମେରିକୀୟ ନିର୍ବାଚନ ମଣ୍ଡଳୀ ପାଇଁ କୌଣସି ପ୍ରତିନିଧୀ ଦାୟୀ ନଥିଲେ ଏବଂ ବିବାଦ ଯୁଦ୍ଧରେ ପରିଣତ ହୋଇଥିଲା।
train/img_03219.jpg,ପରେ ରୀତିଯୁଗ ଓ ଆଧୁନିକ ଓଡ଼ିଆ ସାହିତ୍ୟର ଆରମ୍ଭ ହୋଇଥିଲା ।
train/img_03220.jpg,"କୋରାପୁଟ, ମାଲକାନାଗିରି ଆଦି ଜିଲ୍ଲା ଗୁଡିକରେ କନ୍ଧ, କୋହ୍ଲ, ସାନ୍ତାଳ ଜାତିର ଆଦିବାସୀମାନେ ବହୁତ ପରିମାଣରେ ଏହି ବୃତ୍ତି ସହିତ ଜଡ଼ିତ ।"
train/img_03221.jpg,ଜୋବ୍ରା ପୋଲ
train/img_03222.jpg,ସମ୍ପ୍ରତି ମାତ୍ର ଚାରି ଘର ଏହି ଓଝା ମହାରଣା ସେବା ନିର୍ବାହ କରୁଛନ୍ତି।
train/img_03223.jpg,ଯାହା ଦେଖି କୌରବମାନଙ୍କ ମନ ବିଷର୍ଣ୍ଣ ହୋଇଗଲା ।
train/img_03224.jpg,ଓଡ଼ିଶାରେ ବୋଲାଯାଉଥିବା 'ପାଲା' ମାନ 'କବିକର୍ଣ୍ଣ' ବିରଚିତ ବଙ୍ଗଳା ପାଞ୍ଚାଳ ଛନ୍ଦରେ ରଚିତ ।
train/img_03225.jpg,ବନାରସୀ ଚୁଡ଼ି ହାତେ ପିନ୍ଧାଇଲି
train/img_03226.jpg,ତା ସାଙ୍କକୁ ଏହି ଜିଲ୍ଲାର ବିଶେଷ ଓ ମୁଖ୍ୟ ଲୋକ ମହୋତ୍ସବ ହେଲା ‘ପରବ’।
train/img_03227.jpg,"ସେ ପ୍ରଥମେ ବଙ୍ଗଳା ଭାଷାରେ ଛୋଟ ଗଳ୍ପ ଲେଖିଥିଲେ ତା ନାମ ""ଭିକରିଣୀ""(ଭିକାରି ସ୍ତ୍ରୀ ଲୋକ)"
train/img_03228.jpg,ବାଇଶି ପାହାଚରେ ପିତୃପୁରୁଷଙ୍କୁ ଶ୍ରାଦ୍ଧ ଦିଆଯାଏ ।
train/img_03229.jpg,"ଚୈତନ୍ୟ ଚରିତାମୃତ ଗ୍ରନ୍ଥରୁ ଜଣାଯାଏ, ଶ୍ରୀଚୈତନ୍ୟ ତାଙ୍କ ପାର୍ଷଦମାନଙ୍କ ସହିତ ରଥଯାତ୍ରା ସମୟରେ ଗୁଣ୍ଡିଚା ମନ୍ଦିର ମାର୍ଜନା କରୁଥିଲେ।"
train/img_03230.jpg,ଯେଉଁଥିରେ ଶତାଧିକ ଲୋକ ମୃତ୍ୟୁବରଣ କରିଥିଲେ।
train/img_03231.jpg,ମୋହନା
train/img_03232.jpg,ବନ୍ଦେ ଉତ୍କଳ ଜନନୀ
train/img_03233.jpg,ପତି ନାହିଁ ପଲଙ୍କ ଉପରେ
train/img_03234.jpg,ଏହି ଗ୍ରନ୍ଥଟି ୩୦ ଭାଗରେ ବିଭକ୍ତ ଓ ପ୍ରତି ଭାଗକୁ ପାରା କୁହାଯାଏ ।
train/img_03235.jpg,ଚୁଲି ଲଗାଇ ନିୟମିତ ରୋଷେଇ କରିବା ମହିଳାଙ୍କ କାର୍ଯ୍ୟ ।
train/img_03236.jpg,"ଇନ୍ଦ୍ରମଣି ସାହୁ (୧୯୨୩-୨୦୦୬ ) - ସେ ""ଝରମଲ୍ଲୀ"" (୧୯୫୩) ଏବଂ ""କୋଶଳୀ ରାମାୟଣ"" (୧୯୯୭) ଲେଖିଥିଲେ ।"
train/img_03237.jpg,ଏହା ଅଧୁନା ଖଡ଼ିଆଳ ଶାଖା ସଂଗ୍ରହାଳୟରେ ରହିଛି ।
train/img_03238.jpg,ଭୁବନେଶ୍ୱର ସହର ମଧ୍ୟରେ ୪ ଗୋଟି ରେଳଷ୍ଟେସନ ଅବସ୍ଥିତ ।
train/img_03239.jpg,"ଅନ୍ୟ ଖେଳ ମଧ୍ୟରୁ ଭାରତ ବ୍ୟାଡମିନ୍ଟନ, ଟେନିସ, ବନ୍ଧୁକ ଚାଳଣାରେ ବହୁ ସଫଳତା ହାସଲ କରିଛି।"
train/img_03240.jpg,ରାଜା ସଶସ୍ତ୍ର ବାହିନୀର ମୁଖ୍ୟ ।
train/img_03241.jpg,ତତ୍ପରେ ରଥ ପ୍ରଦକ୍ଷିଣ ଓ ମହାପ୍ରଭୁଙ୍କ ଆଜ୍ଞାମାଳ ପାଇ ଲକ୍ଷ୍ମୀ ଠାକୁରାଣୀ ଶ୍ରୀମନ୍ଦିରକୁ ବାହୁଡା଼ ବିଜେ କରିବା ସଙ୍ଗେ ସଙ୍ଗେ ଶ୍ରୀନଅରଠାରୁ ନନ୍ଦିଘୋଷ ଟଣା ଯାଇ ସିଂହଦ୍ୱାରଠାରେ ରଖାଯାଇଥାଏ।
train/img_03242.jpg,ମଧ୍ୟଯୁଗ (୧୭୫୦-୧୮୫୦) : ଏହି ସମୟରେ ବୈଷ୍ଣବବାଦ ଓ କବୀରବାଦର ପ୍ରଭାବ ପଡ଼ିଛି ଝୁମର ଉପରେ ।
train/img_03243.jpg,ସେ କାଳରେ ବ୍ରାହ୍ମୀ (ବ୍ରାହ୍ମୀ/ ) ଲିପିରେ ଲେଖାଯାଉଥିଲା ଏ ଭାଷା ।
train/img_03244.jpg,ଭୂଟାନରେ ମଧ୍ୟ କିଛିସଂଖ୍ଯକ ଅସମୀୟା ଭାଷୀ ଲୋକ ଅଛନ୍ତି ।
train/img_03245.jpg,ପିଠାପଣା
train/img_03246.jpg,"ମନ୍ଦିରର ପୂର୍ବଦିଗରେ ଅନନ୍ତଶୟନ ବାସୁଦେବ, ଦକ୍ଷିଣ ପଶ୍ଚିମ କୋଣରେ ମୁକ୍ତେଶ୍ୱର ମହାଦେବ, ପଶ୍ଚିମରେ ମୁକ୍ତିମଣ୍ଡପ ଏବଂ ଉତ୍ତର ଦିଗରେ ସୂର୍ଯ୍ୟ ପୂଜା ମଣ୍ଡପାଦିଦ୍ୱାରା ପରିବେଷ୍ଟିତ ରହି ଏକ ପ୍ରକାର ଅବହେଳିତ ତଥା ଲୋକଲୋଚନର ଅଗୋଚରରେ ରହିଛି ।"
train/img_03247.jpg,"ମୈଥିଳୀ ଭାଷା କହୁଥିବା ମୂଳ ଅଧିବାସି ବିହାର, ଝାଡ଼ଖଣ୍ଡ, ପଶ୍ଚିମବଙ୍ଗ ଓ ନେପାଳର ଦକ୍ଷିଣ-ପଶ୍ଚିମ ଭାଗରେ ରହିଥାନ୍ତି ।"
train/img_03248.jpg,କିନ୍ତୁ କେତେକ ନିର୍ଦ୍ଦିଷ୍ଟ କାରଣ ଯୋଗୁଁ ନନ୍ଦନକାନନ କର୍ତ୍ତୃପକ୍ଷ ଆଉ ହସ୍ତୀ ଯୋଗାଉ ନାହାନ୍ତି।
train/img_03249.jpg,"କୋରାପୁଟ, ମାଲକାନାଗିରି ଆଦି ଜିଲ୍ଲା ଗୁଡିକରେ କନ୍ଧ, କୋହ୍ଲ, ସାନ୍ତାଳ ଜାତିର ଆଦିବାସୀମାନେ ବହୁତ ପରିମାଣରେ ଏହି ବୃତ୍ତି ସହିତ ଜଡ଼ିତ ।"
train/img_03250.jpg,ପଶ୍ଚିମରେ: କଳାହାଣ୍ଡି ଜିଲ୍ଲା
train/img_03251.jpg,ସମଗ୍ର ବିଶ୍ୱରେ ବିଭିନ୍ନ ପ୍ରକାର ଲୋକନାଟକ ପ୍ରଚଳିତ ।
train/img_03252.jpg,ଏହାକୁ ଉତ୍ତର-ପୂର୍ବ ଭାରତର ପ୍ରବେଶ ଦ୍ୱାର ମଧ୍ୟ କୁହାଯାଏ ।
train/img_03253.jpg,ହରେରାମ ହରେରାମ ରାମ ରାମ ହରେହରେ ।
train/img_03254.jpg,ଯଥା : ଶ୍ରୀରାମଚନ୍ଦ୍ର ଦେବ ମୋଗଲ ହେବାରୁ ରାମଚନ୍ଦ୍ର ବଡ଼ଜେନା ରାଉତ ରାଜୁତିରେ ମୁନିମ୍ ଖାଁ ଡରରେ ପାଲରେ ପଡି ମୋଗଲ ବୋଲାଇଲେ ।
train/img_03255.jpg,ପୁରୁଷ: ୭୧ ୫୫
train/img_03256.jpg,ବିହାର ଓ ଓଡ଼ିଶାର ଲ୍ୟୁଟନାଣ୍ଟ ଗଭର୍ଣ୍ଣରଙ୍କ ଗ୍ରୀଷ୍ମ ଛୁଟି କଟାଇବା ପାଇଁ ଏହା ୧୯୧୩-୧୪ରେ ତିଆରି କରାଯାଇଥିଲା ।
train/img_03257.jpg,ସାନ୍ତାଳୀ ଭାଷା ଆନ୍ଦୋଳନ
train/img_03258.jpg,(ଖ) ରୂପକ : ‘‘ତୋମା ବିନେ ବିଧୂମୁଖୀ
train/img_03259.jpg,ସାହିତ୍ୟିକ
train/img_03260.jpg,ମୂର୍ତ୍ତିର ଉଚ୍ଚତା ୫ ଫୁଟ।
train/img_03261.jpg,ଘଟଣା ଓ ଦୁର୍ଘଟଣା
train/img_03262.jpg,: : (୩୨୪ )
train/img_03263.jpg,ଭାରତୀୟ ଉପମହାଦ୍ୱୀପର ପୂର୍ବ ଭୂଖଣ୍ଡରେ ଅବସ୍ଥିତ କଳିଙ୍ଗ ପ୍ରାଚୀନ ସମୟରେ ଗଙ୍ଗା ନଦୀର ଦକ୍ଷିଣ ତଟରୁ ଗୋଦାବରୀ ନଦୀ ପର୍ଯ୍ୟନ୍ତ ବିସ୍ତୃତ ଥିଲା ।
train/img_03264.jpg,ଲକ୍ଷ୍ମୀ ଶ୍ରୀମନ୍ଦିରରୁ ଶ୍ରୀଜୀଉଙ୍କର ଦର୍ଶନ ନିମନ୍ତେ ଗୁପ୍ତରେ ଯାଇ ଏକାନ୍ତରେ ଦର୍ଶନ କରି ମୋହାଞ୍ଜନରେ ପ୍ରଭୁଙ୍କୁ ମୁଗ୍ଧ କରିଥିବାରୁ ପରେ ପ୍ରତ୍ୟାଗମନ ପାଇଁ ରଥ ଦକ୍ଷିଣାଭିମୁଖ କରାଯିବା ନିମନ୍ତେ ଆଦେଶ ଦିଆଗଲା ।
train/img_03265.jpg,"ଗୋପାଳ ଛୋଟରାୟଙ୍କ ଅନେକ ନାଟକ, ଚୌଧୁରୀ ହେମକାନ୍ତ ମିଶ୍ରଙ୍କ ରମ୍ୟ ରଚନା ବ୍ୟଙ୍ଗ ସାହିତ୍ୟରେ ଅନେକ ନୂଆ ଫରଦ ଯୋଡ଼ିଛନ୍ତି ।"
train/img_03266.jpg,ଏହା ଅନ୍ତର୍ଜାତୀୟ ସ୍ତରରେ ପ୍ରକାଶ ପାଉଥିବା ପୁସ୍ତକଗୁଡ଼ିକର ୧୩ଅଙ୍କ ବିଶିଷ୍ଟ ଏକ ଏକକ ପରିଚୟ ସଂଖ୍ୟା (ୟୁନିକ ଆଇଡେଣ୍ଟିଫିକେସନ ନମ୍ବର) ।
train/img_03267.jpg,ଏଥିମଧ୍ୟରୁ ଶିମିଳିପାଳ ଜାତୀୟ ଉଦ୍ୟାନ ବ୍ୟାଘ୍ର ସଂରକ୍ଷଣ କେନ୍ଦ୍ର ଭାବେ ପ୍ରସିଦ୍ଧ ।
train/img_03268.jpg,"ଭୁବନେଶ୍ୱର, ସମଗ୍ର ପୂର୍ବ ଭାରତରେ ଏକ ବଡ଼ ଶିକ୍ଷା କେନ୍ଦ୍ର ଭାବରେ ଉଭା ହୋଇଛି ।"
train/img_03269.jpg,ଭୁବନେଶ୍ୱର ତା ନିଜ ପବନ କାରଣରୁ ମଧ୍ୟ ପ୍ରସିଦ୍ଧ ।
train/img_03270.jpg,ଦେଉଳ ସ୍ଥାପତ୍ୟ
train/img_03271.jpg,"ଏହି ସଂଘର୍ଷରେ ସାହିତ୍ୟରେ ପୂର୍ବବର୍ତ୍ତୀ ଧାରା ସେହି ଏକା ଦିନରେ ତିରେ।ହିତ ହୋଇ ଯାଇ ନଥିଲା, ସେହିପରି ଆଧୁନିକ ଯୁଗର ସୃଷ୍ଟି ଇତିହାସ କୌଣସି ଏକ ନିର୍ଦ୍ଦିଷ୍ଟ ବିନ୍ଦୁରୁ ସାହସ।"
train/img_03272.jpg,ଶ୍ରୀମନ୍ଦିର ପ୍ରଶାସନ ତରଫରୁ ଏହି ମଠକୁ ଗୁଣ୍ଡିଚା ମନ୍ଦିରଠାରେ ସାମୟିକ ଭାବେ ପନ୍ତି ଚାଳି ନିର୍ମାଣ କରିବା ପାଇଁ ଅନୁମତି ଦିଆଯାଇଥାଏ।
train/img_03273.jpg,ଏହା ୧୯୫୪ ମସିହାରୁ କାର୍ଯ୍ୟରତ।
train/img_03274.jpg,"ଆଉ ସମସ୍ତଙ୍କର ଥାଏ ଏକ ନିଆରା କିମ୍ବଦନ୍ତୀ, ଏକ ଅଲଗା ଇତିହାସ, ଭିନ୍ନ ଏକ ପରମ୍ପରା, ଏକ ପରବ, ଏକ ମଉଛବ ।"
train/img_03275.jpg,"ତେଲୁଗୁ ଦକ୍ଷିଣ ଭାରତର ବିଭିନ୍ନ ରାଜବଂଶ ଯଥା କାକଟିଆ, ବିଜୟନଗର ସାମ୍ରାଜ୍ୟ, ପୂର୍ବ ଚାଲୁକ୍ୟ, ପୂର୍ବ ଗଙ୍ଗା, କୁତୁବ ସାହି, ମଦୁରାଇ ନାୟକ, ତଞ୍ଜାଭୁର ନାୟକମାନଙ୍କର ଅଦାଲତଭାଷା ଥିଲା ।"
train/img_03276.jpg,ଗୋଟିଏ ଫର୍ମାଟ ବିନା ବାଦ୍ୟଯନ୍ତ୍ରରେ କେବଳ କଣ୍ଠ ସଙ୍ଗୀତ ଓ ଅନ୍ୟଟି ପୁଲିସ ବ୍ୟାଣ୍ଡ ସହାୟତାରେ ପ୍ରସ୍ତୁତ ସଙ୍ଗୀତ ଥିଲା ।
train/img_03277.jpg,ଲୋକମୁଖରେ କଟକ ’ବାଉନ ବଜାର ତେପନ ଗଳି’ର ସହର ରୂପେ ମଧ୍ୟ ସୁବିଖ୍ୟାତ ।
train/img_03278.jpg,ଜମ୍ବେଶ୍ୱର ରାଜାଙ୍କ ଭକ୍ତିରେ ସନ୍ତୁଷ୍ଟ ହୋଇ ଶ୍ରୀମନ୍ଦିର ଭିତରେ ବାଇଶି ପାହାଚ ନିର୍ମାଣ କରିବାକୁ ଆଜ୍ଞା ଦେଲେ ।
train/img_03279.jpg,କମ୍ପାନୀକୁ ଦ୍ୱୀପପୁଞ୍ଜର ପୂର୍ବପଟେ ଗଭୀର ପୋତାଶ୍ରୟ ମିଳିଲା ଯାହାକି ଉପମହାଦ୍ୱୀପରେ ପ୍ରଥମ ବନ୍ଦର ସ୍ଥାପନ ପାଇଁ ସର୍ବୋତ୍ତମ ଥିଲା।
train/img_03280.jpg,ସେଠାରେ ଦେଉଳର ସବୁ ହିସାବନିକାଶ କରାଯାଉଥିଲା ।
train/img_03281.jpg,ସହର ସମଗ୍ର କ୍ଷେତ୍ରଫଳ ୬୦୩ ବର୍ଗକି ମି (୨୩୩ ବର୍ଗମାଇଲ) ।
train/img_03282.jpg,ଲୋକ ସଭାର ସଞ୍ଚାଳନ ଅଧ୍ୟକ୍ଷ ଓ ରାଜ୍ୟ ସଭାର ସଞ୍ଚାଳନ ଉପ ରାଷ୍ଟ୍ରପତି କରିଥାନ୍ତି।
train/img_03283.jpg,କେବଳ ଆଲୋଚନାର ସୁବିଧା ନିମନ୍ତେ ଏଠାରେ ସେଗୁଡ଼ିକର ନାମୋଲ୍ଲେଖ କରାଗଲା ।
train/img_03284.jpg,କେତେଗୁଡ଼ିକ ମର୍ମସ୍ପର୍ଶୀ ଜୀବନ ଦର୍ଶନ ଧର୍ମୀ ଝୁମର ଗୀତକୁ ଏଠାରେ ଉଦାହରଣ ଭାବରେ ଲକ୍ଷ୍ୟ କରାଯାଇପାରେ ।
train/img_03285.jpg,"ସ୍ୱର୍ଣ୍ଣଚୁଡ଼ ମହାବିଦ୍ୟାଳୟ, ମିତ୍ରପୁର"
train/img_03286.jpg,"କେବଳ ମହାଭାରତ, କେତେକ ପୁରାଣ ଓ ମହା ଗୋବିନ୍ଦ ସୁତ୍ତ ପ୍ରଭୁତି ଗ୍ରନ୍ଥମାନଙ୍କରେ ଏହାର ଉଲ୍ଲେଖ ଦେଖିବାକୁ ମିଳେ ।"
train/img_03287.jpg,ସବୁଠାରୁ ଅଧିକ ଓଡ଼ିଆ ଭାଷାଭାଷୀ ଲୋକ ଏଠାରେ ବାସ କରନ୍ତି ଓ ଓଡ଼ିଆ ଭାଷା ଏହି ରାଜ୍ୟର ମୁଖ୍ୟ ଭାଷା ରୂପେ ପରିଚିତ ଏବଂ ଏହି ରାଜ୍ୟର ୮୨ ପ୍ରତିଶତ ଲୋକ ଓଡ଼ିଆ ଭାଷାକୁ ନିଜର ମାତୃଭାଷା ରୂପେ ବ୍ୟବହାର କରନ୍ତି ।
train/img_03288.jpg,"ସେ ସେଠାରେ କିଛି ମାସ ଧରି ରହିଥିଲେ, ଟାଗୋରଙ୍କ ପରିବାର ବ୍ରିଟେନ ଓ ହୋବର ମେଡ଼ିଆନ ଭିଲାରେ ନିଜେ ଘର କିଣି ଥିଲେ: ୧୮୭୭ ମସିହାରେ ସେଠାରେ ତାଙ୍କ ଝିଅରୀ ଓ ପୁତୁରା (ସୁରେନ୍ଦ୍ର ଓ ଇନ୍ଦିରା ଦେବୀଙ୍କ ପିଲାମାନେ), ଟାଗୋରଙ୍କ ଭାଇ ସତ୍ୟନ୍ଦ୍ରନାଥ ତାଙ୍କ ମା'ଙ୍କ ଏବଂ ତାଙ୍କ ଭାଉଜଙ୍କ ସହ ରହୁଥିଲେ ।"
train/img_03289.jpg,ଖାରବେଳଙ୍କ ସମୟରେ ଅଙ୍କାଯାଇଥିବା ଉଦୟଗିରିର ମଞ୍ଚପୁରୀ ଗୁମ୍ଫାରେ ସବୁଠୁ ପୁରୁଣା ଓଡ଼ିଶୀ ନାଚର ଖୋଦିତ ହୋଇଥିବା ଦେଖିବାକୁ ମିଳିଥାଏ ।
train/img_03290.jpg,ପରିଚୟ
train/img_03291.jpg,: : (୩୨୪ )
train/img_03292.jpg,"ଲିଙ୍ଗରାଜ ଆଇନ ମହାବିଦ୍ୟାଳୟ, ବ୍ରହ୍ମପୁର"
train/img_03293.jpg,ଧୂଷର ଜାଗାସବୁ ଦିଆଯାଇନଥିବା କୋଡ଼ପାଇଁ ।
train/img_03294.jpg,ଏହି ଦପ୍ତରରେ ଜାହାଜ ଗୁଡ଼ିକର ପାଲ ସିଲାଇ ଓ ଲୁଣ ମହଜୁଦ ହୋଇ ରପ୍ତାନି ପାଇଁ ପଠାଯାଉଥିଲା ।
train/img_03295.jpg,ଏ ଅଞ୍ଚଳର ନୌବାଣିଜ୍ୟ ଭିତ୍ତିଭୂମିକୁ ଆଧାର କରି ଗଢ଼ି ଉଠିଛି ପାରାଦୀପ ବନ୍ଦର ।
train/img_03296.jpg,"ସାହିତ୍ୟସନ୍ଧ୍ୟା, କବିତା ଆସର, ପ୍ରତିଭାପୂଜା ପରି କାର୍ଯ୍ୟକ୍ରମଗୁଡ଼ିକର ଆୟୋଜନ କରିଥାଏ।"
train/img_03297.jpg,"ଏ ଜାତୀୟ ମାଈ, ଅଣ୍ଡିରା ସବୁ ହରିଣଙ୍କର ଶିଙ୍ଗଥାଏ।"
train/img_03298.jpg,୨୦୧୨ରେ ସଂସ୍କୃତି ମନ୍ତ୍ରୀ ମହେଶ୍ୱର ମହାନ୍ତିଙ୍କ ଅଧ୍ୟକ୍ଷତାରେ ଏକ ବୈଠକରେ ଏହାକୁ ରାଜ୍ୟ ସଙ୍ଗୀତ ମାନ୍ୟତ ଦିଆଯିବାକୁ ନିଷ୍ପତି ନିଆଗଲା ଓ ଗୃହ ବିଭାଗ ଅନୁମୋଦନ ପାଇଁ ପ୍ରସ୍ତାବ ପଠାଯାଇଥିଲା ।
train/img_03299.jpg,ନରାଜ
train/img_03300.jpg,ସିନ୍ଦୂରେର ବିଂଦୁଦିଲ ଦିନବଂଧୁ
train/img_03301.jpg,ଏହା ମୌର୍ଯ୍ୟଯୁଗୀୟ ହୋଇଥିଲେ ହେଁ ଏଥିରେ କଳିଙ୍ଗ ପ୍ରସ୍ତର କଳା ରହିଛି ।
train/img_03302.jpg,", ଏବେ ଓଡ଼ିଶାରେ ୩୦ଟି ଜିଲ୍ଲା ରହିଛି ।"
train/img_03303.jpg,ସୁଖୋଥାଇ ରାଜ୍ୟ ଉତ୍ତର-ମଧ୍ୟ ଥାଇଲ୍ୟାଣ୍ଡର ସୁଖୋଥାଇ ସହର ନିକଟବର୍ତି ଅଞ୍ଚଳର ଏକ ରାଜ୍ୟ ଥିଲା ୧୨୩୮ରୁ ୧୪୩୮ ପର୍ଯ୍ୟନ୍ତ ଏହି ରାଜ୍ୟ ବିଦ୍ୟମାନ ଥିଲା
train/img_03304.jpg,"ପୁନଶ୍ଚ ମୟୁରଭଞ୍ଜର ସୁଯୋଗ୍ୟ ମହାରାଜା କୃଷ୍ଣଚନ୍ଦ୍ର ଭଞ୍ଜଦେଓ, ରାମଚନ୍ଦ୍ର ଭଞ୍ଜଦେଓ, ପୂର୍ଣ୍ଣଚନ୍ଦ୍ର ଭଞ୍ଜଦେଓ ଏବଂ ପ୍ରତାପଚନ୍ଦ୍ର ଭଞ୍ଜଦେଓ ପ୍ରମୁଖ ରାଜନ୍ୟବର୍ଗଙ୍କ ପୃଷ୍ଠେପୋଷକତା ମଧ୍ୟ ଝୁମର ଗୀତ-ନୃତ୍ୟର ବିକାଶରେ ବହୁମାତ୍ରାରେ ସହାୟକ ହୋଇପାରିଛି ।"
train/img_03305.jpg,"ଉତ୍କଳ ସୁରବର-ଦର୍ପିତ-ଗେହା,"
train/img_03306.jpg,"ମାଳିନୀ ନଦୀ, ମିଟିଆଣି (ମୂଷା) ନଦୀ ଓ ମଙ୍ଗଳା ନଦୀ, ଏହି ତିନୋଟି ନଦୀ ପୁରୀ ସ ହରକୁ ପୂର୍ବେ ତିନି ଆଡୁ ବେଢ଼ି ରହିଥିଲା ଏବଂ ଅନ୍ୟ ଦିଗରୁ ସାଗର ବେଢ଼ି ରହିଥିଲା।"
train/img_03307.jpg,ଭଦ୍ରକରେ ୪୮୦୦ କୋଟି ଟଙ୍କାର ୧୧୦୦ ମେଗାୱାଟ୍ ଶକ୍ତି ସମ୍ପନ୍ନ କାରଖାନା ପ୍ରସ୍ତୁତି ପାଇଁ ବିଶାଖା ପ୍ରସ୍ତାବ ଦେଇଛି।
train/img_03308.jpg,"ଯଥା-ପାନ୍ତାଶାଲିଆ ଝୁମର, ନାଚୁଣୀ ଶାଲିଆ ଝୁମର, କାଠିନାଚିଆ ଝୁମର, ଜାଅଆ ନାଚିଆ ଝୁମର, ବିବାହକାଳୀନ ଝୁମର, ଔପାସନିକ ଝୁମର ,ସଖୀନାଚିଆ ଝୁମର, ମହଡ଼ା ନାଚିଆ ଝୁମର, ବୈଠକ ଝୁମର, ଛଉ ନାଚିଆ ଝୁମର।"
train/img_03309.jpg,ଟେରାକୋଟା ଏବଂ କୁମ୍ଭାର
train/img_03310.jpg,ପ୍ରଶାସନିକ ବ୍ୟବସ୍ଥା
train/img_03311.jpg,ଏହା ଓଡ଼ିଆ କଥାଚିତ୍ରକୁ ଆଗକୁ ଦିଗ ଦେଖାଇଥିଲା ।
train/img_03312.jpg,ତପସୁ ଓ ବହ୍ଲିକ ନାମକ ଦୁଇ ଭାଇ ୫୦୦ ଶଗଡ଼ରେ ବଣିଜ କରବା ନିମନ୍ତେ ପଣ୍ୟ ନେଇ ଯିବା ସମୟରେ ଉରୁବେଳା ନିକଟରେ ଭଗବାନ ବୁଦ୍ଧଙ୍କ ସହ ତାଙ୍କର ସାକ୍ଷାତ ହୋଇଥିଲା ।
train/img_03313.jpg,ଓଡ଼ିଶାର ରାଜ୍ୟପାଳମାନଙ୍କର ତାଲିକା
train/img_03314.jpg,ରାଜ ଭବନ: ଏହା ବ୍ରିଟିଶ ଅମଲରେ ଗଭର୍ଣ୍ଣର ହାଉସ ଭାବେ ଜଣାଶୁଣା ଥିଲା ।
train/img_03315.jpg,ହାତୀଗୁମ୍ଫା ଶିଳାଲେଖ ଅନୁସାରେ ଖାରବେଳ ୧୬ ବର୍ଷ ବୟସରେ ଯୁବରାଜ ଘୋଷିତ ହୋଇଥିଲେ ଏବଂ ସେହି ପଦବୀରେ ୯ ବର୍ଷ ପର୍ଯ୍ୟନ୍ତ ରହିଥିଲେ ।
train/img_03316.jpg,ଆର ଆଇ ଟି
train/img_03317.jpg,ଗଞ୍ଜାମ ଜିଲ୍ଲା
train/img_03318.jpg,"ଶ୍ୟାମତ୍ରିଭଙ୍ଗ କାଲଭୁଜଙ୍ଗ, ଦଂଶନ କରିଲ ରେ"
train/img_03319.jpg,ଫିରିଙ୍ଗି ଶାସନ
train/img_03320.jpg,ମହିଳା: ୪୭ ୨୭
train/img_03321.jpg,ରାମକୃଷ୍ଣ ମିଶନ: ଏହା ୧୯୨୫ ମସିହାରେ ପ୍ରତିଷ୍ଠା ହୋଇଥିଲା ।
train/img_03322.jpg,"ଦେବଗଡ଼ ଜିଲ୍ଲାର ଆୟତନ ୨,୭୮୨ ବର୍ଗ କିମି୤"
train/img_03323.jpg,"ଶବ୍ଦ ମଧ୍ୟର ସ୍ୱରବର୍ଣ୍ଣ ହଟିଯିବାର ବ୍ୟତିକ୍ରମ : - ଦ୍ୱୈତସ୍ୱରରେ ( ) ଦେଖିବାକୁ ମିଳେ ଅର୍ଥାତ୍ ଶବ୍ଦ ମଧ୍ୟର ସ୍ୱର ସାଧାରଣତଃ ହଟିଯାଏ, କିନ୍ତୁ - ଯୋଡ଼ା ଥିଲେ ହଟେ ନାହିଁ"
train/img_03324.jpg,ତା ପରେ ରାଜା ପ୍ରତାପ ବଳଭଦ୍ର ଭଞ୍ଜଙ୍କ (୧୭୬୪-୧୭୯୨) ସମୟରେ ଟିଲୋ ଓ ଯୁଝପଡ଼ା ଅଞ୍ଚଳ ଦୁଇଟିକୁକଣ୍ଟାଝରି ଜମିଦାରୀରୁ କିଣାଯାଇ ରାଜ୍ୟରେ ମିଶାଗଲା ।
train/img_03325.jpg,"ଭିତର ବଖରାରେ ମା' ଭୁବନେଶ୍ୱରୀ ବିଦ୍ୟମାନ ଓ ତାଙ୍କୁ କମଳା ସତ୍ୟଭାମା ରୂପେ ସମ୍ବୋଧିତ କରାଯାଇଥାଏ।ବାହାର ବଖରାର ବାମ ପଟେ ମା'ସରସ୍ୱତୀ, ନୃସିଂହ ଓ ଡାହାଣ ପଟେ ଷଷ୍ଠୀ, ସାବିତ୍ରୀ, ଗାୟତ୍ରୀ ଓ ମନଷୀ ପୂଜିତ ହେଉଛନ୍ତି।"
train/img_03326.jpg,କିଛି ପ୍ରମୁଖ ବୈଶିଷ୍ଟ୍ୟଗୁଡ଼ିକ ମଧ୍ୟରେ ରହିଛି-
train/img_03327.jpg,ଉତ୍କଳ ପ୍ରସଂଗ - ସେପ୍ଟେମ୍ବର ୨୦୧୦
train/img_03328.jpg,"ପୁରୁଷ: ୧୦,୫୫,୭୨୩"
train/img_03329.jpg,ଚିତ୍ତ ରଞ୍ଜନ ମିତ୍ର ଏହାର ନିର୍ଦ୍ଦେଶନା ଦେଇଥିଲେ।
train/img_03330.jpg,"ଛ ବର୍ଷରୁ କମ: ୨,୪୯,୦୨୦"
train/img_03331.jpg,"କେଉଁ ସେବକଙ୍କର କି କି ସମସ୍ୟା ରହିଛି, କିଏ କି ଅସୁବିଧାରେ ପଡ଼ିଛି, ଠାକୁରଙ୍କ ରୀତିନୀତିର କିଛି ଅସୁବିଧା ରହିଛି କି, କିଏ କିଛି ଭୁଲ କରିଛି କି, କିଏ ଭଣ୍ଡ କାମ କରିଛି କି ନାଁ ନାହିଁ, ଏସବୁ ଅସୁବିଧାର ସମାଧାନ ସେଠାରେ ହେଉଥିଲା ।"
train/img_03332.jpg,ତାମିଲନାଡୁର ତଞ୍ଜାଭୁର ମରାଠାଙ୍କ ଭଳି ଅଣ-ତେଲୁଗୁ ରାଜବଂଶମାନେ ମଧ୍ୟ ତେଲୁଗୁକୁ ନିଜ ମାତୃଭୂମି ବାହାରେ ଅମଲାତନ୍ତ୍ରର ଭାଷା ଭାବରେ ଆନୁଷ୍ଠାନିକ ଭାବରେ ବ୍ୟବହାର କରୁଥିଲେ ।
train/img_03333.jpg,ଏହା ବୁଦ୍ଧଙ୍କ ଜନ୍ମ ସମୟରେ ସୃଷ୍ଟି ହୋଇଥିଲା ।
train/img_03334.jpg,"(ଝୁମର ସଂଗୀତରେ ମୟୂରଭଞ୍ଜ ସଂସ୍କୃତି- ‘‘ଝଉମର ସମୀକ୍ଷା’’ ଡଃ ଆଦିକନ୍ଦ ମହାନ୍ତ, ପୃ-୧୨) ।"
train/img_03335.jpg,"୬-ଔପାସନିକ ଝୁମର : ନିଜର ଆାରାଧ୍ୟ ଦେବାଦେବୀଙ୍କ ଉପାସନା ନିମନ୍ତେ ପରିବେଷଣ କରା ଯାଉଥିବା ଝୁମର, ଔପାସନିକ ଝୁମର ନାମରେ ପରିଚିତ ।"
train/img_03336.jpg,ଓଡ଼ିଶା ଏହାର ମନ୍ଦିରମାନଙ୍କ ପାଇଁ ପୃଥିବୀ ପ୍ରସିଦ୍ଧ ।
train/img_03337.jpg,ଏହା ମଧ୍ୟ ସମବାୟ ଗୋଷ୍ଠୀମାନଙ୍କଦ୍ୱାରା ପ୍ରସ୍ତୁତ ବସ୍ତ୍ର ଗୁଡିକୁ ରାଜ୍ୟ ମଧ୍ୟରେ ବିକ୍ରୟ କରିଥାଏ ।
train/img_03338.jpg,୧୮୧୭ ଖ୍ରୀ ରେ ପାଇକମାନେ ଇଂରେଜ ବିରୋଧରେ ଲଢ଼େଇ ଆରମ୍ଭ କଲେ ।
train/img_03339.jpg,ଚିତ୍ତ ରଞ୍ଜନ ମିତ୍ର ଏହାର ନିର୍ଦ୍ଦେଶନା ଦେଇଥିଲେ।
train/img_03340.jpg,"ବିଭିନ୍ନ ମହଲରୁ ଏକ ଉଚ୍ଚ ନ୍ୟାୟାଳୟର ପ୍ରତିଷ୍ଠା ନିମନ୍ତେ ଜନସାଧାରଣଙ୍କ ଦାବି କ୍ରମେ ଭାରତ ସରକାରଙ୍କ ଆଇନ ବିଭାଗ (ରିଜୋଲ୍ୟୁସନ୍ ତାରିଖ: ୧୯୪୨ ଅଗଷ୍ଟ ୧୯)ଦ୍ୱାରା ଓଡ଼ିଶାରେ ଉଚ୍ଚନ୍ୟାୟାଳୟର ଆବଶ୍ୟକତା ଅନୁଧ୍ୟାନ କରିବା ପାଇଁ ବୀର କିଶୋର ରାୟଙ୍କୁ ଅଧ୍ୟକ୍ଷ, ସି ଏମ୍ ଆଚାର୍ଯ୍ୟ, ବିଚିତ୍ରାନନ୍ଦ ଦାଶ ଓ ନରସିଂହ ରାଓଙ୍କୁ ସଭ୍ୟ ଭାବେ ନେଇ ଏକ କମିଟି ସ୍ଥାପନ କଲେ ।"
train/img_03341.jpg,ରଥଯାତ୍ରା ବେଳେ ଛୁଆମାନଙ୍କୁ ନୂଆ କନା ନୂଆ ଜାମା ପିନ୍ଧାଇ ରଥାଋଢ଼ ବିଗ୍ରହଙ୍କୁ ଦର୍ଶନ କରାଯାଏ ।
train/img_03342.jpg,ନିକଟ ଅତୀତରେ ଦିବାରାତ୍ରି ଖେଳମାନଙ୍କ ଲାଗି ଏଠାରେ ଫ୍ଲଡ୍ ଲାଇଟ୍ ମଧ୍ୟ ଖଞ୍ଜା ଯାଇଛି ।
train/img_03343.jpg,ଝୁମର ଏକ ସଂଗୀତ ବୋଲି ପୂର୍ବରୁ ପ୍ରକାଶିତ ।
train/img_03344.jpg,"ଟାଗୋର ମିଥିଲି ଭାଷାରେ କବିତା ବିଦ୍ୟପତିଙ୍କ ପରି ଲେଖୁଥିଲେ, ବିଦ୍ୟାପତି ହେଉଛନ୍ତି ମିଥିଲି ଭାଷାର ଜଣେ ଖ୍ୟାତନାମ କବି ।"
train/img_03345.jpg,"ସେ ପ୍ରଥମେ ବଙ୍ଗଳା ଭାଷାରେ ଛୋଟ ଗଳ୍ପ ଲେଖିଥିଲେ ତା ନାମ ""ଭିକରିଣୀ""(ଭିକାରି ସ୍ତ୍ରୀ ଲୋକ)"
train/img_03346.jpg,"ସାହିତ୍ୟର କେତେଜଣ ମହନୀୟ ସ୍ରଷ୍ଟା ସାରଳା ଦାସ, ଜାତୀୟ କବି ବୀରକିଶୋର, ଗୋପାଳ ଛୋଟରାୟ, ପ୍ରତିଭା ରାୟ, ବିଭୂତି ପଟ୍ଟନାୟକ ଏଠାରେ ଜନ୍ମ ନେଇଥିଲେ ।"
train/img_03347.jpg,ଏଥିମଧ୍ୟରୁ ଶିମିଳିପାଳ ଜାତୀୟ ଉଦ୍ୟାନ ବ୍ୟାଘ୍ର ସଂରକ୍ଷଣ କେନ୍ଦ୍ର ଭାବେ ପ୍ରସିଦ୍ଧ ।
train/img_03348.jpg,ମହାନ ଭାରତୀୟ
train/img_03349.jpg,ତାଙ୍କ ସମାଧି (ମଜାର ସରିଫ) ଭଦ୍ରକ ସରକାର ନଗରଠାରେ ଅବସ୍ଥିତ।
train/img_03350.jpg,"ବିମାନବଡ଼ୁ ସେବକମାନେ ବିମାନକୁ ଧାରଣ କରି ଘଣ୍ଟ, କାହାଳି, ଛତା ସହ ସିଂହଦ୍ୱାର ଦେଇ ବଡ଼ଦାଣ୍ଡରେ ନେଇ ଗୁଣ୍ଡିଚା ଘର ସମ୍ମୁଖସ୍ଥ ଜଗନ୍ନାଥ ମହାପ୍ରଭୁଙ୍କ ରଥ ପାଶରେ ରଖିଥାନ୍ତି।"
train/img_03351.jpg,ପଥ କହିଲେ ରାସ୍ତାକୁ ବୁଝାଯାଉଅଛି।
train/img_03352.jpg,କିମ୍ବଦନ୍ତୀ ଅନୁଯାୟୀ ପୁରୀ ଏମାର ମଠର ମହନ୍ତ ସେବାୟତ ବର୍ଗ ଜଗନ୍ନାଥଙ୍କ ବାହୁଡ଼ା ଯାତ ଓ ସୁନାବେଶ ସମ୍ପୂର୍ଣ୍ଣ ହେବା ପରେ ଏଠାକୁ ଆସି ବାହୁଡ଼ା ଯାତ୍ରା କରୁଥିଲେ ।
train/img_03353.jpg,"ଏଠାରେ ବିଭିନ୍ନ କିସମର ହରିଣ ସାଙ୍ଗକୁ ହାତୀ, କୁମ୍ଭୀର ଆଦି ୧୮ ପ୍ରକାରର ୧୮୮ଟି ପଶୁପକ୍ଷୀ ରହୁଛନ୍ତି ।"
train/img_03354.jpg,"-ମୁଣ୍ଡା - ବାଙ୍ଗୋମୁଣ୍ଡା , ବଣ୍ଡାମୁଣ୍ଡା , ବରମୁଣ୍ଡା, କୁଆରମୁଣ୍ଡା ଇତ୍ୟାଦି"
train/img_03355.jpg,"ତାହାର ଏକ ଅଂଶ ଏହିପରି ,"
train/img_03356.jpg,ଜିଲ୍ଲାର ପ୍ରଥମ ଅବସ୍ଥାର ଇତିହାସ ଏ ଯାଏଁ ସଂପୂର୍ଣ୍ଣ ସ୍ପଷ୍ଟ ନୁହେଁ ।
train/img_03357.jpg,ଏହିସବୁ କରୁଣ ରସ ପ୍ରଧାନ ଓ ଓଡ଼ିଶାର ଗାଉଁଲି ଜୀବନ ଓ ସାହିତ୍ୟରେ ପ୍ରଧାନ ସାହିତ୍ୟରେ ପ୍ରଧାନ ସ୍ଥାନ ଅଧିକାର କରିଅଛି ।
train/img_03358.jpg,ପଞ୍ଜାବ ରାଜ୍ୟରେ ସାଧାରଣତଃ ଗୁରୁମୁଖୀ ଲିପିକୁ ଲେଖିବା ପାଇଁ ବ୍ୟବହାର କରାଯାଏ ।
train/img_03359.jpg,ନେତାଜୀ ସାରସ୍ୱତ ମଞ୍ଚ
train/img_03360.jpg,"ସ୍ଥାନ ଭେଦରେ ଏହାର ରୂପ, ଲୟ, ପ୍ରକାଶଭଙ୍ଗୀରେ ଭିନ୍ନତା ପରିଲକ୍ଷିତ ହୋଇଥାଏ ସତ ; ମାତ୍ର ଏହା ଏତେ ମାତ୍ରାରେ ଭିନ୍ନ ନୁହେଁ, ଯାହା ଅନ୍ୟ ଝୁମର ସହିତ ଥିବା ସମ୍ପର୍କକୁ ଅସ୍ୱୀକାର କରିବ ।"
train/img_03361.jpg,ଝାଡ଼ଖଣ୍ଡ ରାଜ୍ୟର ଲୋକ ସରକାରୀ ଭାଷା ହିନ୍ଦୀ ବ୍ୟତୀତ ବିଭିନ୍ନ ଆଞ୍ଚଳିକ ଭାଷା ମଧ୍ୟ ବ୍ୟବହାର କରନ୍ତି।
train/img_03362.jpg,"ଅସହଯୋଗ ଆନ୍ଦୋଳନ, ଲବଣ ସତ୍ୟାଗ୍ରହ ଓ ଅସ୍ପୃଶ୍ୟତା ନିବାରଣ ଆଦି କ୍ଷେତ୍ରରେ ଅଳକାଶ୍ରମ ମୁଖ୍ୟ ଭୂମିକା ନିର୍ବାହ କରୁଥିଲା।"
train/img_03363.jpg,ରୋମାନ ସମ୍ରାଟ ତାଇବେରିୟସଙ୍କ ସମୟର ଏକ ମୁଦ୍ରା ଶାଳିହୁନ୍ଦମ୍ ପାଖରେ ଓ ଅନ୍ୟ ସ୍ଥାନମାନଙ୍କରେ ମିଳିଥିବା ରୋମାନ ମୁଦ୍ରାରୁ ରୋମ୍ ସାମ୍ରାଜ୍ୟ ସହିତ ଥିବା ବାଣିଜ୍ୟିକ ସମ୍ପର୍କ ସ୍ପଷ୍ଟ ପ୍ରତିଫଳିତ ହୁଏ ।
train/img_03364.jpg,ପୁରୁଷ: ୬୫ ୫୮
train/img_03365.jpg,ଏହା ଏକ ପ୍ରସିଦ୍ଧ ଚଣ୍ଡୀ ମନ୍ଦିର ଓ ଉତ୍ତର ଓଡି଼ଶାର ଏକ ପ୍ରମୁଖ ଶାକ୍ତ ପୀଠ ।
train/img_03366.jpg,ପାରଳାଖେମୁଣ୍ଡି
train/img_03367.jpg,ଧ୍ବନିବିଜ୍ଞାନ
train/img_03368.jpg,ସଙ୍ଗୀତ
train/img_03369.jpg,"ଏତଦ୍ ବ୍ୟତିତ ଓଡ଼ିଶାର ବିଭିନ୍ନ ଅଞ୍ଚଳରେ ନୂଆଖାଇ, ଶୀତଳ ଷଷ୍ଠୀ, ଧନୁଯାତ୍ରା, ଠାକୁରାଣୀ ଯାତ୍ରା, ଶୁଲିଆ ଯାତ୍ରା, ଗଜଲକ୍ଷ୍ମୀ ଯାତ୍ରା ଆଦି ପ୍ରଧାନ ।"
train/img_03370.jpg,"ତିକ୍ତରସ ମିଶ୍ରିତ କଷାୟରସ, ଉଷ୍ଣବୀର୍ଯ୍ୟ।"
train/img_03371.jpg,କଳିଙ୍ଗ ରାଜୁତି କାଳରେ ଏହା ରାଜଧାନୀ ଥିଲା ।
train/img_03372.jpg,ରଥ ଯାତ୍ରା ପ୍ରତିଶବ୍ଦ
train/img_03373.jpg,ସାଧାରଣ ଦିନର ପାନଠାରୁ ରଜପାନର ସ୍ୱାଦ ସ୍ୱତନ୍ତ୍ର ।
train/img_03374.jpg,ଏହି କାଠସବୁ ନଦୀରେ ଭେଳା କରି ଅଣାଯାଉଥିଲା।
train/img_03375.jpg,ଦହି ପଣା
train/img_03376.jpg,ଶ୍ରୀ ଜଗତେଶ୍ୱର ନାରାୟଣ ଭଞ୍ଜ (୧୭୫୮-୧୭୬୨)
train/img_03377.jpg,"ଓଡ଼ିଶାର ସୁପରିଚିତ ଶିଳ୍ପୀ ବସନ୍ତ ପଣ୍ଡା, ଧର୍ମପଦ ପୁରସ୍କାରପ୍ରାପ୍ତ ଜଳେଶ୍ୱରର ଶିଳ୍ପୀ ଅନନ୍ତ ପଣ୍ଡା ଓ ଉଦୟ ଜେନା ପ୍ରମୁଖ କେତେଜଣ ଶିଳ୍ପୀ ଅନେକ ସୁନ୍ଦର କଳାକୃତି ସବୁ ତିଅରି କରିଛନ୍ତି ।"
train/img_03378.jpg,"ଭୁବନେଶ୍ୱର ଏକ ବାହ୍ୟ ଶିଳ୍ପ କ୍ଷେତ୍ର ସହିତ ଏକ ଆବାସିକ ସହର ଭାବରେ ପରିକଳ୍ପନା କରାଯାଇଥିଲା ୧୯୯୦ ଦଶକ ପର୍ଯ୍ୟନ୍ତ ଅର୍ଥନୀତିରେ କିଛି ପ୍ରମୁଖ ଖେଳାଳି ରହିଥିଲେ ଏବଂ ଖୁଚୁରା ଏବଂ କ୍ଷୁଦ୍ର ଉତ୍ପାଦନଦ୍ୱାରା ପ୍ରାଧାନ୍ୟ ବିସ୍ତାର କରିଥିଲେ ୧୯୯୦ ଦଶକରେ ଭାରତ ସରକାର ଗ୍ରହଣ କରିଥିବା ଆର୍ଥିକ ଉଦାରିକରଣ ନୀତି ସହିତ ଭୁବନେଶ୍ୱର ଟେଲି ଯୋଗାଯୋଗ, ସୂଚନା ପ୍ରଯୁକ୍ତିବିଦ୍ୟା (ଆଇଟି) ଏବଂ ଉଚ୍ଚଶିକ୍ଷାରେ ପୁଞ୍ଜି ବିନିଯୋଗ କରିଥିଲା।"
train/img_03379.jpg,"ମହିଳା: ୧,୫୪,୧୪୭"
train/img_03380.jpg,ଚୀନ
train/img_03381.jpg,ବିଭିନ୍ନ ଦୃଷ୍ଟିକୋଣରୁ ଆଲୋଚକମାନେ ‘ଝୁମର’କୁ ୩ ଭାଗେ ବିଭକ୍ତ କରିଅଛନ୍ତି ।
train/img_03382.jpg,'କେନ୍ଦ୍ରାପଡ଼ା ଜିଲ୍ଲା'ରେ ରାଜ୍ୟସରକାରଙ୍କଦ୍ୱାରା ମାନ୍ୟତାପ୍ରାପ୍ତ ୧୩ଟି ପର୍ଯ୍ୟଟନ ସ୍ଥଳ ରହିଛି ।
train/img_03383.jpg,୧୫୯୨ରେ ମୋଗଲ ସମ୍ରାଟ ଆକବର ବାଲେଶ୍ୱର ଦଖଲ କରି ବହୁକାଳ ଶାସନ କରିଥିଲେ ।
train/img_03384.jpg,ଧ୍ୱଜପମୂର୍ତ୍ତି: ପଞ୍ଚମୁଖୀ ହନୁମାନ ।
train/img_03385.jpg,ଧଉଳି ଓଡ଼ିଶାରେ ଥିବା ଏକ ବୌଦ୍ଧ ବିହାର ଓ ସ୍ତୁପ ।
train/img_03386.jpg,ସୁଗନ୍ଧେ ଜନମନ ହରେ
train/img_03387.jpg,"ଭୁବନେଶ୍ୱରର ପର୍ଶୁରାମେଶ୍ୱର ମନ୍ଦିର, ବୈତାଳ ମନ୍ଦିର, ଶିଶିରେଶ୍ୱର ମନ୍ଦିର, ମାର୍କଣ୍ଡେଶ୍ୱର ମନ୍ଦିର, ମୁକ୍ତେଶ୍ୱର ମନ୍ଦିର, ରାଜରାଣୀ ମନ୍ଦିର, ଲିଙ୍ଗରାଜ ମନ୍ଦିର, ମେଘେଶ୍ୱର ମନ୍ଦିର, ପୁରୀର ଜଗନ୍ନାଥ ମନ୍ଦିର ଏବଂ କୋଣାର୍କର ସୂର୍ଯ୍ୟମନ୍ଦିରର ବର୍ହିଭାଗରେ ଖୋଦିତ ନର୍ତ୍ତକୀ ଓ ନାୟିକାମାନଙ୍କର ଅଙ୍ଗଭଙ୍ଗୀ ଓ ମୁଦ୍ରାରୁ ଓଡ଼ିଶୀ ନୃତ୍ୟର ପରମ୍ପରା ସମୃଦ୍ଧ ହୋଇଥିବା ଜଣାଯାଏ ।"
train/img_03388.jpg,"ଏଠାରେ ବିଶ୍ୱକର୍ମା ମହାରଣା, ରୂପକାର , ଭୋଇ ଇତ୍ୟାଦି ସେବକମାନେ ଶାଢ଼ୀ ବନ୍ଧାଇଥାନ୍ତି।"
train/img_03389.jpg,ରତ୍ନଚିରା
train/img_03390.jpg,ଗୁନମନି ଗୁମନମନି ପ୍ରାନ ପାନି ଆୟ
train/img_03391.jpg,"ଆଳି ମହାବିଦ୍ୟାଳୟ, ଆଳି"
train/img_03392.jpg,"‘‘ଶୂନ୍ୟେ ହାଁସି ପାଇରେ ମନେ,"
train/img_03393.jpg,"ନୀଳାଦ୍ରି ମହୋଦୟରେ ବର୍ଣ୍ଣିତ ହୋଇଛି ଯେ, ନୀଳାଚଳରେ ଦଶ ବର୍ଷ ପର୍ଯ୍ୟନ୍ତ ତ୍ରିକାଳ ପୂଜା କାଳରେ ଭକ୍ତ ସାବଧାନ ଭାବେ ଶ୍ରୀବିଗ୍ରହମାନଙ୍କର ଦର୍ଶନରେ ଯେଉଁ ଫଳ ପାଏ , ସେହି ଫଳ ମହାବେଦୀ ବା ଆଡ଼ପ ମଣ୍ଡପରେ ଗୋଟିଏ ଦିନର ଦର୍ଶନରେ ମିଳେ ।"
train/img_03394.jpg,ବାରବାଟି ଷ୍ଟାଡ଼ିଅମ ( )
train/img_03395.jpg,"ଅନେକ ନଦୀ ଛୋଟା ନାଗପୁର ମାଳଭୂମି ଦେଇ ଯାଇଅଛି, ଯଥା; ଦାମୋଦର, ଉତ୍ତର କୋଏଲ, ବାରକର, ଦକ୍ଷିଣ କୋଏଲ, ସଙ୍କ ଏବଂ ସୁବର୍ଣ୍ଣରେଖା ନଦୀ।"
train/img_03396.jpg,ସାରଳା ଦାସ ଏହି ବାଦ୍ୟକୁ ଏକ ମହିଷାସୁରଙ୍କ ରଣବାଦ୍ୟ ବୋଲି ମଧ୍ୟ ଉଲ୍ଲେଖ କରିଛନ୍ତି ।
train/img_03397.jpg,ପୀଠ ।
train/img_03398.jpg,ଗୁରୁଗାଓଁର ସାକ୍ଷରତା ହାର ୭୫ ୮୭ ଅଟେ ।
train/img_03399.jpg,ଉପଖଣ୍ଡ (ସବ୍ ଡିଭିଜନ): ୦୪
train/img_03400.jpg,ହରପର ଶର ଉର ଜର ଜର କର ଗୋ
train/img_03401.jpg,"ବିଜୁ ପଟ୍ଟନାୟକ: ୧୯୭୭, ୧୯୮୦ ଓ ୧୯୮୪"
train/img_03402.jpg,"ବଙ୍ଗଳାଦେଶର କ୍ଷେତ୍ରଫଳ ୧୪,୮୫୬୦ ବର୍ଗ କିଲୋମିଟର (୫୭,୩୬୦ ବର୍ଗ ମାଇଲ) ।"
train/img_03403.jpg,"୧୯୩୪ ମସିହାରେ ବିହାରରେ ବଡ଼ ଧରଣର ଭୂମିକମ୍ପ ହୋଇଥିଲା, ସେଥିରେ ହଜାର ହଜାର ଲୋକ ମୃତାହତ ହୋଇଥିଲ।"
train/img_03404.jpg,"ତନ୍ମଧ୍ୟରେ ଭାରତୀୟ ଜନତା ପାର୍ଟି, ଭାରତୀୟ ଜାତୀୟ କଂଗ୍ରେସ ଭଳି ପ୍ରମୁଖ ଦଳଗୁଡିକ ସହ ୪୦ଟି ପ୍ରାଦେଶିକ ଦଳ ମଧ୍ୟ ଅନ୍ତର୍ଭୁକ୍ତ ।"
train/img_03405.jpg,"ରଜରେ ପୋଡ଼ ପିଠା ଓ ପାନ ଖିଆ ସହିତ ଝିଅମାନଙ୍କ ରଜ ଦୋଳି ଓ ପୁଚି ଖେଳ ସହ ପୁଅମାନଙ୍କ ଲୁଡୁ, ତାସ, ବାଗୁଡ଼ି ଆଦି ଖେଳି ଏହି ଦିବସଟି ପାଳନ କରାଯାଇଥାଏ ।"
train/img_03406.jpg,କିରିବୁରୁ ହିଲ୍ ଟପ୍ (ବଡ଼ବିଲ)
train/img_03407.jpg,ସାକ୍ଷରତା ହାର ୫୪ ୨୯
train/img_03408.jpg,"ଏଥି ନିମନ୍ତେ ଶାଳ, ଗମ୍ଭାରୀ ଇତ୍ୟାଦି କାଠ ସ୍ୱତନ୍ତ୍ର ଭାବେ ଜଙ୍ଗଲ ବିଭାଗ ଯୋଗାଇଥାନ୍ତି।"
train/img_03409.jpg,ଏ ଜାତିର 'ବିଶ୍ୱାସ' ଟିକକ ହସ୍ତାନ୍ତର ହୋଇ ନଯାଉ କି ମନୋବଳ ଭାଙ୍ଗି ଚୁରମାର ହୋଇ ନଯାଉ ।
train/img_03410.jpg,ବିଶ୍ୱ ମୁସଲମାନ ସମୁଦାୟର ପ୍ରାୟ ୨୦ ଭାଗ ଲୋକ ମଧ୍ଯପ୍ରାଚ୍ଯ ଏବଂ ଉତ୍ତର ଆଫ୍ରିକାରେ ରହନ୍ତି ।
train/img_03411.jpg,ଶ୍ରୀମନ୍ଦିର ପ୍ରଶାସନ ପକ୍ଷରୁ ପଦାଧିକାରୀ ଛେରା ପହଁରା ନିମିତ୍ତ ଗୁଣ୍ଡିଚା ମନ୍ଦିରଠାରୁ ଶ୍ରୀନଅର ଅଭିମୁଖେ ଯାଇଥାନ୍ତି।
train/img_03412.jpg,ଶ୍ରୀମନ୍ଦିରର ଭିତର ବେଢ଼ା ଚଟାଣଠାରୁ ୭/୮ ଫୁଟ୍ ତଳେ ମାର୍କଣ୍ଡେୟ ମନ୍ଦିରର ଗର୍ଭ ଗୃହସ୍ଥ ମଧ୍ୟ ଭାଗରେ ମାର୍କଣ୍ଡେଶ୍ୱର ଶିବଲିଙ୍ଗ ବିଦ୍ୟମାନ।ମୃତ୍ୟୁଞ୍ଜୟ ଦେବ ରାଜଗୁରୁ କେଶରୀ ବଂଶର ରାଜା ଉଦ୍ୟୋତ କେଶରୀଙ୍କ ସମୟରେ ସ୍ଥାପନ ହୋଇଥିବା ଜଣାଯାଏ।ଉତ୍ତରାଭିମୁଖୀ ମାଧବ (ବଟ ନାରାୟଣ) ବିଗ୍ରହ ମାର୍କଣ୍ଡେଶ୍ୱରଙ୍କ ଲିଙ୍ଗ ସମ୍ମୁଖରେ ରହିଛନ୍ତି।ଏଣୁ ଯଥାର୍ଥରେ ଧ୍ୟାନ କରାଯାଏ-
train/img_03413.jpg,ସଂସ୍କୃତ ଭାଷାର ପଦାତିକ ଶବ୍ଦରୁ ପାଇକ ଶବ୍ଦ ଆସିଛି ଓ ଏହିଭଳି ଶିକ୍ଷା କେନ୍ଦ୍ରକୁ ଆଖଡ଼ା କୁହାଯାଏ ।
train/img_03414.jpg,ଏ ରାଜା ବାଙ୍କୀ ମୁହାଣ ପୋତାଇଲେ ।
train/img_03415.jpg,କଳିଙ୍ଗ ଶୈଳୀରେ ନିର୍ମିତ ଏହି ମନ୍ଦିରଗୁଡ଼ିକ ସ୍ଥାପତ୍ୟ ଦୃଷ୍ଟିରୁ ତିନି ପ୍ରକାର ।
train/img_03416.jpg,୧୯୨୨ରେ ଉତ୍କଳମଣି ଗୋପବନ୍ଧୁ ଦାସଙ୍କ କରକମଳରେ ଏହା ଉଦଘାଟିତ ହୋଇଥିଲା ।
train/img_03417.jpg,"ଆଚାର୍ଯ୍ୟ ହରିହର ଆଞ୍ଚଳିକ କର୍କଟ କେନ୍ଦ୍ର, କଟକ"
train/img_03418.jpg,ତାଙ୍କ ବାପାଙ୍କ ନାମ ଦେବେନ୍ଦ୍ରନାଥ ଟାଗୋର (୧୮୧୭-୧୯୦୫) ଓ ମା'ଙ୍କ ନାମ ଶାରଦା ଦେବୀ(୧୮୩୦-୧୮୭୫) ଥିଲା ।
train/img_03419.jpg,"ଜିଲ୍ଲା ନ୍ୟାୟପାଳିକା, କଳାହାଣ୍ଡି"
train/img_03420.jpg,"ଉଇକିପ୍ରକଳ୍ପମାନଙ୍କରେ ଲେଖକ-ସମ୍ପାଦକ ମାନଙ୍କ ପାଇଁ ଉପଦେଶ ଥାଏ, ଆପେଆପେ ଚାଳିତ ସଭ୍ୟ ( ) ବ୍ୟବହାର କରି ସଙ୍ଘର ବିଚାରରେ ଥିବା ପ୍ରସଙ୍ଗର କି କି ବଦଳ ହେଉଛି ତାହା ଲକ୍ଷ କରାଯାଇଥାଏ ଓ ସଭ୍ୟମାନେ ବ୍ୟବହାର କରୁଥିବା ଉପକରଣ ଓ ଛାଞ୍ଚର ସୁବିଧାଜନକ ତାଲିକାମାନ ତିଆରି କରାଯାଇଥାଏ ।"
train/img_03421.jpg,ସମୁଦାୟ ଜନସଂଖ୍ୟାର ୪୪ ୫ ହେଉଛନ୍ତି ଆଦିବାସୀ ଏବଂ ୧୧ ୬୨ ହେଉଛନ୍ତି ହରିଜନ ।
train/img_03422.jpg,"ବିଧାନସଭା ବୈଠକ ବାଚସ୍ପତିଙ୍କ ଦ୍ୱାରା କିମ୍ବା ବାଚସ୍ପତିଙ୍କ ଅନୁପସ୍ଥିତିରେ ଉପବାଚସ୍ପତିଙ୍କ ଦ୍ୱାରା ଅଧ୍ୟକ୍ଷତା କରାଯାଏ ।କାର୍ଯ୍ୟପାଳିକା କର୍ତ୍ତୃପକ୍ଷ ଓଡ଼ିଶାର ମୁଖ୍ୟମନ୍ତ୍ରୀଙ୍କ ନେତୃତ୍ୱରେ ମନ୍ତ୍ରୀ ପରିଷଦ ଉପରେ ନ୍ୟସ୍ତ , ଯଦିଓ ସରକାରର ମୁଖ୍ୟ ହେଉଛନ୍ତି ଓଡ଼ିଶାର ରାଜ୍ୟପାଳ ।"
train/img_03423.jpg,"ସାହିତ୍ୟ ସଂସ୍କୃତି ଓ କଳାର ବିକାଶ ପାଇଁ ଗଢ଼ି ଉଠିଥିବା ଅନ୍ୟାନ୍ୟ ଅନୁଷ୍ଠାନ: ଚାନ୍ଦବାଲିର ପୂଜ୍ୟପୂଜା ସଂସଦ, ଭଦ୍ରକ ପୂଜ୍ୟପୂଜା ସଂସଦ, ଭଦ୍ରକ ସାହିତ୍ୟ ସଂସ୍କୃତି ପରିଷଦ, ରାମେଶ୍ୱର ସାହିତ୍ୟ ସଂସଦ, ରାନ୍ଦିଆ, ଚରମ୍ପା ସାହିତ୍ୟ ସଂସ୍କୃତି ମଞ୍ଚ, ରାଣୀତାଲ ସାହିତ୍ୟ ସଂସ୍କୃତି ପରିଷଦ, ଚିନ୍ତା ଓ ଚେତନା, ଶାରଦା ବିହାର ଟ୍ରଷ୍ଟ, ଭଦ୍ରକ ଲେଖକ ସାମ୍ମୁଖ୍ୟ, ଭଦ୍ରକ ଗବେଷଣା ପରିଷଦ ଇତ୍ୟାଦି।"
train/img_03424.jpg,ବୋଡ଼ୋ-ଗାରୋ ଉପଗୋଷ୍ଠୀ ସିନୋ-ତିବ୍ବତୀୟ ଭାଷା ପରିବାରର ଦୀର୍ଘତମ ଭାବେ ସ୍ୱୀକୃତ ଏବଂ ସବୁଠାରୁ ସୁସଂଯୁକ୍ତ ଉପଗୋଷ୍ଠୀ ମଧ୍ୟରୁ ଗୋଟିଏ ।
train/img_03425.jpg,ଅକ୍ଷୟ ତୃତୀୟା ଦିନ ରଥ ନିର୍ମାଣର ଅନୁକୂଳ ସମୟରେ ଏହି ସେବକ ତିନୋଟି ଟାଙ୍ଗିଆ ମଧ୍ୟ ଯୋଗାଇଥାନ୍ତି।
train/img_03426.jpg,ତନ୍ତ୍ର ମତରେ ଏହାର ନାମ ଉଡ଼ୀୟାନ
train/img_03427.jpg,"ଏକାମ୍ର କ୍ଷେତ୍ର, କପିଳେଶ୍ୱର ଆଦି ମୁଖ୍ୟସ୍ଥାନ ସମୂହ ଲୁମ୍ବାଇ ପ୍ରଗଣା ରୂପେ ପ୍ରସିଦ୍ଧି ଲାଭ କରିଥିଲା ।"
train/img_03428.jpg,"ଏଥିରେ ଚଢ଼େୟା, ଚଢ଼େୟାଣୀ, ଦକ୍ଷିଣକାଳୀ, ଡୁବଡୁବା, ଗଉଡ଼, ଗଉଡ଼ୁଣୀ, ସାପୁଆ, ଚହଟା ଦିଅର, ସିପାହୀ, ଢୋଲିଆ, ଉଲ, ବୀଣାକାର, ଜଗାଳି, ରାଜଗୁଣିଙ୍କ ଚରିତ୍ର ମାଧ୍ୟମରେ ହାସ୍ୟରସ ପ୍ରକାଶ ସହିତ ବହୁ ଉପଦେଶ ଜନ ସମୁଦାୟକୁ ପରିବେଷଣ କରା ଯାଇଥାଏ।"
train/img_03429.jpg,ମୁହଁହାତ ଧୋଇ ଖଣ୍ଡିଏ ମୂସଲ୍ଲାରେ (ସ୍ୱତନ୍ତ୍ର ଆସନ) ଆଣ୍ଠୁ ମାଡ଼ି ବସି ଓ ଠିଆହୋଇ ଓ ମୁଣ୍ଡ ତଳକୁ ଲଗାଇ ମକ୍କା ଆଡ଼କୁ ମୁହଁ କରି ନମାଜ ପଢ଼ିବାକୁ ହୁଏ ।
train/img_03430.jpg,ଭୁବନେଶ୍ୱର ନିକଟସ୍ଥ ଖଣ୍ଡଗିରି ଓ ଉଦୟଗିରି ଓ କୋରାପୁଟ ଜିଲ୍ଲାର କେତେକ ସ୍ଥାନରେ ଜୈନ ଗୁମ୍ଫା ଓ ମନ୍ଦିର ଦେଖିବାକୁ ମିଳେ ।
train/img_03431.jpg,"କିସାନ ଲୋକମାନେ ମୁଖ୍ୟତଃ ସୁନ୍ଦରଗଡ଼, ସମ୍ବଲପୁର ଓ କେନ୍ଦୁଝର ଜିଲ୍ଲାର ବାସିନ୍ଦା ଅଟନ୍ତି ।"
train/img_03432.jpg,ଏହି ସମୟରେ ସ୍ଥାପିତ କଟକର ମିଶନ ପ୍ରେସ ଥିଲା ଓଡ଼ିଶାର ସର୍ବପୁରାତନ ମୁଦ୍ରଣଶାଳା ।
train/img_03433.jpg,ଧଉଳି ଭୁବନେଶ୍ୱରଠାରୁ ୮ କିମି ଦୁରରେ ରହିଛି ।
train/img_03434.jpg,ବିଦ୍ୟାଳୟ
train/img_03435.jpg,"ଐତିହ୍ୟ ବିମଣ୍ଡିତ କେନ୍ଦ୍ରାପଡ଼ା ଜିଲ୍ଲା ବା ପ୍ରାଚୀନ ତୁଳସୀକ୍ଷେତ୍ରର ଇତିହାସ ଯେପରି ଘଟଣାବହୁଳ, ସେହିପରି ସୁଦୂରପ୍ରସାରୀ ।"
train/img_03436.jpg,"ସ୍ୱର୍ଣ୍ଣଚୁଡ଼ ମହାବିଦ୍ୟାଳୟ, ମିତ୍ରପୁର"
train/img_03437.jpg,ହରି ହୋଇଲା ତୋହର ଲୋ ।’’ (ତୁଳସୀ ଦାସ)
train/img_03438.jpg,"ବ୍ଲକ-୧୩ଟି; ଆନନ୍ଦପୁର, ବାଂଶପାଳ, ଯୋଡ଼ା, ଚମ୍ପୁଆ, ଝୁମ୍ପୁରା, କେନ୍ଦୁଝର, ଘଟଗାଁ, ଘସିପୁରା, ହାଟଡିହି, ପାଟଣା, ହରିଚନ୍ଦନପୁର, ସାହାରପଡା ଏବଂ ତେଲକୋଇ"
train/img_03439.jpg,ଏହାର ମଝି ଖିଲାଣଟି ବଡ଼ ଓ ଅନ୍ୟ ଖିଲାଣଗୁଡ଼ିକ ଦୁଇପାଖକୁ କ୍ରମାନ୍ୱୟରେ ଛୋଟ ହୋଇଯାଇଛି ।
train/img_03440.jpg,ଓଡ଼ିଶା ଆଦିତ୍ୟ ବିକ୍ରମ ବିର୍ଲା ଏବଂ ଗଗନ ନାରଙ୍ଗ ସୁଟିଂ ଉଚ୍ଚ ପ୍ରଦର୍ଶନ କେନ୍ଦ୍ର ( )
train/img_03441.jpg,"ପୁରାତନ ଓଡ଼ିଆ ଚଉତିଶାରେଜ, ଯ ପୁଣି ସ, ଶ, ଷ ବ୍ୟବହାରରେ କିଛି ନିର୍ଦ୍ଦିଷ୍ଟତା ନଥାଏ ।"
train/img_03442.jpg,ଉତ୍ତରରେ : କଟକ ଜିଲ୍ଲା
train/img_03443.jpg,ଇନ୍ଦ୍ରାଣୀ ଦେବୀ ରୂପେ ପୂଜିତା।କାମଦେବ ରାଜାଙ୍କ କୀର୍ତ୍ତି ରୂପେ ଏହା ଖ୍ୟାତ।ଶ୍ରୀମନ୍ଦିରର ନାଟ ମଣ୍ଡପରେ ଦକ୍ଷିଣ ପଟକୁ ଲାଗି ମାଜଣା ମଣ୍ଡପ ଆଡ଼କୁ ଯିବାବେଳେ ଡାହାଣ ପାର୍ଶ୍ୱରେ ଇନ୍ଦ୍ରାଣୀ ଦେବୀଙ୍କ ମନ୍ଦିର ।
train/img_03444.jpg,କୃଷ୍ଣମୁଖା ହନୁମାନ ମନ୍ଦିର: କିମ୍ବଦନ୍ତୀ ବହନ କରୁଥିବା ଏହି ପ୍ରାକୃତିକ ପଥର ଗୁମ୍ଫା ମନ୍ଦିରରେ ଲଙ୍କା ଦହନ କରି ଫେରିଥିବା କୃଷ୍ଣମୁଖା ହନୁମାନ ପୂଜା ପାଉଛନ୍ତି ।
train/img_03445.jpg,ମୁଖ୍ୟ ନାଟ ଗୋଟିପୁଅ ବାଦ ଏହି ନାଟୁଆମାନେ ଆଉ ଏକ ପ୍ରକାରର ନାଟ ମଧ୍ୟ ପରିବେଷଣ କରିଥାନ୍ତି ଯାହା ବାନ୍ଧ ନୃଉତ୍ୟ ନାମରେ ଜଣାଶୁଣା ।
train/img_03446.jpg,କୁନ୍ତଳାକୁମାରୀ ମହାବିଦ୍ୟାଳୟ
train/img_03447.jpg,ବାଇଶି ପାହାଚରେ ଦ୍ୱିତୀୟ ସୋପାନରେ ରହିଛି ଜମଶିଳା ।
train/img_03448.jpg,"ବଙ୍ଗଳାଦେଶରେ ଆଉ ୧,୩୦,୦୦୦ ବକ୍ତା ରହନ୍ତି ।"
train/img_03449.jpg,"୧୨,୨୦,୦୦୦ (୨୦୨୩ ଜନଗଣନା ଅନୁଯାୟୀ)"
train/img_03450.jpg,"ଦୀର୍ଘ ବର୍ଷ ଧରି ସ୍ୱାଧୀନ ରହିବାପରେ, ଖ୍ରୀ ଅ ୧୫୬୮ରେ ଏହି ଅଞ୍ଚଳ ବଙ୍ଗଳାର ସେନାପତି କଳାପାହାଡ଼ଦ୍ୱାରା ଅଧିକୃତ ହୋଇଥିଲା ।"
train/img_03451.jpg,ସେ ପୂର୍ବ ଦ୍ୱାରର ରକ୍ଷକ ଓ ପଞ୍ଚ ରାମାନନ୍ଦୀ ଖାଲସାଙ୍କ ଆରାଧ୍ୟ ଦେବତା।
train/img_03452.jpg,ମୁକ୍ତି ମଣ୍ଡପର ପଶ୍ଚିମ ଦିଗରେ ଶ୍ରୀନୃସିଂହ ମନ୍ଦିର ବା ପୁରୁଷୋତ୍ତମ ମନ୍ଦିର ଏବଂ ପୂର୍ବ ଦିଗରେ କ୍ଷେତ୍ରପାଳ ମନ୍ଦିର ରହିଛି ।
train/img_03453.jpg,"ପ୍ରଥମ ଅଙ୍ଗ -ପୂର୍ବ ଯାତ୍ରା, ଦ୍ୱିତୀୟ ଯାତ୍ରା- ଗୁଣ୍ଡିଚା ମଣ୍ଡପରେ ଅବସ୍ଥାନ ବା ଆଡ଼ପ, ତୃତୀୟ ଅଙ୍ଗ- ବାହୁଡା ଯାତ୍ରା।"
train/img_03454.jpg,"ନ୍ୟାସ୍ ନାଲ୍ ଇନ୍ ଷ୍ଟିଚ୍ୟୁଟ ଅଫ ସାଇନ୍ସ ଆଣ୍ଡ ଟେକ୍ନୋଲୋଜି (ନିଷ୍ଟ୍), ବ୍ରହ୍ମପୁର"
train/img_03455.jpg,୧୯୯୩ ଏହି ୧୩ଟି ଜିଲ୍ଲା ପୁନର୍ଗଠିତ ହୋଇ ୩୦ଟି ଜିଲ୍ଲା ହେଲା ।
train/img_03456.jpg,ଏହି ମହିମାକୁ ପ୍ରଚାର କରିବାପାଇଁ ୧୩ ଜଣ ଦଣ୍ଡୁଆ ଦଣ୍ଡକାଳୀ ବ୍ରତ ଧାରଣ କରିବାର କିମ୍ବଦନ୍ତୀ ରହିଛି।
train/img_03457.jpg,କେତେକ ନିର୍ଦ୍ଦିଷ୍ଟ ତିଥିରେ ତିନି ରଥମାନଙ୍କର ନିର୍ଦ୍ଦିଷ୍ଟ କାର୍ଯ୍ୟର ଶୁଭାରମ୍ଭ ହୋଇଥାଏ।
train/img_03458.jpg,ବେଢା଼ ପରିକ୍ରମା ସମୟରେ ଭକ୍ତମାନଙ୍କର ଅଭିଳାଷକୁ ସାକାର କରି ରିଷ୍ଟ ଖଣ୍ଡନ କରିବାକୁ ଓ ଭବିଷ୍ୟତ ପଥକୁ କୁସୁମିତ କରିବା ଲକ୍ଷ୍ୟରେ ପାଣି ଲାଗି କରିଥାନ୍ତି ।
train/img_03459.jpg,"ଭୁବନେଶ୍ୱରର ପର୍ଶୁରାମେଶ୍ୱର ମନ୍ଦିର, ବୈତାଳ ମନ୍ଦିର, ଶିଶିରେଶ୍ୱର ମନ୍ଦିର, ମାର୍କଣ୍ଡେଶ୍ୱର ମନ୍ଦିର, ମୁକ୍ତେଶ୍ୱର ମନ୍ଦିର, ରାଜରାଣୀ ମନ୍ଦିର, ଲିଙ୍ଗରାଜ ମନ୍ଦିର, ମେଘେଶ୍ୱର ମନ୍ଦିର, ପୁରୀର ଜଗନ୍ନାଥ ମନ୍ଦିର ଏବଂ କୋଣାର୍କର ସୂର୍ଯ୍ୟମନ୍ଦିରର ବର୍ହିଭାଗରେ ଖୋଦିତ ନର୍ତ୍ତକୀ ଓ ନାୟିକାମାନଙ୍କର ଅଙ୍ଗଭଙ୍ଗୀ ଓ ମୁଦ୍ରାରୁ ଓଡ଼ିଶୀ ନୃତ୍ୟର ପରମ୍ପରା ସମୃଦ୍ଧ ହୋଇଥିବା ଜଣାଯାଏ ।"
train/img_03460.jpg,ଏହି ଦିନରେ ଚାଷୀମାନେ ବସୁମତୀ ତଥା ହଳଲଙ୍ଗଳ ପୂଜନ କରିବା ସହ ଚାଷ କାମରୁ ତିନି ଦିନ ପାଇଁ ବିରତି ନେଇଥାନ୍ତି ।
train/img_03461.jpg,"ସମ୍ବଲପୁରୀ ଶାଢ଼ୀ,ବରହମପୁରୀ ପାଟ , ସକତାପର ଶାଢ଼ୀ, ଖଣ୍ଡୁଆ ପାଟ, କୋଟପାଡ ବସ୍ତ୍ର ଆଦି କେବଳ ଦେଶରେ ନୁହେଁ ବିଦେଶରେ ମଧ୍ୟ ଜନାଦୃତ ।"
train/img_03462.jpg,ଗୋବରଗୋଲା ଜଳପ୍ରପାତ
train/img_03463.jpg,"ପାରମ୍ପାରିକ ହାତକାମ, ନାଚ, କୁଟୀରଶିଳ୍ପରେ ଏହା ଅନେକ ଉର୍ଦ୍ଧ୍ୱରେ ।"
train/img_03464.jpg,କେତେକ କ୍ଷେତ୍ରରେ ଦେବଦାସୀମାନେ ସାବିତ୍ରୀ ବ୍ରତ ଦିନ ଭଗବାନ ଜଗନ୍ନାଥଙ୍କ ନାମରେ ସାବିତ୍ରୀ ବ୍ରତ ମଧ୍ୟ ପାଳନ କରୁଥିଲେ ।
train/img_03465.jpg,ସମ୍ବଲପୁରୀ ଓଡ଼ିଆ ବକ୍ତାମାନେ ମଧ୍ୟ ପଡ଼ୋଶୀ ଛତିଶଗଡ଼ ଓ ଝାଡ଼ଖଣ୍ଡର କେତେକ ଅଞ୍ଚଳରେ ବସବାସ କରିଥାନ୍ତି ।
train/img_03466.jpg,ସେ ଯାତ୍ରା ମାସ ମାସ ଧରି କରି ଥିଲେ ।
train/img_03467.jpg,ପାଇକା
train/img_03468.jpg,୧୪୨ ବର୍ଷ ପରେ ୨୦୦୯ ପ୍ରାରମ୍ଭରେ ଏହା ଓଡ଼ିଶାର ତୃତୀୟ ମହାନଗର ନିଗମର ମାନ୍ୟତା ପାଇଥିଲା ।
train/img_03469.jpg,ସହରର ଧର୍ମ ନିରପେକ୍ଷତା ୧୯୯୨-୯୩ର ଦଙ୍ଗା କାରଣରୁ ଛିନ୍ନଭିନ୍ନ ହେଇଥିଲା ଯେଉଁଥିରେ ବଡ଼ ପରିମାଣର ଜୀବନ ଓ ସମ୍ପତ୍ତି ହାନି ହେଇଥିଲା।
train/img_03470.jpg,"ଯେପରି- ଏହି ସମ୍ବନ୍ଧସୂଚକ ପଦ ମାମଲାରେ, ଲୋକର ( ) - ଲୋକର୍ ( )"
train/img_03471.jpg,ଭାଜପା- ୧ ବିଜଦ-୯
train/img_03472.jpg,ପର୍ଯ୍ୟଟନ ସ୍ଥଳୀ
train/img_03473.jpg,କନୁରିଆ
train/img_03474.jpg,"ବର୍ତ୍ତମାନ ଏହା ମୟୁରଭଞ୍ଜ, ସମ୍ବଲପୁର ଓ ଗଞ୍ଜାମ ଜିଲ୍ଲାରେ ସେବା ପ୍ରଦାନ କରୁଛି ।"
train/img_03475.jpg,"ଜାତୀୟ ନ୍ୟାୟିକ ତଥ୍ୟ ଭଣ୍ଡାର( - )ଦ୍ୱାରା ସୃଷ୍ଟି ହୋଇଥିବା ତଥ୍ୟଭଣ୍ଡାରକୁ କାର୍ଯ୍ୟକ୍ଷମ ଭାବରେ ବ୍ୟବହାର କରିବା ଏବଂ ଏହାକୁ ସାଧାରଣ ଲୋକଙ୍କ ପାଇଁ ଉପଲବ୍ଧ କରାଇବା ପାଇଁ, ପ୍ରଦର୍ଶନୀ ସନ୍ଦେଶ ସାଇନ୍ ବୋର୍ଡ୍ ବା ନ୍ୟାୟ ଘଡ଼ି ସ୍ଥାପିତ ହୋଇଛି ।"
train/img_03476.jpg,ଚଉଡ଼ା ତାମସା : ମେହେନ୍ତରମାନଙ୍କର ନିଶାସେବନ ଓ ମେହେନ୍ତରାଣୀମାନଙ୍କ ସହିତ ମିଳିତ ହେବାର ବିଷୟ।
train/img_03477.jpg,ଖ୍ରୀ ପୂ ୩୬୦-୨୬୦ - ନନ୍ଦ-ସାମ୍ରାଜ୍ୟରେ ଓଡ଼ିଶାର ଏକ ବଡ଼ ଭାଗ ଅନ୍ତର୍ଭୁକ୍ତ ।
train/img_03478.jpg,ଓମ୍ ସାଇ ଯାନ୍ତ୍ରିକ ଶିକ୍ଷା ଅନୁଷ୍ଠାନ
train/img_03479.jpg,"-ପଡ଼ା / ପଦା - ଅମଲାପଡ଼ା , କେନ୍ଦ୍ରାପଡ଼ା , ଭାଟପଡ଼ା , ବାରିପଦା ଇତ୍ୟାଦି"
train/img_03480.jpg,ଗବେଷକମାନେ ଓଡ଼ିଆ ଓ ଥାଇ ଲିପି ଭିତରେ ଅନେକ ସମାନତା ପାଇଛନ୍ତି ।
train/img_03481.jpg,"ବର୍ତ୍ତମାନ ଏହା ଶ୍ରୀ ସଦାଶିବ ସଂସ୍କୃତ ସଂସ୍ଥାନ, ଶ୍ରୀ ସଦାଶିବ କ୍ୟାମ୍ପସ, ପୁରୀ ଭାବେ ପରିଚିତ ।"
train/img_03482.jpg,କିନ୍ତୁ ପରବର୍ତ୍ତୀ ସମୟରେ ଚଣ୍ଡାଶୋକ ଧର୍ମାଶୋକରେ ପରିବର୍ତ୍ତିତ ହୋଇଥିଲେ ।
train/img_03483.jpg,"ମହିଳା: ୬,୯୯,୦୭୦"
train/img_03484.jpg,ଏକେତ ଅବଲାବାଲା ଦୋସରେ ଯୌବନ ଜ୍ୱାଲା
train/img_03485.jpg,ଆର୍ଯ୍ୟଭଟ୍ଟ ଶୂନର ଆବିଷ୍କାର କରିଥିଲେ
train/img_03486.jpg,ବାଲେଶ୍ୱରରେ ଜଳସେଚନ ଭଲ ଭାବରେ ବ୍ୟାପିଛି ।
train/img_03487.jpg,ହାଣ୍ଡିଭଙ୍ଗା ଜଳପ୍ରପାତ
train/img_03488.jpg,ବ୍ରହ୍ମପୁରର ଅସିତ କୁମାର ସ୍ୱାଇଁ ଆଣ୍ଟାର୍କଟିକାସ୍ଥିତ ଦକ୍ଷିଣମେରୁରେ ପହଞ୍ଚିବାରେ ପ୍ରଥମ ଓଡ଼ିଆ ।
train/img_03489.jpg,ମଙ୍ଗଳାର୍ପଣ ସମୟରେ ସୁଦ୍ଧ ସୁଆର ଓ ଭଣ୍ଡାର ମେକାପ ମଧ୍ୟ ସେଠାରେ ଉପସ୍ଥିତ ଥାଇ ଉକ୍ତ ନୀତିରେ ଅଂଶଗ୍ରହଣ କରିଥାନ୍ତି।
train/img_03490.jpg,ଅଧୁନା ଭାରତର ବିଭିନ୍ନ ଭାଷାରେ ଅସଂଖ୍ୟ ଝୁମର ପରିଲକ୍ଷିତ ହୋଇଥାଏ ।
train/img_03491.jpg,ଝୁମର ଗୀତରେ ଆଧ୍ୟାତ୍ମିକ ଜୀବନ ଦର୍ଶନ
train/img_03492.jpg,ଖାରବେଳଙ୍କ ସମ୍ପର୍କିତ ସବିଶେଷ ତଥ୍ୟ ଅଧୁନା ଭୁବନେଶ୍ୱରସ୍ଥିତ ଉଦୟଗିରିରେ ଥିବା ହାତୀଗୁମ୍ଫା ଶିଳାଲେଖରୁ ମିଳିଥାଏ ।
train/img_03493.jpg,ସାଧାରଣ ଓଡ଼ିଆ ରାନ୍ଧଣା
train/img_03494.jpg,ଚୀନ ସହିତ ନୌବାଣିଜ୍ୟର ପ୍ରଥମ ଉଲ୍ଲେଖ ଫା-ହିଏନ୍ (ଖ୍ରୀ ୩୯୯ରୁ ୪୧୧)ଙ୍କ ଲେଖାରୁ ମିଳେ ।
train/img_03495.jpg,ତେବେ ଖାରବେଳଙ୍କ ଅନୁଶାସନ ଓ ଅଶୋକଙ୍କ ଅନୁଶାସନ ଭାଷାର ଗଢଣ ଦୃଷ୍ଟିରୁ ପୁରାପୁରି ଅଲଗା ।
train/img_03496.jpg,"ବିଶେଷ ଭାବେ ବ୍ରହ୍ମ ପୁରାଣ, ନାରଦ ପୁରାଣ, ନୀଳାଦ୍ରି ମହୋଦୟ, କପିଳ ସଂହିତା, ଜଗନ୍ନାଥ ପୁରାଣ, ଯାତ୍ରା ଭାଗବତ, ପଦ୍ମ ପୁରାଣ, ଚୈତନ୍ୟ ଚରିତାମୃତ, ବାମଦେବ ସଂହିତା, ଶାରଦା ପୁରାଣ ପ୍ରଭୃତି ଉଲ୍ଲେଖଯୋଗ୍ୟ।"
train/img_03497.jpg,ଭୁବନେଶ୍ୱରର ବିଭିନ୍ନ ଅଞ୍ଚଳକୁ ଯାତାୟତ କରିବା ନିମନ୍ତେ ସିଟି ବସ ଏବଂ ଅଟୋରିକ୍ସାର ସୁବିଧା ରହିଛି ।
train/img_03498.jpg,ତେଣୁ ପୁରାଣ ଯୁଗ ପୂର୍ବରୁ ଏହାର ନାମ ଥିଲା
train/img_03499.jpg,ଏହି ସମୟରେ ସେ ରାଜ୍ୟ ଶାସନ ସମ୍ବନ୍ଧୀୟ ବିଭିନ୍ନ ତାଲିମ ପାଇଥିଲେ ।
train/img_03500.jpg,କଟକ ସହର ଦହିବରା-ଆଳୁଦମ ପାଇଁ ଖ୍ୟାତିଲାଭ କରିଛି ।
train/img_03501.jpg,ଚୀନ
train/img_03502.jpg,ବିଜୁ ପଟ୍ଟନାୟକ ଫିଲ୍ମ ଓ ଟିଭି ସଂସ୍ଥାନ
train/img_03503.jpg,"ସାରଳା ଦାସ ଚଣ୍ଡୀଙ୍କର ଜଣେ ଭକ୍ତ ଥିଲେ, ତାଙ୍କ କୃପାରୁ ସେ ସାହିତ୍ୟ ସର୍ଜନା କରିବାର କ୍ଷମତା ଲଭିଥିଲେ ବୋଲି ଲୋକ ବିଶ୍ୱାସ ରହିଛି ।"
train/img_03504.jpg,"ବିଶ୍ୱମ୍ଭର ବିଦ୍ୟାପୀଠ,ପୁରୀ"
train/img_03505.jpg,ବ୍ରହ୍ମପୁର (୧୩୩)
train/img_03506.jpg,ପ୍ରଧାନମନ୍ତ୍ରୀଗଣ (୧୯୩୭-୧୯୪୭)
train/img_03507.jpg,କଳିଙ୍ଗ ରାଜା ନିଜ କନ୍ୟାର ବିବାହରେ ଗୌତମ ବୁଦ୍ଧଙ୍କ ଦନ୍ତାବଶେଷ ନିଜ ଜାମାତା ଦନ୍ତକୁମାରଙ୍କୁ ଯୌତୁକ ଭାବେ ଦେଇଥିଲେ ଓ ଦନ୍ତକୁମାର ଏହାକୁ ସିଂହଳର ଏକ ସ୍ତୁପରେ ସ୍ଥାପନା କରିଥିଲେ ।
train/img_03508.jpg,"ଶୈଳେନ୍ଦ୍ର ନାରାୟଣ ମହାବିଦ୍ୟାଳୟ, ରାଜକନିକା"
train/img_03509.jpg,ଶ୍ରୀ ଅଷ୍ଟଶମ୍ଭୁ
train/img_03510.jpg,ତୃତୀୟ ପୁର ଭୂଇଁ ଚଉତାଳ ୬ ଚଉଠରେ ବସିବ।
train/img_03511.jpg,ମନେକର ଆଷାଢ଼ ଶୁକ୍ଳ ଦ୍ୱିତୀୟା ତିଥି ଘୋଷଯାତ୍ରା ଦିନ ରବିବାର ହେଲେ ତୃତୀୟା ସୋମବାର ହେବ ଏବଂ ତୃତୀୟାଠାରୁ ଶ୍ରୀଜଗନ୍ନାଥ ଆଗାମୀ ରବିବାର ପର୍ଯ୍ୟନ୍ତ ସପ୍ତାହ ବ୍ୟାପୀ ପ୍ରତ୍ୟେକ ଗ୍ରହଙ୍କ ନିର୍ଦ୍ଧିଷ୍ଟ ସେହି ଗ୍ରହଙ୍କ ସ୍ୱରୂପ ଭାବରେ ଗୁଣ୍ଡିଚା ମନ୍ଦିରରେ ପୂଜା ପାଆନ୍ତି ।
train/img_03512.jpg,ସିଟି ବସ ସେବା ଭୁବନେଶ୍ୱରର ବିଭିନ୍ନ ଅଞ୍ଚଳକୁ ଯୋଗାଯୋଗ କରିବା ସହ ଭୁବନେଶ୍ୱରକୁ କଟକ ଏବଂ ପୁରୀ ସହିତ ଯୋଡୁଛି ।
train/img_03513.jpg,ସାତଲହଡି ମଠ ।
train/img_03514.jpg,"ଭାରତରେ ବହୁ ସ୍ଥାନୀୟ ଖେଳ ରହିଛି ଯାହା ଏବେ ମଧ୍ୟ ଲୋକମାନଙ୍କ ମଧ୍ୟରେ ଲୋକପ୍ରିୟ ହୋଇରହିଛି ଯଥା: କବାଡି, ଖୋ-ଖୋ, କୁସ୍ତି , ଗିଲି-ଦଣ୍ଡା ଇତ୍ୟାଦି କବାଡିରେ ଭାରତ ସମସ୍ତ ସ୍ୱର୍ଣ୍ଣ ପଦକ ପ୍ରାପ୍ତ କରିଛି ।"
train/img_03515.jpg,"ଝୁମର କବି ଏହି ଦର୍ଶନ ତତ୍ତ୍ୱ, ଶରୀର ତତ୍ତ୍ୱ, ଆଧ୍ୟାତ୍ମିକ ଚେତନାକୁ ଖୁବ୍ ମନୋଜ୍ଞ ଭାବରେ ଉତ୍କୀର୍ଣ୍ଣ କରାଇପାରିଛି ଆପଣାର ଝୁମର ଗୁଡ଼ିକରେ ।"
train/img_03516.jpg,"ସେମାନଙ୍କର ଜନସଂଖ୍ୟା ପ୍ରାୟ ଏକ ନିୟୁତ ଏବଂ ସେମାନେ ମୁଖ୍ୟତ କନ୍ଧମାଳ ଏବଂ ଏହାର ସଂଲଗ୍ନ ଜିଲ୍ଲା ଯଥା ରାୟଗଡ଼ା, କୋରାପୁଟ, ବଲାଙ୍ଗୀର ଏବଂ ବୌଦ୍ଧ ଜିଲ୍ଲା ମାନଙ୍କରେ ବସବାସ କରନ୍ତି ।"
train/img_03517.jpg,କନ୍ଦା ଓ ବାଲିଆ ପଥର ବ୍ୟବହାର କରି ଅଠର ନଳା ତିଆରି କରାଯାଇଛି ।
train/img_03518.jpg,ଲାହୋର ସିନ୍ଧୁ ନଦୀ କୂଳରେ ଅବସ୍ଥିତ ।
train/img_03519.jpg,ଗ୍ୟାସ୍ ବ୍ୟବସ୍ଥା ଥିବା ଶବଦାହ ଯନ୍ତ୍ର ନିହାତି ଦରକାର ।
train/img_03520.jpg,ସୁଦୂର ଅତୀତରେ ଲିପିର ଅଭାବ ହେତୁ ମୁଖସ୍ଥ କରିବା ଥିଲା ସାହିତ୍ୟକୁ ବଞ୍ଚାଇ ରଖିବାର ଏକ ମାତ୍ର ଉପାୟ ।
train/img_03521.jpg,ଲୋକନୃତ୍ୟ
train/img_03522.jpg,"ଗବେଷକ ଡଃ ସୁରେନ୍ଦ୍ର କୁମାର ମିଶ୍ର ଓଡ଼ିଆ ମଠରୁ ପ୍ରାପ୍ତ ସନନ୍ଦକୁ ଆଧାର କରି ଉଲ୍ଲେଖ କରିଛନ୍ତି ଯେ, ପୂର୍ବେ ବାହୁଡା଼ ଦଶମୀ ଦିନ ତିନି ହାଣ୍ଡି, ଏକାଦଶୀରେ ତିନି ହାଣ୍ଡି ଓ ଦ୍ୱାଦଶୀ ଦିନ ତିନି ହାଣ୍ଡି ଏହିପରି ନଅ ହାଣ୍ଡି ଅଧର ପଣା ଓ ବଳଭଦ୍ରଙ୍କ ରଥରେ ରାମ , କୃଷ୍ଣଙ୍କ ଇଦ୍ଦେଶ୍ୟରେ ୨ ହାଣ୍ଡି (ସାନ) ଓ ଜଗନ୍ନାଥଙ୍କ ରଥରେ ମଦନମୋହନ ଠାକୁରଙ୍କ ନିମିତ୍ତ ୧ ହାଣ୍ଡି (ସାନ) କ୍ରମରେ ମୋଟ ୧୨ଟି ହାଣ୍ଡି ଅଧର ପଣା ଭୋଗ ହେଉଥିଲା।"
train/img_03523.jpg,"(୫) କୁଡ଼ୁମାଲୀ ସାଂସ୍କୃତିକ ପରିଚୟ ଅଧ୍ୟାପକ ଗୋପବନ୍ଧୁ ଆମ୍ବେଦକର ସାହିତ୍ୟ ପ୍ରକାଶନ, ମଯୂରଭଞ୍ଜ, ୧ମ-୨୦୦୬ ।"
train/img_03524.jpg,ମାୟାଜାଲରେ ପଡ଼ିଲରୁ ଏବେ ବୁଲାବୁଲି ବନ୍ଦ ହୋଇଗଲା ।
train/img_03525.jpg,କଠାରୁ କ୍ଷ ଯାଏଁ ବ୍ୟଞ୍ଜନ ବର୍ଣ୍ଣରେ ଚଉତିଶା ରଚିତ ହୋଇଥାଏ ।
train/img_03526.jpg,ତାହା ମଧ୍ୟରୁ ଚନ୍ଦ୍ରିକା ଦେବୀଙ୍କର ୧୨୭୮ ଖ୍ରୀଷ୍ଟାବ୍ଦରେ
train/img_03527.jpg,ଭୁବନେଶ୍ୱର ଓ କଟକରୁ ବସଦ୍ୱାରା ଯଥାକ୍ରମେ ତିନି ଓ ଦୁଇ ଘଂଟାରେ ପହଂଚି ହେବ।ଭଦ୍ରକରୁ ଭାୟା ଚାନ୍ଦବାଲି ରାଜ୍ୟ ରାଜପଥଦ୍ୱାରା ଆସିପାରିବେ।
train/img_03528.jpg,"ମହିଳା: ୨,୯୩,୮୩୯"
train/img_03529.jpg,ସେହି ସମୟରେ ଗଞ୍ଜାମ ଜିଲ୍ଲାର ଦକ୍ଷିଣ ପଶ୍ଚିମ ଭାଗରେ ଥିବା ପାରଳାଖେମୁଣ୍ଡିରେ ଜମିଦାରୀ ପ୍ରଥା ପ୍ରଚଳିତ ଥିଲା ଓ ମାଲିୟା ସମ୍ପ୍ରଦାୟର ଜନଜାତି ଏଠାରେ ପ୍ରଭାବ ବିସ୍ତାର କରିଥିଲେ ।
train/img_03530.jpg,ଟୀକା
train/img_03531.jpg,୧୫ଶ ଶତାବ୍ଦୀର ଶେଷାର୍ଦ୍ଧରେ ରାଜା ଗୋବିନ୍ଦ ଭଞ୍ଜ ଦକ୍ଷିଣ ଭାଗକୁ ରାଜ୍ୟରେ ମିଶାଇଥିଲେ ।
train/img_03532.jpg,ଆକାଶ ବିକାଶ ଧରିଗୋ
train/img_03533.jpg,ଗୁଳିର ଉଚ୍ଚ ୫ ଚଉଠ ୮ ଅଙ୍ଗୁଳ ଗୁଳି ବହଳ ଛାଡି ଛାଡି ଅଖରେ କାନ କିଳା ବିନ୍ଧ କରିବ ।
train/img_03534.jpg,ଲକ୍ଷ୍ମୀ ଶ୍ରୀମନ୍ଦିରରୁ ଶ୍ରୀଜୀଉଙ୍କର ଦର୍ଶନ ନିମନ୍ତେ ଗୁପ୍ତରେ ଯାଇ ଏକାନ୍ତରେ ଦର୍ଶନ କରି ମୋହାଞ୍ଜନରେ ପ୍ରଭୁଙ୍କୁ ମୁଗ୍ଧ କରିଥିବାରୁ ପରେ ପ୍ରତ୍ୟାଗମନ ପାଇଁ ରଥ ଦକ୍ଷିଣାଭିମୁଖ କରାଯିବା ନିମନ୍ତେ ଆଦେଶ ଦିଆଗଲା ।
train/img_03535.jpg,ସମସ୍ତ ଅଧସ୍ତନ ଅଦାଲତର ବିଚାରପତିଙ୍କ ନିଯୁକ୍ତି ତଥା ବଦଳି ମଧ୍ୟ ଉଚ୍ଚନ୍ୟାୟାଳୟଙ୍କ ନିର୍ଦ୍ଦେଶକ୍ରମେ ହୁଏ ।
train/img_03536.jpg,ଏହି ବୋଇତଗୁଡିକ ଗୋଟିଏ ମାସ୍ତୁଲ୍-ବିଶିଷ୍ଟ ଓ ଏମାନଙ୍କର ପାଲଗୁଡିକ ବର୍ଗାକାର ।ଗୋଟିଏ ବୋଇତରେ ହାତୀ ବୁହା ହେଉଥିବା ବେଳେ ସେଥିରେ ନାବିକ ଓ ଅନ୍ୟ ଯାତ୍ରୀମାନେ ବସିଥିବା ମଧ୍ୟ ପ୍ରଦର୍ଶିତ ହୋଇଛି ।
train/img_03537.jpg,ଭୁବନେଶ୍ୱର ଦେଶର ଅନ୍ୟ ସହର ସହିତ ଜାତୀୟ ରାଜପଥ ୫ ଓ ଜାତୀୟ ରାଜପଥ ୨୦୩ଦ୍ୱାରା ଯୋଡ଼ି ହୋଇଛି ।
train/img_03538.jpg,କିନ୍ତୁ ପ୍ରତ୍ୟେକ ହାଣ୍ଡି ସମାନ ମାପର ହୋଇ ନଥାଏ।
train/img_03539.jpg,-ବଳି - ଟିକାବଳି ଇତ୍ୟାଦି।
train/img_03540.jpg,୧୯୩୬ ମସିହା ଏପ୍ରିଲ ପହିଲା ଦିନ ଓଡ଼ିଶାକୁ ଏକ ସ୍ୱତନ୍ତ୍ର ରାଜ୍ୟର ମାନ୍ୟତା ମିଳିଥିଲା ।
train/img_03541.jpg,ସେ ଯାହା ହେଉନା କାହିଁକି ଆଜି ଝୁମର କୌଣସି ନିର୍ଦ୍ଦିଷ୍ଟ ସଂପ୍ରଦାୟ ମଧ୍ୟରେ ଆବଦ୍ଧ ନ ହୋଇ ସର୍ବଭାରତୀୟ ସ୍ତରରେ ନିଜର ସ୍ୱତନ୍ତ୍ର ସ୍ଥାନ ସଂରକ୍ଷିତ କରିପାରିଛି ।
train/img_03542.jpg,ଫର୍ଜ: ଯାହା ଆଲ୍ଲାଙ୍କ ଉଦ୍ଦେଶ୍ୟରେ ବୋଲାଯାଏ
train/img_03543.jpg,ବାଚସ୍ପତି ହେଉଛନ୍ତି ଗୃହର ନିର୍ବିବାଦୀୟ ଓ ନିରପକ୍ଷ ଅଧ୍ୟକ୍ଷ।
train/img_03544.jpg,ସେ ଏହି ଦଳକୁ ୧୯୧୯ରେ ପ୍ରକାଶିତ ହୋଇଥିବା ଲାଙ୍ଗୁଏଜ୍ ସର୍ଭେ ଅଫ୍ ଇଣ୍ଡିଆ (ଏଲ୍ ଏସ୍ ଟି)ରେ ଲାହଣ୍ଡା ଉପଭାଷା ନାମରେ ନାମିତ କରିଥିଲେ ।
train/img_03545.jpg,ଅର୍ଥାତ ସ୍ୱର୍ଣ୍ଣପୁରୀରେ ଦେବଦୂତ ଦ୍ୱୟ ନାନା ରୁଚିର ଅଳଙ୍କାର ମାନ ସଂଯୁକ୍ତ କରି ରଥ ତିନୋଟି ନିର୍ମାଣ କରିଥିଲେ ।ନାରଦ କହିବା ଅନୁସାରେ ସେହିରଥ ତିନୋଟିକୁ ସୁନ୍ଦର ଓ ନରମ ବସ୍ତ୍ରଦ୍ୱାରା ସଜାଇଥିଲେ ।
train/img_03546.jpg,ବାରବାଟିଆ ଗ୍ରାମର ଆୟୋଜିତ ହେଉଥିବା ଦୁର୍ଗାପୂଜା ୪୦୦ ବର୍ଷର ପୁରୁଣା।
train/img_03547.jpg,"ମହମ୍ମଦ ଆଲ୍ଲାଙ୍କ ପୈଗମ୍ବର (ପୃଥିବୀକୁ ପ୍ରେରୀତ ଦୂତ), ତେଣୁ ତାଙ୍କୁ ସମସ୍ତେ ପ୍ରଶଂସା କରିବା ଉଚିତ ।"
train/img_03548.jpg,"ଏହା ମଧ୍ୟ ବିଭିନ୍ନ ନାମରେ ଯଥା ଅଗ୍ନି ପାଟୁଆ, କଣ୍ଟାପାଟୁଆ, ଖଣ୍ଡା ପାଟୁଆ, ଝୁଲା ପାଟୁଆ ଓ ଫୋଡ଼ ପାଟୁଆ ଆଦି ନାମରେ ଜଣା ।"
train/img_03549.jpg,ଲୋକସଂଖ୍ୟା ଘନତା: କି ମି ପ୍ରତି ୨୩୧
train/img_03550.jpg,ସାଧରଣତଃ ଶ୍ରୀଗୁଣ୍ଡିଚା ପର ଦିନକୁ ଧୂଳିଆ ଗୁଣ୍ଡିଚା କୁହାଯାଏ ।
train/img_03551.jpg,ତେଣୁ ଖରାଦିନେ ଏହାର ଚାହିଦା ଅଧିକ ବଢିଥାଏ ।
train/img_03552.jpg,ଜିରା
train/img_03553.jpg,"ବ୍ରହ୍ମାଙ୍କ ପାଞ୍ଚ କୁମାର ମରୀଚି, ପୁଲହ, ପୁଲସ୍ତ୍ୟ, କ୍ରତୁ ଓ ଅଙ୍ଗିରା ଇନ୍ଦ୍ରଙ୍କ ପାଞ୍ଚ ପୁଅ ଜୟନ୍ତ, ପାକଶାସ୍ତ୍ରୀ, ସୁବତ୍ସ, ସୁରସେନ, ଗନ୍ଧର୍ବସେନ ଓ କୁବେରଙ୍କ ତିନିପୁତ୍ର ନଳ, ମଣିଭଦ୍ର, ସୁକୁବେର ସତ୍ୟ ଯୁଗରେ ଦେବଗୁରୁ ବୃହସ୍ପତିଙ୍କଠାରୁ ବିଦ୍ୟାଶିକ୍ଷା କରି ଫେରୁଥିବା ସମୟରେ ପିତୃଲୋକଙ୍କୁ ଜଳଦାନ କରୁଥିବା ଋଷି କର୍ତୃଙ୍କୁ ଦେଖି ହସିବାରୁ ଶାପିତ ହୋଇ କୁଷ୍ଠରୋଗାକ୍ରାନ୍ତ ହେଲେ।"
train/img_03554.jpg,କାର୍ଯ୍ୟକାଳ
train/img_03555.jpg,"ପଞ୍ଚତୀର୍ଥ: ବ୍ରହ୍ମ ପୁରାଣ ଅନୁସାରେ ମାର୍କଣ୍ଡେୟ ପୁଷ୍କରିଣୀରେ ସ୍ନାନ, ଜଗନ୍ନାଥ ଓ ବଳରାମଙ୍କୁ ରତ୍ନବେଦୀରେ ଦର୍ଶନ, ସମୁଦ୍ରରେ ସ୍ନାନ ଓ ଇନ୍ଦ୍ରଦ୍ୟୁମ୍ନରେ ସ୍ନାନ ।"
train/img_03556.jpg,"ଯନ୍ତା ବସ୍ତ୍ରାଳୟ ତନ୍ତୁ ବାୟ ସହଯୋଗ ସମିତି,ବରପାଲି,ବରଗଡ"
train/img_03557.jpg,"ତାଙ୍କ ପ୍ରଭାବିତ ମୈଥିଳୀ ଭାଷାର ରୂପାନ୍ତର ବିହାରର ହିନ୍ଦୀଭାଷା, ନାଗପୁରିଆ ଭାଷା, ଭୋଜପୁରୀ ଓ କୁର୍ମାଳୀ ଭାଷା ବୋଲି ଆଲୋଚକମାନେ ମତ ଦେଇଥାନ୍ତି ।"
train/img_03558.jpg,ଶ୍ରୀଗୁଣ୍ଡିଚାର ଠିକ ପୂର୍ବ ଦିନ ଶ୍ରୀମନ୍ଦିର ସଦର କାର୍ଯ୍ୟାଳୟ ସମ୍ମୁଖସ୍ଥ ରଥଖଳାଠାରେ ଥିବା ତିନିରଥ ସୁସଜ୍ଜିତ ପୂର୍ବକ ଶ୍ରୀବିଗ୍ରହମାନଙ୍କ ଆଜ୍ଞାମାଳ ଆସି ଲାଗି ହେବା ପରେ ରଥଗୁଡି଼କ ଅପରାହ୍ନରେ ଟଣା ହୋଇ ସିଂହଦ୍ୱାରଠାରେ ରଖାଯାଇଥାଏ।
train/img_03559.jpg,ବନାରସୀ ଚୁଡ଼ି ହାତେ ପିନ୍ଧାଇଲି
train/img_03560.jpg,କେନ୍ଦ୍ରାପଡ଼ା ସରକାରୀ ଉଚ୍ଚ ବିଦ୍ୟାଳୟ
train/img_03561.jpg,ରଥଯାତ୍ରା ଓ ନୀଳାଦ୍ରି ବିଜେ ପହଣ୍ଡି ସମୟରେ ମଠ ତରଫରୁ ଶ୍ରୀମନ୍ଦିରର ଭିତର ବେଢା଼ରେ ଠାକୁରମାନଙ୍କ ଉଦ୍ଦେଶ୍ୟରେ ପନ୍ତି ଭୋଗ କରାଯାଇଥାଏ।
train/img_03562.jpg,ରେଳ ପଥ
train/img_03563.jpg,ସହରର ଶିକ୍ଷା ବିଷୟକୁ ବିଚାରକୁ ନେଲେ ବିଶ୍ୱ ପ୍ରସିଦ୍ଧ ଲିଙ୍ଗରାଜ ମନ୍ଦିରକୁ ଲାଗି ୧୯୪୦ ମସିହାରୁ ଭକ୍ତ କବି ମଧୁସୂଦନ ବିଦ୍ୟାପୀଠ ନାମରେ ଏକ ଉଚ୍ଚ ବିଦ୍ୟାଳୟ ଏଠାରେ ସ୍ଥାପିତା ପରେ ପରେ ୧୯୭୦ ମସିହାରେ ରାଜଧାନୀରେ ସର୍ବପ୍ରଥମ ଉଚ୍ଚ ବିଦ୍ୟାଳୟ ୟୁନିଟ-୨ ସର୍ଦ୍ଦାର ପଟେଲ ହଲ ସନ୍ନିକଟରେ ସ୍ଥାପିତ ହୋଇଥିଲା ।
train/img_03564.jpg,ମନ୍ତ୍ରୀମଣ୍ଡଳ
train/img_03565.jpg,ଶ୍ରୀ ଶ୍ୟାମାକାଳୀ
train/img_03566.jpg,"ଏଠାରେ ଉଲ୍ଲେଖଯୋଗ୍ୟ ଯେ, ଏହି ଗୋଟିଏ ଦିନ ଶ୍ରୀମନ୍ଦିର ଭିତରେ ଜଗନ୍ନାଥ ମହାପ୍ରଭୁଙ୍କ ରସଗୋଲା ଭୋଗ ହୋଇଥାଏ।"
train/img_03567.jpg,କାର୍ତ୍ତିକ ପୂର୍ଣ୍ଣିମାଠାରୁ ସାହାଡ଼ାଗ୍ରାମରେ ରାସଯାତ୍ରା ପାଳନ କରାଯାଏ।
train/img_03568.jpg,ଭାରତୀୟ କ୍ରୀଡ଼ା ପ୍ରାଧିକରଣ ଆଞ୍ଚଳିକ ବ୍ୟାଡ଼ମିଣ୍ଟନ୍ ଏକାଡ଼େମୀ
train/img_03569.jpg,ନୂଆଖାଇ ସରିବା ପରେ ନର୍ତ୍ତକ ଘୁମୁରା ବଜାଇ ଗ୍ରାମ ପରିକ୍ରମା କରିଥାନ୍ତି ।
train/img_03570.jpg,ଭୁବନେଶ୍ୱର ତା ନିଜ ପବନ କାରଣରୁ ମଧ୍ୟ ପ୍ରସିଦ୍ଧ ।
train/img_03571.jpg,ରଥଗୁଡିକ ଉଜ୍ଜ୍ୱଳ ଦର୍ପଣ ଓ ଶହ ଶହ ଚାମରଦ୍ୱାରା ସଜ୍ଜିତ ହେଉଥିଲା।
train/img_03572.jpg,କଳାହାଣ୍ଡି ଓ ନୂଆପଡାକୁ ମିଶାଇ ଗୋଟିଏ ଜିଲ୍ଲା ହେଲା ଏବଂ ଭବାନୀପାଟଣାକୁ ଏହାର ସଦର ମହକୁମା କରାଗଲା ।
train/img_03573.jpg,ଭୂଧାର ଚଣ୍ଡୀ ମନ୍ଦିର
train/img_03574.jpg,ନିକଟତମ ବିମାନଘାଟି: ୨୭ କିମି ଦୁରରେ ଝାରସୁଗୁଡ଼ା ବିମାନ ବନ୍ଦର ଅବସ୍ଥିତ ୤
train/img_03575.jpg,"ମାଝି (ଓ ଲାହଣ୍ଡା) ପାକିସ୍ତାନରେ ପାର୍ସି ଶବ୍ଦରେ ଅଧିକ ବ୍ୟବହାର କରାଯାଏ ଏବଂ / /, / / ଓ / / ଶବ୍ଦର ଧ୍ୱନିର ବ୍ୟବହାର ବହୁତ ସାଧାରଣ ଥାଏ ।"
train/img_03576.jpg,ଏପରିକି ଅତୀତରେ ବହୁବର୍ଷ ଧରି ମୁଦିରଥ ସେବକ ଛେରା ପହଁରା ସେବା କରିଥିବାର ପ୍ରମାଣ ରହିଛି।
train/img_03577.jpg,ଶ୍ରୀହରି ହେରିନାମ ଯମୁନାୟ
train/img_03578.jpg,ସହରେ ରଖିଲେ ଖୁସିହେବ ବୋଲି
train/img_03579.jpg,ସେଥିପାଇଁ ଶ୍ରୀଜୀଉମାନେ ଗୁଣ୍ଡିଚାଘରକୁ ବୁଲି ଯାଆନ୍ତି ଓ ବାହୁଡ଼ନ୍ତି।
train/img_03580.jpg,ଚିହ୍ନିତ ସଭ୍ୟମାନେ ରାଷ୍ଟ୍ରବାଦୀ କଂଗ୍ରେସ ପାର୍ଟି ଦଳ ତରଫରୁ ନିର୍ବାଚନ ଜିତିଥିଲେ ।
train/img_03581.jpg,ସେହିଭଳି ନୃତ୍ୟଭିତ୍ତିରେ ମଧ୍ୟ ଝୁମରର ବହୁ ବିଭାଗ ଦେଖିବାକୁ ମିଳିଥାଏ ।
train/img_03582.jpg,ସିନ୍ଦୂରେର ବିଂଦୁଦିଲ ଦିନବଂଧୁ
train/img_03583.jpg,ବିମାନ ସେବା ଓ ଗନ୍ତବ୍ୟ ସ୍ଥଳ
train/img_03584.jpg,"ପୁରୁଷ: ୭,୬୦,୫୯୧"
train/img_03585.jpg,ଏହା ପୂର୍ବଭାରତେର ପ୍ରଥମ ପ୍ରାଇଭେଟ ସଂସ୍ଥା ହେବ।
train/img_03586.jpg,ଏହାପରେ କର୍ପୂର ଆଳତି ବଢ଼ି ତିନିଜଣ ପୂଜାପଣ୍ଡା ତିନି ରଥକୁ ବିଜେ ହୋଇଥିବା ଶୟନ ଠାକୁରଙ୍କୁ ହାତରେ ଧରି ମନ୍ଦିରର ଭଣ୍ଡାର ଦୁଆରଠାରୁ ନେଇଥାନ୍ତି।
train/img_03587.jpg,"ଛ ବର୍ଷରୁ କମ: ୧,୧୨,୯୪୬"
train/img_03588.jpg,ଖ୍ରୀ ପୂ ଷଷ୍ଠ ଶତାବ୍ଦୀରୁ ଓଡ଼ିଶାରେ ବୌଦ୍ଧ ଧର୍ମର ଅଭ୍ୟୁଦୟ ଘଟିଲା ।
train/img_03589.jpg,"ଏହି ରତ୍ନବେଦୀ ଉପରେ ତିନୋଟି କଳା ମୁଗୁନି ପ୍ରସ୍ତରର ଚକା ରହିଛି, ଯାହା ଉପରେ ଚତୁର୍ଦ୍ଧା ଦାରୁମୁର୍ତ୍ତି ଜଗନ୍ନାଥ, ବଳଭଦ୍ର, ସୁଭଦ୍ରା ଓ ସୁଦର୍ଶନ ଅଧିଷ୍ଠିତ ହୋଇଛନ୍ତି ।"
train/img_03590.jpg,ପ୍ରଶାସନିକ ବିଭାଜନ
train/img_03591.jpg,ଜିଲ୍ଲାରେ ବାର୍ଷିକ ହାରାହାରି ୧୫୩୪ ୫ ମି ମି ବୃଷ୍ଟିପାତ ହୋଇଥାଏ ।
train/img_03592.jpg,ସେଥିରୁ ୩୯ ୯୧ ପ୍ରତିଶତ ପୁରୁଷ ଓ ୩୧ ୮୫ ନାରୀ ଅଟନ୍ତି ।
train/img_03593.jpg,"କାଳିଅବୁଦା ଗାଦି,ଓଟାଙ୍ଗ"
train/img_03594.jpg,"ଝାଡ଼ଖଣ୍ଡ ୭,୯୭୦,୦୦୦ ହେକ୍ଟରର ଏକ ଭୌଗଳିକ କ୍ଷେତ୍ରକୁ ଆବଦ୍ଧ କରିଛି।"
train/img_03595.jpg,ଦୁଇଜଣ ବାଁନ୍ଧା ତାର ପିଛନେ ।’’ (ନିତ୍ୟାନନ୍ଦ)
train/img_03596.jpg,ପ୍ରତିଷ୍ଠା
train/img_03597.jpg,ଉତ୍ତରରେ : କଟକ ଜିଲ୍ଲା
train/img_03598.jpg,ବିଶ୍ୱବ୍ୟାପୀ ମୋଟ ପ୍ରାୟ ୨୫୦ ୩୦୦ ମିଲିୟନ ଭାଷାଭାଷୀଙ୍କଦ୍ୱାରା କଥିତ ବଙ୍ଗଳା ଜନସଂଖ୍ୟା ଅନୁସାରେ ବିଶ୍ୱର ସପ୍ତମ ଅଧିକ କଥିତ ଭାଷା ।
train/img_03599.jpg,"ଏହାଛଡ଼ା ଏହା ଚୀନ (ବିଶେଷ କରେ ହଂକଂ), ଇଣ୍ଡୋନେସିଆ, ସିଙ୍ଗାପୁର, ଅଷ୍ଟ୍ରେଲିଆ ଏବଂ ବାହରିନ ଏବଂ ମଧ୍ୟ ପ୍ରାଚ୍ୟର ଦେଶଗୁଡ଼ିକରେ ମଧ୍ୟ କମ ପରିମାଣରେ କଥିତ ।"
train/img_03600.jpg,ଛ ବର୍ଷରୁ କମ: ୨୫୧୧୫୨
train/img_03601.jpg,"ଅନେକ ନଦୀ ଛୋଟା ନାଗପୁର ମାଳଭୂମି ଦେଇ ଯାଇଅଛି, ଯଥା; ଦାମୋଦର, ଉତ୍ତର କୋଏଲ, ବାରକର, ଦକ୍ଷିଣ କୋଏଲ, ସଙ୍କ ଏବଂ ସୁବର୍ଣ୍ଣରେଖା ନଦୀ।"
train/img_03602.jpg,ଡାକ ଓ ତାର
train/img_03603.jpg,ଓଡ଼ିଶାର ପୂର୍ବରେ ବାଲେଶ୍ୱର ଅବସ୍ଥିତ ।
train/img_03604.jpg,"ପ୍ରଫୁଲ୍ଲ ମଲ୍ଲିକ: ଶକ୍ତି, ଖଣି ଓ ଇସ୍ପାତ"
train/img_03605.jpg,ଏହାର ଜନସଂଖ୍ୟା ପ୍ରାୟ ୧ ନିୟୁତ ।
train/img_03606.jpg,ଉଚ୍ଚ ବିଦ୍ୟାଳୟ- ୫୮ଟି
train/img_03607.jpg,ଏହି ନୃତ୍ୟ ଧର୍ମୀୟ ଧାରଣା ଏବଂ ଈଶ୍ୱର ବିଶ୍ୱାସ ଉପରେ ପ୍ରତିଷ୍ଠିତ ।
train/img_03608.jpg,ରେ କନ୍ଧମାଳ ଜିଲ୍ଲା
train/img_03609.jpg,ମୁମ୍ବାଇ ବିଶ୍ୱର ପ୍ରମୁଖ ୧୦ ବାଣିଜ୍ୟିକ କେନ୍ଦ୍ର ମଧ୍ୟରୁ ଅନ୍ୟତମ ।
train/img_03610.jpg,ଉଡ୍ ଉଲ୍ଲେଖ କରିଛନ୍ତି ଯେ ଗାରୋ ହଳନ୍ତ (ଗ୍ଲୋଟାଲ ଷ୍ଟପ) ଥିବା ଅକ୍ଷର ଓ ହଳନ୍ତ ନଥିବା ଅକ୍ଷରକୁ ଅଲଗା କରି ସ୍ୱର ପଦ୍ଧତିକୁ (ଟୋନାଲ ସିଷ୍ଟମ) କାଢ଼ିଦେଇଛି ।
train/img_03611.jpg,ସେମାନଙ୍କ ଭିତରୁ ଜଣେ ଅଭକ୍ଷ୍ୟ ଭକ୍ଷଣ କରି ମୃତ୍ୟୁବରଣ କଲା ଓ ଅନ୍ୟମାନଙ୍କୁ ବ୍ରହ୍ମା ଉଇହୁଙ୍କା ପାଲଟି ଯିବାକୁ ଅଭିଶାପ ଦେଲେ।
train/img_03612.jpg,"ବର୍ତ୍ତମାନ ଏହା ଶ୍ରୀ ସଦାଶିବ ସଂସ୍କୃତ ସଂସ୍ଥାନ, ଶ୍ରୀ ସଦାଶିବ କ୍ୟାମ୍ପସ, ପୁରୀ ଭାବେ ପରିଚିତ ।"
train/img_03613.jpg,ମୁମ୍ବାଇ ସହର ଭାରତର ପଶ୍ଚିମ ଉପକୂଳର କୋଙ୍କଣ ଉପକୂଳୀୟ କ୍ଷେତ୍ରର ଉଲ୍ଲାସ ନଦୀ ମୁହାଣରେ ଅବସ୍ଥିତ।
train/img_03614.jpg,"ପୁରୁଷ: ୭,୬୦,୫୯୧"
train/img_03615.jpg,କେନ୍ଦ୍ର ସ୍ତରର ମନ୍ତ୍ରୀ
train/img_03616.jpg,"ପ୍ରସିଦ୍ଧ ଦ୍ୱାଦଶ ଯାତ୍ରା ସମ୍ବନ୍ଧରେ ଯେଉଁ ଶ୍ଳୋକଟି ସର୍ବ ମୁଖ ନିଃସୃତ, ତାହା ହେଉଛି -"
train/img_03617.jpg,ଦନୀଆ ହିଁ ନୌକା ମାଝେ ସଝାଇରେ
train/img_03618.jpg,ଦକ୍ଷିଣରେ: ଛତିଶଗଡ଼ ରାଜ୍ୟ ଅଛି ।
train/img_03619.jpg,ମାଲକାନଗିରି ଜିଲ୍ଲାର ସରକାରୀ ପୃଷ୍ଠା
train/img_03620.jpg,ଶିକ୍ଷା ବିଭାଗ
train/img_03621.jpg,ସତ୍ୟବାଦୀ ବନ ବିଦ୍ୟାଳୟ ଭାରତର ପ୍ରଥମ ମୁକ୍ତ ବିଦ୍ୟାଳୟ ।
train/img_03622.jpg,"(୪) କୁର୍ମାଳୀ ଲୋକଗୀତର ସଂକ୍ଷିପ୍ତ ପରିଚୟ ଗିରୀଶଚନ୍ଦ୍ର ମହାନ୍ତ ଆକାଂକ୍ଷା ପବ୍ଲିକେଶନ୍ ସ, ବାରିପଦା-୧୯୯୬"
train/img_03623.jpg,ପୁରୁଷ: ୮୫ ୧୭
train/img_03624.jpg,"ନାଟୁଆମାନେ ମୁହଁରେ ମଧ୍ୟ ଶୃଙ୍ଗାର କରିଥାନ୍ତି, ଆଖିରେ ସୁରମା ଓ ମୁହଁରେ କୁଙ୍କୁମରେ ଚିତା ଆଙ୍କିଥାନ୍ତି ।"
train/img_03625.jpg,ଭୁବନେଶ୍ୱରରେ ଛଅଟି ୟୁନିଟ ଓ ପୁରୁଣା ଭୁବନେଶ୍ୱର ଅଞ୍ଚଳରେ ଏକ ବିଜ୍ଞାପିତ ଅଞ୍ଚଳ ହେବା ମଧ୍ୟ ସେହି ନକ୍ସାରେ ଥିଲା ।
train/img_03626.jpg,"ଉଲ୍ଲେଖ ଅଛି ଯାଜପୁର ପାଇଁ ରାଧାଶ୍ୟାମ ନରେନ୍ଦ୍ର ୭୫ ହଜାର ମହଣ ଧାନ ବୀନା ମୂଲ୍ୟରେ, ଆଦି ନେତା ବିଚିତ୍ରାନନ୍ଦ ଦାସଙ୍କ ଅନୁରୋଧରେ ଦାନ କରିଥିଲେ ।"
train/img_03627.jpg,‘‘ମାତା ପିତା ଆଦି ପୁତ୍ର ପରିଜନ
train/img_03628.jpg,"ଏହା ପରେ ନୃସିଂହ ଚତୁର୍ଦ୍ଦଶୀ ଦିନ ଗୁଜ ଅନୁକୂଳ, ଶ୍ରୀକ୍ଷେତ୍ର ଭଉଁରୀ ଦିନ ପ୍ରତ୍ୟେକ ରଥର ଦୁଇଟି ଲେଖାଏଁ ଚକ ଡେରା ହୋଇଥାଏ ଓ ଶ୍ରୀମନ୍ଦିରରୁ ଆଜ୍ଞାମାଳ ଆସି ଏହା ଉପରେ ଲାଗି କରାଯାଇଥାଏ।"
train/img_03629.jpg,ମନ୍ଦିରର ଶିଖର ଓ ଶୀର୍ଷ ଭାଗର ଗଠନ ଶୈଳୀକୁ ଭିତ୍ତି କରି ଏଭଳି ବିଭକ୍ତିକରଣ କରାଯାଇଛି ।
train/img_03630.jpg,ସାଧନା ମାର୍ଗଥିଲା ।
train/img_03631.jpg,ଶ୍ରୀ ଜଗନ୍ନାଥଙ୍କ ପରମ ଭକ୍ତ ସାଲବେଗଙ୍କ ଭକ୍ତି ରଚନା ମଧ୍ୟ ଅଗ୍ରଗଣ୍ୟ ।
train/img_03632.jpg,ଚାରି ପାଖେ ହାରାମାଳି ମାରିବ।
train/img_03633.jpg,କିନ୍ତୁ ସଂଯୁକ୍ତ ମହାରାଷ୍ଟ୍ର ସମିତିର ଆନ୍ଦୋଳନଦ୍ୱାରା ଏହାର ବିରୋଧ କରାଗଲା ଓ ମୁମ୍ବାଇକୁ ମହାରାଷ୍ଟ୍ରର ରାଜଧାନୀ କରିବାକୁ ଦାବି କରାଗଲା।
train/img_03634.jpg,ସେ ସମୟରେ ଓଡ଼ିଶାର ଜଣାଶୁଣା ପଣ୍ଡିତ ଜ୍ଞାନୀ ଦେଶଭକ୍ତମାନେ ଏହି ବିଦ୍ୟାଳୟର ଶିକ୍ଷକ ଥିଲେ ।
train/img_03635.jpg,ଜିଲ୍ଲା ମୁଖ୍ୟ ଡାକ୍ତରଖାନା- ୧ଟି (କେନ୍ଦୁଝର)
train/img_03636.jpg,"ତଥା ଜନ୍ତ୍ର ବିଶେଷତଃ ନୀଳତନ୍ତ୍ର, ଉଡ଼ାନ ତନ୍ତ୍ର, କହନ୍ତି ।"
train/img_03637.jpg,୧୯୭୦ ଦଶକ ଅନ୍ତେ ଏଠାରେ ନିର୍ମାଣ କାର୍ଯ୍ୟରେ ବହୁତ ବୃଦ୍ଧି ହେଇଥିଲା।
train/img_03638.jpg,ଦୁଇଜଣ ବାଁନ୍ଧା ତାର ପିଛନେ ।’’ (ନିତ୍ୟାନନ୍ଦ)
train/img_03639.jpg,"ସେଥିପାଇଁ ମନ୍ଦିର ପଶ୍ଚିମ ଦିଗରେ ଯେଉଁଠି ସଂସାରର ଆନନ୍ଦବର୍ଦ୍ଧକ ମହାପ୍ରଭୁ ଲୋକନାଥ ବିରାଜମାନ କରିଛନ୍ତି,ସେଠାରେ ଶଙ୍ଖନିଧି ଓ ପଦ୍ମନିଧି ଗୋଟିଏ ସ୍ୱର୍ଣ୍ଣପୁରୀ ନିର୍ମାଣ କରିଥିଲେ ।"
train/img_03640.jpg,ଚର୍ଯା/ ଚରିଜାଗିତି ଯୁଗ ବା ସିଦ୍ଧ ସାହିତ୍ୟ ଯୁଗ ଓ ନାଥ ସାହିତ୍ୟ
train/img_03641.jpg,ଭୈରବସିଂହପୁର : ବୋରିଗୁମାବ୍ଲକ ଅନ୍ତର୍ଗତ ଏହି ସ୍ଥାନ ଏକ ଜୈନପୀଠ ଥିଲା।
train/img_03642.jpg,ସିଂହସନରୁ ନେହି ଚାରମାଳ ଉପରେ ଠାକୁରମାନେ ଧିରେ ଧିରେ ପହଣ୍ଡି ବିଜେ କରିଥାନ୍ତି।
train/img_03643.jpg,ରତ୍ନଭଣ୍ଡାର
train/img_03644.jpg,ଉତ୍କଳୀୟ ପର୍ବପର୍ବାଣି ଗୁଡ଼ିକୁ ଚାରୋଟି ମୁଖ୍ୟ ଭାଗରେ ବିଭକ୍ତ କରାଯାଇପରେ ଯଥା ।
train/img_03645.jpg,"ବିଭିନ୍ନ ମହଲରୁ ଏକ ଉଚ୍ଚ ନ୍ୟାୟାଳୟର ପ୍ରତିଷ୍ଠା ନିମନ୍ତେ ଜନସାଧାରଣଙ୍କ ଦାବି କ୍ରମେ ଭାରତ ସରକାରଙ୍କ ଆଇନ ବିଭାଗ (ରିଜୋଲ୍ୟୁସନ୍ ତାରିଖ: ୧୯୪୨ ଅଗଷ୍ଟ ୧୯)ଦ୍ୱାରା ଓଡ଼ିଶାରେ ଉଚ୍ଚନ୍ୟାୟାଳୟର ଆବଶ୍ୟକତା ଅନୁଧ୍ୟାନ କରିବା ପାଇଁ ବୀର କିଶୋର ରାୟଙ୍କୁ ଅଧ୍ୟକ୍ଷ, ସି ଏମ୍ ଆଚାର୍ଯ୍ୟ, ବିଚିତ୍ରାନନ୍ଦ ଦାଶ ଓ ନରସିଂହ ରାଓଙ୍କୁ ସଭ୍ୟ ଭାବେ ନେଇ ଏକ କମିଟି ସ୍ଥାପନ କଲେ ।"
train/img_03646.jpg,ହେରା ପଞ୍ଚମୀ ଯାତ୍ରା ସମ୍ପର୍କରେ ଏକ ସୁନ୍ଦର ଜନଶୃତି ବା ଆଖ୍ୟୟିକା ରହିଛି।
train/img_03647.jpg,"ଏଥିରେ ବ୍ୟୋମକେଶ ତ୍ରିପାଠି, ଅନିମା ପ୍ରମୁଖ ଅଭିନୟ କରିଥିଲେ।"
train/img_03648.jpg,ତତ୍ ପରେ ପାଳିଆ ପୂଜା ପଣ୍ଡା ପଞ୍ଚୋପଚାରରେ ପୂଜା କରିଥାନ୍ତି।
train/img_03649.jpg,ଏହା ପଡ଼ୋଶୀ ବଙ୍ଗଳାଦେଶର କିଛି ଅଞ୍ଚଳରେ ମଧ୍ୟ କଥିତ ।
train/img_03650.jpg,ଓଡ଼ିଶାରେ ବୋଲାଯାଉଥିବା 'ପାଲା' ମାନ 'କବିକର୍ଣ୍ଣ' ବିରଚିତ ବଙ୍ଗଳା ପାଞ୍ଚାଳ ଛନ୍ଦରେ ରଚିତ ।
train/img_03651.jpg,ଫୁଲବାଣୀ
train/img_03652.jpg,"ପଣ୍ଡିତ ଇନ୍ଦ୍ରଜୀ ପ୍ରଥମ ଗବେଷକ ଭାବେ ଘୋଷଣା କରିଥିଲେ ଯେ ହାତୀଗୁମ୍ଫା ଶିଳାଲେଖରେ ଥିବା ଅଭିଲେଖ ଖାରବେଳ, ଏବଂ ଐର ଏକ ନୁହେଁ ।"
train/img_03653.jpg,ଏହାର ୧୩ଟି ଅଙ୍କ ବାରକୋଡ଼ ଆକାରରେ ପୁସ୍ତକଗୁଡ଼ିକର ପଛଭାଗରେ ମୁଦ୍ରିତ ହୋଇଥାଏ ।
train/img_03654.jpg,"୨୦୦୧ ସୁଦ୍ଧା, ସହରର ପ୍ରାୟ ୨ ୧୫ ଶ୍ରମିକ ପ୍ରାଥମିକ କ୍ଷେତ୍ରରେ (କୃଷି, ଜଙ୍ଗଲ, ଖଣି ଇତ୍ୟାଦି) ନିୟୋଜିତ ହୋଇଥିଲେ; ୨ ୧୮ ଦଳୀୟ କ୍ଷେତ୍ରରେ (ଶିଳ୍ପ ଏବଂ ଉତ୍ପାଦନ) କାର୍ଯ୍ୟ କରିଥିଲେ; ଏବଂ ୯୫ ୬୭ ତୃତୀୟ କ୍ଷେତ୍ର (ସେବା ଶିଳ୍ପ)ରେ କାର୍ଯ୍ୟ କରିଥିଲେ"
train/img_03655.jpg,ଉତ୍ତର-ପଶ୍ଚିମରେ ସୁଲେମାନ ଓ ହିନ୍ଦୁକୁସ ପର୍ବତମାଳା ଅବସ୍ଥିତ ।
train/img_03656.jpg,ଅଭିଜିତ ବାନାର୍ଜୀ - ଅର୍ଥନୀତିରେ ନୋବେଲ ପୁରସ୍କାର - ୨୦୧୯
train/img_03657.jpg,ଜାତୀୟ ସଙ୍ଗୀତ କଳାକେନ୍ଦ୍ର
train/img_03658.jpg,ତାଙ୍କ ମୂଳ ନାମ ଥିଲା ସିଦ୍ଧେଶ୍ୱର ପରିଡ଼ା ।
train/img_03659.jpg,ଶିକ୍ଷା ବିଭାଗ
train/img_03660.jpg,ମୁକୁନ୍ଦ ଦେବଙ୍କ ପରଲୋକ ପରେ ଏହା ତୋଷାଳି ବା ଉତ୍କଳର ଏକ ଭାଗରେ ପରିଣତ ହେଲା ।
train/img_03661.jpg,ବର୍ତ୍ତମାନ ମୋ ମୁଣି ଖାଲି ମୁଁ ସବୁ କିଛି ଦେଇ ସାରିଛି ଯାହା ଦରକାର ଥିଲା ।
train/img_03662.jpg,ବାଲି ସହିତ ଥିବା ଏହି ପୁରାତନ ନୌବାଣିଜ୍ୟ ସମ୍ପର୍କକୁର ସ୍ମୃତିରେ ଉପକୂଳ ଓଡ଼ିଶାରେ ବାଲିଯାତ୍ରା (ବାଲି ଅଭିମୁଖେ ଯାତ୍ରା) ଉତ୍ସବ ବହୁ ଆଡମ୍ବରରେ ପାଳିତ ହୁଏ ।
train/img_03663.jpg,ରାଜ୍ୟ ଓ କେନ୍ଦ୍ରଶାସିତ ଅଞ୍ଚଳ
train/img_03664.jpg,ବନ୍ଦେ ଉତ୍କଳ ଜନନୀ
train/img_03665.jpg,୪ ଏହି ପୁଷ୍କରିଣୀ କିପରି ପବିତ୍ର ତାହା ଏହାର ସ୍ଥାପନାରୁ ଜଣାଯାଏ ।
train/img_03666.jpg,ଏକଦା ଅଳକାଶ୍ରମ ।
train/img_03667.jpg,ଖ୍ରୀ ଅ ୧୭୫୧ରେ ଏହି ଅଞ୍ଚଳ ମରାଠା ମାନଙ୍କ ଅଧୀନକୁ ଆସିଥିଲା ।
train/img_03668.jpg,"ଏମାନଙ୍କ ଭିତରୁ ଜମ୍ବୁଦ୍ୱୀପର ରାଜାଥିଲେ ଅଗ୍ନୀଧ୍ର, ଯିଏ ଜମ୍ବୁଦ୍ୱୀପର ଭିନ୍ନ ଭିନ୍ନ ନଅ ଭାଗର ଦାୟିତ୍ୱ ନିଜର ନଅ ପୁତ୍ରଙ୍କୁ ସମର୍ପି ଥିଲେ।"
train/img_03669.jpg,ଆଚାର
train/img_03670.jpg,କଳାହାଣ୍ଡି ନାମରେ କୌଣସି ସ୍ଥାନ କିମ୍ବା ଗ୍ରାମ ନାହିଁ ।
train/img_03671.jpg,ସହରରେ ଅନୁଭୂତ ସର୍ବୋଚ୍ଚ ତାପମାତ୍ରା ୫୦ ସେ ହୋ ଇଥିବା ବେଳେ ସର୍ବନିମ୍ନ ତାପମାତ୍ରା ୧୦ ସେ ।
train/img_03672.jpg,ଗୀତର ପୁରୁଷୋତ୍ତମ ଯୋଗରେ (୧୫ଦଶ ଅଧ୍ୟାୟ)
train/img_03673.jpg,ମୋହନ ସୁନ୍ଦର ଦେବ ଗୋସ୍ୱାମୀ: ଓଡ଼ିଶାର ପ୍ରଥମ କଥାଚିତ୍ର ସୀତା ବିବାହ (୧୯୩୪-୩୬)ର ପ୍ରଯୋଜକ।
train/img_03674.jpg,ପାଲିଙ୍କି ଆନନ୍ଦବଜାରସ୍ଥିତ ଚାହାଣୀ ମଣ୍ଡପକୁ ନିଆଯାଏ।
train/img_03675.jpg,ସିଲ୍କ ଏକ ବିଶେଷ ଧରଣର ପୋକରୁ ବାହାରେ ତାହା ହେଉଛି ରେଶମ ପୋକ ।
train/img_03676.jpg,"ଏହା ପ୍ରାଚୀନ ଏବଂ ମଧ୍ୟଯୁଗୀୟ ଦକ୍ଷିଣ ଏସିଆରେ ଏକ ସଂଯୋଗ ଭାଷା ଥିଲା ଏବଂ ପ୍ରାରମ୍ଭିକ ମଧ୍ୟଯୁଗୀୟ ଯୁଗରେ ଦକ୍ଷିଣ ପୂର୍ବ ଏସିଆ, ପୂର୍ବ ଏସିଆ ଏବଂ ମଧ୍ୟ ଏସିଆକୁ ହିନ୍ଦୁ ଏବଂ ବୌଦ୍ଧ ସଂସ୍କୃତି ବ୍ୟାପିବା ପରେ ଏହା ଧର୍ମ ଏବଂ ଉଚ୍ଚ ସଂସ୍କୃତିର ଭାଷା ଏବଂ ଏହି କ୍ଷେତ୍ରରେ ରାଜନୈତିକ ଉଚ୍ଚବର୍ଗଙ୍କ ଭାଷାରେ ପରିଣତ ହୋଇଥିଲା ।"
train/img_03677.jpg,କଟକ ଜିଲ୍ଲାର ଭୌଗୋଳିକ ଅବସ୍ଥିତି ହେଉଛି ୨୦ ୩ରୁ ୨୦ ୪୦ ଉ ୮୪ ୫୮ରୁ ୮୬ ୨୦ ପୂ ସମୁଦ୍ର ପତ୍ତନରୁ ଏହାର ହାରାହାରି ଉଚ୍ଚତା ୩୭ ମିଟର (୧୨୧ ଫୁଟ୍) ।
train/img_03678.jpg,ପଣସ ପଲଉ
train/img_03679.jpg,"ସେଥି ମଧ୍ୟରୁ ୧,୮୫,୫୮୪ (୫୨ ୧୫ ) ଜଣ ପୁରୁଷ ହୋଇଥିବା ବେଳେ ୧,୭୦,୨୩୯ (୪୭ ୮୫ ) ଜଣ ନାରୀ ଅଟନ୍ତି ।"
train/img_03680.jpg,ଚାନ୍ଦ ହୈଲ ବଇରୀ ମୋର ମଦନ ଶମନ
train/img_03681.jpg,ଚିତ୍ରଶିଳ୍ପୀ
train/img_03682.jpg,ସ୍ୱରବର୍ଣ୍ଣ
train/img_03683.jpg,ହିଁ ନେଇଛନ୍ତି ।
train/img_03684.jpg,"କିଛି ଧ୍ବଂନ୍ୟାତ୍ମକ ପରିବର୍ତ୍ତନ- ' 'ରୁ ' ', ' 'ରୁ ' ', ମଧ୍ୟବର୍ତ୍ତୀ ' 'ରୁ ' ' ।"
train/img_03685.jpg,ସନ୍ଧ୍ୟା ଆଳତୀରେ ଯୋଗଦେଇ ଲୋକେ ନିଜର ଅପରାଧ କ୍ଷମାପାଇଁ ପ୍ରାର୍ଥନା କରିଥାନ୍ତି।
train/img_03686.jpg,"ସଂସ୍କୃତ (, -, -, ସାଧାରଣତଃ , ) ବିଶ୍ବର ଏକ ପୁରାତନ ତଥା ଭାରତରେ ପ୍ରଚଳିତ ଏକ ଶାସ୍ତ୍ରୀୟ ଭାଷା ।"
train/img_03687.jpg,"ଏହାର ଉତ୍ତରରେ ଉଚ୍ଚ ଏବଂ ବହୁଦୂର ଯାଏ ଲମ୍ବିଥିବା ହିମାଳୟ, ଦକ୍ଷିଣରେ ଭାରତ ମହାସାଗର, ପୂର୍ବରେ ବଙ୍ଗୋପସାଗର ଓ ପଶ୍ଚିମରେ ଆରବସାଗର ରହିଛି ।"
train/img_03688.jpg,କେନାଲଟି ରେଭେନ୍ସା ମହାବିଦ୍ୟାଳୟର ପ୍ରତିଷ୍ଠାତା ତଥା ତତ୍କାଳୀନ କଟକ କମିଶନର ସାର ଥୋମାସ୍ ଏଡ଼ୱାର୍ଡ ରେଭେନ୍ସାଙ୍କଦ୍ୱାରା ଆରମ୍ଭ କରାଯାଇଥିଲା ।
train/img_03689.jpg,"ଏଠାରେ ବିରଳା ଟାୟାର, ଇମାମି କାଗଜ କଳ, ଓରିପ୍ଲାଷ୍ଟ ପ୍ଲାଷ୍ଟିକ କାରଖାନା ସହ ଆହୁରି ଅନେକ କାରଖାନା ଅଛି ।"
train/img_03690.jpg,"ବିଭିନ୍ନ ବିଷୟ ଓ ରାଗରାଗିଣୀ ମାଧ୍ୟମରେ ଲୋକ ଜୀବନର ଚଳଣି, ସାମାଜିକ ବିଧିବ୍ୟବସ୍ଥା ଆଦିର ରୂପଛବି ଏଥିରେ ପ୍ରକାଶ ପାଇଥାଏ ।"
train/img_03691.jpg,"ଇଂଲଣ୍ଡର କୁଇନଟେସେନସିଆଲଙ୍କ ଭାଷା ବିଭାଗର ମତରେ ଧଉଳିଠାରୁ ମିଳିଥିବା ଅଶୋକଙ୍କ ସମୟର ଶିଳାଲେଖ, ଜଉଗଡ଼ର ଶିଳାଲେଖ ଆଉ ଖାରବେଳଙ୍କ ବେଳରେ ତିଆରି ଖଣ୍ଡଗିରି ଓ ହାତୀଗୁମ୍ଫାର ଶିଳାଲେଖ ଓଡ଼ିଆ ଭାଷାର ମୂଳ ଇତିହାସ ଉପରେ ସୂଚନା ଦିଏ।"
train/img_03692.jpg,ଏକ ସ୍ଥାନରେ ବର୍ଷା ହେଉଥିଲେ ତା ସନ୍ନିକଟ ସ୍ଥାନରେ ଊଷ୍ଣତା ଥିବ ।
train/img_03693.jpg,"ଇସଲାମ ମାସ ""ଜିଲହଜ""ର ଦଶମ ଦିନ ମୁସଲମାନମାନଙ୍କର ବକ୍ରି ଇଦ ପର୍ବ ଦିନ ମକ୍କାକୁ ଯାଇ ହଜ କରନ୍ତି ।"
train/img_03694.jpg,ବର୍ତ୍ତମାନ କମ୍ପ୍ୟୁଟର ଯୋଗେ ଓଡ଼ିଆ ଟାଇପ କରିବା ସହଜ ହୋଇଯାଇଛି ।
train/img_03695.jpg,ପୁରାତନ ଓଡ଼ିଆ ସାହିତ୍ୟରେ ଅନେକ ଅଳଙ୍କାରିକ ତଥା କାବ୍ୟତତ୍ତ୍ୱ ନାନାଦି ବିଷୟକୁ ନେଇ ଚଉତିଶା ଲେଖାଯାଇଅଛି ।
train/img_03696.jpg,ମାନସିକ କରିଥିବା ବ୍ୟକ୍ତି ସେମାନଙ୍କୁ ନିମନ୍ତ୍ରଣ କରନ୍ତି ।
train/img_03697.jpg,"ଧନ୍ୟେ, ପୁଣ୍ୟେ, ଚିର ଶରଣ୍ୟେ,"
train/img_03698.jpg,ଯେପରି-
train/img_03699.jpg,"ଶେଷତମ ଆତ୍ମୀୟ ଭାବରେ ପାଣ୍ଡବଗଣ ସଖା ଶ୍ରୀକୃଷ୍ଣଙ୍କ ଶରୀରକୁ ଦାହ କରିବା ପାଇଁ ଚେଷ୍ଟାକରି ବିଫଳ ହେଲେ, କାରଣ ଅଗ୍ନିର ଦାହିକା ଶକ୍ତି ନିକଟରେ ପୂର୍ଣ୍ଣବ୍ରହ୍ମ ସ୍ୱରୂପ ଶ୍ରୀକୃଷ୍ଣଙ୍କ ଶରୀରକୁ ପଞ୍ଚଭୂତରେ ବିଲୀନ କରିବାର ସାମର୍ଥ୍ୟ ନ ଥିଲା ।"
train/img_03700.jpg,"ରଜପାନର ଚମକ ଓ ମହକ ସାରାବର୍ଷର ପାନକୁ ବଳିଯାଏ, ରଜ ଆଭୂଷଣକୁ ଆହୁରି ମୁଗ୍ଧକର କରିଦିଏ ।"
train/img_03701.jpg,ଶ୍ରୀ ଯମେଶ୍ୱର
train/img_03702.jpg,"ସୁଦର୍ଶନ ପଟ୍ଟନାୟକ,ବାଲୁକାଶିଳ୍ପୀ"
train/img_03703.jpg,ଓଡ଼ିଆରେ ବହୁ ପୁରୁଣା ଜଣାଣ ରହିଛି ଯାହା ଆଧାରରେ ଏବେ ମଧ୍ୟ କବିମାନେ ଜଣାଣ ରଚୁଆଛନ୍ତି ।
train/img_03704.jpg,ଶ୍ରୀବିଗ୍ରହମାନେ ରଥ ଉପରେ ଅବସ୍ଥାନ କରୁଥିବା ସମୟରେ ଅନ୍ନ ଭୋଗ ନ ହୋଇ କେବଳ ଶୁଖିଲା ଭୋଗ ହୋଇଥାଏ।
train/img_03705.jpg,ଉନ୍ନତ ଭିତରେ ଗୋପାଳସାଗର (୩୫ ଡେସିମିଲ) ଓ ମାଧପୁର ମୌଜାର ରାଧାମାଧବଜୀଉ (୨୦ ଡେସିମିଲ) ପୋଖରୀ ଅନ୍ତର୍ଭୁକ୍ତ ।
train/img_03706.jpg,ରଥଟଣା
train/img_03707.jpg,ଆସ୍କା
train/img_03708.jpg,ନୂଆଗଡ଼
train/img_03709.jpg,"ଏହା ବ୍ୟତୀତ ରଥ ଉପରକୁ ମଠ ତରଫରୁ ଠାକୁରମାନଙ୍କ ଲାଗି ଉଦ୍ଦେଶ୍ୟରେ ମାଳ, ଚୂଳ ଇତ୍ୟାଦି ପଠାଯାଇଥାଏ।"
train/img_03710.jpg,ଆଷାଢ଼ ଶୁକ୍ଳ ତୃତୀୟାଠାରୁ ଆଷାଢ଼ ଶୁକ୍ଳ ନବମୀ ପର୍ଯ୍ୟନ୍ତ ଗୁଣ୍ଡିଚା ମନ୍ଦିରରେ ପୂଜା ପାଆନ୍ତି ଏବଂ ଆଷାଢ଼ ଶୁକ୍ଳ ଦଶମୀ ତିଥିରେ ପହଣ୍ଡି ହୋଇ ରଥ ଚଢ଼ି ଶ୍ରୀମନ୍ଦିରକୁ ପ୍ରତ୍ୟାବର୍ତ୍ତନ କରନ୍ତି ।
train/img_03711.jpg,ମୁଖ୍ୟମନ୍ତ୍ରୀ ନବୀନ ପଟ୍ଟନାୟକଙ୍କ ଆହ୍ୱାନରେ ଓଡ଼ିଶାରେ କୋଭିଡ-୧୯ ମହାମାରୀ ସମୟରେ ବିଭିନ୍ନ ସେବା କାର୍ଯ୍ୟ କରୁଥିବା କୋଭିଡ ଯୋଦ୍ଧାମାନଙ୍କ ସମ୍ମାନରେ ବିଶ୍ୱର ବିଭିନ୍ନ ସ୍ଥାନରେ ଓଡ଼ିଆ ଲୋକମାନେ ୩୦ ମଇ ୨୦୨୦ ସନ୍ଧ୍ୟା ୫ ୩୦ ଏହି ଗୀତ ଗାଇଥିଲେ ।
train/img_03712.jpg,ମାଛକାନ୍ଦଣା ଜଳପ୍ରପାତ: ଶିମିଳିପାଳର ସୌନ୍ଦର୍ଯ୍ୟଭରା ଏହି ଜଳପ୍ରପାତଟି ୩ଟି ଜଳପ୍ରପାତର ସମଷ୍ଟି ।
train/img_03713.jpg,ବତୀଘର ମହାକାଳପଡ଼ା
train/img_03714.jpg,ନଭେମ୍ବର ମାସରେ ଆୟୋଜିତ ହେଉଥିବା ବାଲିଯାତ୍ରା ଦେଖିବା ଲାଗି ଏବଂ ବେପାର କରିବା ଲାଗି ଏହି ସମୟରେ କଟକରେ ଓଡ଼ିଶାର ଅନ୍ୟାନ୍ୟ ସ୍ଥାନରୁ ଆସି ଲୋକେ ଭିଡ ଜମାନ୍ତି ।
train/img_03715.jpg,"ଏହାର ଦକ୍ଷିଣ-ପୂର୍ବରେ ବଙ୍ଗୋପସାଗର, ପଶ୍ଚିମରେ ସିପସରୁବାଲି ମୌଜା, ପୂର୍ବରେ ବାଲୁଖଣ୍ଡ ମୌଜା, ଉତ୍ତରରେ ଗୋପୀନାଥପୁର ମୌଜା ଅଛି ।"
train/img_03716.jpg,ଗୋବର୍ଦ୍ଧନ ମଠ
train/img_03717.jpg,"ଉଚ୍ଚତା ଯଥାକ୍ରମେ ୪୫ ଫୁଟ ୬ ଇଞ୍ଚ, ୪୫ ଫୁଟ ଓ ୪୪ ଫୁଟ୍ ୬ ଇଞ୍ଚ ଅଟେ ।"
train/img_03718.jpg,ଏହା ବଦଳରେ ବାଲେଶ୍ୱର ଜିଲ୍ଲାର ଆମ୍ବୋ ଅଞ୍ଚଳର କିଛି ଗ୍ରାମ (୧୪ ୮୪ ବର୍ଗ କିମି ) କେନ୍ଦୁଝରର ଅଧୀନ କରାଗଲା ।
train/img_03719.jpg,ସରଫଗଡ ଡ୍ୟାମ ଏବଂ ଉଦ୍ୟାନ
train/img_03720.jpg,ପିଠାପଣା
train/img_03721.jpg,ବସ୍ ଯୋଗଯୋଗ ହିସାବରେ କଟକର ବାଦାମବାଡି ବସ୍ ଟର୍ମିନସ୍ ଓଡ଼ିଶାରେ ସର୍ବବୃହତ୍ ।
train/img_03722.jpg,ଏମାନଙ୍କ ଦଳରେ ଗୋଟିଏ ଅଣ୍ଡିରା ସମ୍ବର ରାଜା ହୋଇଥାଏ।
train/img_03723.jpg,ବାଣପୁର
train/img_03724.jpg,"ବାତ୍ୟାଦ୍ୱାରା ଧ୍ୱଂସ ହୋଇ ଯାଇଥିବା ତୋରଣ ଓ ଘର ସବୁର ପୁନର୍ଗଠନ କଲେ, ଅନେକ ପୋଖରୀ ଆଦି ଖୋଳାଇଲେ ଓ ବଗିଚା ସବୁ ଆଉଥରେ ତିଆରି କଲେ ।"
train/img_03725.jpg,ରାଜ୍ୟର ଯେ କୌଣସି ବରିଷ୍ଠ ଦେୱାନୀ ଅଦାଲତର ଦେୱାନୀ ମକଦ୍ଦମାର ରାୟ ବିରୁଦ୍ଧରେ ଦ୍ୱିତୀୟ ଅପିଲ ( ) ତଥା ଜିଲ୍ଲା ଅଦାଲତର ଦେୱାନୀ ମକଦ୍ଦମାର ରାୟ ବିରୁଦ୍ଧରେ ପ୍ରଥମ ଅପିଲ ରାଜ୍ୟର ଉଚ୍ଚ ନ୍ୟାୟାଳୟରେ ହିଁ ଦାୟର ହେବ ।
train/img_03726.jpg,ପ୍ରାୟ ଖ୍ରୀ ୬୦୦ ସମୟରେ କୌନ୍ଦିନ୍ୟ ନାମକ ଜଣେ ଭାରତୀୟ ବାଲିର ପ୍ରଥମ ଶାସକ ହୋଇଥିଲେ ଓ ପରମ୍ପରାଗତ ଭାବେ ବାଲିର ସମସ୍ତ ଶାସକ ଏହି ଉପାଧି ବହନ କରନ୍ତି ।
train/img_03727.jpg,ଏହା ଏକ ସମୟରେ ଅଶୋକଙ୍କର ପ୍ରାନ୍ତୀୟ ରାଜଧାନୀ ମଧ୍ୟ ଥିଲା ।
train/img_03728.jpg,"୧୯୪୮ ମସିହା ଜାନୁଆରୀ ପହିଲା ତାରିଖରେ ୨୩ଟି ଗଡ଼ଜାତର (ଆଠଗଡ଼, ଆଠମଲ୍ଲିକ, କଳାହାଣ୍ଡି, କେନ୍ଦୁଝର, ଖଣ୍ଡପଡ଼ା, ଗାଙ୍ଗପୁର, ଢେଙ୍କାନାଳ, ତାଳଚେର, ତିଗିରିଆ, ଦଶପଲ୍ଲା, ନରସିଂହପୁର, ନୟାଗଡ଼, ନୀଳଗିରି, ପାଟନା, ପାଲଲହଡ଼ା, ବଉଦ, ବଡ଼ମ୍ବା, ବଣାଇ, ବାମଣ୍ଡା, ରଣପୁର, ରେଢ଼ାଖୋଲ, ସୋନପୁର ଓ ହିନ୍ଦୋଳ) ଓଡ଼ିଶା ସହିତ ମିଶ୍ରଣ ହୋଇଥିଲା ।"
train/img_03729.jpg,ବାଳମୁକୁନ୍ଦ ମନ୍ଦିର ଓ ବଟ ମଙ୍ଗଳାଙ୍କ ଦକ୍ଷିଣ କୋଣର ବାମ ପାର୍ଶ୍ୱରେ ମାର୍କଣ୍ଡେୟ ପାଦୁକା ରହିଛନ୍ତି ।
train/img_03730.jpg,କଳିଙ୍ଗ ଶୈଳୀର ମନ୍ଦିରଗୁଡ଼ିକ ସପ୍ତମ ଶତାବ୍ଦୀଠାରୁ ପଞ୍ଚଦଶ-ଷୋଡ଼ଷ ଶତାବ୍ଦୀ ମଧ୍ୟରେ ଓଡ଼ିଶାର ବିଭିନ୍ନ ଅଞ୍ଚଳରେ ନିର୍ମିତ ହୋଇଥିଲା ।
train/img_03731.jpg,"ପାହାଚଗୁଡ଼ିକର ଓସାର ୬ଫୁଟ, ଲମ୍ବ ୭୦ଫୁଟ ଓ ଉଚ୍ଚତା ୬ଇଞ୍ଚରୁ ୭ଇଞ୍ଚ ମଧ୍ୟରେ ହେବ ।"
train/img_03732.jpg,"ଏହି ଦିନ ପୋଡ଼ ପିଠା, ଚକୁଳି ପିଠା ଆଦି ଖିଆଯାଇ ଥାଏ ।"
train/img_03733.jpg,ରଥଯାତ୍ରାରେ ଉକ୍ତ ମଠର ମହନ୍ତ ଚାମର ଓ ଆଲଟ ସେବା କରିବାର ଅଧିକାର ରହିଛି।
train/img_03734.jpg,କପିଳାସ ଶିବ ମନ୍ଦିର
train/img_03735.jpg,ଏହାବାଦ୍ ।
train/img_03736.jpg,ସରକାରଙ୍କ ଦୃଷ୍ଟି ନପଡ଼ିବାରୁ ଏହା ଅବହେଳିତ ଅବସ୍ଥାରେ ପଡ଼ିରହିଛି।
train/img_03737.jpg,ଗୋପବନ୍ଧୁ ଚୌଧୁରୀଙ୍କ ଉଦ୍ୟମରେ ଏଭଳି ଏକ ଆଦର୍ଶ ଅନୁଷ୍ଠାନ ଗଢ଼ି ଉଠିଥିଲା ।
train/img_03738.jpg,ଡାଲଖାଇ ପଶ୍ଚିମ ଓଡ଼ିଶାର ସର୍ବାଧିକ ଲୋକପ୍ରିୟ ନୃତ୍ୟ ।
train/img_03739.jpg,ତୁ ଯେବେ ଦେବ ଭଗବାନ
train/img_03740.jpg,"ନେତ୍ରୋତ୍ସବ ଦିନ ବିଳମ୍ବିତ ରାତ୍ରରେ ଅଣସର ପିଣ୍ଡିରେ ବିରାଜମାନ କରିଥିବା ଶ୍ରୀବିଗ୍ରହମାନଙ୍କ କେତେକ ଗୁପ୍ତ ନୀତି ଯଥା ବାହୁଟକଣ୍ଟ, ସେନାପଟା, ଶୁକ୍ଳ ସଜ ଲାଗି ଇତ୍ୟାଦି କାର୍ଯ୍ୟ ଶେଷ ହୋଇଥାଏ।"
train/img_03741.jpg,କାଟ୍ରାମାଲା ଝର
train/img_03742.jpg,ଗଠନ କଳା
train/img_03743.jpg,ରିଲାଏନ୍ସ୍ ଫାଉଣ୍ଡେସନ୍ ଓଡ଼ିଶା ଆଥଲେଟିକ୍ସ୍ ଉଚ୍ଚ ପ୍ରଦର୍ଶନ କେନ୍ଦ୍ର
train/img_03744.jpg,ନାରଦ ଏବଂ ଅନ୍ୟ ଦୁଇ ଦେବଦୂତଙ୍କ ସହ ଇନ୍ଦ୍ରଦ୍ୟୁମ୍ନ ଶ୍ରୀକ୍ଷେତ୍ରରେ ପହଞ୍ଚିବା ପରେ ମହାପ୍ରଭୁଙ୍କ ପଣି ରଥ ନିର୍ମାଣ କରାଯାଇଥିଲା ।
train/img_03745.jpg,"କଟକ, କଟକ ଜିଲ୍ଲାର ମୁଖ୍ୟାଳୟ ହେବା ସହିତ ଓଡ଼ିଶାର ଉପ-ରାଜଧାନୀ ତଥା ତତ୍ ସହିତ ରାଜ୍ୟର ସର୍ବପୁରାତନ ନ ଗର ମଧ୍ୟ ।"
train/img_03746.jpg,ବିଶେଷତଃ ଏକ ଦିନର ରାତ୍ରିକାଳୀନ ଦର୍ଶନରେ ଉକ୍ତ ଫଳ ଦଶଗୁଣ ପରିବର୍ଦ୍ଧିତ ହୋଇଥାଏ।
train/img_03747.jpg,କାନ୍ସବାହାଲ ଡ୍ୟାମ
train/img_03748.jpg,ପରବର୍ତ୍ତୀ କାଳରେ ଶତପଥ ବ୍ରାହ୍ମଣ ଗ୍ରନ୍ଥରେ ମଧ୍ୟ ଏହାର ଆଭାସ ମିଳିଥାଏ ।
train/img_03749.jpg,ରିଆମାଳ ବ୍ଳକ ଅଧିନରେ: ୨୨ଟି
train/img_03750.jpg,ପରେ ୧୯୬୯ରେ ମାଡ୍ରାସ ଷ୍ଟେଟ ତାମିଲନାଡୁ ରାଜ୍ୟରେ ସାମିଲ ହୋଇଥିଲା।
train/img_03751.jpg,"ଦଇତାପତି, ପୂଜପଣ୍ଡା, ମହାସୁଆର, ପ୍ରତିହାରୀ ପ୍ରମୁଖ ସେବକମାନେ ମୁଖ୍ୟ ବିଗ୍ରହଙ୍କ ସ୍କନ୍ଧ, ଶ୍ରୀମସ୍ତକ, ଶ୍ରୀଭୂଜ ତଳେ ରହିବା ସଙ୍ଗେ ସଙ୍ଗେ ପାଟ ଡୋରିରେ ଆଗ ଓ ପଛରେ ରହି ଧିରେ ଧିରେ ପହଣ୍ଦି ବିଜେ କରିଥାନ୍ତି।"
train/img_03752.jpg,ଗୋରେଖନାଥା ଷ୍ଟେଶନଟି ଏଠାରୁ ୧୦ କିଲୋମିଟର ଦୂରରେ ଅବସ୍ଥିତ ।
train/img_03753.jpg,ଅଧ୍ୟକ୍ଷ ବା ବାଚସ୍ପତି
train/img_03754.jpg,ଇମ୍ଫା ଫେରୋକ୍ରୋମ ଚୌଦ୍ୱାର
train/img_03755.jpg,"ଧାମସା, ମାଦକ, ଢୋଲ, ଚଡ଼ଚଡ଼ି ମୋଟାବାଜ୍ ନା ଓ ସାହାନାଇ, ବଂଶୀ, ବେହେଲା, କେନ୍ଦେରା ପ୍ରଭୃତି ସରୁବାଜ୍ ନା ଭାବରେ ପରିଚିତ ।"
train/img_03756.jpg,ଏ ସମୟ ମଧ୍ୟରେ ଗୁଣ୍ଡିଚା ଘରେ ଠାକୁରମାନଙ୍କର ମଧ୍ୟାହ୍ନ ଧୂପ ସରି ଶାଢ଼ୀ଼ ଲାଗି ହୋଇ ଆଳତି ବଢ଼ିଥାଏ।
train/img_03757.jpg,ଏହି ପକ୍ଷୀ ମୁଖ୍ୟତଃ ଭାରତୀୟ ଉପମହାଦେଶରେ ଦେଖିବାକୁ ମିଳିଥାଏ ।
train/img_03758.jpg,"୨୦୧୧ ଜନଗଣନା ଅନୁସାରେ, ଦେବଗଡ଼ ଜିଲ୍ଲାର ମୋଟ ଲୋକସଂଖ୍ୟା ୩,୧୨,୧୬୪ ଏଥିମଧ୍ୟରୁ ଗ୍ରାମାଞ୍ଚଳରେ ୨,୮୯,୮୧୪ ଓ ସହରାଞ୍ଚଳରେ ୨୨,୩୫୦ ଲୋକ ବାସ କରନ୍ତି"
train/img_03759.jpg,ପିନ୍ଧା ଲୁଗା
train/img_03760.jpg,ସମ୍ବଲପୁରୀ ହସ୍ତତନ୍ତ ବସ୍ତ୍ର ବରମାନ ସାରା ପୃଥିବୀରେ ବିଖ୍ୟାତ ।
train/img_03761.jpg,ରାଜଧାନୀଠାରୁ ଦୂରତା
train/img_03762.jpg,ଗଙ୍ଗାଧର ମହାପାତ୍ର ଆଇନ ମହାବିଦ୍ୟାଳୟ
train/img_03763.jpg,ମୁଖ୍ୟଦେଉଳ
train/img_03764.jpg,"ହଳଧରକୃତ ସ୍ମୃତି ଦର୍ପଣ ଅନୁସାରେ ମାର୍କଣ୍ଡେୟ, ଶ୍ୱେତଗଙ୍ଗା, ରୋହିଣୀକୁଣ୍ଡ, ସମୁଦ୍ର ଓ ଇନ୍ଦ୍ରଦ୍ୟୁମ୍ନ ହେଉଛି ପଞ୍ଚତୀର୍ଥ ।"
train/img_03765.jpg,କେବଳ କୁଡ଼ୁମି ସଂପ୍ରଦାୟ କାହିଁକି ଏହା ଏକ ଜାତି ଓ ଦେଶର ସାଂସ୍କୃତିକ ପରମ୍ପରା ଓ ଅମୂଲ୍ୟ ସଂପଦ ଭାବରେ ପରିଚୟ ଲାଭ କରିଛି ।
train/img_03766.jpg,ପଣ୍ଡିଚେରୀରେ ବାର୍ଷିକ ସର୍ବାଧିକ ହାରାହାରି ତାପମାତ୍ରା ୩୨ ୧ ଡିଗ୍ରୀ ସେଣ୍ଟିଗ୍ରେଡ ଅନୁଭୂତ ହେଉଥିବା ବେଳେ ସର୍ବନିମ୍ନ ହାରାହାରି ତାପମାତ୍ରା ୨୪ ୫ ଡିଗ୍ରୀ ସେଣ୍ଟିଗ୍ରେଡ ଅଟେ ।
train/img_03767.jpg,ନରାଜ
train/img_03768.jpg,ତାଙ୍କର ବାଜି ରାଉତ କବିତା ପାଇଁ ସେ ବିଶ୍ୱବିଦିତ ।
train/img_03769.jpg,ପୁରୁଷ: ୬୧ ୨୯
train/img_03770.jpg,ଦେହସାରା ଟାଉଁସିଆ ଲୋମରେ ପୂର୍ଣ୍ଣ।
train/img_03771.jpg,ଭାରତୀୟ ସମ୍ବିଧାନରେ ଆଦିବାସୀ ଶବ୍ଦ ବ୍ୟବହାର କରାଯାଇନାହିଁ ଏବଂ ଅନୁସୂଚିତ ଜାତି ଓ ଜନଜାତି ନାମ ଉଲ୍ଲେଖ କରାଯାଇଛି ।
train/img_03772.jpg,ଏହି ଜଳ ପ୍ରପାତରେ ୨୦୦ଫୁଟ ଉପରୁ ଜଳ ନିର୍ଗତ ହେଇ ତାହା ବହି ଯାଏ ଓ ମହାନଦୀରେ ମିଶ୍ରଣ ହୁଏ ।
train/img_03773.jpg,ସମ୍ବଲପୁର ଜିଲ୍ଲା ଭାରତର ଓଡ଼ିଶାରେ ଥିବା ଏକ ପ୍ରଶାସନିକ ଜିଲ୍ଲା ।
train/img_03774.jpg,ନିଯୁକ୍ତି ପ୍ରକ୍ରିୟା
train/img_03775.jpg,"ଟାଗୋରଙ୍କ ପତ୍ରିକା ତାଙ୍କୁ କିଛି ଦିନରେ ଲୋକପ୍ରିୟ କରିଦେଇଥିଲା, ଟାଗୋରଙ୍କ ପତ୍ରିକା ତାଙ୍କୁ କିଛି ଦିନରେ ଲୋକପ୍ରିୟ କରିଦେଇଥିଲା, ସେହି ସମୟରେ ସେ ଥ୍ରୀ- ଭଲ୍ୟୁମ ଗଳ୍ପଅଧାରୁ ଅଧିକ ଲେଖିଥିଲ, ୮୪-ଗଳ୍ପ ଗଳ୍ପଗୁଚ୍ଛ ଲେଖିଥିଲେ ।"
train/img_03776.jpg,ନୂତନ ବିଧାନ ସଭା ବିଧିବଦ୍ଧ ଭାବରେ ଗଠିତ ହୋଇ ନୂତନ ବାଚସ୍ପତି ନିର୍ବାଚିତ ହେବା ପର୍ଯ୍ୟନ୍ତ ବାଚସ୍ପତି ନିଜ ଦାୟିତ୍ୱରେ ରହନ୍ତି ।
train/img_03777.jpg,ସେହିପରି ହୀରାପୁରର ଚଉଷଠି ଯୋଗିନୀ ମନ୍ଦିର ଭଳି ତନ୍ତ୍ର ମନ୍ଦିରମାନଙ୍କରେ ଥିବା ଯୋଗିନୀମାନଙ୍କ ମୁଦ୍ରାରେ ଓଡ଼ିଶୀ ସହ ସମାନତା ପରିଲକ୍ଷିତ ହୋଇଥାଏ ।
train/img_03778.jpg,"ଫେରି ଯା, ଯାରେ ଯାରେ କାହ୍ନା ଆଉ ଜଳାନା"
train/img_03779.jpg,ବାଲେଶ୍ୱରଠାରୁ ଉଦଳା ଯିବା ବାଟରେ ସଜନାଗଡ଼ଠାରେ ଏହି ମନ୍ଦିର ଅବସ୍ଥିତ ।
train/img_03780.jpg,କଳିଙ୍ଗ ସୀମାରେ ସମତଳ ସମୁଦ୍ର ଉପକୂଳ ଅଞ୍ଚଳକୁ ନେଇ କଂଗୋଦ ରାଜ୍ୟ ଗଠିତ ହୋଇଥିଲା ।
train/img_03781.jpg,"ଏଭଳି ଏକ ଅନୁଷ୍ଠାନ ସାରା ଓଡ଼ିଶାରେ ଶିକ୍ଷା, ସାହିତ୍ୟ, ସଂସ୍କୃତି, ଅର୍ଥନୀତି ଏବଂ ପ୍ରଜ୍ଞା ଓ ଜ୍ଞାନର ଏକ ଆଦର୍ଶ ଭିତ୍ତିଭୂମି ତିଆରି କରିପାରିଥିଲା ।"
train/img_03782.jpg,କନ୍ନଡ଼ ଭାଷା କର୍ଣ୍ଣାଟକର ମୂଖ୍ୟ ଭାଷା ଓ ଦକ୍ଷିଣ ଭାରତ କେତେକାଂଶରେ ବ୍ୟବହୃତ ଭାଷା ।
train/img_03783.jpg,ମୁମ୍ବାଇ ସହର ଭାରତର ପଶ୍ଚିମ ଉପକୂଳର କୋଙ୍କଣ ଉପକୂଳୀୟ କ୍ଷେତ୍ରର ଉଲ୍ଲାସ ନଦୀ ମୁହାଣରେ ଅବସ୍ଥିତ।
train/img_03784.jpg,ସାହିତ୍ୟରେ ଯୁଗବିଭାଜନ ପରି ଝୁମରରେ ମଧ୍ୟ ଯୁଗବିଭାଜନର ଆବଶ୍ୟକତା ରହିଛି ।
train/img_03785.jpg,ଓଡ଼ିଆ ଭାଷାରେ ଫକୀର ମୋହନ ସେନାପତିଙ୍କୁ ଆଧୁନିକ ଓଡ଼ିଆ ଗଦ୍ୟ ସାହିତ୍ୟର ଜନକ ବୋଲି ଧରାଯାଇଥାଏ ।
train/img_03786.jpg,କଥିତ ଅଛି ବେଢ଼ା ପରିକ୍ରମା ସମୟରେ ନାଟୁଆ ଗଣେଶଙ୍କୁ ଦର୍ଶନ କରିବା ନିତାନ୍ତ ଆବଶ୍ୟକ।କାରଣ ସମସ୍ତ ଭକ୍ତଙ୍କ ତାଲିକା ସେ ରଖନ୍ତି ଓ ପ୍ରଭୁ ଶ୍ରୀ ପୁରୁଷୋତ୍ତମ ଶ୍ରୀଜଗନ୍ନାଥଙ୍କୁ ରାତ୍ର ଦରବାରରେ ଉପସ୍ଥାପନା କରିଥାନ୍ତି।
train/img_03787.jpg,ସୁନାରେ ଘୋଡ଼ା ନିର୍ମାଣ କରି ରଥରେ ସଂଯୋଗ କଲେ ।
train/img_03788.jpg,ଘୁମୁସର ଅଞ୍ଚଳର କୁଲାଗଡ଼ରୁ ଆରମ୍ଭ ହୋଇଥିବା ଦଣ୍ଡନାଟ ପରବର୍ତି ସମୟରେ ଗଞ୍ଜାମର ଅନ୍ୟାନ୍ୟ ଅଞ୍ଚଳ ବିଶେଷ କରି ଶକ୍ତିପୀଠଗୁଡ଼ିକୁ ବ୍ୟାପିଥିବାର ଜଣାପଡ଼େ।
train/img_03789.jpg,ଶ୍ରୀବେଢାକାଳୀ
train/img_03790.jpg,"ଅର୍ଜୁନ ଦାସ, ଦେବଦୁର୍ଲଭ ଦାସ, ନରସିଂହ ସେଣ, ପାର୍ଥ ଶ୍ରୀଚନ୍ଦନ ପ୍ରତାପରାୟ, ବିଷ୍ଣୁ ଦାସ, ଧନଞ୍ଜୟ, ରଘୁନାଥ ହରିଚନ୍ଦନ, ଉପେନ୍ଦ୍ର ଭଞ୍ଜ, ଦୀନକୃଷ୍ଣ ଦାସ, ଅଭିମନ୍ୟୁ ସାମନ୍ତସିଂହାର, ବ୍ରଜନାଥ ବଡ଼ଜେନା ଓ ଯଦୁମଣି ପ୍ରମୁଖ ଏହି କାଳର କବି ।"
train/img_03791.jpg,"ଓଡ଼ିଶାର ସୁପରିଚିତ ଶିଳ୍ପୀ ବସନ୍ତ ପଣ୍ଡା, ଧର୍ମପଦ ପୁରସ୍କାରପ୍ରାପ୍ତ ଜଳେଶ୍ୱରର ଶିଳ୍ପୀ ଅନନ୍ତ ପଣ୍ଡା ଓ ଉଦୟ ଜେନା ପ୍ରମୁଖ କେତେଜଣ ଶିଳ୍ପୀ ଅନେକ ସୁନ୍ଦର କଳାକୃତି ସବୁ ତିଅରି କରିଛନ୍ତି ।"
train/img_03792.jpg,୧୫୯୨ରେ ମୋଗଲ ସମ୍ରାଟ ଆକବର ବାଲେଶ୍ୱର ଦଖଲ କରି ବହୁକାଳ ଶାସନ କରିଥିଲେ ।
train/img_03793.jpg,"ସେତେବେଳେ ଓଡ଼ିଶାର ପୁରୀ,ଖୋର୍ଦ୍ଧା,ବାଲେଶ୍ୱର,ରେମୁଣା,ଭଦ୍ରକ, କେନ୍ଦ୍ରାପଡ଼ା,ମହାଙ୍ଗା,ହରିହରପୁର ପ୍ରଭୃତି ସ୍ଥାନରେ ୮ଟି ଭର୍ଣ୍ଣ।କୁଲ।ର ସ୍କୁଲ ପ୍ରତିଷ୍ଠା କରାଗଲା।"
train/img_03794.jpg,"ପୁରୁଷ: ୬,୧୭,୬୦୧ (୮୬ ୬୩ )"
train/img_03795.jpg,"ସେହିପରି ଜିଲା ପ୍ରଶାସନ ତରଫରୁ ଏହି କାର୍ଯ୍ୟାଳୟ ପରିସର ସଦ୍ଭାବନା ସଭାଗୃହ, ଡିଆରଡିଏ ସମ୍ମିଳନୀ କକ୍ଷ ସମେତ ସଂସ୍କୃତି ଭବନ, ଜିଲା ଯୋଜନା ଓ ପରିସଂଖ୍ୟାନ ବିଭାଗ ପରିସରରେ ଅଡିଟୋରିୟମ ରହିଛି।"
train/img_03796.jpg,"ଏହାପରେ, ୧୮୭୭ରେ ଆଲେକଜାଣ୍ଦର କନିଙ୍ଗହାମ ଏହାକୁ ""କର୍ପସ ଇନସ୍କ୍ତିପସନମ ଇଣ୍ଡିକାରମ-ପ୍ରଥମ ଭାଗ"" ଏବଂ ୧୮୮୦ରେ ଆର ଏଲ ମିତ୍ରା ଏକ ସ୍ୱଳ୍ପ ପରିବର୍ତ୍ତିତ ଲେଖା ""ଆଣ୍ଟିକୁଇଟିଜ ଅଫ ଓଡ଼ିଶା-ଦ୍ୱିତୀୟ ଭାଗ""ରେ ପ୍ରକାଶ କରିଥିଲେ ।"
train/img_03797.jpg,"କେଉଁ ସେବକଙ୍କର କି କି ସମସ୍ୟା ରହିଛି, କିଏ କି ଅସୁବିଧାରେ ପଡ଼ିଛି, ଠାକୁରଙ୍କ ରୀତିନୀତିର କିଛି ଅସୁବିଧା ରହିଛି କି, କିଏ କିଛି ଭୁଲ କରିଛି କି, କିଏ ଭଣ୍ଡ କାମ କରିଛି କି ନାଁ ନାହିଁ, ଏସବୁ ଅସୁବିଧାର ସମାଧାନ ସେଠାରେ ହେଉଥିଲା ।"
train/img_03798.jpg,"ବିଧାନସଭାରେ ସଂଖ୍ୟାଗରିଷ୍ଠତା ଥିବା ଦଳ କିମ୍ବା ମେଣ୍ଟର ନେତାଙ୍କୁ ରାଜ୍ୟପାଳ ମୁଖ୍ୟମନ୍ତ୍ରୀ ଭାବରେ ନିଯୁକ୍ତ କରନ୍ତି, ଏବଂ ମୁଖ୍ୟମନ୍ତ୍ରୀଙ୍କ ପରାମର୍ଶରେ ରାଜ୍ୟପାଳ ମନ୍ତ୍ରୀ ପରିଷଦକୁ ନିଯୁକ୍ତ କରନ୍ତି ।"
train/img_03799.jpg,ଶ୍ରୀବିଗ୍ରହମାନେ ରଥ ଉପରେ ଅବସ୍ଥାନ କରୁଥିବା ସମୟରେ ଅନ୍ନ ଭୋଗ ନ ହୋଇ କେବଳ ଶୁଖିଲା ଭୋଗ ହୋଇଥାଏ।
train/img_03800.jpg,"ଏଥିମଧ୍ୟରୁ ଗ୍ରାମାଞ୍ଚଳରେ ୧୪,୫୧,୪୧୩ ଓ ସହରାଞ୍ଚଳରେ ୧,୯୭,୧୬୧ ଲୋକ ବାସ କରନ୍ତି ।"
train/img_03801.jpg,ମହାବିଦ୍ୟାଳୟ-୧୨
train/img_03802.jpg,"ବାଂଲାଦେଶ ପଶ୍ଚିମ, ଉତ୍ତର ଏବଂ ପୂର୍ବରେ ଭାରତ, ଦକ୍ଷିଣ ପୂର୍ବରେ ମ୍ୟାଁମାର ଏବଂ ଦକ୍ଷିଣରେ ବଙ୍ଗୋପସାଗରରେ ଭାରତ ସୀମା ବାଣ୍ଟିଛି ।"
train/img_03803.jpg,ନ୍ୟାୟ ସଂଗ୍ରହାଳୟ
train/img_03804.jpg,ମାଗ ମହିନା ଆୟଃ ବେଦବ୍ୟାସ ମେଲା ଲାଗେ
train/img_03805.jpg,ଏହାଛଡା ବିଭିନ୍ନ ଅନ୍ତର୍ଜାତୀୟ ଦିବସ ଓ ପାଶ୍ଚାତ୍ୟ ପର୍ବମାନ ମଧ୍ୟ ଆଜିର ଯୁବଗୋଷ୍ଠୀ ମଧ୍ୟରେ ବେଶ୍ ଲୋକପ୍ରିୟ।
train/img_03806.jpg,ପରବର୍ତ୍ତୀ ସମୟରେ ୨୭ ମାର୍ଚ୍ଚ ୧୯୯୩ରେ ନୂଆପଡା ଉପଭାଗ (ଖରିଆ ଜମିଦାରୀ) ଅଲଗା ହୋଇ ନୂଆପଡା ଜିଲ୍ଲା ହେଲା ।
train/img_03807.jpg,ଖାଦ୍ୟ ଯୋଗାଣକାରୀ ବ୍ୟବସାୟ
train/img_03808.jpg,ଇନ୍ଦ୍ରାଣୀଙ୍କ ସିଂହାସନରେ ନିମ୍ନ ଭାଗରେ ଶିବଲିଙ୍ଗ ଶ୍ରୀବଟେଶ୍ୱର ରହିଛନ୍ତି।
train/img_03809.jpg,ଏହି ସମୟରେ ଶୀତଳ ଉତ୍ତରା ପବନ ବହିବା ସହିତ ଶୀଘ୍ର (୫ ୩୦ ଘଟିକା) ସନ୍ଧ୍ୟା ହୋ ଇଯାଉଥିବାରୁ ଲମ୍ବା ଓ ଥଣ୍ଡା ରାତି ଅନୁଭୂତ ହୁଏ ।
train/img_03810.jpg,ରଥାରୂଢ଼ ଠାକୁରମାନଙ୍କ ଅଧର ଉଚ୍ଚ ପର୍ଯ୍ୟନ୍ତ ଏକ ସ୍ୱତନ୍ତ୍ର ଶୈଳୀରେ ନିର୍ମିତ ମାଟି ହାଣ୍ଡିରେ ହେଉଥିବା ପଣା ଭୋଗକୁ ଅଧର ପଣା କୁହାଯାଏ।
train/img_03811.jpg,ବଡ଼ ଆକାରର ଦାସକାଠିକୁ ରାମତାଳି ନାମରେ ଅଭିହିତ କରାଯାଇଥାଏ ।
train/img_03812.jpg,ରଥ ନିର୍ମାଣର ପୃଷ୍ଠଭୂମି
train/img_03813.jpg,କୁହାଯାଉଥିବା ସ୍ଥାନ: ଓଡ଼ିଶା (ଭାରତ)
train/img_03814.jpg,"ଓଡ଼ିଶା ତତ୍କାଳୀନ କଳିଙ୍ଗର ଅଂଶ ଥିଲା ଓ ଖାରବେଳଙ୍କ ସମୟରେ ଖୋଦିତ ରାଣୀଗୁମ୍ଫା, ସ୍ୱର୍ଗପୁରୀ ଓ ମଞ୍ଚପୁରୀ ଗୁମ୍ଫାର ଗାତ୍ରରେ ଦେଖିବାକୁ ମିଳୁଥିବା ନର୍ତ୍ତକୀମାନଙ୍କର ପ୍ରତିମା ତଥା ହାତୀଗୁମ୍ଫା ଅଭିଲେଖରେ ବର୍ଣ୍ଣିତ ନୃତ୍ୟ ବର୍ତ୍ତମାନର ଓଡ଼ିଶୀ ନୃତ୍ୟର ସହ ସମ୍ବନ୍ଧ ଦର୍ଶାଇଥାଏ ।"
train/img_03815.jpg,"ଯୋଗୀ ଋଷିଗଣ-ଊଟଜ-ପବିତ୍ର,"
train/img_03816.jpg,'ରଙ୍ଗବତୀ ' ଗୀତ ଦୀର୍ଘ ୫୦ ବର୍ଷ ଧରି ଏକ ବହୁ ପ୍ରଚାରିତ ଜନପ୍ରିୟ ଗୀତ ହିସାବରେ ଆଜି ପର୍ଯ୍ୟନ୍ତ ପ୍ରଚଳିତ ।
train/img_03817.jpg,ତିନି ରଥ ବୋଧେ ସମାନ ଥିଲା।
train/img_03818.jpg,"ସେହିପରି କିଛି ଲେଖକ , ଯାହାଙ୍କର ଲେଖା ସମ୍ବଲପୁରୀ ସାହିତ୍ୟକୁ ଋଦ୍ଧିମନ୍ତ କରିଥିଲା ତାଙ୍କର ନାମ ନିମ୍ନରେ ଦିଆଗଲା , ( ଏହି ତାଲିକା କେବଳ ମାତ୍ର ଏକ ସୂଚକ ଓ ଏହା ସମ୍ପୂର୍ଣ୍ଣ ନୁହେଁ )"
train/img_03819.jpg,ଭୁବନେଶ୍ୱର ଦେଶର ଅନ୍ୟ ସହର ସହିତ ଜାତୀୟ ରାଜପଥ ୫ ଓ ଜାତୀୟ ରାଜପଥ ୨୦୩ଦ୍ୱାରା ଯୋଡ଼ି ହୋଇଛି ।
train/img_03820.jpg,ଲକ୍ଷ୍ମୀ ଶ୍ରୀମନ୍ଦିରରୁ ଶ୍ରୀଜୀଉଙ୍କର ଦର୍ଶନ ନିମନ୍ତେ ଗୁପ୍ତରେ ଯାଇ ଏକାନ୍ତରେ ଦର୍ଶନ କରି ମୋହାଞ୍ଜନରେ ପ୍ରଭୁଙ୍କୁ ମୁଗ୍ଧ କରିଥିବାରୁ ପରେ ପ୍ରତ୍ୟାଗମନ ପାଇଁ ରଥ ଦକ୍ଷିଣାଭିମୁଖ କରାଯିବା ନିମନ୍ତେ ଆଦେଶ ଦିଆଗଲା ।
train/img_03821.jpg,ଅସର: ଅପରାହ୍ନ ୩ଟାଠାରୁ ୪ଟା ମଧ୍ୟରେ
train/img_03822.jpg,ପ୍ରାୟ ଏକ ଘଣ୍ଟା ଧରି ପରିମାଣିକ ଦର୍ଶନ ଚାଲିବା ପରେ ଜନସାଧାରଣଙ୍କ ନିମନ୍ତେ ସାହାଣ ମେଲା ଦର୍ଶନ ହୋଇଥାଏ।
train/img_03823.jpg,ପୁରାତନ ଓଡ଼ିଆ ସାହିତ୍ୟରେ ଅନେକ ଚଉତିଶା ଲୋକପ୍ରିୟତା ହାସଲ କରିଥିଲା ।
train/img_03824.jpg,ଉତ୍ପାଦନ ଏବଂ ରପ୍ତାନି
train/img_03825.jpg,ଉତ୍ସ
train/img_03826.jpg,ଅଣସର ସମୟରେ ମଠ ପକ୍ଷରୁ ଚକଟା ଭୋଗ କରାଯାଇଥାଏ।
train/img_03827.jpg,ଓଡ଼ିଶା ବିଧାନ ସଭାର ସଭ୍ୟ ସଂଖ୍ୟା ୧୪୭ ।
train/img_03828.jpg,"କିନ୍ତୁ ପରବର୍ତ୍ତୀ ସମୟରେ, ଅର୍ଥାତ୍ ଖ୍ରୀଷ୍ଟାବ୍ଦ ନବମ ଓ ଦଶମ ଶତାବ୍ଦୀରେ ଆରବମାନଙ୍କଦ୍ୱାରା ଲିଖିତ ବିବରଣୀରେ ଓଡ଼ିଶା, ଗଞ୍ଜାମ, କଳିଙ୍ଗନଗର, କେଳକଣ, ଅଲ୍-ଲାଭା, ନୁବିନ୍ ଆଦି ସ୍ଥାନର ଉଲ୍ଲେଖ ରହିଛି ।"
train/img_03829.jpg,ଆକାଶବାଣୀ କଟକ
train/img_03830.jpg,"ଘିରିଘିରି ହୋଇ ବୁଲିବା, ତଳୁ ଉପରକୁ ରକେଟ ପରିଯିବା, ଉପରୁ ତଳକୁ ଖସିବାବେଳେ ମୁଣ୍ଡକୁ ଲମ୍ବାଇ ଉଡ଼ିବା, ଚିତ୍ ପଟାଙ୍ଗ ମାରିବା, ଡାହାଣରୁ ବାମକୁ ଓ ବାମରୁ ଡାହାଣକୁ କଡ଼େଇ କଡ଼େଇ ଉଡ଼ିବା ଆଦି ନାନାଦି କରାମତି ନ ଦେଖିଲେ ବିଶ୍ୱାସ କରିବା କଷ୍ଟକର ।"
train/img_03831.jpg,ପୂର୍ଣ୍ଣଶଶଧର ଶ୍ରୀମୁଖଣ୍ଡମଳ ଗଲେ ଦୋଲେ ବନ ମାଲାରେ
train/img_03832.jpg,"୩ ଏପ୍ରିଲ ୧୯୯୩ରେ ବାଲେଶ୍ୱର ଜିଲ୍ଲାରର ସଦର ମହକୁମା ଭଦ୍ରକ, ବାଲେଶ୍ୱରରୁ ଅଲଗା ହୋଇ ଭଦ୍ରକ ଜିଲ୍ଲାରେ ପରିଣତ ହୋଇଥିଲା ।"
train/img_03833.jpg,ଓଡ଼ିଶାରେ ଥିବା ଅନ୍ୟ ବୌଦ୍ଧ କୀର୍ତ୍ତି
train/img_03834.jpg,ଦଣ୍ଡନାଚ ଓଡ଼ିଶାର ଏକ ପ୍ରାଚୀନ ଓ ପାରମ୍ପରିକ ନାଚ ।
train/img_03835.jpg,"ସାଦର ଉପବିଭାଗ, ପଶ୍ଚିମ ତ୍ରିପୁରା ଜିଲ୍ଲା, ତ୍ରିପୁରା"
train/img_03836.jpg,"ବ୍ଳକ: (୫): ୧ କୋମନା, ୨ ଖରିଆର, ୩ ନୂଆପଡ଼ା, ୪ ବୋଡ଼େନ ଓ ୫ ସିନାପାଲି"
train/img_03837.jpg,"ଜଗନ୍ନାଥ ମନ୍ଦିର, ନୀଳଗିରି"
train/img_03838.jpg,"ନଗରପାଳିକା- ୪ଟି; କେନ୍ଦୁଝର, ଆନନ୍ଦପୁର, ଯୋଡ଼ା ଏବଂ ବଡ଼ବିଲ"
train/img_03839.jpg,ପ୍ରଥମେ ହାଇସ୍କୁଲ ଓ ପରେ ଏଠାରେ ଖ୍ରୀ ୧୮୬୮ ଏଫ ଏ ଶ୍ରେଣୀ ଖୋଲାଯାଇଥିଲା ।
train/img_03840.jpg,ଭାରତରେ ଇଂରେଜ ଶାସନ ସମୟରେ ଇଂରେଜମାନେ ରୋମାନ ଲିପିରେ ଲେଖା ଆରମ୍ଭ କରିଥିଲେ ।
train/img_03841.jpg,"ଶୁଭ୍ରତଟିନୀକୂଳ-ଶୀକର-ସମୀର,"
train/img_03842.jpg,ତହସିଲ: (୧୨):
train/img_03843.jpg,"ସମ୍ପ୍ରତି ଏହି ସେବାରୁ ଅଳ୍ପ ସଂଖ୍ୟକ ମଠ ବିଚ୍ୟୁତ ହୋଇ ଯାଇଥିଲେ ହେଁ, ଏବେବି ଅନ୍ୟ କେତେକ ମଠ ଶ୍ରୀମନ୍ଦିରର ସେବାପୁଜା, ଯାନିଯାତ୍ରା ସହିତ ସଂଶ୍ଳିଷ୍ଟ ରହି ଆସୁଅଛନ୍ତି।"
train/img_03844.jpg,"ଜଣେ ଗାୟକ, ଜଣେ ବାୟକ/ବାଦକ, ଜଣେ ଶ୍ରୀପାଳିଆ ଓ ୩ ଜଣ ପାଳିଆଙ୍କୁ ନେଇ ପାଲା ଅନୁଷ୍ଠିତ ହୋଇଥାଏ ।"
train/img_03845.jpg,ବ୍ୟବସାୟ
train/img_03846.jpg,ସୁରଭି ଡିଡି ଧାରାବାହିକ ଏପିସୋଡ୍ ନଂ ୨୦୦
train/img_03847.jpg,ପ୍ରତି ଜିଲ୍ଲାର ଶାସନମୁଖ୍ୟଙ୍କୁ ଜିଲ୍ଲାପାଳ କୁହାଯାଏ ।
train/img_03848.jpg,ବାରିଣୀପୁଟ
train/img_03849.jpg,"ବିଶେଷତଃ ପର୍ବପର୍ବାଣି, ଓଷାବ୍ରତ ଓ ଯାନିଯାତ୍ରା ଗୁଡ଼ିକ ତିଥି, ବାର, ନକ୍ଷତ୍ର, କୃଷିକର୍ମ, ଦେବଦେବୀ, ଶାସ୍ତ୍ରୀୟ କାହାଣୀ, ଲୋକକଥା, ଆନନ୍ଦମହୋତ୍ସବ ପାଇଁ ପାଳିତ ହୋଇଥାଏ ।"
train/img_03850.jpg,"ତେଣୁ କୁହା ଯାଇପାରେ ଆସାମରେ ‘ବିହୁ’, ଉତ୍ତରପ୍ରଦେଶର ‘ଚୈତ୍ରୀ’ ଓ ‘କାଜ୍ ରୀ’, ଜମ୍ମୁ-କାଶ୍ମୀରର ‘ଭୋଗ୍ ରୀ’ ଭଳି ଓଡ଼ିଶା, ପଶ୍ଚିମବଙ୍ଗ, ଝାଡ଼ଖଣ୍ଡ, ବିହାରର ଲୋକଗୀତ ଭାବରେ ଝୁମର ବେଶ୍ ପ୍ରସଦ୍ଧି ଅର୍ଜନ କରିଛି ।"
train/img_03851.jpg,"ପତିତ ପାବନ କ୍ଷେତ୍ର, ମର୍ତ୍ତ୍ୟବୈକୁଣ୍ଠ, ଯମନିକ କ୍ଷେତ୍ର ପ୍ରଭୃତି"
train/img_03852.jpg,ଏହାର ପତ୍ର ଗୁଡ଼ିକ କେନ୍ଦୁ ପତ୍ର ପରି ଦିଶେ ।
train/img_03853.jpg,"ଯଦିଓ ଏହାର ବ୍ୟାପକ ସୀମା ରହିଛି, ତଥାପି ଆଲୋଚନାର ସରଳୀକରଣ ନିମନ୍ତେ, ଓଡ଼ିଆ, ମୈଥିଳୀ ଆଦି ଭାଷାରେ ପରିଦୃଷ୍ଟ କୁର୍ମାଳି ଝୁମର ଗୀତଗୁଡ଼ିକୁ ପ୍ରସଙ୍ଗକ୍ରମେ ଗ୍ରହଣ କରାଯାଇଛି ।"
train/img_03854.jpg,ଏଠି ବାରମାସରେ ତେରପର୍ବ ପାଳନ କରାଯାଏ ।
train/img_03855.jpg,"ସ୍ଥାନବାଚକ - 'ର' ବଦଳରେ 'ରେ', ଉତ୍ତରରେ - ଜବାବର ( ), ଜଙ୍ଗଲରେ - ବଣର ( )"
train/img_03856.jpg,ସେହି ସମୟରେ ଗଞ୍ଜାମ ଜିଲ୍ଲାର ଦକ୍ଷିଣ ପଶ୍ଚିମ ଭାଗରେ ଥିବା ପାରଳାଖେମୁଣ୍ଡିରେ ଜମିଦାରୀ ପ୍ରଥା ପ୍ରଚଳିତ ଥିଲା ଓ ମାଲିୟା ସମ୍ପ୍ରଦାୟର ଜନଜାତି ଏଠାରେ ପ୍ରଭାବ ବିସ୍ତାର କରିଥିଲେ ।
train/img_03857.jpg,"ମା' ଭୁବନେଶ୍ୱରୀଙ୍କ ମନ୍ଦିରର ନାଟ ମଣ୍ଡପରେ ଦକ୍ଷିଣ ପଟେ ଏକ କ୍ଷୁଦ୍ର ମନ୍ଦିର ପରି ପ୍ରକୋଷ୍ଠରେ ମା' ଷଷ୍ଠୀ, ସାବିତ୍ରୀ, ଓ ଗାୟତ୍ରୀଙ୍କ ବିଗ୍ରହ ପୂଜା କରାଯାଏ।ଷଷ୍ଠୀ ଦେବୀଙ୍କ ପରିବାର ଏଠି ପୂଜିତ ଓ କେତେକ ମନସା ଦେବୀ ଭାବରେ ପୂଜା କରିଥାନ୍ତି।"
train/img_03858.jpg,ଉକ୍ତ ମନ୍ଦିରର କଳା ଓ ଭାସ୍କର୍ଯ୍ୟ ଖ୍ରୀଷ୍ଟୀୟ ଦ୍ୱିତୀୟ କିମ୍ବା ତୃତୀୟ ଶତକର ବୋଲି କେହି କେହି ପ୍ରତ୍ନତାତ୍ତ୍ୱିକ ପରିଦୃଶ୍ୟମାନ ଭଗ୍ନ ମନ୍ଦିରର ମୂଳଭିତ୍ତିରୁ ଅନୁମାନ କରନ୍ତି ।
train/img_03859.jpg,ବେଢ଼ା ମଧ୍ୟରୁ ଭକ୍ତ ଦ୍ୱାର ଦେଇ ପ୍ରବେଶ କରିବାକୁ ହେଲେ ଦ୍ୱାରଦେଶରେ ପହଞ୍ଚିବାନିମନ୍ତେ କେତୋଟି ପାହାଚ ଚଢ଼ିବାକୁ ପଡେ ।
train/img_03860.jpg,ରାଜକନିକା
train/img_03861.jpg,"ବିଶାଖାପାଟଣା, ଆନ୍ଧ୍ର ପ୍ରଦେଶର ଏକ ପ୍ରମୁଖ ସହର ଓ ବାଣିଜ୍ୟ କେନ୍ଦ୍ର ।"
train/img_03862.jpg,ମାନସିକ କରିଥିବା ବ୍ୟକ୍ତି ସେମାନଙ୍କୁ ନିମନ୍ତ୍ରଣ କରନ୍ତି ।
train/img_03863.jpg,ଏହା ପୃଥିବୀର ୧୪ତମ ସର୍ବାଧିକ କଥିତ ମାତୃଭାଷା ଅଟେ ।
train/img_03864.jpg,ସମ୍ବର ବୁଢ଼ା ହୋଇଗଲେ ଦେହର ରଙ୍ଗ ସାମାନ୍ୟ କଳା ହୋଇଯାଏ।
train/img_03865.jpg,"ସିଆମ୍ ଏବଂ ଥାଇଲ୍ୟାଣ୍ଡର ବୈଦେଶିକ ସମ୍ପର୍କର ପଦ୍ଧତିକୁ ବହୁ ପୂର୍ବରୁ ""ପବନ ସହିତ ବାଉଁଶ ନଇଁବା"" ଭାବରେ ବର୍ଣ୍ଣନା କରାଯାଇଛି, ଯାହାର ଅର୍ଥ ହେଉଛି ଅନୁକୂଳ ଏବଂ ବ୍ୟବହାରିକ ସ୍ୱାଧୀନତା ହାସଲ କରିବାକୁ, ଏହା ଅନ୍ୟମାନଙ୍କ ବିରୁଦ୍ଧରେ ଗୋଟିଏ ମହାନ ଶକ୍ତି ପକାଇବାକୁ ଚେଷ୍ଟା କଲା ଯାହାଦ୍ୱାରା ଏହା କୌଣସି ବ୍ୟକ୍ତିଙ୍କ ଉପରେ ପ୍ରାଧାନ୍ୟ ବିସ୍ତାର କରିବ ନାହିଁ।"
train/img_03866.jpg,ହର ଗୋବିନ୍ଦ ଖୋରାନା ଚିକିତ୍ସା ବିଜ୍ଞାନରେ ନୋବେଲ ପୁରସ୍କାର ଜେନେଟିକ କୋଡ଼
train/img_03867.jpg,"ବୌଦ୍ଧଗଡ଼, ବୌଦ୍ଧ ଜିଲ୍ଲାର ଏକ ସହର (ବିଜ୍ଞାପିତ ଅଞ୍ଚଳ ପରିଷଦ) ।"
train/img_03868.jpg,"ପ୍ରସିଦ୍ଧ ଦ୍ୱାଦଶ ଯାତ୍ରା ସମ୍ବନ୍ଧରେ ଯେଉଁ ଶ୍ଳୋକଟି ସର୍ବ ମୁଖ ନିଃସୃତ, ତାହା ହେଉଛି -"
train/img_03869.jpg,ରଜଦୋଳି ଗୀତ:
train/img_03870.jpg,ରାଷ୍ଟ୍ରପତିଙ୍କ ମଞ୍ଜୁରୀ ପରେ ନିଯୁକ୍ତି ସଂପର୍କିତ ନୋଟିଫିକେସନ ଗେଜେଟରେ ପ୍ରକାଶ ପାଏ ।
train/img_03871.jpg,କୃଷି ଜିଲ୍ଲା- ୩ଟି
train/img_03872.jpg,ମହିଳା: ୬୫ ୮୪
train/img_03873.jpg,"; , ୨୦୨୬, ୨୦୨୭ ୨୦୨୮"
train/img_03874.jpg,ବୋଇତ
train/img_03875.jpg,ସେଠାରୁ ବ୍ରହ୍ମାଙ୍କୁ ନେଇ ଆସିଥିଲେ ।
train/img_03876.jpg,ଉତ୍ତରପୂର୍ବରେ: ସମ୍ବଲପୁର ଜିଲ୍ଲା
train/img_03877.jpg,"ସିଂହଦ୍ୱାରଠାରୁ ବଳଗଣ୍ଡି ପର୍ଯ୍ୟନ୍ତ ଯାଉଥିବା ରଥ ଷୋହଳ ଚକିଆ , ଚଉଦ ଚକିଆ ଓ ବାର ଚକିଆ।"
train/img_03878.jpg,ଏହାପରେ ଦର୍ଶବ ନିମିତ୍ତ କିଛି ସମୟ ଭକ୍ତମାନଙ୍କୁ ରଥ ଉପରୁ ଛଡା ଯାଇଥାଏ।
train/img_03879.jpg,ସେ ତାରିଖରେ ଆଜି ପର୍ଯ୍ୟନ୍ତ ଶୋକ ବ୍ୟକ୍ତ କରାଯାଉଛି ।
train/img_03880.jpg,ପ୍ରାଚୀନ କାଳରୁ ଓଡ଼ିଶାରେ ଜୈନ ଧର୍ମ ପ୍ରସାର ଲାଭ କରିଥିବା ଜଣାଯାଏ ।
train/img_03881.jpg,ଏ ସମ୍ପର୍କରେ ତତ୍କାଳୀନ ହରିହରପୁର ଫ୍ୟାକ୍ଟ୍ରି ଦାୟିତ୍ୱରେ ଥିବା ମିଷ୍ଟର କୋଲି ଏକ ଚିଠିରେ ଉଲ୍ଲେଖ କରିଛନ୍ତି ଯେ ସେତେବେଳେ ସେ ଏଠାରୁ ୪ ହଜାର ଖଣ୍ଡ ବସ୍ତ୍ର କ୍ରୟ କରି ଇଂଲଣ୍ଡ ପାରିପାର୍ଶ୍ୱିକ ସୁବିଧା ଓ ଅନ୍ୟ କାରଣରୁ ଇଂରେଜ ବଣିକମାନେ ୧୬୩୩ ବେଳକୁ ହରିହର ପୁରରେ ବ୍ୟବସାୟ କେନ୍ଦ୍ର ଅର୍ଥାତ୍ ବାଣିଜ୍ୟ କୋଠି ସ୍ଥାପନ କରିବାକୁ ସକ୍ଷମ ହୋଇଥିଲେ ।
train/img_03882.jpg,ପଥର ଖୋଦନ ହେଉଛି ଓଡ଼ିଶାର ଏକ ପୁରୁଣା ଶିଳ୍ପ।
train/img_03883.jpg,"ଗୌତମ ନଗରସ୍ଥିତ ଶିବ ମନ୍ଦିର ଓ ଗଣେଶ ମନ୍ଦିର,"
train/img_03884.jpg,ବନ୍ଦେ ଉତ୍କଳ ଜନନୀ
train/img_03885.jpg,ଦୁରୁଆ
train/img_03886.jpg,"ପ୍ରମୁଖ ଶିଳ୍ପଗୁଡ଼ିକରେ ବୈଦ୍ୟୁତିକ ଉପକରଣ, ଉପାଦାନ, କମ୍ପ୍ୟୁଟର ଉପାଦାନ ଏବଂ ଯାନ ଅନ୍ତର୍ଭୁକ୍ତ ୧୯୯୭ ୧୯୯୮ ଏସୀୟ ଆର୍ଥିକ ସଙ୍କଟରୁ ଥାଇଲ୍ୟାଣ୍ଡର ପୁନରୁଦ୍ଧାର ମୁଖ୍ୟତଃ ଅନ୍ୟ ରପ୍ତାନି ଉପରେ ନିର୍ଭରଶୀଳ ଥିଲା ୨୦୧୨ ସୁଦ୍ଧା, ଥାଇ ଅଟୋମୋବାଇଲ୍ ଶିଳ୍ପ ଦକ୍ଷିଣ ପୂର୍ବ ଏସିଆର ବୃହତ୍ତମ ଏବଂ ବିଶ୍ବର ୨ୟ ବୃହତ୍ତମ ରାଷ୍ଟ୍ର ଥିଲା।"
train/img_03887.jpg,ଏଥିସହିତ ସିଲିଗୁଡ଼ି ପଥ ଦେଇ ପଶ୍ଚିମରେ ପଶ୍ଚିମବଙ୍ଗ ରହିଛି ଏବଂ ଏହି - -ଚଉଡ଼ା ( ) ୨୨ କିଲୋମିଟର ଚଉଡ଼ା (୧୪ ମାଇଲ) ଭୂମିଟି ରାଜ୍ୟକୁ ବାକି ଭାରତ ସହ ଯୋଡ଼ିଥାଏ ।
train/img_03888.jpg,ଲାଙ୍ଗୁଡ଼ିକୁ ଜାତୀୟ ରାଜପଥ ୫ରୁ ଜାରକା ଓ ଚଣ୍ଡିଖୋଲ ଦେଇ ଯାଇହେବ ।
train/img_03889.jpg,"ପୁରୁଷ: ୧୭,୭୭,୩୨୪"
train/img_03890.jpg,ଏହାର ଦ୍ୱିତୀୟ ଦିନରେ ମିଥୁନ ମାସର ଆରମ୍ଭ ଓ ଏହା ପରେ ବର୍ଷା ଋତୁ ଆରମ୍ଭ ହୁଏ ।
train/img_03891.jpg,ରିଲିୟନ୍ସ
train/img_03892.jpg,"ରଜପାନରେ ଗୁଆ, ଅଳେଇଚ, ଗୁଜୁରାତି, ଭଜା ଧଣିଆ, ଚାଉଳ ଓ ନଡିଆ ଖଣ୍ଡ, ଚେରି, ଲବଙ୍ଗ, କବାବଚିନି, ଚୁଆ, ପାନ ମହୁରି, ସୁବାସିତ ଜାଫ୍ରାନ କେଶର, ଖଇର ପରି ୧୦ରୁ ୧୨ ପ୍ରକାର ମସଲା ବ୍ୟବହୃତ ହୁଏ ।"
train/img_03893.jpg,ଅଷ୍ଟାଦଶ ଶତାବ୍ଦୀରେ ରାଜା-ଜମିଦାରମାନେ ନିଜର ମନୋରଞ୍ଜନ ନିମେନ୍ତ ଦରବାରରେ ବିଭିନ୍ନ ନର୍ତ୍ତକୀ ଓ ନାଚୁଣୀମାନଙ୍କଦ୍ୱାରା ଏହି ଝୁମରକୁ ପରିବେଷଣ କରାଉଥିଲେ ।
train/img_03894.jpg,ମଦନମୋହନ ଶ୍ୟାମ ହେରି ଜଗଜ୍ଜନ ମନ ଲୋଭାରେ ।
train/img_03895.jpg,କଲେଜ ଓ ବିଶ୍ୱବିଦ୍ୟାଳୟ
train/img_03896.jpg,"କଟକର ୫୨ ବଜାର , ୫୩ ଗଳିରେ ଖାଦ୍ୟ ଶସ୍ୟ, ଲୁଗାପଟା,ଔଷଧ, ସୁନା ରୂପ ଅଳଙ୍କାର,ଯାନ୍ତ୍ରିକ କଳ , ଈଲେକ୍ଟ୍ରୋନିକ ଆଦିର ବହୁ ଅଧିକୃତ ବିକ୍ରେତା ଓ ଥୋକ ବେପାରୀ ଆଛନ୍ତି।"
train/img_03897.jpg,ପୌର ପରିଷଦ
train/img_03898.jpg,"ପିଢି ପିଢି ଧରି ଓଡ଼ିଶାର ଅଧିକାଂଶ ଗ୍ରାମ ନିଜ ଅଞ୍ଚଳର ପ୍ରସିଦ୍ଧ ବୟନ କଳାକୁ ପରମ୍ପରା, ବୃତ୍ତି ତଥା ରୋଜଗାର ଭାବରେ କରି ଆସୁଛନ୍ତି ।"
train/img_03899.jpg,"୧ମ ଅର୍ଥ: (ବନ ଅର୍ଥରେ) ଶ୍ରୀରାମଚନ୍ଦ୍ର ବା ଶ୍ରୀକୃଷ୍ଣ ନିଜ ପ୍ରେୟସୀକୁ ନ ଦେଖି ହରିତ୍ ବର୍ଣ୍ଣର ବଣକୁ ଅବଲୋକନ କରି ନିଜର ସଖାମାନଙ୍କୁ ଶୋକେ ଆକୁଳ ହୋଇ କହୁଛନ୍ତି, ‘ମୁଁ ଏହି ସୁରମ୍ୟ ବନକୁ ଦେଖି କିପରି ବଞ୍ଚି ରହିବି ?"
train/img_03900.jpg,୧୮୯୧ ମସିହାରେ ଦେବଗଡ ରାଜ୍ୟରୁ ପ୍ରକାଶିତ ସମ୍ବଲପୁର ହିତୈଷିଣୀକୁ ପ୍ରଥମ ସମ୍ବଲପୁରୀ ପ୍ରକାଶନ ବୋଲି ଗ୍ରହଣ କରାଯାଏ ।
train/img_03901.jpg,ଏଥି ମଧରୁ ୭୨ ଖଣ୍ଡ ଫାସୀ ଅଟେ।
train/img_03902.jpg,"ଚତୁର୍ଦ୍ଧାମୂର୍ତ୍ତି ନାରାୟଣଙ୍କ ବିଗ୍ରହ କ୍ଷୁଦ୍ର ମନ୍ଦିର ମଧ୍ୟରେ ରହିଛନ୍ତି।କଳା ମୁଗୁନି ପ୍ରସ୍ତରରେ ଶଙ୍ଖ, ଚକ୍ର, ଗଦା ଓ ପଦ୍ମ ଧାରଣ କରିଥିବା ମନୋମୁଗ୍ଧକର ବିଗ୍ରହମାନେ ପୂଜା ପାଉଛନ୍ତି ଓ ଏହି ମନ୍ଦିରର ଆଗରେ ଥିବା ମଣ୍ଡପରେ ଫୁଲହାର ପ୍ରଭୁଙ୍କର ଗୁନ୍ଥାଯାଏ।"
train/img_03903.jpg,"ଦଇତାପତି, ପୂଜପଣ୍ଡା, ମହାସୁଆର, ପ୍ରତିହାରୀ ପ୍ରମୁଖ ସେବକମାନେ ମୁଖ୍ୟ ବିଗ୍ରହଙ୍କ ସ୍କନ୍ଧ, ଶ୍ରୀମସ୍ତକ, ଶ୍ରୀଭୂଜ ତଳେ ରହିବା ସଙ୍ଗେ ସଙ୍ଗେ ପାଟ ଡୋରିରେ ଆଗ ଓ ପଛରେ ରହି ଧିରେ ଧିରେ ପହଣ୍ଦି ବିଜେ କରିଥାନ୍ତି।"
train/img_03904.jpg,"ମୁଖଶାଳା ବା ବିମାନ, ଜଗମୋହନ ବା ନାଟ ମଣ୍ଡପ।୪ହସ୍ତ ଓ ତ୍ରିଚକ୍ଷୁ ୫ ଫୁଟ୍ଉଚ୍ଚତା ବିଶିଷ୍ଟ ବିଗ୍ରହ ( ପ୍ରଭା ବା ସିଂହାସନ ସହ ୬ ଫୁଟ୍)ଙ୍କ ଦକ୍ଷିଣ ପାର୍ଶ୍ୱରେ ମାୟା ଓ ବାମ ପାର୍ଶ୍ୱରେ ଛାୟା ଦେବୀ ଅବସ୍ଥିତା।ଆଦି ଶଙ୍କରାଚାର୍ଯ୍ୟଙ୍କଦ୍ୱାରା ଷଷ୍ଠ ଶତାବ୍ଦୀରେ ଦେବୀ ବିଗ୍ରହ ପ୍ରତିଷ୍ଠା ହୋଇଥିବା କୁହାଯାଇଛି।ଷୋଡ଼ଶ ମାତୃକା ଓ ଯୋଗିନୀଙ୍କର ୪୪ଟି ଚିତ୍ର ନାଟ ମଣ୍ଡପ କାନ୍ଥରେ ଚିତ୍ରିତ ହୋଇଛି ।"
train/img_03905.jpg,ଯୋଡା ପାର୍କ (ଯୋଡା)
train/img_03906.jpg,ମାତ୍ର ପରବର୍ତ୍ତୀ ସମୟ ବିଶେଷ କରି ପ୍ରାଚୀନଯୁଗ ସମୟର ଘଟଣାବଳୀ ରହସ୍ୟମୟ ।
train/img_03907.jpg,ସେଥି ମଧ୍ୟରୁ ଜବାହରଲାଲ ନେହରୂ ଇଣ୍ଡୋର ଷ୍ଟାଡିୟମ ଅନ୍ୟତମ।
train/img_03908.jpg,"୧୯୦୧ରୁ ସେ ଶିଳାଧା ଛାଡି ଶାନ୍ତିନିକେତନ(ପଶ୍ଚିମବଙ୍ଗ)କୁ ଚାଲିଆସିଥିଲେ, ସେଠାରେ ସେ ଆଶ୍ରମ ,ପ୍ରାର୍ଥନା ଗୃହ,ବିଦ୍ୟାଳୟ, ପାଠାଗାର ନିର୍ମାଣ କରିଥିଲେ ।"
train/img_03909.jpg,ଗୁଣ୍ଡିଚା ମନ୍ଦିର ।
train/img_03910.jpg,"(ଖ) ଯମଜ ( ଏକ ଶବ୍ଦ ବିଭିନ୍ନ ଅର୍ଥରେ ବାରମ୍ବାର ବ୍ୟବହୃତ ହୁଏ,"
train/img_03911.jpg,ସାନ୍ତାଳୀ ଭାଷା ଦିବସ
train/img_03912.jpg,ଓଡ଼ିଶା ସହିତ ମିଶିବା ପୂର୍ବରୁ ସଂପୂର୍ଣ୍ଣ କେନ୍ଦୁଝର ଜିଲ୍ଲା ଏକ ଗଡ଼ଜାତ ରାଜ୍ୟ ଥିଲା ।
train/img_03913.jpg,ପୁଷ୍ପଗିରି ମହାବିହାର (ପୁଫଗିରି ମହାବିହାର ନାମରେ ମଧ୍ୟ ଜଣା) ଓଡ଼ିଶାର ଯାଜପୁର ଜିଲ୍ଲାରେ ଥିବା ଏକ ପୁରାତନ ଓ ପ୍ରମୁଖ ବୌଦ୍ଧ ମହାବିହାର ଥିଲା ଯାହା ଭାରତୀୟ ଉପମହାଦେଶର ଏକ ମୁଖ୍ୟ ମହାବିହାର ଭାବରେ ୧୧ଶ ଶତାବ୍ଦୀ ଯାଏଁ କାର୍ଯ୍ୟକ୍ଷମ ଥିଲା ।
train/img_03914.jpg,"ଆଲୋଚନା-ପ୍ରତ୍ୟାଲୋଚନା ମାଧ୍ୟମରେ ବିବିଧ ଦର୍ଶନ, ଚିନ୍ତା, ସାହିତ୍ୟିକ ଆଭିମୁଖ୍ୟ, ଭକ୍ତିବାଦ ଆଦିକୁ ସ୍ଥାନିତ କରାଯାଇଥାଏ ଏଥିରେ ।"
train/img_03915.jpg,ନାଲକୋ
train/img_03916.jpg,"ମହାପ୍ରଭୁଙ୍କ ସକଳ ବେଶରେ ମାଧୁର୍ଯ୍ୟ ଲାବଣ୍ୟ ପ୍ରକଟିତ ହେଉଥିବା ସ୍ଥଳେ, କେବଳ ସୁନା ବେଶରେ ଐଶ୍ୱର୍ଯ୍ୟ ପ୍ରାବଲ୍ୟ ପରିସ୍ଫୁଟ ହୋଇଥାଏ।"
train/img_03917.jpg,ଏହି ସମୟରେ ଶୀତଳ ଉତ୍ତରା ପବନ ବହିବା ସହିତ ଶୀଘ୍ର (୫ ୩୦ ଘଟିକା) ସନ୍ଧ୍ୟା ହୋ ଇଯାଉଥିବାରୁ ଲମ୍ବା ଓ ଥଣ୍ଡା ରାତି ଅନୁଭୂତ ହୁଏ ।
train/img_03918.jpg,ଉନ୍ନବିଂଶ ଶତାବ୍ଦୀର ଓଡ଼ିଶା ଇତିହାସ ପୃଷ୍ଠାରେ କେନ୍ଦ୍ରାପଡ଼ା ସ୍ୱତନ୍ତ୍ର ସ୍ଥାନ ଅଧିକାର କରିଅଛି ।
train/img_03919.jpg,ସତ୍ୟପୀର ପାଲା
train/img_03920.jpg,ଥିପାଖୋଲ ଜଳପ୍ରପାତ ସିନାପାଲି ବ୍ଲକଠାରୁ କି ମି ଦୂରରେ ଅବସ୍ଥିତ।
train/img_03921.jpg,ହିନ୍ଦୁଙ୍କ ଚାରିଧାମ ମଧ୍ୟରୁ ଏହା ଅନ୍ୟତମ ।
train/img_03922.jpg,"କଳିଙ୍ଗର ବ୍ୟବସାୟୀମାନେ ମଲମଲ ବସ୍ତ୍ର, ଜରୀ ବସ୍ତ୍ର, ଗାଲିଚା, ଅସ୍ତ୍ରଶସ୍ତ୍ର, ସୁନା ଓ ଗହଣାମାନ ବାଲିକୁ ରପ୍ତାନୀ କରୁଥିଲେ ।"
train/img_03923.jpg,ପରବର୍ତ୍ତୀ ସମୟରେ ଶୈଳୋଦ୍ଭବ ବଂଶୀୟ ରାଜା ଧର୍ମରାଜ ଓ ସୋମବଂଶୀ ରାଜା ଉଦ୍ୟୋତକେଶରୀ ଓଡ଼ିଶାରେ ଜୈନ ଧର୍ମର ପୃଷ୍ଠପୋଷକା କରିଲେ ।
train/img_03924.jpg,"ଏହାର ଉତ୍ତରରେ ଉଚ୍ଚ ଏବଂ ବହୁଦୂର ଯାଏ ଲମ୍ବିଥିବା ହିମାଳୟ, ଦକ୍ଷିଣରେ ଭାରତ ମହାସାଗର, ପୂର୍ବରେ ବଙ୍ଗୋପସାଗର ଓ ପଶ୍ଚିମରେ ଆରବସାଗର ରହିଛି ।"
train/img_03925.jpg,ଯାହା ଦେଖି କୌରବମାନଙ୍କ ମନ ବିଷର୍ଣ୍ଣ ହୋଇଗଲା ।
train/img_03926.jpg,ମହିଳା: ୬୫ ୯୩
train/img_03927.jpg,ଖଲିକୋଟ (୧୨୬)
train/img_03928.jpg,ସୁଖଦୁଃଖରେ ସମଦର୍ଶୀ ସ୍ଥିତପ୍ରଜ୍ଞ ରହି ବିଭୁଉକ୍ତିରେ ତଦ୍ ଗତ ପ୍ରାଣୀ ହୋଇ ଝୁରି ଝୁରି ମର ଶରୀରକୁ ଅମରତ୍ୱ ଆଡ଼କୁ ନେବାର ସ୍ୱର ଝଙ୍କା ହିଁ ଝୁମର ।’’ (୪)
train/img_03929.jpg,ଅବଶିଷ୍ଟ ଲୋକ କେବଳ ମାସର ଶେଷ ପାଞ୍ଚଦିନ --- ପଞ୍ଚୁକରେ ଆମିଷ ଭକ୍ଷଣରୁ ନିବୃତ୍ତ ରହନ୍ତି ।
train/img_03930.jpg,ପୌରାଣିକ ଉପାଖ୍ୟାନ ୪
train/img_03931.jpg,୧୯୪୯ରେ ଦ୍ୱିତୀୟ ଓଡ଼ିଆ ଚଳଚ୍ଚିତ୍ର ଲଳିତା ମୁକ୍ତି ଲାଭ କରିଥିଲା।
train/img_03932.jpg,ତାଙ୍କ ମୂଳ ନାମ ଥିଲା ସିଦ୍ଧେଶ୍ୱର ପରିଡ଼ା ।
train/img_03933.jpg,ସୂତ୍ରଧରଙ୍କୁ ଗଛକାଟି କାର୍ଯ୍ୟରେ ନିଯୁକ୍ତ କରି ଆଚାର୍ଯ୍ୟ ସ୍ୱଗୃହକୁ ଫେରିବେ ।
train/img_03934.jpg,"ଅନୁମାନ କରାଯାଏ ଯେ ଏହା ପୂର୍ବତନ ଖିଜିଙ୍ଗା ରାଜ୍ୟର ଅଂଶ ଥିଲା, ଯାହାର ମୁଖ୍ୟାଳୟ 'ଖିଜିଙ୍ଗା କୋଟା'ଠାରେ ଥିଲା ।"
train/img_03935.jpg,କ୍ୟାବିନେଟ ମନ୍ତ୍ରୀ
train/img_03936.jpg,ଦଉଡ଼ିର ମାପ ଓ ସଂଖ୍ୟା ନିମ୍ନରେ ଉଲ୍ଲେଖ କରାଯାଇଛି।
train/img_03937.jpg,"ଆରମ୍ଭ କରିବା ଆଗରୁ ଉଇକିପ୍ରକଳ୍ପ ପରିଚାଳନା ସହାୟକ ପୁସ୍ତିକା ପଢ଼ିନିଅନ୍ତୁ ଓ ସେସବୁ କିପରି ""ଏକ ବିଶାଳ ପରିବେଶ"" ଭିତରେ କାମ କରିଥାନ୍ତି ଜାଣିବା ନିମନ୍ତେ ଆଗରୁଥିବା କେତେକ ଉଇକିପ୍ରକଳ୍ପରୁ, ସାହାଯ୍ୟ ନିଅନ୍ତୁ ।"
train/img_03938.jpg,ଏଠି ସୂର୍ଯ୍ୟନାରାୟଣଙ୍କ ବିଗ୍ରହ ଚତୁର୍ମୂଖ ହୋଇଥିବାରୁ କେହି କେହି ଏହାଙ୍କୁ ବ୍ରହ୍ମା ବୋଲି କହିଥାନ୍ତି।
train/img_03939.jpg,ଜୈନବାଦ
train/img_03940.jpg,ଷର ପ୍ରମୁଖ ମ୍ୟାଗ୍ନିଟୋଗୋରସ୍କ୍ ଆଇରନ୍ ଆଣ୍ଡ ଷ୍ଟିଲ୍ କମ୍ପାନୀ ( ) ମଧ୍ୟ ଓଡ଼ିଶାରେ ୧୦ଟି ଷ୍ଟିଲ୍ ପ୍ଲାଣ୍ଟ ସ୍ଥାପନ କରିବାକୁ ଯୋଜନା କରିଛି।
train/img_03941.jpg,"ଏହା ବ୍ୟତୀତ ପ୍ରତି ରଥରେ ୪ଟି ଲେଖାଏଁ ଅଶ୍ୱ, ଗୋଟିଏ ସାରଥୀ, ଦୁଇଟି ଶୁଆ, ରଥବାଡ଼, ୯ଟି ଲେଖାଏଁ ପାର୍ଶ୍ୱ ଦେବତା ଖଞ୍ଜା ଯାଇଥାଏ।"
train/img_03942.jpg,ମୁହାଣ ମଝାଲକୁ ୮ ଚଉଠ ୪ ଅଙ୍ଗୁଳ ଛାଡି ବଡ଼ ଅଖ କାବିଳା ବିନ୍ଧ ଧାରଣାରେ କରିବେ ।
train/img_03943.jpg,"ଦଣ୍ଡନାଚରେ ୧୩ଜଣ ମୁଖ୍ୟଭୋକ୍ତା ଥାଆନ୍ତି, ଏହି ୧୩ଜଣ ତେର ବର୍ଷ ପାଇଁ ଅଂଶଗ୍ରହଣ କରିବାକୁ ବାଧ୍ୟ ।"
train/img_03944.jpg,ଜନସଂଖ୍ୟା ଓ ସାକ୍ଷରତା
train/img_03945.jpg,ଅଷ୍ଟମ ଶତାବ୍ଦୀରେ ଭୌମକର ବଂଶୀୟ କେତେକ ରାଜା ବୌଦ୍ଧଧର୍ମର ପୃଷ୍ଠପୋଷକତା କରି ବିହାର ଓ ଚୈତ୍ୟଗୃହ ନିର୍ମାଣ କରାଇ ଥିଲେ ।
train/img_03946.jpg,ହାତକାମ
train/img_03947.jpg,"ଏହି ଜିଲ୍ଲାର ୨ଟି ସଦର ମହକୁମା , ବାଲେଶ୍ୱର ଓ ନୀଳଗିରି ଓ ୧୨ଟି ବ୍ଲକ ଅଛି ଯାହାସବୁ ଗ୍ରାମାଞ୍ଚଳର ଉନ୍ନତି ସକାଶେ କାମ କରିଥାନ୍ତି, ଖଜଣା ଓ ପ୍ରଶାସନିକ କାରବାର ପାଇଁ ୭ଟି ତହସିଲ ଓ ୨୮୯ ଗ୍ରାମ ପଞ୍ଚାୟତ ଅଛି ।"
train/img_03948.jpg,ଉନ୍ନବିଂଶ ଶତାବ୍ଦୀର ଓଡ଼ିଶା ଇତିହାସ ପୃଷ୍ଠାରେ କେନ୍ଦ୍ରାପଡ଼ା ସ୍ୱତନ୍ତ୍ର ସ୍ଥାନ ଅଧିକାର କରିଅଛି ।
train/img_03949.jpg,କଳାହାଣ୍ଡି ନାମକରଣ ଉତ୍ପତ୍ତି ବିଷୟରେ କୌଣସି ଅଭିଲେଖ ବା ଦଲିଲ ନାହିଁ ।
train/img_03950.jpg,୧୭୪୨ରେ ଏବେକାର ବାଲେଶ୍ୱର କଚେରିଠାରେ ମରାଠା ସେନାପତି ଭାସ୍କର ପଣ୍ଡିତ ଓ ଆଲିବର୍ଧନଙ୍କ ଭିତରେ ହୋଇଥିବା ଯୁଦ୍ଧରେ ମରାଠାମାନେ ପରାଜିତ ହୋଇଥିଲେ ।
train/img_03951.jpg,ସୀତାକୁଣ୍ଡ: ଶିମିଳିପାଳ ଜାତୀୟ ଉଦ୍ୟାନର ପାଦଦେଶରେ ଅବସ୍ଥିତ ସୀତାକୁଣ୍ଡର ମୂଳ ଝରଣା କାଳୀପାହାଡ଼ ପର୍ବତର ପ୍ରାୟ ୨୫୦୦ ଫୁଟ ଉଚ୍ଚତାରୁ ବାହାରିଛି ।
train/img_03952.jpg,ଏହି ଜିଲ୍ଲାର ପ୍ରଶାସନିକ ମୁଖ୍ୟାଳୟ ନୁଆପଡା ସହରରେ ଅବସ୍ଥିତ ।
train/img_03953.jpg,ପେଦାପାଡ଼ୁ : ପଟାଙ୍ଗି ନିକଟସ୍ତ ପେଦାପାଡ଼ୁ ମାଟି ମଧ୍ୟରେ ଏକ ସୁରମ୍ୟ ଗୁମ୍ଫାରେ ଅବସ୍ଥିତ।
train/img_03954.jpg,କୁସୁମି
train/img_03955.jpg,ମୂର୍ତ୍ତିର ଉଚ୍ଚତା ୫ ଫୁଟ।
train/img_03956.jpg,"ଛାଡ଼ଖାଇ, ଓଡ଼ିଶାରେ ପାଳିତ ଏକ ସାମାଜିକ ଚଳଣି ।"
train/img_03957.jpg,୨୦୨୦ ମସିହା ଜୁନ ୦୭ ତାରିଖରେ ଓଡ଼ିଶା ସରକାର ଏହି ଗୀତକୁ ରାଜ୍ୟ ସଙ୍ଗୀତର ମାନ୍ୟତା ପ୍ରଦାନ କରିଥିଲେ ।
train/img_03958.jpg,ଅୟୁଧ୍ୟା ରାଜ୍ୟ ଅୟୁଧ୍ୟା ସହରକୁ କେନ୍ଦ୍ର କରି ୧୩୫୦ରୁ ୧୭୬୭ ପର୍ଯ୍ୟନ୍ତ ବିଦ୍ୟମାନ ଥିଲା ଏହି ରାଜ୍ୟକୁ ଆଧୁନିକ ଥାଇଲ୍ୟାଣ୍ଡର ପୂର୍ବପୁରୁଷ ଭାବରେ ବିବେଚନା କରାଯାଏ ।
train/img_03959.jpg,"ସୂର୍ଯ୍ୟନାରାୟଣ ପାତ୍ର: ଖାଦ୍ୟ ଯୋଗାଣ ଓ ଖାଉଟି, ସମବାୟ"
train/img_03960.jpg,ପତୋରା
train/img_03961.jpg,"ସଦର ମହକୁମାଗୁଡ଼ିକ ହେଲା, ବ୍ରହ୍ମପୁର, ଛତ୍ରପୁର ଓ ଭଞ୍ଜନଗର ।"
train/img_03962.jpg,୨-ନାଚୁଣୀ ଶାଲିଆ ଝୁମର : ଏହା ଏକ ଝୁମର ଭାବେ ପରିଚିତ ।
train/img_03963.jpg,ଢେଙ୍କାନାଳ ଓଡ଼ିଶାର ଏକ ପ୍ରଶାସନିକ ଜିଲ୍ଲା ।
train/img_03964.jpg,"ରଜରେ ପୋଡ଼ ପିଠା ଓ ପାନ ଖିଆ ସହିତ ଝିଅମାନଙ୍କ ରଜ ଦୋଳି ଓ ପୁଚି ଖେଳ ସହ ପୁଅମାନଙ୍କ ଲୁଡୁ, ତାସ, ବାଗୁଡ଼ି ଆଦି ଖେଳି ଏହି ଦିବସଟି ପାଳନ କରାଯାଇଥାଏ ।"
train/img_03965.jpg,ଏହାଛଡା ବିଭିନ୍ନ ଅନ୍ତର୍ଜାତୀୟ ଦିବସ ଓ ପାଶ୍ଚାତ୍ୟ ପର୍ବମାନ ମଧ୍ୟ ଆଜିର ଯୁବଗୋଷ୍ଠୀ ମଧ୍ୟରେ ବେଶ୍ ଲୋକପ୍ରିୟ।
train/img_03966.jpg,"କବି ରଘୁନାଥଙ୍କର କୌଶଲ୍ୟା ବିଳାପ ଚଉତିଶା, ହଋମାତଙ୍କର କାନ୍ଦି କହେ ନନ୍ଦରାଣୀ ଓ ମୁକୁନ୍ଦ ରଚିତ କରେ କୋଦଣ୍ଡ ଚଉତିଶା ଏହି ଶ୍ରେଣୀର ରଚନା ଅଟେ ।"
train/img_03967.jpg,ଏହା ବିଶ୍ୱର ବୃହତ୍ତମ ଗଣତନ୍ତ୍ର ରୁପରେ ପରିଚିତ ।
train/img_03968.jpg,ନିରାମିଷ
train/img_03969.jpg,"ଉର୍ଦ୍ଦୁ ସାହିତ୍ୟରେ ପ୍ରବୀଣ ସଂସ୍କାରବାଦୀ ଓ ଇଶ୍ୱରବିଶ୍ୱାସୀ କବି ହାଜିମୌଲା ବଖସ୍ (ଖ୍ରୀ:୧୮୫୮) ଲେଖିଛନ୍ତି, ଧର୍ମ-ବର୍ଣ୍ଣ ନିର୍ବିଶେଷରେ ଈଶ୍ୱର ସମସ୍ତଙ୍କୁ ପ୍ରେମ କରନ୍ତି ଓ ସମସ୍ତଙ୍କଠାରୁ ପ୍ରେମ ଚାହାନ୍ତି ।"
train/img_03970.jpg,"ସମ୍ପ୍ରତି ପରମ୍ପରା ଅନୁଯାୟୀ ବିଭିନ୍ନ ପ୍ରକାରର ଓ ଧାର୍ଯ୍ୟ ପରିମାଣର ରଥ କୋରା, ବଲ୍ଲଭ ଖଇ, ଗଜାମୁଗ, ପାତି ନଡିଆ, ବିଭିନ୍ନ ଫଳ, ଶଙ୍ଖାକୃତି ଶାକର ଇତ୍ୟାଦି ଭୋଗ ରଥରେ ଠାକୁରଙ୍କ ଉଦ୍ଦେଶ୍ୟରେ ନୈବେଦ୍ୟ ହେଉଛି।"
train/img_03971.jpg,ପଞ୍ଚାୟତ ଓ ଗ୍ରାମ ତଲିକା
train/img_03972.jpg,ଉଭୟ ଦକ୍ଷିଣ-ପଶ୍ଚିମ ଏବଂ ଉତ୍ତର-ପୂର୍ବ ମୋୖସୁମୀ ଥାଇଲ୍ୟାଣ୍ଡର ଋତୁକୁ ପ୍ରଭବିତ କରିଥାନ୍ତି ।
train/img_03973.jpg,ଏମାନେ ଦିନରେ ଲୁଚି ରହନ୍ତି ରାତିରେ ବାହାରନ୍ତି।
train/img_03974.jpg,ଗୌତମ ବୁଦ୍ଧ
train/img_03975.jpg,ଆଲୋଚକଙ୍କ ଭାଷାରେ ‘‘ଏମାନେ ଗୋଟିଏ ବାପା ଓ ଦୁଇଟି ମାର ସନ୍ତାନ ।
train/img_03976.jpg,ପ୍ରଦର୍ଶନ
train/img_03977.jpg,ଭୌଗୋଳିକ ଅବସ୍ଥିତି ଓ ପ୍ରଭାବ
train/img_03978.jpg,ଯାହାଙ୍କର ଅବଦାନ ଯୋଗୁଁ ଓଡ଼ିଶା ସ୍ୱତନ୍ତ୍ର ରାଜ୍ୟ ଗଠନ ସମ୍ଭବ ହୋଇପାରିଥିଲା ଏବଂ ପାରଳାଖେମୁଣ୍ଡି ଜମିଦାରୀ ଓଡ଼ିଶାରେ ଅବସ୍ଥାପିତ ହୋଇପାରିଛି ।
train/img_03979.jpg,ଆଦିଯୁଗ (ପ୍ରାଚୀନରୁ ୧୭୫୦) : ଆଦିଯୁଗରେ ଝୁମରର ରୂପ ଲୋକଗୀତ ଧାରାରେ ଆବଦ୍ଧ ଥିଲା ।
train/img_03980.jpg,ଏହା ମଧ୍ୟ ସମବାୟ ଗୋଷ୍ଠୀମାନଙ୍କଦ୍ୱାରା ପ୍ରସ୍ତୁତ ବସ୍ତ୍ର ଗୁଡିକୁ ରାଜ୍ୟ ମଧ୍ୟରେ ବିକ୍ରୟ କରିଥାଏ ।
train/img_03981.jpg,ଏହି ଶଙ୍ଖାକାର କ୍ଷେତ୍ରର ମୂର୍ଦ୍ଧନୀ ହେଉଛି ପଶ୍ଚିମ ସୀମା ।
train/img_03982.jpg,ରଥରୁ ଚାରମାଳ ଖୋଲାଯିବା ପରେ ଘୋଡ଼ା଼ ବନ୍ଧାଯାଏ।
train/img_03983.jpg,ନ୍ୟାୟପାଳିକା କଟକରେ ଅବସ୍ଥିତ ଓଡ଼ିଶା ଉଚ୍ଚ ନ୍ୟାୟାଳୟ ଏବଂ ନିମ୍ନ ଅଦାଲତଗୁଡ଼ିକର ଏକ ବ୍ୟବସ୍ଥାକୁ ନେଇ ଗଠିତ ।
train/img_03984.jpg,ରୋଲାଣ୍ଡ ଇନଷ୍ଟିଚ୍ୟୁଟ୍ ଅଫ୍ ଟେକ୍ନୋଲୋଜି
train/img_03985.jpg,ବେଗୁନିଆ (୧୧୬)
train/img_03986.jpg,"ଏହି ସୁନାବେଶ ପ୍ରଚଳନର ଇତିହାସ ସମ୍ପର୍କରେ ଜଣାଯାଏ ଯେ, ଓଡ଼ିଆ ଜାତିର ପରମାରାଧ୍ୟ ଶ୍ରୀଜଗନ୍ନାଥଙ୍କୁ ରାଷ୍ଟ୍ର ଦେବତା ରୂପେ ସ୍ୱୀକାର କରି ଏ ରାଜ୍ୟର ରାଜା ମହାରାଜାମାନେ ସ୍ୱୟଂ ରାଉତ ବା ଆଦେଶ ବାହକ ରୂପେ ମହାପ୍ରଭୁଙ୍କ ସେବା ନିର୍ବାହ କରିଥିବା ପ୍ରମାଣ ଶିଳାଲେଖରୁ ମିଳୁଅଛି।"
train/img_03987.jpg,ଲାଲା କିଶୋର ରାଜଙ୍କ ନାମ ଅନୁସାରେ ବାରବାଟି ଓ ଲାଲା ବଜାର ହୋଇଥିଲା ।
train/img_03988.jpg,ଆସ୍କା (୧୨୮)
train/img_03989.jpg,"ସେ ମଧ୍ୟ ଭାରତୀୟ ଉପମହାଦେଶରେ ଜୈନ ଧର୍ମର ଅଭ୍ୟୁତ୍ଥାନରେ ମୁଖ୍ୟ ଭୂମିକା ଗ୍ରହଣ କରିଥିଲେ, କିନ୍ତୁ ତାହାଙ୍କୁ ଭାରତ ଇତିହାସରେ ସେତେ ଗୁରୁତ୍ୱ ଦିଆଯାଇନାହିଁ ।"
train/img_03990.jpg,"ପ୍ରାଚୀନ କଳିଙ୍ଗର ନରପତିଙ୍କ ସମୟରେ ଯେତେବେଳେ ଜବା ଦ୍ୱୀପ (ଜାଭା), ସୁମାତ୍ରା, ବାଲି ଦ୍ୱୀପକୁ କଳିଙ୍ଗର ବଣିକମାନେ ନୌବାଣିଜ୍ୟ କରିବାକୁ ଯାଉଥିଲେ, ସେତେବେଳେ ମଧ୍ୟ କୋଶାମ୍ବ ବାଲେଶ୍ୱର ପରମିଟ ଘାଟ ବନ୍ଦରରୁ ପଣ୍ୟ ଦ୍ରବ୍ୟ ବିକାହେବା ପାଇଁ ଯାଉଥିଲା ।"
train/img_03991.jpg,ପ୍ରଶାସନିକ ବ୍ୟବସ୍ଥା
train/img_03992.jpg,ଚେପା ନାକାଟେରା ଶୁନିଉ ନ ପାୟରେ (ଭୀମା)
train/img_03993.jpg,ଓଡ଼ିଶାରେ ଏହି ରାଜବଂଶର ଶାସନ ଖ୍ରୀ ୩୫୦ରୁ ଆରମ୍ଭ କରି ସୋମ ବଂଶର ଶେଷ ପର୍ଯ୍ୟନ୍ତ ଥିଲା ।
train/img_03994.jpg,"କରିଣ ପୀରତି ରଖତୁ କୀରତି, ଦେଇଣ ସୁରତି ବିହାରେ"
train/img_03995.jpg,କେନ୍ଦ୍ରାପଡ଼ା ଏହାର ପ୍ରଶାସନିକ ମୁଖ୍ୟାଳୟ ।
train/img_03996.jpg,(ଖ) ହାସ୍ୟରସ : କହତ ରାଧା ସୁନ୍ଦରୀ ବିନୟେ ବିନୟରେ
train/img_03997.jpg,କଳିଙ୍ଗର ରାଜକୁମାର ମାଘ ୨୪୦୦୦ ସୈନ୍ୟବିଶିଷ୍ଟ ନୌସେନା ନେଇ ସିଂହଳକୁ ଆକ୍ରମଣ କରିଥିଲେ ଓ ଖ୍ରୀ ୧୨୧୪ରୁ ୧୨୩୫ ପର୍ଯ୍ୟନ୍ତ ଏହି ଦ୍ୱୀପ ଉପରେ ରାଜୁତି କରିଥିଲେ ।
train/img_03998.jpg,"ଭିତରକନିକା ଜାତୀୟ ଉଦ୍ୟାନ, ରାଜନଗର"
train/img_03999.jpg,"ଧର୍ମଯାଜକମାନେ ସ୍କୁଲ, ଡାକ୍ତରଖାନା ଇତ୍ୟାଦି ମଧ୍ୟ ସ୍ଥାପନା କଲେ ।"
train/img_04000.jpg,ଏଥିରେ ୬ ଫୁଟ ୬ ଇଞ୍ଚ ଉଚ୍ଚତା ବିଶିଷ୍ଟ ୧୪ ଚକ ଲାଗିଥାଏ।
train/img_04001.jpg,୭ମ ଶତାବ୍ଦୀ କାଳରେ ଓଡ଼ିଶାର ଶାସକମାନେ ସ୍ୱାଧୀନ ଥିଲେ ।
train/img_04002.jpg,କଳିଙ୍ଗ ଅଧିକାର କରିଥିବା ସମ୍ରାଟ ଅଶୋକ ପରବର୍ତ୍ତୀ ସମୟରେ ମଧ୍ୟ ନିଜ ପୁତ୍ର ଓ କନ୍ୟା ସଂଘମିତ୍ରାଙ୍କୁ ବୌଦ୍ଧ ଧର୍ମର ପ୍ରଚାର ପାଇଁ ସିଂହଳ ପଠାଇଥିଲେ ।
train/img_04003.jpg,ତେଣୁ ଖ୍ରୀ ୧୮୪୧ରେ କମ୍ପାନୀ ସରକାର ଏହି ସ୍କୁଲର ପରିଚାଳନାଭାର ଗ୍ରହଣ କରିଥିଲେ ।
train/img_04004.jpg,ସାଦାରଣ ଭାବରେ ଦେଖିଲେ ଏହା ଏକ ଧ୍ୱନ୍ୟାତ୍ମକ ଶବ୍ଦ ।
train/img_04005.jpg,"ତାହା ଖ୍ରୀ ପୂ ୧୫୦୦ ମସିହାରୁ ଖ୍ରୀ ପୂ ୧୨୦୦ ମସିହା ମଧ୍ୟରେ ରଚନା କରାଯାଇଥିବା ୧,୦୨୮ଟି ଶ୍ଳୋକକୁ ନେଇ ଗଠିତ ଓ ଏସବୁକୁ ବର୍ତ୍ତମାନର ଉତ୍ତର ପାକିସ୍ତାନ ଓ ଆଫଗାନିସ୍ତାନରୁ ଉତ୍ତର ଭାରତର ଆଡ଼କୁ ପୂର୍ବମୁଖୀ ହୋଇ ପ୍ରବାସ କରୁଥିବା ଇଣ୍ଡୋ-ଆର୍ଯ୍ୟ ଜନଜାତିମାନେ ରଚନା କରିଥିଲେ ।"
train/img_04006.jpg,"ଏହାଛଡା ବର୍ମା, ଶ୍ରୀଲଙ୍କା ଓ ଫିଲିପାଇନସରେ ମଧ୍ୟ ଏମାନେ ଦେଖିବାକୁ ମିଳନ୍ତି ।"
train/img_04007.jpg,ନାମର ବିଶେଷତା
train/img_04008.jpg,ଆଶ୍ରମର ମୂଳ ଉଦ୍ଦେଶ୍ୟ ଥିଲା ସଂଗ୍ରାମୀ ସୃଷ୍ଟି କରିବା ।
train/img_04009.jpg,ଶ୍ରୀବିଗ୍ରହମାନଙ୍କ ଏହି ପହଣ୍ଡି ବିଜେ ସମୟରେ ଓ ପୂର୍ବରୁ କେତେକ ନିର୍ଦ୍ଦିଷ୍ଟ ନୀତି ସମ୍ପନ୍ନ ହୋଇଥାଏ।
train/img_04010.jpg,ସେ ଯାତ୍ରା ମାସ ମାସ ଧରି କରି ଥିଲେ ।
train/img_04011.jpg,"ଜଗତସିଂହପୁର ସହରରେ ସ୍ୱାମୀ ବିବେକାନନ୍ଦ ସ୍ମାରକୀ ସ୍ୱୟଂଶାସିତ ମହାବିଦ୍ୟାଳୟ, ଶ୍ରୀକୃଷ୍ଣ ଏକାଡେମୀ, ସରକାରୀ ବାଳିକା ଉଚ୍ଚବିଦ୍ୟାଳୟ, ପୁରୋହିତପୁର ଉଚ୍ଚ ବିଦ୍ୟାଳୟ, ସରସ୍ୱତୀ ଶିଶୁ ବିଦ୍ୟାମନ୍ଦିର, ପବ୍ଲିକ ସ୍କୁଲ, ସୁଧାନନ୍ଦ ବିଦ୍ୟାଳୟ, ତ୍ରିମ୍ ଇଣ୍ଡିଆ ସ୍କୁଲ, ଶ୍ରୀ ଅରବିନ୍ଦ ପୂର୍ଣ୍ଣାଙ୍ଗ ଶିକ୍ଷାକେନ୍ଦ୍ର, ସେଣ୍ଟ ଜାଭିୟର୍ସ ସ୍କୁଲ, ସ୍କଲାର ଇଂରାଜୀ ମାଧ୍ୟମିକ ବିଦ୍ୟାଳୟ, ଶିକ୍ଷକ ପ୍ରଶିକ୍ଷଣ ପ୍ରତିଷ୍ଠାନ ଆଦି ଶିକ୍ଷାନୁଷ୍ଠାନ ରହିଛି।"
train/img_04012.jpg,"ବ୍ଳକ: (୧୧): ୧ ରାୟଗଡ଼, ୨ କାଶୀପୁର, ୩ କୋଲୋନରା, ୪ କଲ୍ୟାଣସିଂହପୁର, ୫ ଗୁଣୁପୁର, ୬ ଗୁଡ଼ାରୀ, ୭ ପଦ୍ମପୁର, ୮ ରାମନଗୁଡ଼ା, ୯ ବିଷମକଟକ, ୧୦ ମୁନିଗୁଡ଼ା ଓ ୧୧ ଚନ୍ଦ୍ରପୁର ।"
train/img_04013.jpg,ପତିତପାବନ ଯାତ୍ରା: ପତିତମାନଙ୍କୁ ଉଦ୍ଧାର କରିବାକୁ ଏହି ଯାତ୍ରା ହେଉଥିବାରୁ ପତିତପାବନ ଯାତ୍ରା ।
train/img_04014.jpg,ବେଲଖଣ୍ଡି ଶୈବପୀଠ
train/img_04015.jpg,ଯଥାର୍ଥରେ-
train/img_04016.jpg,"ଖ୍ରୀ ପୂ ତୃତୀୟ ଶତାବ୍ଦୀରେ ଅଶୋକ କଳିଙ୍ଗ ଯୁଦ୍ଧରେ ଜୟଲାଭ କରିବା ପରେ କଳିଙ୍ଗରେ ବୌଦ୍ଧ ଧର୍ମର ପ୍ରଚାର ପାଇଁ ମୋଗଲିପୁତ୍ତଟିସ୍ପ, ଉପଗୁପ୍ତ ଓ ମହାଦେବ ପ୍ରଭୃତି ବୌଦ୍ଧଭିକ୍ଷୁମାନଙ୍କୁ ପଠାଇଥିଲେ ।"
train/img_04017.jpg,"ଏଠାରେ ସମ୍ମିଳିତ ହେଉଥିଲେ ଭାରତର ଶ୍ରେଷ୍ଠ ସଙ୍ଗୀତଜ୍ଞ, ବଡ଼ ଗୋଲମ ଅଲ୍ଲୀ, ରୋସ୍ନାରା ବେଗମ, ହାଫିଜ ଅଲ୍ଲୀ ଖାଁ, ରାୟଚାନ୍ଦ ବରାଳ ଇତ୍ୟାଦି ।"
train/img_04018.jpg,କେବେ କଳିଙ୍ଗ ସ୍ୱାଧୀନ ରାଜ୍ୟଭାବେ ପରିଗଣିତ ହେଉଥିଲା ତ ପୁଣି କେବେ ପଡୋଶୀ ରାଜ୍ୟଦ୍ୱାରା ଶାସିତ ହେଉଥିଲା ।
train/img_04019.jpg,ଅନ୍ଧକାର ଫଳରେ ତାହା ଜଣାପଡ଼ୁନାହିଁ ।
train/img_04020.jpg,ଶ୍ରଦ୍ଧା ନାହିଁକି ଶ୍ୟାମର ଲୋ ?
train/img_04021.jpg,"ବଙ୍ଗଳା ଓ ଇଂରାଜୀ ପଢ଼ିବା ପାଇଁ ଏକ ପଦ୍ଧତି ବାହାର କରିଥିଲେ, ସେ ସମୟରେ ଟାଗୋର ନୈବେଦ୍ୟ (୧୯୦୧)ଓ କ୍ଷେୟ (୧୯୦୬)ରେ ନିଜ ଭାଷାରେ କବିତା ରଚନା କରିଥିଲେ ।"
train/img_04022.jpg,ସରଦାର ବଲ୍ଲଭଭାଇ ପଟେଲ ଶିଶୁରୋଗ ସ୍ନାତକୋତ୍ତର ସଂସ୍ଥାନ
train/img_04023.jpg,ଭୋଇ ଓ ମହାରଣାମାନେ ରଥଟଣାରେ ସାହାଯ୍ୟ କରିଥାନ୍ତି।
train/img_04024.jpg,ପ୍ରଥମ ଓଡ଼ିଆ କଥାଚିତ୍ର ହୋଇଥିବାରୁ ଅନେକ ଭୁଲ ଭଟକା ଥିବା ସତ୍ତ୍ୱେବି ଏକ ବହୁଳ ଭାବରେ ଆଦୃତ ହୋଇଥିଲା ।
train/img_04025.jpg,ଖ୍ରୀଷ୍ଟପୂର୍ବ ୨ୟ ଶତାବ୍ଦୀରେ ତିଆରି ଭୁବନେଶ୍ୱରରେ ଥିବା ଖଣ୍ଡଗିରି ଓ ଉଦୟଗିରି ସେତେବେଳର ସମ୍ରାଟ ଖାରବେଳଙ୍କଦ୍ୱାରା ତିଆରି କରାଯାଇଥିଲା ।
train/img_04026.jpg,"ଅଭିଆଡ଼ି ଝିଅମାନେ ଶାଢ଼ୀ ଆଦି ପିନ୍ଧି ରଜ ଦୋଳି ଖେଳ, ପୁଚି ଖେଳ ଆଦିରେ ସମୟ ଅତିବାହିତ କରିଥାନ୍ତି ।"
train/img_04027.jpg,ପୀଠ ।
train/img_04028.jpg,ରଥଯାତ୍ରା ବେଳେ ଛୁଆମାନଙ୍କୁ ନୂଆ କନା ନୂଆ ଜାମା ପିନ୍ଧାଇ ରଥାଋଢ଼ ବିଗ୍ରହଙ୍କୁ ଦର୍ଶନ କରାଯାଏ ।
train/img_04029.jpg,ଢେଙ୍କାନାଳର ଦଣ୍ଡନାଚର ପାଳନରେ ଭିନ୍ନ ତା ପରିଲକ୍ଷିତ ହୋଇଥାଏ ।
train/img_04030.jpg,ଶ୍ରୀ ଗଦାଧର ନାରାୟଣ ଭଞ୍ଜଦେଓ (୧୮୨୫-୧୮୬୧ ଅଥବା ୧୮୩୨-୧୮୬୧)
train/img_04031.jpg,ଦହିପଟି ମଣୋହି ପରେ ଗଜପତିଙ୍କ ହସ୍ତରେ ଲକ୍ଷ୍ମୀ ଦେବୀ ବିଜେ ହୋଇ ଜଗନ୍ନାଥଙ୍କ ସହିତ ଭେଟ ହୁଅନ୍ତି।
train/img_04032.jpg,"ଭିତରକନିକା ଜାତୀୟ ଉଦ୍ୟାନ, ରାଜନଗର"
train/img_04033.jpg,ରଥ ଉପରେ ସୁନାବେଶ
train/img_04034.jpg,"ଭଣ୍ଡାରଘରଣୀ ମନ୍ଦିର, ନବରଙ୍ଗପୁର"
train/img_04035.jpg,ତେଣୁ ଖ୍ରୀ ୧୮୪୧ରେ କମ୍ପାନୀ ସରକାର ଏହି ସ୍କୁଲର ପରିଚାଳନାଭାର ଗ୍ରହଣ କରିଥିଲେ ।
train/img_04036.jpg,ଓଡ଼ିଆ ଭାଷା
train/img_04037.jpg,ବୁଝାଯାଇନା ଅନ୍ଧାକାରେରେ
train/img_04038.jpg,ବ୍ରିଟିଶ ଶାସନ କାଳରେ ୧୮୬୯ରେ ମହାନଦୀର କଟକ ନିକଟରୁ ବଙ୍ଗୋପସାଗର (ପାରାଦୀପ) ପର୍ଯ୍ୟନ୍ତ ଏହି କେନାଲ ଖୋଳାଯାଇଥିଲା ।
train/img_04039.jpg,ଏମାନଙ୍କ ଦଳରେ ଗୋଟିଏ ଅଣ୍ଡିରା ସମ୍ବର ରାଜା ହୋଇଥାଏ।
train/img_04040.jpg,କେନ୍ଦ୍ରାପଡ଼ା ଅନ୍ତର୍ଗତ ତତ୍କାଳୀନ କନିକା ରାଜ୍ୟର ‘ମାଈପୁର’ ବା ସାଂପ୍ରତିକ ‘ମୟୁରୀ ଗାଁକୁ ଐତିହାସିକ ଟଲେମୀ ‘ମୟୀଡ଼େରା’ ବନ୍ଦର ଭାବରେ ଚିତ୍ରଣ କରି ଅଛନ୍ତି ।
train/img_04041.jpg,କୋଙ୍କାଣି ଭାଷା ଭାରତର ଗୋଆର ପ୍ରଶାସନିକ ଭାଷା ।
train/img_04042.jpg,"ଭଣ୍ଡାରଘରଣୀ ମନ୍ଦିର, ନବରଙ୍ଗପୁର"
train/img_04043.jpg,ବଲେଈପଦା ପାର୍କ (ବଲେଈପଦା)
train/img_04044.jpg,କାମନା ଘଟ ସ୍ଥାପିତ ହୁଏ ଓ ତା ପରେ ଦୁଇଟି ବେତକୁ ଶିବ ଓ ଗୌରୀଙ୍କ ପ୍ରତୀକରୂପେ ସ୍ଥାପନ କରାଯାଏ।
train/img_04045.jpg,ଅହମଦାବାଦର ଇତିହାସ ଅଣହିଲବାଡ଼ (ଆଧୁନିକ ପାଟନ)ର ଶାସକ ସୋଲଂକୀରାଜା କର୍ଣଦେବ ପ୍ରଥମଙ୍କ ସହ ଏଗାରଶହ ଶତାବ୍ଦୀରେ ଆରମ୍ଭ ହେଲା ।
train/img_04046.jpg,"ଆଉ ସମସ୍ତଙ୍କର ଥାଏ ଏକ ନିଆରା କିମ୍ବଦନ୍ତୀ, ଏକ ଅଲଗା ଇତିହାସ, ଭିନ୍ନ ଏକ ପରମ୍ପରା, ଏକ ପରବ, ଏକ ମଉଛବ ।"
train/img_04047.jpg,"ତୋ ପ୍ରେମ କରି ଭରସା, ଛାଡ଼ିଲି ମୁଁ କୁଳ ଆଶା"
train/img_04048.jpg,"ଭାରତୀୟ ଲୋଟଣୀ, ଭଦଭଦଳିଆ ଚଢ଼େଇ ଓଡ଼ିଶାର ଗର୍ବ ଓ ସଙ୍କେତ ଅଟେ ।"
train/img_04049.jpg,"ମୁଁ ଅଟେ ଚାକର, ଧରୁଛି ତୋ’କର, ରକ୍ଷାକର ପ୍ରାଣ ବାହାରେ"
train/img_04050.jpg,"ଏହା କାନ୍ଦାଲ ଜିଲ୍ଲାର ପୂର୍ବ ଘାଟର ଷିମାଲା ପାହାଡରୁ ଉତ୍ପନ୍ନ ଏହା କିଲୋମିଟର ଲମ୍ବ, , କିଲୋମିଟର ଧରିବା କ୍ଷେତ୍ର ସହିତ ଏହାର ଉପନଦୀଗୁଡ଼ିକ ହେଉଛି ବାଗୁଆ ଏବଂ ଧାନେଇ ବାଦନାଡି ଏହାର ପାଟିରେ କ ଣସି ଡେଲଟା ନାହିଁ"
train/img_04051.jpg,ପରେ ପରେ ଐରଖାରବେଳ ଭୁବନେଶ୍ୱରକୁ ନିଜ ରାଜଧାନୀ ରୂପେ ଗ୍ରହଣ କରି ନେଇଥିଲେ ।
train/img_04052.jpg,"ପୁରାଣ ଯୁଗରୁ ଏକାମ୍ର କ୍ଷେତ୍ର ଶିକ୍ଷା, ସଂସ୍କୃତି, ଐତିହ୍ୟ, ପ୍ରତ୍ନତାତ୍ତିକ, ଐତିହାସିକ ଅନୁଭବ ଦୃଷ୍ଟିରୁ ନିଜର ସ୍ୱତନ୍ତ୍ରତା ବଜାୟ ରଖି ଆସିଛି ।"
train/img_04053.jpg,ପୁରୀ ଜିଲ୍ଲା ୧୯ ଡିଗ୍ରି ୨୮ ମିନିଟ୍ରୁ ୨୬ ଡିଗ୍ରି ୩୫ ମିନିଟ୍ ଅକ୍ଷାଂଷ ଓ ୮୪ ଡିଗ୍ରି ୪୯ ମିନିଟ୍ରୁ ୮୬ ଡିଗ୍ରି ୨୫ ମିନିଟ୍ ଦ୍ରାଘିମା ମନ୍ଧ୍ୟରେ ପ୍ରାୟ ୩୦୫୧ ବର୍ଗ କି ମି ବା ୨୬୪୯୮୮ ହେକ୍ଟର ଅଞ୍ଚଳରେ ବିସ୍ତ୍ରୁତ ।
train/img_04054.jpg,ସାଧାରଣ ସେବା
train/img_04055.jpg,କେନ୍ଦ୍ରାପଡ଼ା ସହରକୁ ଗମନା ଗମନ ପାଇଁ ସଡକ ପଥ ହିଁ ଏକମାତ୍ର ପନ୍ଥା ।
train/img_04056.jpg,ଦର୍ପଦଳନ
train/img_04057.jpg,ଏହା କେବଳ ରାଜ୍ୟ ନୁହେଁ ଭାରତ ଏବଂ ବିଦେଶରେ ମଧ୍ୟ ଶୋରୁମ ମାନ ଖୋଲିଛି।
train/img_04058.jpg,(ଆହୁରି) କୋଜୁଛି ବେଣୀ ବନ୍ଧା ଫିତାଗୋ ।
train/img_04059.jpg,ଏହି ଦୁଇଟି ଅଞ୍ଚଳରେ ଥିବା କିଛି ପ୍ରମୁଖ ଉଦୟାଗ ହେଲା
train/img_04060.jpg,ତିନି ରଥର ବିଶେଷତା
train/img_04061.jpg,"ଗେରୁଆ ରଙ୍ଗ : ସାହସ, ତ୍ୟାଗ ଓ ବୈରାଗ୍ୟର ପ୍ରତୀକ, ଧଳା ରଙ୍ଗ : ଶୁଦ୍ଧତା ଓ ସତ୍ୟର ପ୍ରତୀକ, ସବୁଜ ରଙ୍ଗ : ବିଶ୍ୱାସ ଓ ସୃଜନର ପ୍ରତୀକ, ନୀଳ ରଙ୍ଗର ଚକ୍ର : ଚକ୍ର ଦେଶର ପ୍ରଗତିର ପ୍ରତୀକ ଓ ନୀଳ ରଙ୍ଗ ଆକାଶର ବିଶାଳତା ଓ ସମୁଦ୍ରର ବ୍ୟାପ୍ତିର ପ୍ରତୀକ ।"
train/img_04062.jpg,ତା’ସ୍ୱାମୀ ନେବାକୁ ଆସିବା ବେଳେ ଭାଉଜ କହୁଛି ‘‘ ହେ ନନ୍ଦସୁ ଭାଇ’ (ନଣନ୍ଦର ସ୍ୱାମୀ) ମୋର ନଣନ୍ଦ ଫୁଲଠାରୁ ଆହୁରି କୋମଳ ।
train/img_04063.jpg,ଅର୍ଥାତ ସ୍ୱର୍ଣ୍ଣପୁରୀରେ ଦେବଦୂତ ଦ୍ୱୟ ନାନା ରୁଚିର ଅଳଙ୍କାର ମାନ ସଂଯୁକ୍ତ କରି ରଥ ତିନୋଟି ନିର୍ମାଣ କରିଥିଲେ ।ନାରଦ କହିବା ଅନୁସାରେ ସେହିରଥ ତିନୋଟିକୁ ସୁନ୍ଦର ଓ ନରମ ବସ୍ତ୍ରଦ୍ୱାରା ସଜାଇଥିଲେ ।
train/img_04064.jpg,"ସେ ବିଭିନ୍ନ ସମ୍ବଲପୁରୀ କବିତା ଲେଖିଛନ୍ତି, ଯଥା: ""ମହାସତୀ ଉର୍ମିଳା"", ""ଅଛିଆ"" ଇତ୍ୟାଦି ।"
train/img_04065.jpg,୧୫୭୫ ଖ୍ରୀଷ୍ଟାବ୍ଦ ଅପ୍ରେଲ ୧୨ ତାରିଖରେ ଆକବର ଭଦ୍ରକକୁ ଏକ ସ୍ୱତନ୍ତ୍ର ଡିଭିଜନ (ସର୍କାର) ହିସାବରେ ଘୋଷଣା କରିଥିଲେ।
train/img_04066.jpg,ଅଦ୍ୟାବତ୍ ସେହି ବିଗ୍ରହମାନେ ସେହି ମନ୍ଦିରରେ ଯଥାବିଧି ପୂଜିତ ହେଉ ଅଛନ୍ତି।
train/img_04067.jpg,ଆସ୍କା (୧୨୮)
train/img_04068.jpg,ଖବର ପାଇ ଗଜପତି ମହାରାଜ ପାରମ୍ପାରିକ ପୋଷାକ ପରିଧାନ କରି ସମ୍ପୂର୍ଣ୍ଣ ରାଜକୀୟ ବେଶରେ ଆସିଥାନ୍ତି ।
train/img_04069.jpg,ଗ୍ରୀଷ୍ମର ପ୍ରଭାବ ମାର୍ଚ୍ଚ ଶେଷରୁ ଜୁନ୍ ମଧ୍ୟଭାଗ ଯାଏଁ ଅନୁଭୂତ ହୁଏ ।
train/img_04070.jpg,ମୁଖ୍ୟମନ୍ତ୍ରୀ ହେଉଛନ୍ତି ସରକାରର ମୁଖ୍ୟ ଏବଂ ଅଧିକାଂଶ କାର୍ଯ୍ୟନିର୍ବାହୀ କ୍ଷମତା ତାଙ୍କ ଉପରେ ନ୍ୟସ୍ତ ।
train/img_04071.jpg,ଘୁଗୁନି
train/img_04072.jpg,ସେ ଶ୍ରୀଚୈତନ୍ୟ ଓ ପ୍ରଭୁ ନିତ୍ୟାନନ୍ଦଙ୍କ ସମ୍ପ୍ରଦାୟର।
train/img_04073.jpg,ରଥତ୍ରୟର ଏହି ନିର୍ମାଣ କାର୍ଯ୍ୟକୁ ପୁରୀ ପୂର୍ତ୍ତ ବିଭାଗର ଏକଜିକ୍ୟୁଟିଭ ଇଞ୍ଜିନିୟର ଏବଂ ବିଶେଷଜ୍ଞ କମିଟି ତଦାରଖ କରିଥାନ୍ତି।
train/img_04074.jpg,ଉଚ୍ଛ ପ୍ରାଥମିକ ବିଦ୍ୟାଳୟ ସଖ୍ୟା-୩୯୧
train/img_04075.jpg,ଏହି କରମା ଡାଳକୁ କରମଶୁଣି ଦେବୀ ଭାବରେ ପୂଜା କରାଯାଏ ।
train/img_04076.jpg,"କାଳିଅବୁଦା ଗାଦି,ଓଟାଙ୍ଗ"
train/img_04077.jpg,କୁଶଭଦ୍ରା
train/img_04078.jpg,୧୭ଶ ଶତାବ୍ଦୀର ଆରମ୍ଭରେ ବାଲେଶ୍ୱର ପୂର୍ବ ଉପକୂଳର ବେପାର ବଣିଜର ପେଣ୍ଠସ୍ଥଳ ପାଲଟିଥିଲା ।
train/img_04079.jpg,୨) ରାଜ୍ୟ ସଙ୍ଗୀତର ଅବଧି ୭୦ରୁ ୯୦ ସେକେଣ୍ଡ ରହିବ ।
train/img_04080.jpg,ବହେ ମନ୍ଦମନ୍ଦ ସମୀରଣ ତାୟ
train/img_04081.jpg,ପୃଥିବୀର ଦୀର୍ଘତମ ନଦୀବନ୍ଧ ହୀରାକୁଦ ଏହି ରାଜ୍ୟର ସମ୍ବଲପୁର ଜିଲ୍ଲାରେ ଅବସ୍ଥିତ ।
train/img_04082.jpg,"ଏହି ସମୟରେ ସର୍ବନିମ୍ନ ତାପମାତ୍ରା ସାଧାରଣତଃ ୧୧ ୭ ଡିଗ୍ରୀ ସେ ରହିଥାଏ, କେବେକେବେ ଏହା ୭ ଡିଗ୍ରୀ ସେ ଯାଏ ଖସି ଆସିଥାଏ ।"
train/img_04083.jpg,୧୮୬୪ ଖ୍ରୀଷ୍ଟାବ୍ଦରେ ପୁରୀ ରାମାନୁଜ ମଠର ମହନ୍ତଙ୍କ ଶିକ୍ଷାଗୁରୁ ରାମାୟଣ ଦାସ ବୃନ୍ଦାବନ ଯିବା ବାଟରେ ସାଳନ୍ଦୀ ନଦୀ କୂଳରେ ଭକ୍ତମାନଙ୍କ ଭକ୍ତି ଦେଖି ବିହ୍ୱଳ ହୋଇ ଯାଇଥିଲେ।
train/img_04084.jpg,ଏ ପ୍ରସଙ୍ଗ ଆଲୋଚନା ସାପେକ୍ଷ ।
train/img_04085.jpg,କାଠୁରିଆ ପାଲା: ସତ୍ୟ ନାରାୟଣ ପୂଜକ ଗୋଟିଏ ଗରିବ ବ୍ରାହ୍ମଣ କୃଷ୍ଣଦାସର ପୂଜା ଦେଖି ଜଣେ କାଠୁରିଆର ଉକ୍ତବ୍ରତ ପାଳନ ଓ ବିଭବ ଲାଭ
train/img_04086.jpg,ପୁରୁଷ: ୭୮ ୪୧
train/img_04087.jpg,"୨୦୧୧ ରେ, ଆସୋସିଏଟେଡ୍ ଚାମ୍ବରସ୍ ଅଫ୍ କମର୍ସ ଆଣ୍ଡ ଇଣ୍ଡଷ୍ଟ୍ରି ଅଫ୍ ଇଣ୍ଡିଆର ଏକ ଅଧ୍ୟୟନ ଅନୁଯାୟୀ, ଭାରତର ୧୭ ଟି-୨ ସହର ମଧ୍ୟରେ ଭୁବନେଶ୍ୱରରେ ନିଯୁକ୍ତି ଅଭିବୃଦ୍ଧି ହାର ସର୍ବାଧିକ ଥିଲା।"
train/img_04088.jpg,"ମହିଳା: ୬,୯୯,୦୭୦"
train/img_04089.jpg,"ବ୍ୟୁରୋର ଯୁକ୍ତରାଷ୍ଟ୍ରର ଜନସଂଖ୍ୟା ଘଣ୍ଟା ଅନୁଯାୟୀ, ୨୮ ଜାନୁୟାରୀ ୨୦୨୧ ସୁଦ୍ଧା, ଆମେରିକାର ଜନସଂଖ୍ୟା ପ୍ରତି ୧୦୦ ସେକେଣ୍ଡରେ ଜଣେ ବ୍ୟକ୍ତିଙ୍କ ମୋଟ ଲାଭ ଥିଲା।"
train/img_04090.jpg,ଭରତୀୟ ଉପମହାଦେଶରେ ପଞ୍ଜାବୀ ସାଂସ୍କୃତିକ ଭାଷାର ସଂଯୋଗ ରହିଥିବା ହେତୁ ବଲିଉଡରେ ବହୁ ଗୀତ ଅଧା ବା ସମ୍ପୂର୍ଣ୍ଣ ଭାବେ ପଞ୍ଜାବୀ ଭାଷାରେ ଆଛି ।
train/img_04091.jpg,ମୁକ୍ତି ମଣ୍ଡପ:
train/img_04092.jpg,କଳାହାଣ୍ଡି ରାଜ୍ୟ
train/img_04093.jpg,"ସାଧାରଣତଃ ପ୍ରତି ପାଞ୍ଚ ବର୍ଷରେ ଥରେ ବା ଆବଶ୍ୟକ ସ୍ଥଳେ, ପାଞ୍ଚ ବର୍ଷ ପୂରଣ ହେବା ପୂର୍ବରୁ ବିଧାନ ସଭା ଭଙ୍ଗ କରାଯାଇ ଯଥାଶିଘ୍ର (୬ ମାସ ମଧ୍ୟରେ) ନିର୍ବାଚନ କରାଯାଇ ନୂତନ ବିଧାନ ସଭା ଗଠନ କରାଯାଏ ।"
train/img_04094.jpg,(୩) ପୂର୍ବରାଗ ବିପ୍ରଲମ୍ଭ ଶୃଙ୍ଗାର:
train/img_04095.jpg,୮ ଅକ୍ଷରିଆ ୨ ପାଦ ଓ ୧ ଅକ୍ଷରିଆ ଏକପାଦ ଯୁକ୍ତ 'ତ୍ରିପଦୀ' ଦ୍ୱୟ ସମ୍ବଳିତ ଗୀତ ମଧ୍ୟ ବୋଲାଯାଏ ।
train/img_04096.jpg,"ବ୍ୟହ ଭେଦିଲା ତଖନ, ବିଷର୍ଣ୍ଣ କୌରବ ଗନ ।"
train/img_04097.jpg,ଅଭିଶାପ ହେତୁ ଶିବଲିଙ୍ଗ ଭୂପତିତ ହେଲା ଏବଂ ଆଦିଶକ୍ତି ଉଭା ହୋଇ ଏହି ଲିଙ୍ଗକୁ ଧାରଣ କଲେ।
train/img_04098.jpg,ଏକ ଦଳ ପାଲାବାଲା ପାଲା ଅଭିନୟ କଲେ ତାକୁ 'ଗୋଟିକିଆ ପାଲା' କହନ୍ତି ।
train/img_04099.jpg,୦୧ ୦୪ ୯୬ର ଜଙ୍ଗଲ ଶ୍ରେଣୀବିଭାଗ ଅନୁସାରେ
train/img_04100.jpg,ଭାରତ ସମ୍ବନ୍ଧରେ ମନ୍ତବ୍ୟ
train/img_04101.jpg,ରାଜ୍ୟର ପଶ୍ଚିମ ଓ ଉତ୍ତରାଂଶ ଛୋଟନାଗପୁର ମାଳଭୂମିର ଅଂଶବିଶେଷ ।
train/img_04102.jpg,ଏହା ବ୍ରିଟିଶ ସରକାରଙ୍କ ଲୁଗା ଫାକ୍ଟସ୍ଥାପନ ହୋଇଥିବା ଫିରିଙ୍ଗି କୁଦ ଉପରେ ଛିଡା ହୋଇଛି ।
train/img_04103.jpg,ହେଣ୍ଡେଲେ ଧରିଛି ଏକ ଜନେ ।
train/img_04104.jpg,ଜାମସେଦପୁରର ସାକ୍ଷରତା ହାର ୭୬ ୧୩ ଅଟେ ।
train/img_04105.jpg,କନୁରିଆ
train/img_04106.jpg,"କରମା ନାଚ ଏକ ଭାରତୀୟ ଆଦିବାସୀ ଲୋକନୃତ୍ୟ ଓ ପ୍ରାୟତଃ ଓଡ଼ିଶାର ସମ୍ବଲପୁର, ମୟୂରଭଞ୍ଜ, ଢେଙ୍କାନାଳ ଏବଂ ସୁନ୍ଦରଗଡ଼ ଜିଲ୍ଲାରେ ପାଳନ କରାଯାଏ ।"
train/img_04107.jpg,୭୦୦ ବର୍ଷର ପୁରାତନ ବୋଲି ଅନୁମାନ କରାଯାଏ ।
train/img_04108.jpg,୧୯୫୦ ଜାନୁଆରୀ ୨୬ତାରିଖରେ ଓଡ଼ିଶାରେ ଆଉ ୭ଟି ଜିଲ୍ଲା ଯୋଗହେଲା ମୋଟ ଜିଲ୍ଲା ସଂଖ୍ୟା ହେଲା ୧୩ ।
train/img_04109.jpg,ବଣ୍ଡାପର୍ବତ
train/img_04110.jpg,୧୯୯୨ ମସିହାରେ ଓଡ଼ିଶାର ୧୩ଟି ଜିଲ୍ଲାକୁ ପୁନର୍ବିଭାଜନ କରି ୩୦ଟି ଜିଲ୍ଲାରେ ଭାଗ କରାଗଲା ।
train/img_04111.jpg,ମିସନାରୀମାନେ ଖ୍ରୀ ୧୮୨୨ରେ ଓଡ଼ିଶାରେ ପ୍ରଥମ ଇଂରାଜୀ ୪ଟି ସ୍କୁଲ ପ୍ରତିଷ୍ଠା କରିଥିଲେ ମଧ୍ୟ ଅର୍ଥାଭାବ ହେତୁ ତାହା ବେଶୀ ଦିନ ଚଳାଇ ପାରି ନଥିଲେ ।
train/img_04112.jpg,ନମାଜ ପଢ଼ିବା ସମୟ
train/img_04113.jpg,ଲାଲନଙ୍କ ଲୋକ ପ୍ରିୟ ଗୀତରେ ଟାଗୋର କାମ କରିଥିଲେ ।୧୮୯୧-୧୮୮୫ ପର୍ଯ୍ୟନ୍ତ ଟାଗୋରଙ୍କ ସାଧନ ସମୟ ଥିଲା ।
train/img_04114.jpg,ଶ୍ରୀ ଯମେଶ୍ୱର
train/img_04115.jpg,ଧୂଳି ଦଣ୍ଡ ପରେ ଆରମ୍ଭ ହୁଏ ପୋଖରୀ କିମ୍ବା ନଦୀରେ ପାଣି ଦଣ୍ଡ।
train/img_04116.jpg,ଜୁନ୍ ମଧ୍ୟଭାଗରୁ ବର୍ଷାଋତୁର ଆରମ୍ଭ ।
train/img_04117.jpg,କଟକର ଚୌଦ୍ୱାରଠାରେ ଦେଶର ସର୍ବବୃହତ୍ ଫେରୋ ଆଲୟ ଉତ୍ପାଦକ ଇମ୍ଫା ( - )ର କାରଖାନା ରହିଛି
train/img_04118.jpg,ଉପଖଣ୍ଡ (ସବ୍ ଡିଭିଜନ): (୨) ୧ ରାୟଗଡ଼ ଓ ୨ ଗୁଣୁପୁର
train/img_04119.jpg,ଲୋକନୃତ୍ୟ
train/img_04120.jpg,"ଆଗ କାଳରେ ଏହା ମହାକାନ୍ତର (ଅର୍ଥ ବିଶାଳ ଜଙ୍ଗଲ) ଓ କାରୁଣ୍ଡା ମଣ୍ଡଳ (କାରୁଣ୍ଡାର ଅର୍ଥ ମାଣିକ) ଭାବରେ ଜଣା ଥିଲା ଯାହା ଏଠାରେ ମାଣିକ, ଲାଲ ପଥର, ବେରୁଜ, ନୀଲମ, ଓ ଆଲେକଜାଣ୍ଡ୍ରା ଆଦି ମିଳୁଥିବାର ଜଣାଯାଏ ।"
train/img_04121.jpg,"ବେଦାନ୍ତ ଆଲୁମିନା,ଝାରସୁଗୁଡା"
train/img_04122.jpg,"ଟାଗୋର ଗାନ୍ଧିଜୀଙ୍କ ସହ ସ୍ୱରାଜ ଆନ୍ଦୋଳନରେ ଯୋଗ ଦେଇଥିଲେ, ସେ ବେଳେବେଳେ ବ୍ରିଟିଶମାନଙ୍କୁ ଭାରତୀୟ ଲୋକମାନଙ୍କୁ ମାନସିକ ଅଶାନ୍ତି ପାଇଁ ଦୋଷଦଉଥିଲେ ।"
train/img_04123.jpg,ଏ ଚାରି ମାସ ମୁନି ଋଷି ଓ ସାଧବମାନେ ସେମାନଙ୍କ ପରିଭ୍ରମଣ ତ୍ୟାଗ କରି ଏକସ୍ଥାନରେ ନିବିଷ୍ଟ ହୋଇ ସାଧନା କରିଥା'ନ୍ତି ।
train/img_04124.jpg,"ହଳଧରକୃତ ସ୍ମୃତି ଦର୍ପଣ ଅନୁସାରେ ମାର୍କଣ୍ଡେୟ, ଶ୍ୱେତଗଙ୍ଗା, ରୋହିଣୀକୁଣ୍ଡ, ସମୁଦ୍ର ଓ ଇନ୍ଦ୍ରଦ୍ୟୁମ୍ନ ହେଉଛି ପଞ୍ଚତୀର୍ଥ ।"
train/img_04125.jpg,ଏମାନେ ହାତରେ କୁଙ୍କୁମରେ ଛବି ଅଙ୍କା ଯାଇଥାଏ ଓ ପାଦରେ ଅଳତାରେ ଚିତା ଆଙ୍କିଥାନ୍ତି ।
train/img_04126.jpg,ତାଙ୍କରି ନାମାନୁଯାୟୀ ଆମ ଦେଶ ଭାରତ ବର୍ଷ ନାମରେ ଅଭିହିତ ।
train/img_04127.jpg,କୋଲକାତା ବିଦ୍ୟାଳୟଗୁଡ଼ିକ ରାଜ୍ୟ ସରକାର କିମ୍ବା ବେସରକାରୀ ସଂସ୍ଥାଦ୍ୱାରା ପରିଚାଳିତ।
train/img_04128.jpg,"ବିଶ୍ୱମ୍ଭର ବିଦ୍ୟାପୀଠ,ପୁରୀ"
train/img_04129.jpg,ମହିଳା: ୫୮ ୭୦
train/img_04130.jpg,ଓଷାବ୍ରତ ଆଦିରେ ଗାନ କରାହେବା ଲାଗି ମଧ୍ୟ ଅନେକ ଗୀତ ରହିଛି ।
train/img_04131.jpg,ଦଧିନଉତି: ହିରଣ୍ମୟୀ
train/img_04132.jpg,ଏଥି ମଧରୁ ୭୨ ଖଣ୍ଡ ଫାସୀ ଅଟେ।
train/img_04133.jpg,"ତେରୁ ଜାତୀୟ ଜୀବନର ଏହି ମହାର୍ଘ ସମ୍ପତ୍ତି ‘ଝୁମର ଗୀତ’ ଏକ ଉତ୍କୃଷ୍ଟ ଲୋକକଳା ଭାବରେ ଯେ ପ୍ରତିଷ୍ଠିତ, ତାହା ଅସ୍ୱୀକାର କରାଯାଇ ନପାରେ ।"
train/img_04134.jpg,"ଏହା ଶରୀର ପାଇଁ ବହୁତ ଗରମ,ତେଣୁ ଶୀତ ଦିନେ ଏହାକୁ ଅଧିକ ବ୍ୟବହାର କରାଯାଏ ।"
train/img_04135.jpg,ପରମ୍ପରା ଅନୁଯାୟୀ ସେହି ସମୟରେ ବଳଭଦ୍ରଙ୍କ ରଥ ସମ୍ମୁଖରେ ରଥ ଘେର ପକାଯାଇଥାଏ।
train/img_04136.jpg,ଲକ୍ଷ୍ମୀନାରାୟଣ ଭେଟ
train/img_04137.jpg,"ଲଳିତଗିରି, ଯାଜପୁର"
train/img_04138.jpg,ଲୋକବାକ
train/img_04139.jpg,ତେଣୁ ସେ କହୁଛି
train/img_04140.jpg,ବିସ୍ୱାଶ କରଯାଏ ଯେ ରାମଚନ୍ଦ୍ରଙ୍କର ବନବାସ ବେଳେ ଏହିଠାରେ ଦେବି ସିତାଙ୍କୁ ଶୋଶ ଲାଗିଲା ଆଖପାଖରେ କୌଣସି ଜଳର ସ୍ରୋତନଥିବରୁ ନିଜେ ଧନୁତିର ମାରି ଗଙ୍ଗାଙ୍କୁ ଆଣୀଥିଲେ ସେଇଦିନଠାରୁ ଏହା ପାତାଳଗଙ୍ଗା ନାମରେ ନାମିତ।
train/img_04141.jpg,ଯାହା ସଖୀନାଚିଆ ଝୁମର ନାମରେ ପରିଚିତ ।
train/img_04142.jpg,୫-ବିବାହକାଳୀନ ଝୁମର : ବିବାହ ଭଳି ସାମାଜିକ ଅନୁଷ୍ଠାନମାନଙ୍କରେ ଏହି ନୃତ୍ୟ ପରିବେଷଣ କରା ଯାଇଥାଏ ।
train/img_04143.jpg,କଳାହାଣ୍ଡି ନାମକରଣ ଉତ୍ପତ୍ତି ବିଷୟରେ କୌଣସି ଅଭିଲେଖ ବା ଦଲିଲ ନାହିଁ ।
train/img_04144.jpg,"ସୁବର୍ଣ୍ଣରେଖା ଏକ ବର୍ଷାଜଳ ନଦୀ ଯାହାକି ାଡଖଣ୍ଡର ଛଟନଗପୁର ମାଳଭୂମିରେ ନାଗ୍ରି ଗ୍ରାମ ନିକଟରେ ଉତ୍ପନ୍ନ ଏଥିରେ ଭାରତ ମଧ୍ୟରେ ପ୍ରମୁଖ ନଦୀଗୁଡ଼ିକର କ୍ଷୁଦ୍ରତମ ନଦୀ ଅବବାହିକା ଅଛି ଏହା ାଡଖଣ୍ଡର ପ୍ରମୁଖ ସହର ଦେଇ ପ୍ରବାହିତ ହୁଏ ଏବଂ ତା’ପରେ ଓଡ଼ିଶାରେ ପ୍ରବେଶ କରେ ଏହା କିଲୋମିଟର (ଓଡ଼ିଶାରେ କିଲୋମିଟର) ଏବଂ ଏହାର , କିଲୋମିଟର (ଓଡ଼ିଶାରେ , କିଲୋମିଟର)ର ବାର୍ଷିକ ହାରାହାରି , ମିଲିୟନ ପ୍ରବାହିତ ହେଉଛି ଏହା ଶେଷରେ ଓଡ଼ିଶାର କିର୍ତ୍ତାନିଆ ବନ୍ଦରରେ ବଙ୍ଗୋପସାଗରରେ ଯୋଗ ଦେଇଥାଏ"
train/img_04145.jpg,ଜାତୀୟ କବି ବୀରକିଶୋର ମହାବିଦ୍ୟାଳୟ
train/img_04146.jpg,କେନ୍ଦ୍ରାପଡ଼ା ସ୍ୱଯଂଶାସିତ ମହାବିଦ୍ୟାଳୟ
train/img_04147.jpg,ଦେଖି ଦେଖି ହେଲି ବିଷ୍ ପିତା ।
train/img_04148.jpg,"ଭୋକ୍ତାମାନଙ୍କ ପାଇଁ କଠିନ ଆଚରଣ, ନିଷ୍ଠା ଏବଂ ତ୍ୟାଗର ବିଧିବିଧାନ ରହିଛି ।"
train/img_04149.jpg,କଳାହାଣ୍ଡି ଓ ନୂଆପଡାକୁ ମିଶାଇ ଗୋଟିଏ ଜିଲ୍ଲା ହେଲା ଏବଂ ଭବାନୀପାଟଣାକୁ ଏହାର ସଦର ମହକୁମା କରାଗଲା ।
train/img_04150.jpg,"ସେହିପରି ଙ ଓ ଣ ବଦଳରେ ନ, ଛ ବଦଳରେ କ୍ଷ, ଖ, ଞ ବଦଳରେ ଛ ବ୍ୟବହାର ହୋଇଥାଏ ।"
train/img_04151.jpg,ଶ୍ରୀବିଗ୍ରହମାନଙ୍କ ଏହି ପହଣ୍ଡି ବିଜେ ସମୟରେ ଓ ପୂର୍ବରୁ କେତେକ ନିର୍ଦ୍ଦିଷ୍ଟ ନୀତି ସମ୍ପନ୍ନ ହୋଇଥାଏ।
train/img_04152.jpg,ଅକ୍ଟୋବର ୧୮୨୮ରେ ବାଲେଶ୍ୱର ଏକ ଅଲଗା ଜିଲ୍ଲାରେ ପରିଣତ ହେଲା ।
train/img_04153.jpg,ବାହୁଡା଼ ଯାତ୍ରା
train/img_04154.jpg,ଏହି ମନ୍ଦିରର ମୂଳଭିତ୍ତି ଉପରେ ବର୍ତ୍ତମାନ ଅମୁହିଁ ଦେଉଳ ବା ଶ୍ରୀଜଗନ୍ନାଥଙ୍କ ରତ୍ନଭଣ୍ଡାର ଅବସ୍ଥିତ ।
train/img_04155.jpg,ହେରା ପଞ୍ଚମୀ ଯାତ୍ରା ସମ୍ପର୍କରେ ଏକ ସୁନ୍ଦର ଜନଶୃତି ବା ଆଖ୍ୟୟିକା ରହିଛି।
train/img_04156.jpg,ବଲେଈପଦା ପାର୍କ (ବଲେଈପଦା)
train/img_04157.jpg,ହନୁମାନ ଏହାର ଦ୍ୱାରପାଳ ଅଟନ୍ତି ।
train/img_04158.jpg,ରାମାଭିଷେକ
train/img_04159.jpg,ଝାରସୁଗୁଡା ମଦ୍ୟ ଦେଇ କଲିକତାରୁ ମୁମ୍ବାଇକୁ ରାଜପଥ ସହ ସମ୍ବଲପୁର ରାଉରକେଲାକୁ ମଧ୍ୟ ସଂଯୋଗ ରହିଛି ।
train/img_04160.jpg,ସେ କାଳରେ ବ୍ରାହ୍ମୀ (ବ୍ରାହ୍ମୀ/ ) ଲିପିରେ ଲେଖାଯାଉଥିଲା ଏ ଭାଷା ।
train/img_04161.jpg,ଉଚ୍ଚ/ମଧ୍ୟ ଇଂରାଜୀ ବିଦ୍ୟାଳୟ- ୮୭୬ଟି
train/img_04162.jpg,ଖଣ୍ଡାଧାର ଜଳପ୍ରପାତ ସୁନ୍ଦରଗଡ଼ ଜିଲ୍ଲାରେ ଅବସ୍ଥିତ
train/img_04163.jpg,କ୍ରୀଡ଼ା
train/img_04164.jpg,ଅନେକ ଜାତୀୟ ଏବଂ ଅନ୍ତର୍ଜାତୀୟ ମ୍ୟାଚ୍ ମାନ ଏହି ଷ୍ଟାଡିୟମ୍ ରେ ଖେଳାଯାଇସାରିଛି ।
train/img_04165.jpg,ଏହା ଏକ ସମୟରେ ଅଶୋକଙ୍କର ପ୍ରାନ୍ତୀୟ ରାଜଧାନୀ ମଧ୍ୟ ଥିଲା ।
train/img_04166.jpg,ମୁଖ୍ୟମନ୍ତ୍ରୀ ହେଉଛନ୍ତି ସରକାରର ମୁଖ୍ୟ ଏବଂ ଅଧିକାଂଶ କାର୍ଯ୍ୟନିର୍ବାହୀ କ୍ଷମତା ତାଙ୍କ ଉପରେ ନ୍ୟସ୍ତ ।
train/img_04167.jpg,ବଙ୍ଗ ଦେଶରେ ଏ ଯୁଗରେ ରଚିତ ଏବଂ ବଙ୍ଗ ଦେଶରୁ ଓଡ଼ିଶାକୁ ଆନୀତ ଦରଖଣ୍ଡିଆ ବଙ୍ଗୋତ୍କଳ ଭାଷାରେ ବଙ୍ଗ ଭାଷାନଭିଜ୍ଞ ଓଡ଼ିଆଙ୍କଦ୍ୱରା ପୋଥି ଧରି ବୋଲାୟିବା (ପୋଥିପୂଚ୍ଛା) ଓ ନୃତ୍ୟଗୀତାଦି ସହିତ ବୋଲାୟିବା (ଠିଆପୂଜା) ପଦ୍ୟାତ୍ମକ ୧୬ଟି ଗଳ୍ପ ବା ପାଲା ।
train/img_04168.jpg,୩ ।
train/img_04169.jpg,"ସେମାନଙ୍କ ମଧ୍ୟରେ ଗନ୍ଧମାର୍ଦ୍ଦନ (୩୪୭୭ ଫୁଟ), ମାଙ୍କଡନଚା (୩୬୩୯ ଫୁଟ), ଗୋନାସିକା (୩୨୧୯ ଫୁଟ) ଏବଂ ଠାକୁରାଣୀ (୩୦୦୩ ଫୁଟ) ଆଦି ଅନ୍ୟତମ ।"
train/img_04170.jpg,ସୂର୍ଯ୍ୟ-ଚନ୍ଦ୍ର ମନ୍ଦିର
train/img_04171.jpg,"ମସଲା : ପିଆଜ, ରସୁଣ, ଲଙ୍କାଗୁଣ୍ଡ, ଗରମ ମସଲା, କଳାଜିରା, କାଜୁ, ଗୁଜୁରାତି ନିଷିଦ୍ଧ ।"
train/img_04172.jpg,ଏଥିରେ ୧୭ଟି ଧାଡ଼ି ରହିଛି ।
train/img_04173.jpg,ପିତାମହଲ ଡ୍ୟାମ:୩ ଲକ୍ଷ ପର୍ଯ୍ୟଟକ ପ୍ରତିବର୍ଷ ବୁଲିବାକୁ ଆସିଥାନ୍ତି ।
train/img_04174.jpg,"ଅନ୍ୟାନ୍ୟ ଧର୍ମପୀଠଙ୍କ ମଧ୍ୟରୁ ମୁସ୍ ଲିମ୍ ମାନଙ୍କ ’କଦ୍ଦମ୍ ରସୁଲ’ ଓ ଶିଖ୍ ଙ୍କ ""ଗୁରୁଦ୍ୱାରା ଦାତନ୍ ସାହେବ"" ଅନ୍ୟତମ ।"
train/img_04175.jpg,ବଂଶଧାରା ଓ ନାଗାବଳି ନଦୀ ଦୁଇଟି ପ୍ରମୁଖ ନଦୀ ।
train/img_04176.jpg,"ଆଚାର୍ଯ୍ୟ ହରିହର ଆଞ୍ଚଳିକ କର୍କଟ କେନ୍ଦ୍ର, କଟକ"
train/img_04177.jpg,ଏଥି ମଧ୍ୟରେ ଶ୍ରୀନଅର ଓ ଶ୍ରୀମନ୍ଦିର ସଦର କାର୍ଯ୍ୟାଳୟ ମଧ୍ୟ ଅନ୍ତର୍ଭୁକ୍ତ ।
train/img_04178.jpg,"ହାତିଗୁମ୍ଫାର ଶିଳାଲେଖରେ ଲେଖା ଭାଷା ହେଉଛି ପାଳି ଆଉ ଲିପି ହେଉଛି ବ୍ରାହ୍ମୀ, ତେବେ ଏହି ଶିଳାଲେଖ ହିଁ ପ୍ରମାଣ କରିଦିଏ ଯେ ଓଡ଼ିଆ ଭାଷା ଅନ୍ୟ ଭାଷାଠାରୁ ପୁରାତନ।"
train/img_04179.jpg,ଯଯାତିଙ୍କ ବେଳେ ଜଗନ୍ନାଥ ମନ୍ଦିରର ଉଚ୍ଚତା ମାତ୍ର ୪୮ ହାତ ଥିଲା।
train/img_04180.jpg,"ଏହାଛଡ଼ା ଦପାନାହାକାଣି ମନ୍ଦିର, କାଉପୁରର ସୀତାକୁଣ୍ଡ, ମଠସାହିର ଦକ୍ଷିଣେଶ୍ୱର ମନ୍ଦିର, ବାସୁଦେବପୁର ଥାନା ଅନ୍ତର୍ଗତ ପଢ଼ୁଆଁ ଗ୍ରାମରେ ଅଷ୍ଟଭୂଜା ଦୁର୍ଗାମଣ୍ଡପ, ବାସୁଦେବପୁରର ପ୍ରସନ୍ନଦେବ ଜୀଉ ମନ୍ଦିର, ରାଧାକୃଷ୍ଣ ମନ୍ଦିର ଚରମ୍ପାର ହନୁମାନ ସାହି, ଏରେଇଁ ଓ ସାହାପୁରସ୍ଥିତ ହନୁମାନ ମନ୍ଦିର, ଆଦି ଭଦ୍ରକ ଅଞ୍ଚଳର ଧର୍ମ ଭାବନାର ବାର୍ତ୍ତା ବାହକ।"
train/img_04181.jpg,"ନରସିଂହ ମହାପାତ୍ର, ଭଗବାନ ନାୟକ ବର୍ମା, ଡଃ କୀର୍ତ୍ତନ ନାରାୟଣ ପାଢ଼ୀ, ଡଃ ଖଗେନ୍ଦ୍ରନାଥ ମଲ୍ଲିକ, ଅପୂର୍ବ ରଞ୍ଜନ ରାୟ, ଇଂ ଅରୁଣ କୁମାର ପାତ୍ର, ନିର୍ମଳ ରାଉତ, ପିତାମ୍ବର ମିଶ୍ର, ଇଂ ଅଭୟ ସୂତାର।"
train/img_04182.jpg,ଏହି ପବିତ୍ର ଦଉଡ଼ିକୁ ସ୍ପର୍ଶ କରିବା ସଙ୍ଗେ ସଙ୍ଗେ ରଥ ଟାଣି ଲକ୍ଷ ଲକ୍ଷ ଭକ୍ତ ନିଜକୁ ଧନ୍ୟ ମଣିଥାନ୍ତି।
train/img_04183.jpg,"ଆଉ କେତେଜଣ ଆଗଧାଡ଼ିର ସାହିତ୍ୟ କାରମାନେ ହେଲେ, କବିଶେଖର ଚିନ୍ତାମଣି ମହାନ୍ତି, ଚାରଣକବି ବାଞ୍ଛାନିଧି ମହାନ୍ତି, କାନ୍ତକବି ଲକ୍ଷ୍ମୀକାନ୍ତ ମହାପାତ୍ର, ନିତ୍ୟାନନ୍ଦ ମହାପାତ୍ର, ଗୌରଚନ୍ଦ୍ର ମହାପାତ୍ର, ହରେକୃଷ୍ଣ ମହତାବ, ପୋଥି ବିଶାରଦ ନୀଳମଣି ମିଶ୍ର, କୃଷ୍ଣ ଚରଣ ବେହେରା।"
train/img_04184.jpg,ଅନ୍ୟ ଭୂଖଣ୍ଡ ଓ ସମୁଦ୍ରରେ ଥିବା ରାଜ୍ୟଗୁଡିକ ହେଲା
train/img_04185.jpg,ଓଡ଼ିଶାରେ ଭୂଦାନ ଆନ୍ଦୋଳନ ବିନୋବାଭାବେଙ୍କ ନେତୃତ୍ୱରେ ସର୍ବପ୍ରଥମେ ଏହି ଅଳକାଶ୍ରମରୁ ହିଁ ଆରମ୍ଭ ହୋଇଥିଲା ।
train/img_04186.jpg,ବସୁମତୀ ସ୍ନାନ ହେଉଛି ରଜ ପର୍ବର ଅନ୍ତିମ ଦିବସ ।
train/img_04187.jpg,ଯଦିଓ ସ୍ୱାଧୀନତା ପରବର୍ତ୍ତୀ କାଳରେ ୧୯୪୮ରେ ଭୁବନେଶ୍ୱର ଓଡ଼ିଶାର ରାଜଧାନୀରେ ପରିଣତ ହେଲା ତଥାପି ଶାସନତନ୍ତ୍ରରେ ଏଯାବତ୍ କଟକ ନିଜର ଏକ ସ୍ୱତନ୍ତ୍ର ପତିଆରା ବଜାୟ ରଖିଛି
train/img_04188.jpg,ସେତେବେଳେ ରଥର ଦକ୍ଷିଣ ମୋଡ଼ ବହୁ କଷ୍ଟରେ କରାଯାଉଥିଲା ।
train/img_04189.jpg,ସ୍ୱର ଶାସ୍ତ୍ର
train/img_04190.jpg,ସେଥି ମଧ୍ୟରୁ ୫୨ ୬୧ ଜଣ ପରୁଷ ହୋଇଥିବା ବେଳେ ୪୭ ୩୯ ଜଣ ନାରୀ ଅଟନ୍ତି ।
train/img_04191.jpg,ଏହି ସମୟରେ ବଙ୍ଗୋପସାଗର କୂଳରେ ଚରିତ୍ରପୁର ନାମକ ବନ୍ଦର ଖୁବ ପ୍ରସିଦ୍ଧି ଲାଭ କରିଥିଲ ।
train/img_04192.jpg,କାଳିଦାସ ସଂସ୍କୃତ ଭାଷାର ସର୍ବଶ୍ରେଷ୍ଠ ନାଟ୍ୟକାର ଓ ସେ ଶାସ୍ତ୍ରୀୟ ସଂସ୍କୃତରେ ଲେଖୁଥିଲେ ।
train/img_04193.jpg,ପ୍ରାଚୀ ଓଡ଼ିଆ କାବ୍ୟମାନଙ୍କରେ ବିଭିନ୍ନ କବିତାର ବାଣୀ ବା ବୃତ୍ତର ବର୍ଣ୍ଣନା ରହିଛି ।
train/img_04194.jpg,ତଦୁପରି ଝୁମର ସଙ୍ଗୀତକୁ ଗାନ କରିବା ନିମନ୍ତେ ଲୋକରାଗରାଗିଣୀ ଭିତ୍ତିରେ ବହୁ ରାଗରର ଭିଆଣ କରାଯାଇଛି ।
train/img_04195.jpg,ଏକସପ୍ତାହ ବ୍ୟାପି ଗୁଣ୍ଡିଚାରେ ରହଣୀ କାଳ ଚନ୍ଦ୍ରଙ୍କଠାରୁ ଆରମ୍ଭ କରି ରବିଙ୍କ ପର୍ଯ୍ୟନ୍ତ ସପ୍ତଗ୍ରହକୁ ସୂଚେଇଲା ଭଳି ଦୁଇ ଯାତ୍ରାକୁ ସାଙ୍କେତିକ ଭାବରେ ରାହୁ ଓ କେତୁଙ୍କୁ ସୂଚାଇ ନବଦିନ ବ୍ୟାପି ଯାତ୍ରା ନବଗ୍ରହକୁ ସମ୍ପୂର୍ଣ୍ଣ କରେ ।
train/img_04196.jpg,ବୈଦିକ ସଂସ୍କୃତ ଭାରତୀୟ ଉପମହାଦେଶର ପୂର୍ବବର୍ତ୍ତୀ ପ୍ରାଚୀନ ଭାଷାମାନଙ୍କ ସହ ଆଦାନ ପ୍ରଦାନ କରିବା ବେଳେ ପ୍ରଥମ କରି ଭେଟିଥିବା ଗଛ ଏବଂ ପଶୁମାନଙ୍କ ନାମ ମଧ୍ୟ ଆହରଣ କରିଥିଲା ।
train/img_04197.jpg,ବ୍ୟାଘ୍ର ବ୍ୟତୀତ ଝରଣା ଓ ସବୁଜିମା ପୂର୍ଣ୍ଣ ଏହି ଜଙ୍ଗଲରେ ହସ୍ତୀ ଓ ଅନ୍ୟାନ୍ୟ ପଶୁପକ୍ଷୀ ବାସ କରନ୍ତି ।
train/img_04198.jpg,ମରାଠା ସେନାପତି ଭାସ୍କର ପଣ୍ଡିତ ଏହାର ଦାୟିତ୍ୱରେ ଥିଲେ ।
train/img_04199.jpg,କୋଙ୍କାଣି ଭାଷା ଭାରତର ଗୋଆର ପ୍ରଶାସନିକ ଭାଷା ।
train/img_04200.jpg,"ଏଥିରେ ମୁଖ୍ୟ ଭୂମିକାରେ ରତିକାନ୍ତ, କମଳା ପ୍ରମୁଖ ଅଭିନୟ କରିଥିଲେ।"
train/img_04201.jpg,ଓଡ଼ିଆ କଥନ
train/img_04202.jpg,ଓଡ଼ିଶାର ବିଭିନ୍ନ ଧର୍ମାବଲମ୍ବୀମାନେଦ୍ୱାରା ବିଭିନ୍ନ ପର୍ବପର୍ବାଣି ପାଳନ କରିଥାନ୍ତି ।
train/img_04203.jpg,ପ୍ରାଚୀନତା ଓ ଇତିହାସ
train/img_04204.jpg,ଓଡ଼ିଶାରେ ପର୍ଯ୍ୟଟନ ସ୍ଥଳୀ ଭାବେ ଚିହ୍ନିତ କରାଯାଇଥିବା ୩୨୦ଟି ସ୍ଥାନ ଭିତରେ ୧୩ଟି ସ୍ଥାନ କୋରାପୁଟ ଜିଲ୍ଲାରେ ଅବସ୍ଥିତ ।
train/img_04205.jpg,ମାଉସୀ ମା’ ମନ୍ଦିର
train/img_04206.jpg,ଅଧୁନା ସାହିତ୍ୟିକ ରଚନାସମୂହରେ ମୁଖ୍ୟତଃ ଓଡ଼ିଆ ବ୍ୟବହାର ହୋଇଛି ।
train/img_04207.jpg,ଶ୍ରୀକ୍ଷେତ୍ରର ସୁପ୍ରସିଦ୍ଧ ଆଶ୍ରମ
train/img_04208.jpg,କାଶୀ ବିଶ୍ୱନାଥ
train/img_04209.jpg,ଏହା ଗଡ଼ଜାତ ରାଜା ଢେ଼ଙ୍କ ଶବରଦ୍ୱାରା ସ୍ଥାପିତ ହୋଇଥିଲା ।
train/img_04210.jpg,"ମହିଳା: ୬୩,୯୨୧ (୭୧ ୦୮ )"
train/img_04211.jpg,ଭବିଷ୍ୟତ କାର୍ଯ୍ୟ ଯୋଜନା
train/img_04212.jpg,ଏଥିରେ ବିଦେଶୀମାନେ ହିଁ ଲାଭବାନ ହେଉଥିଲେ ।
train/img_04213.jpg,ବଡ଼ ଆକାରର ଦାସକାଠିକୁ ରାମତାଳି ନାମରେ ଅଭିହିତ କରାଯାଇଥାଏ ।
train/img_04214.jpg,ଇଂଲିଶ୍ ନାମ ଥିବା ଏହା ପ୍ରଥମ ଓଡ଼ିଆ ଚଳଚ୍ଚିତ୍ର।
train/img_04215.jpg,"ପ୍ରସନ୍ନ ଖେମେଶ୍ୱର ମନ୍ଦିର, ବାସୁଦେବପୁର"
train/img_04216.jpg,ଚେନ୍ନାଇର ପୂର୍ବ ନାମ ମାଡ୍ରାସ ଥିଲା।
train/img_04217.jpg,ଏହି ରାଧାଶ୍ୟାମ ନରେନ୍ଦ୍ରଙ୍କ ପିଉସା ଥିଲେ ବିଦଗ୍ଧ କବି ଅଭିମନ୍ୟୁ ସାମନ୍ତରାୟ ।
train/img_04218.jpg,"ଅନ୍ୟାନ୍ୟ କଳା ବିଭବ ଭାବେ ଲୋକକଳା ପାଲା, ଘୋଡ଼ାନାଚ, ଘଟପାଟୁଆ, ଧୁଡୁକି ଆଦି ଅନେକ ଲୋକପ୍ରିୟତା ଅର୍ଜନ କରିଛି ।"
train/img_04219.jpg,ଟେରାକୋଟା ଏବଂ କୁମ୍ଭାର
train/img_04220.jpg,ଶ୍ରୀକାଞ୍ଚି ଗଣେଶ ମନ୍ଦିର ପାର୍ଶ୍ୱରେ କ୍ଷୀରଚୋରା ଗୋପୀନାଥ ମନ୍ଦିର ଅବସ୍ଥିତ।ଏହି ମନ୍ଦିରରେ କମନୀୟ ରାଧା କୃଷ୍ଣଙ୍କ ମୂର୍ତ୍ତି ପୂଜା ପାଉଛନ୍ତି।ଜୟ ଶ୍ରୀ ରାଧେ ରାଧେ କୃଷ୍ଣ ଗୋପାଳଙ୍କର ଛୋଟ ବିଗ୍ରହ ଏହି ମନ୍ଦିର ନିକଟରେ ଅନ୍ୟ ଏକ ଛୋଟ ମନ୍ଦିର ମଧ୍ୟରେ ଅବସ୍ଥାପିତ ଓ ପୂଜିତ।
train/img_04221.jpg,ଏଠାରେ ଯୋଗେଶ୍ୱର ମହାଦେବ ମନ୍ଦିର ଅବସ୍ଥିତ ।
train/img_04222.jpg,ବିଭିନ୍ନ ଦୃଷ୍ଟିକୋଣରୁ ଆଲୋଚକମାନେ ‘ଝୁମର’କୁ ୩ ଭାଗେ ବିଭକ୍ତ କରିଅଛନ୍ତି ।
train/img_04223.jpg,ସେଥିମଧ୍ୟରୁ ୭ଟି ପରିତ୍ୟକ୍ତ ।
train/img_04224.jpg,ମହାନଦୀ ହେଉଛି ଓଡ଼ିଶାର ବୃହତ୍ତମ ନଦୀ ଏବଂ ଭାରତର ଷଷ୍ଠ ବୃହତ୍ତମ ନଦୀ ଏହାର ପ୍ରକୃତ ଉତ୍ପତ୍ତି ଜଣା ପଡିନାହିଁ କିନ୍ତୁ ଛତିଶଗଡର ଧାମଟାରୀ ଜିଲ୍ଲାର ବସ୍ତର ମାଳଭୂମିର ସିହାୱା ପାହାଡରେ ଦୂରତମ ଜଳରାଶି ମିଳିପାରିବ।
train/img_04225.jpg,କେତେକ ଗବେଷକଙ୍କ ମତରେ ଏହା ପାହୁଣ୍ଡ ଶବ୍ଦର ଅପଭ୍ରଂଶ ।
train/img_04226.jpg,ଧଉଳି ଓଡ଼ିଶାରେ ଥିବା ଏକ ବୌଦ୍ଧ ବିହାର ଓ ସ୍ତୁପ ।
train/img_04227.jpg,ଚିତ୍ରଶିଳ୍ପୀ
train/img_04228.jpg,ଏହି ରଥରେ ୧୨ଟି ଚକ ସଂଯୁକ୍ତ ହୋଇଥାଏ ।
train/img_04229.jpg,ମୁଖ୍ୟ ନଦୀ
train/img_04230.jpg,କନ୍ଦର୍ପଶ୍ରୀ ପାଟରାଣୀ ଧୂସିଙ୍କ ଜ୍ୟେଷ୍ଠ ପୁତ୍ର ଥିଲେ ଏବଂ ସମ୍ରାଟ ଖାରବେଳଙ୍କ ପରେ କଳିଙ୍ଗ ସାମ୍ରାଜ୍ୟର ଉତ୍ତରାଧିକାରୀ ହୋଇଥିଲେ ।
train/img_04231.jpg,ଉକ୍ତଦିନ ଠାକୁରମାନଙ୍କ ବଡ଼ ସିଂହାର ନୀତି ସରିବା ପରେ ଶ୍ରୀମୁଖରେ ଖଣ୍ଡୁଆ ପକାଯାଇ ପୁଷ୍ପାଳକମାନେ ବାହାରକୁ ଆସିଥାନ୍ତି।
train/img_04232.jpg,"କଥିତ ସାହିତ୍ୟ ସାଧାରଣ ଲୋକ ମୁଖରେ ପ୍ରଚଳିତ କଥା, କବିତା ଆଦିକୁ ବୁଝାଏ ।"
train/img_04233.jpg,ଏବେ ଋଷଭନାଥଙ୍କ ମୂର୍ତ୍ତୀକୁ ଭୈରବନାଥ ରୂପେ ସ୍ଥାନୀୟ ଲୋକେ ପୂଜା କରି ଆସୁଛନ୍ତି।
train/img_04234.jpg,ଏତଦ୍ ବ୍ୟତୀତ ସେନାପଟା ଲାଗି ନୀତି ପାଇଁ ମଠ ଶୁକ୍ଳ ସଜ ଯୋଗାଇଥାନ୍ତି।
train/img_04235.jpg,ଭୂଗୋଳ
train/img_04236.jpg,ଲେଖା ଉଦାହରଣ
train/img_04237.jpg,"ଛ ବର୍ଷରୁ କମ: ୨,୦୧,୯୦୧"
train/img_04238.jpg,ସହରର ସର୍ବପୁରାତନ ଶ୍ରୀକୃଷ୍ଣ ଏକାଡେମୀର ଇତିହାସ ମହାନ ।
train/img_04239.jpg,"ଭୁତ, ପ୍ରେତ, ଦେବତା, ଅସୁର, ଅସୁରୁଣୀ, ରଜାପୁଅ, ସାଧବପୁଅ, ପଶୁପକ୍ଷୀ, ଗାଈଆଳ, ଚଷା, ବିଧବା ଏ ସଭିଙ୍କୁ ନେଇ ଅନେକ ପଲ୍ଲୀ ଗୀତ ଓ କଥା ତିଆରି ହୋଇଛି ।"
train/img_04240.jpg,ଦ୍ରୋଣାଚାର୍ୟ ପୁରସ୍କାର ଶ୍ରେଷ୍ଠ କୋଚଙ୍କୁ ଦିଆଯାଇଥାଏ ।
train/img_04241.jpg,ଯେପରି ହୃଦୟର ଆବେଗ-ଉତ୍କଣ୍ଠାକୁ କବି ପ୍ରକାଶ କରିଛନ୍ତି ଝୁମର ଗୀତର ଋତୁ ବର୍ଣ୍ଣନା ପ୍ରସଙ୍ଗରେ ।
train/img_04242.jpg,ରେ ଖୋର୍ଦ୍ଧା ଜିଲ୍ଲା - -
train/img_04243.jpg,"ଶବ୍ଦାର୍ଥ ହର-ଶିବ, ହରପର-କନ୍ଦର୍ପ, ଶର-ତୀର, ଉର-ବକ୍ଷ, ଜରଜର-ଜର୍ଜର, ମରମେର-ମର୍ମର, ମାର-ମାରଣକାରୀ, ସାର-ଶ୍ରେଷ୍ଠ, ଗିରିଧର- ଶ୍ରୀକୃଷ୍ଣ ।"
train/img_04244.jpg,ସେ ବ୍ରାହ୍ମଣଙ୍କୁ ଲୁଟ କରିବାକୁ ପ୍ରଥମେ ଚେଷ୍ଟା କଲେ ମଧ୍ୟ ପରବର୍ତ୍ତୀ ସମୟରେ ତାଙ୍କ ସଂସ୍ପର୍ଶରେ ଆସି ପୁଣ୍ୟାତ୍ମାରେ ପରିଣତ ହୋଇଛି।
train/img_04245.jpg,ମହିଳା: ୮୦ ୮୮
train/img_04246.jpg,ଭୁବନେଶ୍ୱର ନାମଟି ଶିବଙ୍କ ଅନ୍ୟନାମ ତ୍ରିଭୁବନେଶ୍ୱର ନାମରୁ ଆସିଅଛି ।
train/img_04247.jpg,ପ୍ରିୟବ୍ରତଙ୍କର ଦଶପୁତ୍ର ଥିଲେ ।
train/img_04248.jpg,"ପ୍ରଥମେ ପଟଳ ଲମ୍ବ ୮ ଚଉଠ,ରାହା କାଟଣ ଶେଷଠାରୁ ୧୪ ଅଙ୍ଗୁଳ ଉଚ୍ଚ, ୨ୟ ରାହା ମଧ୍ୟ ୧୨ ଅଙ୍ଗୁଳ ଉଚ୍ଚରେ କାଟଣ ହେବ।"
train/img_04249.jpg,"ଏହି ଭାଷା ବର୍ମା , ମାଲେସିଆ , ଫିଜି , ମରିସସ୍ , ବାଂଲାଦେଶ , ଶ୍ରୀଲଙ୍କା ଏବଂ ମଧ୍ୟପ୍ରାଚ୍ୟ ଦେଶଗୁଡ଼ିକରେ ମଧ୍ୟ ପ୍ରସାରିତ ହୋଇଛି ।"
train/img_04250.jpg,ଆଦିଯୁଗରେ ଓଡ଼ିଆ ଭାଷା ଏବେକାର ଓଡ଼ିଆ ଭାଷା ପରି ନଥିଲା ।
train/img_04251.jpg,"ସେହିପରି ଙ ଓ ଣ ବଦଳରେ ନ, ଛ ବଦଳରେ କ୍ଷ, ଖ, ଞ ବଦଳରେ ଛ ବ୍ୟବହାର ହୋଇଥାଏ ।"
train/img_04252.jpg,ନାଟୁଆମାନେ ଅଲଗା ଭାବେ ତିଆରି ଅଳଙ୍କାରରେ ସଜାଇ ହୋଇଥାନ୍ତି ।
train/img_04253.jpg,"ପୁରୁଷ: ୪,୭୧,୯୬୦"
train/img_04254.jpg,ଭାରତକୁ ଆସିବା ପରେ ସେ ଜାହ୍ନବୀ ନିତାଇ ଦାସ ନାମରେ ପରିଚିତ ହୋଇଥିଲେ।
train/img_04255.jpg,ଜାତୀୟ ଭାଷା - ନାହିଁ
train/img_04256.jpg,କୃଷ୍ଣଚନ୍ଦ୍ର ବକ୍ସିପାତ୍ର
train/img_04257.jpg,"ପ୍ରତ୍ନତାତ୍ତ୍ୱିକ ଖନନରୁ ବିଭିନ୍ନ ପ୍ରକାରର ମାଟି ନିର୍ମିତ ପାତ୍ର, ସିଂହଳ ଓ ଚୀନର ମୁଦ୍ରା ଇତ୍ୟାଦି ଆବିଷ୍କାର ହୋଇଛି ।"
train/img_04258.jpg,ଭୀମ ଭୋଇଙ୍କଦ୍ୱାରା ରଚିତ ଭଜନମାଳା ଓଡ଼ିଶା ଓ ଓଡ଼ିଶା ବାହାରେ ମହିମା ଧର୍ମର ପ୍ରସାର ପାଇଁ ସହାୟକ ହୋଇଥିଲା ।
train/img_04259.jpg,"ଉପକୂଳବର୍ତ୍ତୀ ଅଞ୍ଚଳ ଏବଂ ମହାନଦୀ, ବ୍ରାହ୍ମଣୀଓ ବୈତରଣୀ ନଦୀ ପ୍ରଭୃତିର ମୁହାଣରେ ଉର୍ବର ପଟୁମୃତ୍ତିକା ଯୁକ୍ତ ସମତଳ ଭୂମି ଦେଖାଯାଏ ।"
train/img_04260.jpg,କେନ୍ଦ୍ରାପଡ଼ା ଜିଲ୍ଲା ସଦର ମହକୁମା ରାଜ୍ୟ ରାଜଧାନୀଠାରୁ ୮୫ କି ମି ଦୁରରେ ଅବସ୍ଥିତ ।
train/img_04261.jpg,ମର୍ଦ୍ଦଗାଜି ବିଭା ପାଲା: ଗଜେନ୍ଦ୍ର ନାମକ ରାଜାଙ୍କର ଏକ ମାତ୍ର ପୁତ୍ର ମର୍ଦ୍ଦଗାଜିର ବିଦେଶ ଗମନ ଓ ବିବାହ
train/img_04262.jpg,"ଦଶହରା, ବିଶ୍ୱକର୍ମା ପୂଜା, ଗଣେଶ ପୂଜା, ସୋମନାଥ ପୀଠରେ ମକର ସଂକ୍ରାନ୍ତି, ଶ୍ରୀରାମ ନବମୀ, ରଥଯାତ୍ରା, ଦୋଳଯାତ୍ର, ଝୁଲଣ ଯାତ୍ରା, ରଜ, ହୋଲି, ଚନ୍ଦନ ଯାତ୍ରା ଆଦି ପାରମ୍ପରିକ ଉତ୍ସବ ଏଠାରେ ଅନୁଷ୍ଠିତ ହୁଏ ।"
train/img_04263.jpg,"କେତେଜଣ ପ୍ରମୁଖ ଦଣ୍ଡସୁଆଙ୍ଗ ଲେଖକଙ୍କ ଭିତରେ ରଙ୍ଗୁଣି ବନ୍ଧ ସାହିର ସନ୍ନ୍ୟାସୀ ନାୟକ, ମୁଣ୍ଡମରେଇର ଦଣ୍ଡପାଣି ଜେନା ଓ ବାସୁଦେବପୁରର ଅନ୍ତର୍ଯ୍ୟାମୀ ଦାସ ଅନ୍ୟତମ।"
train/img_04264.jpg,୧୬୮୭ରେ ଇଷ୍ଟ ଇଣ୍ଡିଆ କମ୍ପାନୀ ନିଜ ମୁଖ୍ୟାଳୟ ସୁରାଟରୁ ମୁମ୍ବାଇ ସ୍ଥାନାନ୍ତରିତ କରିଲାପରେ ନଗର ବମ୍ବେ ପ୍ରେସିଡେନ୍ସିର ମୁଖ୍ୟାଳୟ ହେଇଗଲା।
train/img_04265.jpg,ଏ ଜାତିର 'ବିଶ୍ୱାସ' ଟିକକ ହସ୍ତାନ୍ତର ହୋଇ ନଯାଉ କି ମନୋବଳ ଭାଙ୍ଗି ଚୁରମାର ହୋଇ ନଯାଉ ।
train/img_04266.jpg,ଦକ୍ଷିଣରେ: ଆନ୍ଧ୍ର ପ୍ରଦେଶ
train/img_04267.jpg,ଏକେତ ଅବଲାବାଲା ଦୋସରେ ଯୌବନ ଜ୍ୱାଲା
train/img_04268.jpg,"ସଖା କି କହିବି ତୋରେ,"
train/img_04269.jpg,କ୍ରୀଡ଼ା
train/img_04270.jpg,"୨୦୧୧ ଜନଗଣନାରେ ଭାରତରେ ୨ ୬୩ ନିୟୁତ ଲୋକ ନିଜର ଭାଷା ସମ୍ବଲପୁରୀ ବୋଲି ଘୋଷଣା କରିଥିଲେ, ପ୍ରାୟ ସମସ୍ତେ ଓଡ଼ିଶାର ବାସିନ୍ଦା ଥିଲେ।"
train/img_04271.jpg,"ଏହି ବିଗ୍ରହ ଚତୁର୍ଭୁଜ ବିଶିଷ୍ଟ ଓ ୫ ଫୁଟ୍ ଉଚ୍ଚତା ବିଶିଷ୍ଟ ।ଏହାର ଗଠନ ଅତ୍ୟନ୍ତ କମନୀୟ ଓ ଆକର୍ଷଣୀୟ ।ଡାହାଣ ପଟ ଉପର ହସ୍ତରେ ଅର୍ଦ୍ଧ ଭଗ୍ନ ଦାନ୍ତ, ତଳ ହସ୍ତରେ ରୁଦ୍ରାକ୍ଷ ମାଳା, ବାମ ପଟ ଉପର ହସ୍ତରେ ଫାର୍ଶା ଓ ତଳ ହସ୍ତଟି ତଳ ଦେଶରେ।ଗଳାରେ ପରତା ଓ ସର୍ପ ରହିଛି।ମନ୍ଦିରଟି ବେଢ଼ା ପତ୍ତନଠାରୁ ୨୨ଫୁଟ୍ ଉଚ୍ଚତା ବିଶିଷ୍ଟ ।"
train/img_04272.jpg,ସେ ଯାହା ହେଉନା କାହିଁକି ଆଜି ଝୁମର କୌଣସି ନିର୍ଦ୍ଦିଷ୍ଟ ସଂପ୍ରଦାୟ ମଧ୍ୟରେ ଆବଦ୍ଧ ନ ହୋଇ ସର୍ବଭାରତୀୟ ସ୍ତରରେ ନିଜର ସ୍ୱତନ୍ତ୍ର ସ୍ଥାନ ସଂରକ୍ଷିତ କରିପାରିଛି ।
train/img_04273.jpg,"ଏମାନଙ୍କ ମଧ୍ୟରେ କଳସା ଚଉତିଶା, କୋଇଲି ଚଉତିଶା ଆଦି ପ୍ରଧାନ ।"
train/img_04274.jpg,ନା ଆସେ ରାଖାଲ ରାଜ ବାଜାୟେ ବାଂଶୁରୀ ।
train/img_04275.jpg,ସିଦ୍ଧମଠ ମନ୍ଦିର
train/img_04276.jpg,କାଶୀ ବିଶ୍ୱନାଥ
train/img_04277.jpg,ଏହି ସଂଗ୍ରହାଳୟ ଓଡ଼ିଶାର ଆଇନ ବ୍ୟବସ୍ଥାର ବିବର୍ତ୍ତନକୁ ପ୍ରଦର୍ଶିତ କରେ ।
train/img_04278.jpg,ଏହାକୁ ପଞ୍ଚତୀର୍ଥ କୁହାଯାଏ ।
train/img_04279.jpg,ବିଗତ ବର୍ଷରେ ଦକ୍ଷିଣ ଓଡ଼ିଶାର ସଖୀ ନାଚଦ୍ୱାରା ଏହା ବିଶେଷ ପ୍ରଭାବିତ ହୋଇଛି ଯେଉଁଥିରେ ପୁଅମାନେ ଦେବଦାସୀଙ୍କ ପରି ବେଶପୋଷାକ ପିନ୍ଧି ନାଟ ପ୍ରଦର୍ଶନ କରିଥାନ୍ତି ।
train/img_04280.jpg,ସାମୁଦ୍ରିକ ବ୍ୟବସାୟରେ ଅନେକ ଜୀବନ ଓ ଧନହାନିର ଆଶଙ୍କା ଲାଗିରହିଥାଏ ।
train/img_04281.jpg,ଶ୍ରୀମନ୍ଦିର ସ୍ୱତ୍ତ୍ୱଲିପିର ଉଲ୍ଲେଖ ପ୍ରକାରେ ଅଣସର ସମୟରେ ଏହି ମଠ ମଇଲମ ଓ ଚକଡା଼ ଭୋଗ ଯୋଗାଇଥାନ୍ତି।
train/img_04282.jpg,କାନିକା
train/img_04283.jpg,ଏଠାକୁ ମୋଗଲମାନେ ୧୫୬୮ରେ ଆସିଥିଲେ ଓ ସେମାନଙ୍କ ଅଧିନରେ ଏହା ୧୭୫୦-୫୧ ଯାଏଁ ଥିଲା ।
train/img_04284.jpg,"ଧର୍ମ ଦେବତାଙ୍କ ନିମନ୍ତେ ପ୍ରାରମ୍ଭରେ ଏହି ମନ୍ଦିର ନିର୍ମାଣ ହୋଇଥିଲା।ଏହି ମନ୍ଦିରରେ ବୈବାହିକ ନିର୍ବନ୍ଧ କାର୍ଯ୍ୟ କରାଯାଇଥାଏ।ଏହି ମନ୍ଦିର ଇନ୍ଦ୍ର ମନ୍ଦିର ନାମରେ ମଧ୍ୟ ସୁପରିଚିତ ଥିଲା।ମାଦଳା ପାଞ୍ଜିରୁ ଜଣାଯାଏ ଯେ, ଭୋଇ ବଂଶର ରାଜା ନରସିଂହ ଦେବ ୧୬୨୨-୧୬୪୪ ଖ୍ରୀଷ୍ଟାବ୍ଦ ମଧ୍ୟରେ କୋଣାର୍କରୁ ସୂର୍ଯ୍ୟ ଚନ୍ଦ୍ରଙ୍କୁ ଆଣି ଏଠାରେ ସ୍ଥାପନା କରିଥିଲେ।୧୬୨୮ ମସିହା ମାର୍ଚ୍ଚ ୧୭ ତାରିଖରେ ଗଜପତି ନରସିଂହ ଦେବ କୋଣାର୍କ ମନ୍ଦିରରୁ ଆଣି ଇନ୍ଦ୍ରଙ୍କ ମନ୍ଦିରରେ ସ୍ଥାପନା କରିଥିଲେ ବୋଲି ଜଣା ପଡିଛି।ଏହି ମନ୍ଦିରଟି ୩ ଭାଗରେ ବିଭକ୍ତ ଯଥା:- ୧) ବିମାନ, ୨) ଜଗମୋହନ, ୩) ନାଟ ମନ୍ଦିର।ଏହି ମନ୍ଦିର ୬୩ ଫୁଟ୍ ଉଚ୍ଚତା ବିଶିଷ୍ଟ ।ଶ୍ରୀମନ୍ଦିର ପରେ ଏହି ମନ୍ଦିରଟି ଅନ୍ୟ ମନ୍ଦିରମାନଙ୍କ ଅପେକ୍ଷାରେ ବଡ଼।ଇନ୍ଦ୍ରଙ୍କ ଅର୍ଦ୍ଧ ଭଗ୍ନ ବିଗ୍ରହ ସୂର୍ଯ୍ୟ ନାରାୟଣଙ୍କ ମଣି ବିଗ୍ରହର ଠିକ୍ ପଛ ପାର୍ଶ୍ୱରେ ଥିବା ଜଣାଯାଏ।ଜଗମୋହନର ମଧ୍ୟ ଭାଗରେ ଏକ ରଥାକୃତି କାଷ୍ଠ ସିଂହାସନରେ ଧାତୁ ନିର୍ମିତ ସୂର୍ଯ୍ୟ ପ୍ରତିମାଙ୍କ ଚଳନ୍ତି ବିଗ୍ରହ ଓ ବାମ ଭାଗରେ ଛାୟା ବିଗ୍ରହ ବା ଉତ୍ତରାୟଣ ବା ଚନ୍ଦ୍ର ବିଗ୍ରହ ବୋଲି କୁହାଯାଏ।ଏଠାରେ ଥିବା ""ଜ୍ୱର ଦେବତା""ଙ୍କ ମଣି ବିଗ୍ରହ ତିନି ମୁଣ୍ଡ, ପାଞ୍ଚ ହାତ ବିଶିଷ୍ଟ ।ରଥ ଉପରେ ""ପଦ୍ମ ମାଧବ"" ବିଗ୍ରହ ରଥାସୀନ ହୋଇଛନ୍ତି।"
train/img_04285.jpg,ଚାଉଳ ତିଆରି
train/img_04286.jpg,ସାକ୍ଷରତା ହାର: ୮୪ ୨୦
train/img_04287.jpg,"ପୌରାଣିକ ଓଡ଼ିଶା - ମହାଭାରତ ଅନୁସାରେ, କଳିଙ୍ଗ କୌରବଙ୍କ ପକ୍ଷରୁ ଯୁଦ୍ଧ ଲଢ଼ିଥିଲା ।"
train/img_04288.jpg,"୨୦ହଜାର ବର୍ଷ ତଳେ କଳାହାଣ୍ଡିର ଗୁଡହାଣ୍ଡିରୁ ମିଳିଥିବା ଚିତ୍ର, ନୂଆପଡାର ଯୋଗୀମଠରୁ ୧୦ହଜାର ବର୍ଷ ତଳର ମିଳିଥିବା ଚିତ୍ରଲିପି ଓ ଝାରୁସୁଗୁଡାର ବିକ୍ରମଖୋଲରୁ ମିଳିଥିବା ୩୫୦୦ବର୍ଷ ତଳ ଗୁମ୍ଫାଲିପି ହେଉଛି ଓଡ଼ିଆଭାଷାର ମୂଳ ଆଧାର।"
train/img_04289.jpg,ଓଡ଼ିଶାର ଜିଲ୍ଲାମାନଙ୍କରେ ଜଣାଶୁଣା ଖାଦ୍ୟ
train/img_04290.jpg,ଖ୍ରୀ ୧୪୯୭ରୁ ୧୫୪୧ ମଧ୍ୟରେ ପ୍ରତାପରୁଦ୍ରଦେବଙ୍କ ଶାସନ କାଳରେ ହୁଗୁଳି ଓ ମେଦିନୀପୁର ଅଞ୍ଚଳରୁ ଆନ୍ଧ୍ରପ୍ରଦେଶର ଗୁଣ୍ଟୁର୍ ଅଞ୍ଚଳ ପର୍ଯ୍ୟନ୍ତ ବ୍ୟାପ୍ତ ଥିଲା ।
train/img_04291.jpg,ଶ୍ରୀ ଜଗନ୍ନାଥଙ୍କ ପରମ ଭକ୍ତ ସାଲବେଗଙ୍କ ଭକ୍ତି ରଚନା ମଧ୍ୟ ଅଗ୍ରଗଣ୍ୟ ।
train/img_04292.jpg,"ସୁବର୍ଣ୍ଣରେଖା ଏକ ବର୍ଷାଜଳ ନଦୀ ଯାହାକି ାଡଖଣ୍ଡର ଛଟନଗପୁର ମାଳଭୂମିରେ ନାଗ୍ରି ଗ୍ରାମ ନିକଟରେ ଉତ୍ପନ୍ନ ଏଥିରେ ଭାରତ ମଧ୍ୟରେ ପ୍ରମୁଖ ନଦୀଗୁଡ଼ିକର କ୍ଷୁଦ୍ରତମ ନଦୀ ଅବବାହିକା ଅଛି ଏହା ାଡଖଣ୍ଡର ପ୍ରମୁଖ ସହର ଦେଇ ପ୍ରବାହିତ ହୁଏ ଏବଂ ତା’ପରେ ଓଡ଼ିଶାରେ ପ୍ରବେଶ କରେ ଏହା କିଲୋମିଟର (ଓଡ଼ିଶାରେ କିଲୋମିଟର) ଏବଂ ଏହାର , କିଲୋମିଟର (ଓଡ଼ିଶାରେ , କିଲୋମିଟର)ର ବାର୍ଷିକ ହାରାହାରି , ମିଲିୟନ ପ୍ରବାହିତ ହେଉଛି ଏହା ଶେଷରେ ଓଡ଼ିଶାର କିର୍ତ୍ତାନିଆ ବନ୍ଦରରେ ବଙ୍ଗୋପସାଗରରେ ଯୋଗ ଦେଇଥାଏ"
train/img_04293.jpg,"ତହସିଲ- ୧୩ଟି; ଆନନ୍ଦପୁର, ବାଂଶପାଳ, ବଡ଼ବିଲ, ଚମ୍ପୁଆ, ଝୁମ୍ପୁରା, କେନ୍ଦୁଝର, ଘଟଗାଁ, ଘସିପୁରା, ହାଟଡିହି, ପାଟଣା, ହରିଚନ୍ଦନପୁର, ସାହାରପଡା ଏବଂ ତେଲକୋଇ"
train/img_04294.jpg,ଦୀର୍ଘ ୧୯ ବର୍ଷ ପରେ ସାନ୍ତାଳୀ ଭାଷାର ନେତୃତ୍ୱ ମଣ୍ଡଳୀ
train/img_04295.jpg,ଗାଁ ଗହଳିରେ ଅତି ସାଧାରଣ ସ୍ତରରେ ଶରୀର ଭେଦ ବା ବ୍ରହ୍ମଜ୍ଞାନମୂଳକ ଚଉତିଶାଗୁଡ଼ିକ ଭଜନ ମାଧ୍ୟମରେ ଗୀତ ଓ ଆଲୋଚିତ ହୋଇଥାଏ ।
train/img_04296.jpg,"୧୮୯୩ ମସିହାରେ ,ସର୍ବ ପ୍ରଥମେ କେନ୍ଦ୍ରାପଡ଼ାରେ ଏକ ସର୍ବସାଧାରଣ ପାଠାଗାର ସ୍ଥାପିତ ହୋଇଥିଲା,ଏହାର ନାମ ତତ୍କାଳୀନ ଥିଲା ‘ନରେନ୍ଦ୍ର ପାଠାଗାର’ ମାତ୍ର ମହାରାଣୀ ଭିକ୍ଟୋରିଆଙ୍କ ଜନ୍ମ ଜୟନ୍ତୀରେଏହାର ନାମ ‘ଡାଏମଣ୍ଡଯୁବଲୀ ଲାଇବ୍ରେରୀ’ ହୋଇଥିଲା ।"
train/img_04297.jpg,କିନ୍ତୁ ସଂଯୁକ୍ତ ମହାରାଷ୍ଟ୍ର ସମିତିର ଆନ୍ଦୋଳନଦ୍ୱାରା ଏହାର ବିରୋଧ କରାଗଲା ଓ ମୁମ୍ବାଇକୁ ମହାରାଷ୍ଟ୍ରର ରାଜଧାନୀ କରିବାକୁ ଦାବି କରାଗଲା।
train/img_04298.jpg,"ଜନସଂଖ୍ୟା, ଶାରୀରିକ, ସାମାଜିକ ତଥା ରିଅଲ୍ ଇଷ୍ଟେଟ୍ ଭିତ୍ତିଭୂମି, ଅର୍ଥନୈତିକ କାର୍ଯ୍ୟକଳାପର ସାମ୍ପ୍ରତିକ ସ୍ତର ଏବଂ ପରିସର ତଥା ସରକାରୀ ସହାୟତା ପରି କୁଶମାନ ଏବଂ ୱାକଫିଲ୍ଡ ଇଣ୍ଡିଆ ଦ୍ବାରା ଏହା ଭାରତର ଶ୍ରେଷ୍ଠ ଦଶଟି ଉଦୀୟମାନ ସହର ମଧ୍ୟରେ ତାଲିକାଭୁକ୍ତ ହୋଇଛି।"
train/img_04299.jpg,ଚରମ୍ପା ଅନ୍ତର୍ଗତ ରହଣିଆର ବଡ଼ ପୋଖରୀ ଚାରି ପାଖରେ ଚବିଶ ତୀର୍ଥଙ୍କରଙ୍କ ମୂର୍ତ୍ତି ସ୍ଥାପିତ ହୋଇଥିଲା।
train/img_04300.jpg,"ପ୍ରମୁଖ ସ୍ୱାଧୀନତା ସଂଗ୍ରାମୀମାନେ ହେଲେ- ହରେକୃଷ୍ଣ ମହତାବ, ମହମ୍ମଦ ହନିଫ୍, ନୀଳମଣି ରାଉତରାୟ, ଗୋକୁଳାନ୍ଦ ମହାନ୍ତି, ଚକ୍ରଧର ବେହେରା, ଭାଗବତ ସାହୁ, ମୂରଲୀଧର ଜେନା, ରାମଚନ୍ଦ୍ର ବେହୁରା, ହୃଦାନନ୍ଦ ମଲ୍ଲିକ, କମଳାକାନ୍ତ କର, ଗୌରଚନ୍ଦ୍ର ମହାପାତ୍ର, ଗୌରାଙ୍ଗ ଚରଣ ମହାନ୍ତି, ମୁନସୀ ଅବଦୁଲ ଗନି।"
train/img_04301.jpg,ଆମେରିକୀୟ ସଙ୍ଘୀୟ ବ୍ୟବସ୍ଥା ଏହାର ନାଗରିକମାନଙ୍କୁ ଯେ କୌଣସି ଧର୍ମରେ ବିଶ୍ୱାସ କରିବା ଓ ନିଜ ଇଚ୍ଛା ଅନୁସାରେ ଧର୍ମ ପରିବର୍ତ୍ତନ କରିବାକୁ ସ୍ୱାଧୀନତା ଦେଇଥାଏ।
train/img_04302.jpg,ସମ୍ପ୍ରତି ପରିବହନ ମାର୍ଗର ସୁବିଧା ଦୃଷ୍ଟିରୁ ଟ୍ରକ ଯୋଗେ ଏହି କାଠ ଆସି ପୁରୀ ବଡ଼ଦାଣ୍ଡ ତଥା ରଥଖଳାଠାରେ ରଖାଯାଉଛି।
train/img_04303.jpg,ରାମାନୁଜନ ବିଖ୍ୟାତ ଗଣିତଜ୍ଞ ୩୫୪୨ଟି ଉପପାଦ୍ୟର ରଚନା ଓ ପ୍ରମାଣ
train/img_04304.jpg,ଏହି ନୃତ୍ୟଗୁଡ଼ିକ ଭିତରେ କେତୋଟି ମୁଖ୍ୟ ନୃତ୍ୟ ହେଲେ :
train/img_04305.jpg,"୨୦୧୧ ମସିହା ଅନୁସାରେ ଏହି ନଗରୀର ଜନସଂଖ୍ୟା ୩,୫୫,୮୨୩ ଥିଲା ।"
train/img_04306.jpg,ବାରକୋଟ
train/img_04307.jpg,ଟେରାକୋଟା ଏବଂ କୁମ୍ଭାର
train/img_04308.jpg,"ଯଦିଓ କେବେ ଓ କିପରି ଏହି ନାଟ ଜନ୍ମ ନେଇଥିଲା ତାହା ଜଣା ନାହିଁ, ତେବେ ୧୫ଶ ଶତକର ଆଗରୁ ଏହାର ଆରମ୍ଭ ବାବଦରେ କିଛି ପ୍ରମାଣ ମିଳେନାହିଁ ।"
train/img_04309.jpg,ରାମେଶ୍ୱର ମନ୍ଦିର ଏହି ମନ୍ଦିର ମଧ୍ୟ ସୋନପୁରଠାରେ ଅବସ୍ଥିତ ।
train/img_04310.jpg,"(କ) ଗ୍ରୀଷ୍ମ ଋତୁ - ନିଦ୍ରାଯେମଦନରାଜ, ଧରିକୁସୁମ ନାରାଚ"
train/img_04311.jpg,ବଣ୍ଡା ଅଧିବାସୀ
train/img_04312.jpg,ଲାଲା କିଶୋର ରାଜଙ୍କ ନାମ ଅନୁସାରେ ବାରବାଟି ଓ ଲାଲା ବଜାର ହୋଇଥିଲା ।
train/img_04313.jpg,ରୋହିଣୀ କୁଣ୍ଡ
train/img_04314.jpg,ଏଠାରେ ବାର୍ଷିକ ହାରାହାରି ବୃଷ୍ଟିପାତ ୧୩୫୪ ୦ / ହୋଇଥାଏ ।
train/img_04315.jpg,ସେହିପରି ବାହୁଡା଼ ଦିନ ଶ୍ରୀଗୁଣ୍ଡିଚା ମନ୍ଦିରର ନାକଚଣା ଦ୍ୱାରଠାରେ ମଠ ପକ୍ଷରୁ ୪ଟି ପନ୍ତି ଭୋଗ ହୋଇଥାଏ।
train/img_04316.jpg,ବନାରସୀ ଚୁଡ଼ି ହାତେ ପିନ୍ଧାଇଲି
train/img_04317.jpg,"ଢେଙ୍କାନାଳ ଜିଲ୍ଲା ଏହାର ସ୍ଵତନ୍ତ୍ର ସଂସ୍କୃତି, ପରମ୍ପରା ପାଇଁ ମଧ୍ୟ ଓଡ଼ିଶା ରେ ଆଦୃତି ଲାଭ କରିଛି।"
train/img_04318.jpg,ଏହି ଚକଡାକୁ ୯ ଭାଗ କରି ୧୦ ଧାରଣା ପକାଯାଏ।
train/img_04319.jpg,"ଆମ ଓଡ଼ିଶାରେ ସାତ ପ୍ରକାର କୀର୍ତ୍ତନ ପରିଲକ୍ଷିତ ହୋଇଥାଏ ଯଥା ଓଡ଼ିଶୀ, ଦକ୍ଷିଣୀ, ପୁରୀ, ବିଷ୍ଣୁ, ଉତ୍କଳୀ, ରାଣୀଘାଟି ଓ ରାଢ଼େନ ।"
train/img_04320.jpg,କଟକ ଡିଭିଜନଟି ଦାଉଦଙ୍କ ଅକ୍ତିଆରରେ ଥିଲାବେଳେ ଭଦ୍ରକ ଓ ବାଲେଶ୍ୱର ଡିଭିଜନ ମୋଗଲଙ୍କ ଅଧୀନରେ ଥିଲା।
train/img_04321.jpg,: : (୬୨ )
train/img_04322.jpg,ତା’ ପରବର୍ତ୍ତୀ ସମୟର ଇତିହାସ ପ୍ରମାଣ ଅଭାବରୁ ଅଧିକ ସ୍ପଷ୍ଟ ନୁହଁ ।
train/img_04323.jpg,"ଛ ବର୍ଷରୁ କମ: ୨,୧୪,୧୧୧"
train/img_04324.jpg,"ତେଲୁଗୁ ଦକ୍ଷିଣ ଭାରତର ବିଭିନ୍ନ ରାଜବଂଶ ଯଥା କାକଟିଆ, ବିଜୟନଗର ସାମ୍ରାଜ୍ୟ, ପୂର୍ବ ଚାଲୁକ୍ୟ, ପୂର୍ବ ଗଙ୍ଗା, କୁତୁବ ସାହି, ମଦୁରାଇ ନାୟକ, ତଞ୍ଜାଭୁର ନାୟକମାନଙ୍କର ଅଦାଲତଭାଷା ଥିଲା ।"
train/img_04325.jpg,ମୁଖ୍ୟନଦୀ
train/img_04326.jpg,ଏମାନଙ୍କ ଦୃଷ୍ଟି ଶକ୍ତି କମ୍ କିନ୍ତୁ ଶ୍ରବଣ ଓ ଘ୍ରାଣ ଶକ୍ତି ପ୍ରଖର।
train/img_04327.jpg,ଗୋବର୍ଦ୍ଧନ ମଠ
train/img_04328.jpg,ଏହା ପରେ ଆରମ୍ଭ ହୋଇଥିଲା ଚତୁର୍ଦ୍ଧାବିଗ୍ରହଙ୍କ ରଥଯାତ୍ରା ।
train/img_04329.jpg,"ନୁଆ ବଜାର, ମୋତିଗଞ୍ଜ, ବିବେକାନନ୍ଦ ମାର୍ଗ, ଫକିରମୋହନ ଗୋଲେଇ, ଷ୍ଟେସନ ଛକ, ଆଇଟିଆଇ ଛକ, କଚେରୀ ବଜାର, ନୁଆସାହି ଆଦି ଏଠାକାର ବେପାର ବାଣିଜ୍ୟର ମୁଳ ।"
train/img_04330.jpg,ଏହା ସେହି ସମୟର ସାମୁଦ୍ରିକ ବାଣିଜ୍ୟରେ କଳିଙ୍ଗର ଏକଛତ୍ର ପ୍ରଭାବର ସୂଚନା ଦିଏ ।
train/img_04331.jpg,"ଏହା ବ୍ୟତୀତ ବେହରଣ ଦ୍ୱାର, ସାତପାହାଚ ଦ୍ୱାର, ଧୁକୁଡି ଦ୍ୱାର, ପଣ୍ଡା ଦ୍ୱାର, ମୁଦୁଲି ଦ୍ୱାର ଓ ଘଣ୍ଟାଦ୍ୱାର ଆଦି ଅଛି ।"
train/img_04332.jpg,ଏହି ରାଧାଶ୍ୟାମ ନରେନ୍ଦ୍ରଙ୍କ ପିଉସା ଥିଲେ ବିଦଗ୍ଧ କବି ଅଭିମନ୍ୟୁ ସାମନ୍ତରାୟ ।
train/img_04333.jpg,ପାଣି ଦଣ୍ଡ
train/img_04334.jpg,ଅଦ୍ୟାବତ୍ ସେହି ବିଗ୍ରହମାନେ ସେହି ମନ୍ଦିରରେ ଯଥାବିଧି ପୂଜିତ ହେଉ ଅଛନ୍ତି।
train/img_04335.jpg,ସେତେବେଳେ ଠାକୁରମାନଙ୍କ ପହଣ୍ଡି ଦଇତାମାନଙ୍କଦ୍ୱାରା ହେଉଥିଲା।
train/img_04336.jpg,"ମସଲା : ପିଆଜ, ରସୁଣ, ଲଙ୍କାଗୁଣ୍ଡ, ଗରମ ମସଲା, କଳାଜିରା, କାଜୁ, ଗୁଜୁରାତି ନିଷିଦ୍ଧ ।"
train/img_04337.jpg,ବଟକୃଷ୍ଣ
train/img_04338.jpg,୧୦୭୮-୧୧୫୦ ଖ୍ରୀ - ଚୋଡ଼ଗଙ୍ଗ ଦେବଙ୍କ ରାଜୁତି ।
train/img_04339.jpg,ଶୁକ୍ଳ ଦ୍ୱିତୀୟା ଦିନ ଇନ୍ଦ୍ରଦ୍ୟୁମ୍ନ ସରୋବରରେ ସ୍ନାନକରି ନୃସିଂହଙ୍କଠାରେ ସଂକଳ୍ପ ବ୍ରତ ଆରମ୍ଭ କଲେ ମହାପୂଣ୍ୟ ହୋଇଥାଏ।
train/img_04340.jpg,ଗଠନ ଶୈଳୀ
train/img_04341.jpg,ନବଯୌବନ ଦର୍ଶନ ଦିନ ଅଣସର ତାଟି ଖୋଲିବା ପରେ ମଠର କର୍ମଚାରୀମାନେ ଉକ୍ତ ତାଟିକୁ ପ୍ରାପ୍ୟ ସ୍ୱରୂପ ମଠକୁ ଆଣିଥାନ୍ତି।
train/img_04342.jpg,"ଏହା ନିକଟରେ ଥିବା ""କାଇମା ପାହାଡ଼""ରେ ଚାରୋଟି ଖୋଣ୍ଡାଲାଇଟ ( ) ନିର୍ମିତ ଅଖଣ୍ଡ ଖମ୍ବଦେଇ ବେଢ଼ା ହାତୀର ପଥର ଖୋଦା ମୂର୍ତ୍ତୀ ରହିଛି, ଯାହା ମୌର୍ଯ୍ୟ ଶାସନ କାଳ ଖ୍ରୀ ପୂ ୨ରେ ତିଆରି କରାଯାଇଥିଲା ।"
train/img_04343.jpg,"ସ୍ନାନ ପୂର୍ଣ୍ଣିମା: ଜ୍ୟେଷ୍ଠ ଶୁକ୍ଳ ପୂର୍ଣ୍ଣିମା: ଶ୍ରୀଜଗନ୍ନାଥଙ୍କ ଜନ୍ମଦିନ, ଗଜ ବେଶ"
train/img_04344.jpg,କେନ୍ଦ୍ର କ୍ୟାବିନେଟ୍ ଫେବୃଆରୀ ୨୦ ତାରିଖରେ ଓଡ଼ିଆ ଭାଷାକୁ ଶାସ୍ତ୍ରୀୟ ମାନ୍ୟତା ପ୍ରଦାନପାଇଁ ଚୂଡ଼ାନ୍ତ ନିଷ୍ପତ୍ତି ନେଲେ ।
train/img_04345.jpg,ଏହା ଅନୁସାରେ ସରକାରୀ ସ୍ତରରେ ସମସ୍ତ କାର୍ଯ୍ୟ ଓଡ଼ିଆରେ ହେବାପାଇଁ ସ୍ଥିରୀକୃତ ହୋଇଥିଲା ।
train/img_04346.jpg,ଶ୍ରୀମନ୍ଦିରର ଐଶାନ୍ୟ କୋଣରେ ବେଢାର ପତନଠାରୁ ୨୫ ଫୁଟ୍ ତଳେ ଈଶାନେଶ୍ୱର ପ୍ରଭୁଙ୍କ ମନ୍ଦିର ରହିଛି ।
train/img_04347.jpg,ବେଶ ପରିପାଟୀ
train/img_04348.jpg,୨୦୦୭ ମସିହାର ଗଣନା ଅନୁସାରେ ଏହା ସ୍ଥାନୀୟ ଭାଷାଭାଷୀଙ୍କ ସଂଖ୍ୟା ଭିତ୍ତିରେ ବିଶ୍ୱର ୨୬ ତମ ସର୍ବାଧିକ କଥିତ ଭାଷା ।
train/img_04349.jpg,ସରଦାର ବଲ୍ଲଭଭାଇ ପଟେଲ ଶିଶୁରୋଗ ସ୍ନାତକୋତ୍ତର ସଂସ୍ଥାନ (ଶିଶୁଭବନ)
train/img_04350.jpg,ସବୁଠାରୁ ଅଧିକ ଓଡ଼ିଆ ଭାଷାଭାଷୀ ଲୋକ ଏଠାରେ ବାସ କରନ୍ତି ଓ ଓଡ଼ିଆ ଭାଷା ଏହି ରାଜ୍ୟର ମୁଖ୍ୟ ଭାଷା ରୂପେ ପରିଚିତ ଏବଂ ଏହି ରାଜ୍ୟର ୮୨ ପ୍ରତିଶତ ଲୋକ ଓଡ଼ିଆ ଭାଷାକୁ ନିଜର ମାତୃଭାଷା ରୂପେ ବ୍ୟବହାର କରନ୍ତି ।
train/img_04351.jpg,"ଲୋକସଂଖ୍ୟା: ୧,୩୪୫,୬୦୧"
train/img_04352.jpg,ଏହା ମୌର୍ଯ୍ୟଯୁଗୀୟ ହୋଇଥିଲେ ହେଁ ଏଥିରେ କଳିଙ୍ଗ ପ୍ରସ୍ତର କଳା ରହିଛି ।
train/img_04353.jpg,ପଞ୍ଚତୀର୍ଥର ଘାଟ ନିଲାମ ହୋଇ ମିଳୁଥିବା ଆୟ ଶ୍ରୀମନ୍ଦିରକୁ ଯାଏ ।
train/img_04354.jpg,ହିଲିଡ଼ଲି ନୌକାଇଁ ପାନି ସାମଇରେ ।
train/img_04355.jpg,ଏହା ହେଉଛି ମୋଗଲ ଶାସନ କାଳର ସାମାଜିକ ଅବସ୍ଥାର ନିଛକ ଚିତ୍ରଣ।
train/img_04356.jpg,ଗୁଣ୍ଡିଚା ଘରକୁ ଠାକୁରମାନଙ୍କ ଆଡ଼ପ ବିଜେ ସମୟରେ ଓ ବାହୁଡା଼ ଯାତ୍ରା ଦିନ ଉକ୍ତ ମଠ ତରଫରୁ ପନ୍ତି ଭୋଗ ହୋଇଥାଏ।
train/img_04357.jpg,"ଗୋପାଳ ଛୋଟରାୟଙ୍କ ଅନେକ ନାଟକ, ଚୌଧୁରୀ ହେମକାନ୍ତ ମିଶ୍ରଙ୍କ ରମ୍ୟ ରଚନା ବ୍ୟଙ୍ଗ ସାହିତ୍ୟରେ ଅନେକ ନୂଆ ଫରଦ ଯୋଡ଼ିଛନ୍ତି ।"
train/img_04358.jpg,"ଓଡ଼ିଶାର ମଧ୍ୟଯୁଗୀୟ ପୁରାକୀର୍ତ୍ତିଗୁଡ଼ିକ ମଧ୍ୟରୁ କଟକର ଦେୱାନ ବଜାର ମସଜିଦ, ବାଲୁବଜାର ମସଜିଦ, କଦମ ରସୁଲ, କାଳିଆବୋଦା ଗୁରୁଦ୍ୱାରା ଏବଂ ପୁରୀର ବାଉଳି ମଠ ଅନ୍ୟତମ ।"
train/img_04359.jpg,"ଧଉଳି, ଓଡ଼ିଶା"
train/img_04360.jpg,"ଏହାବାଦ୍ ଜିଲା ମହୋତ୍ସବ କଲ୍ଲୋଳ, ପୁସ୍ତକ ମେଳାରେ ବହୁ ଜନସମାଗମ ହୋଇଥାଏ ।ଓଡ଼ିଶାର ପୂର୍ବ ଭାଗରେ ଅବସ୍ଥିତ ଜଗତସିଂହପୁର ଜିଲ୍ଲାର ଆୟତନ ୧,୭୫୯ବର୍ଗ କିମି୤"
train/img_04361.jpg,ଏ ପ୍ରସଙ୍ଗ ଆଲୋଚନା ସାପେକ୍ଷ ।
train/img_04362.jpg,"ସ୍ୱପ୍ନାଦେଶ ପାଇଥିବା ଦଣ୍ଡୁଆମାନେ କଳା ପୋଷାକ ପିନ୍ଧିଥାନ୍ତି, ମୁଣ୍ଡରେ କଳା କନା ବାନ୍ଧିଥାନ୍ତି ଓ ରକ୍ତ ସିନ୍ଦୁର ଚିତା ଲଗାଇ କାଳୀପ୍ରଭା ଧାରଣ କରିଥାନ୍ତି।"
train/img_04363.jpg,"ତାଙ୍କ ପ୍ରଭାବିତ ମୈଥିଳୀ ଭାଷାର ରୂପାନ୍ତର ବିହାରର ହିନ୍ଦୀଭାଷା, ନାଗପୁରିଆ ଭାଷା, ଭୋଜପୁରୀ ଓ କୁର୍ମାଳୀ ଭାଷା ବୋଲି ଆଲୋଚକମାନେ ମତ ଦେଇଥାନ୍ତି ।"
train/img_04364.jpg,ଖୋର୍ଦ୍ଧା ସହର ଏହି ଜିଲ୍ଲାର ପ୍ରଶାସନିକ ମୁଖ୍ୟସ୍ଥଳ ଯେଉଁଠି ସବୁ ସରକାରୀ ଅଫିସ ଆଉ ବେସରକାରି କମ୍ପାନୀର ପ୍ରଧାନ ଅଫିସସବୁ ଅଛି ।
train/img_04365.jpg,"ସ୍ୱାଧୀନ ଭାରତରେ ରାମ ମନୋହର ଲୋହିଆ, ହରେକୃଷ୍ଣ ମହତାବ ଓ ସୁରେନ୍ଦ୍ର ନାଥ ଦ୍ୱିବେଦୀ ପ୍ରମୁଖ ଏହି ମାଟିରୁ ସେମାନଙ୍କ କାର୍ଯ୍ୟ ଆରମ୍ଭ କରିଥିଲେ ।"
train/img_04366.jpg,ଏପରିକି ଭକ୍ତମାନେ ଏହି ଦୁର୍ଲଭ ଦର୍ଶନରେ ଅଶ୍ୱମେଧ ଯଜ୍ଞର ଫଳ ଲାଭ କରି ଅନ୍ତକାଳରେ ବୈକୁଣ୍ଠ ପ୍ରାପ୍ତି ହୋଇଥାନ୍ତି ବୋଲି ବିଶ୍ୱାସ କରାଯାଏ ।
train/img_04367.jpg,ଦେହ ତୁଳନାରେ ଲାଞ୍ଜଟି ଛୋଟ ଓ ଆୟତାକାର।
train/img_04368.jpg,"ସେଥିପାଇଁ ନିଜର ମନ,ବଚନ ଓ କର୍ମଦ୍ୱାରା ହିଂସାଠାରୁ ଦୂରେଇ ରହୁଥିବା ମଣିଷକୁ ହିନ୍ଦୁ କୁହାଯାଏ।"
train/img_04369.jpg,"କଟକର ୫୨ ବଜାର , ୫୩ ଗଳିରେ ଖାଦ୍ୟ ଶସ୍ୟ, ଲୁଗାପଟା,ଔଷଧ, ସୁନା ରୂପ ଅଳଙ୍କାର,ଯାନ୍ତ୍ରିକ କଳ , ଈଲେକ୍ଟ୍ରୋନିକ ଆଦିର ବହୁ ଅଧିକୃତ ବିକ୍ରେତା ଓ ଥୋକ ବେପାରୀ ଆଛନ୍ତି।"
train/img_04370.jpg,ଏହାପରେ ରାଜ୍ୟ ସରକାରଙ୍କ ମତ ସହ ପ୍ରଧାନ ମନ୍ତ୍ରୀ ଯୋଗ୍ୟ ପ୍ରାର୍ଥୀଙ୍କ ନାମ ସୁପାରିସ ସହ ରାଷ୍ଟ୍ରପତିଙ୍କ ନିକଟକୁ ମଞ୍ଜୁରୀ ନିମନ୍ତେ ପ୍ରେରଣ କରନ୍ତି ।
train/img_04371.jpg,ଭୁବନେଶ୍ୱର ପରେ କଟକ ଓଡ଼ିଶାର ଦ୍ୱିତୀୟ ମହାନଗର ନିଗମ ବା ମୁନିସିପାଲ କର୍ପୋରେଶନ।
train/img_04372.jpg,"ମୋଟ ୬୦ ଗ୍ରାମ ପଞ୍ଚାୟତ, ତନ୍ମଧ୍ୟରୁ"
train/img_04373.jpg,"୧୮୭୧ ଖ୍ରୀଷ୍ଟାବ୍ଦର ଶେଷ ଆଡ଼କୁ ଏଚ ଲୋକେଙ୍କଦ୍ୱାରା ପ୍ରସ୍ତୁତ ଏକ ଅବିକଳ ପ୍ଲାଷ୍ଟର ପ୍ରତିରୂପ ବର୍ତ୍ତମାନ ଭାରତୀୟ ସଂଗ୍ରହାଳୟ(ଇଣ୍ଡିଆନ ମ୍ୟୁଜିୟମ), କଲିକତାରେ ଶୋଭା ପାଉଛି।"
train/img_04374.jpg,"ଫକୀର ମୋହନ ସେନାପତି,"
train/img_04375.jpg,ମାୟାଜାଲେ ପଡ଼େ ଏଖନ ଭୁଲେଛି ଆପନ ଜନହେ
train/img_04376.jpg,"ଚତୁର୍ଦ୍ଧାମୂର୍ତ୍ତି ନାରାୟଣଙ୍କ ବିଗ୍ରହ କ୍ଷୁଦ୍ର ମନ୍ଦିର ମଧ୍ୟରେ ରହିଛନ୍ତି।କଳା ମୁଗୁନି ପ୍ରସ୍ତରରେ ଶଙ୍ଖ, ଚକ୍ର, ଗଦା ଓ ପଦ୍ମ ଧାରଣ କରିଥିବା ମନୋମୁଗ୍ଧକର ବିଗ୍ରହମାନେ ପୂଜା ପାଉଛନ୍ତି ଓ ଏହି ମନ୍ଦିରର ଆଗରେ ଥିବା ମଣ୍ଡପରେ ଫୁଲହାର ପ୍ରଭୁଙ୍କର ଗୁନ୍ଥାଯାଏ।"
train/img_04377.jpg,କୋଇଲି ଓଷା : ସୁଆଁ ଗ୍ରାମରେ ପାଳନ କରାଯାଏ।
train/img_04378.jpg,"ତା’ପରେ ପର୍ତ୍ତୁଗୀଜ, ଓଲନ୍ଦାଜ, ଇଂରାଜୀ ଓ ଫରାସୀମାନେ ଏହି ଅଞ୍ଚଳରେ ବ୍ୟାପକଭାବେ ବ୍ୟବସାୟ କରିବା ଆରମ୍ଭ କଲେ ।"
train/img_04379.jpg,୭ମ ଶତାବ୍ଦୀ କାଳରେ ଓଡ଼ିଶାର ଶାସକମାନେ ସ୍ୱାଧୀନ ଥିଲେ ।
train/img_04380.jpg,ଉଚ୍ଚ/ମଧ୍ୟ ଇଂରାଜୀ ବିଦ୍ୟାଳୟ- ୮୭୬ଟି
train/img_04381.jpg,"ସେମାନଙ୍କ ମଧ୍ୟରୁ ପ୍ରଧାନ ସଂପ୍ରଦାୟଗୁଡ଼ିକ ମଧ୍ୟରେ ବାଥୁଡି, ଭୂୟାଁ, ଭୂମିଜ, ଗଣ୍ଡ, ହୋ, ଜୁଆଙ୍ଗ, ଖରୱାର, କିସାନ, କୋଲ୍ହ,, କୋରା, ମୁଣ୍ଡା, ଓରାଓଁ, ସାନ୍ତାଳ, ସାଓରା, ଶବର ସାଉଁତି ଆଦି ଅନ୍ତର୍ଭୁକ୍ତ ।"
train/img_04382.jpg,୩ ୨୮ ନିୟୁତ ବର୍ଗ କି ମି କ୍ଷେତ୍ରଫଳ
train/img_04383.jpg,ପାଲା ସାଧାରଣତଃ ଛଅ ଜଣ ବ୍ୟକ୍ତିଙ୍କୁ ନେଇ ଅନୁଷ୍ଠିତ ହୋଇଥାଏ ।
train/img_04384.jpg,କିନ୍ତୁ ସୁଦର୍ଶନ ଓ ସୁଭଦ୍ରା ଦେବୀଙ୍କୁ ଦଇତାପତି ସେବକମାନେ ହସ୍ତ ଓ ସ୍କନ୍ଧରେ ବହନକରି ବିଜେ କରାଇଥାନ୍ତି।
train/img_04385.jpg,"ସାହିତ୍ୟର କେତେଜଣ ମହନୀୟ ସ୍ରଷ୍ଟା ସାରଳା ଦାସ, ଜାତୀୟ କବି ବୀରକିଶୋର, ଗୋପାଳ ଛୋଟରାୟ, ପ୍ରତିଭା ରାୟ, ବିଭୂତି ପଟ୍ଟନାୟକ ଏଠାରେ ଜନ୍ମ ନେଇଥିଲେ ।"
train/img_04386.jpg,"ସିଆମ୍ ଏବଂ ଥାଇଲ୍ୟାଣ୍ଡର ବୈଦେଶିକ ସମ୍ପର୍କର ପଦ୍ଧତିକୁ ବହୁ ପୂର୍ବରୁ ""ପବନ ସହିତ ବାଉଁଶ ନଇଁବା"" ଭାବରେ ବର୍ଣ୍ଣନା କରାଯାଇଛି, ଯାହାର ଅର୍ଥ ହେଉଛି ଅନୁକୂଳ ଏବଂ ବ୍ୟବହାରିକ ସ୍ୱାଧୀନତା ହାସଲ କରିବାକୁ, ଏହା ଅନ୍ୟମାନଙ୍କ ବିରୁଦ୍ଧରେ ଗୋଟିଏ ମହାନ ଶକ୍ତି ପକାଇବାକୁ ଚେଷ୍ଟା କଲା ଯାହାଦ୍ୱାରା ଏହା କୌଣସି ବ୍ୟକ୍ତିଙ୍କ ଉପରେ ପ୍ରାଧାନ୍ୟ ବିସ୍ତାର କରିବ ନାହିଁ।"
train/img_04387.jpg,ବେଢା଼ ପରିକ୍ରମା ସମୟରେ ଭକ୍ତମାନଙ୍କର ଅଭିଳାଷକୁ ସାକାର କରି ରିଷ୍ଟ ଖଣ୍ଡନ କରିବାକୁ ଓ ଭବିଷ୍ୟତ ପଥକୁ କୁସୁମିତ କରିବା ଲକ୍ଷ୍ୟରେ ପାଣି ଲାଗି କରିଥାନ୍ତି ।
train/img_04388.jpg,ଭୁବନେଶ୍ଵର ଏହାର ରାଜଧାନୀ ଓ ଓଡ଼ିଆ ଏହି ରାଜ୍ୟର ସରକାରୀ ଓ ମୁଖ୍ୟ ଭାଷା ।
train/img_04389.jpg,"ଆଷାଢ଼ର ପହିଲି ବର୍ଷାରେ ମାଟି ମା'ର ପ୍ରଜନନ ଶକ୍ତି ଜାଗ୍ରତ ହୋଇଥାଏ, ଏହି କାରଣରୁ ଧରଣୀମାତାକୁ ରଜସ୍ୱଳା ସ୍ତ୍ରୀ ସହିତ ତୁଳନା କରାଯାଏ ।"
train/img_04390.jpg,ସାଧନା ମାର୍ଗଥିଲା ।
train/img_04391.jpg,ପରମ୍ପରା ଅନୁଯାୟୀ ସେହି ସମୟରେ ବଳଭଦ୍ରଙ୍କ ରଥ ସମ୍ମୁଖରେ ରଥ ଘେର ପକାଯାଇଥାଏ।
train/img_04392.jpg,ଗୋପାଳପୁର ବନ୍ଦର
train/img_04393.jpg,ଓଡ଼ିଶାରେ ଗଙ୍ଗବଂଶ ୧୪୩୪ ଯାଏଁ ଥିଲା ।
train/img_04394.jpg,(ତୁଳସୀ ଦାସ)
train/img_04395.jpg,ସେହି ପରି ଦର୍ପଦଳନ ବା ଦେବଦଳନ ରଥ ଚକର ଉଚ୍ଚତା ୬ ଫୁଟ ୮ ଇଞ୍ଚ ଏବଂ ୧୨ ଚକ ଏହି ରଥରେ ଲାଗିଥାଏ।
train/img_04396.jpg,"ସମ୍ପ୍ରତି ଏହି ସେବାରୁ ଅଳ୍ପ ସଂଖ୍ୟକ ମଠ ବିଚ୍ୟୁତ ହୋଇ ଯାଇଥିଲେ ହେଁ, ଏବେବି ଅନ୍ୟ କେତେକ ମଠ ଶ୍ରୀମନ୍ଦିରର ସେବାପୁଜା, ଯାନିଯାତ୍ରା ସହିତ ସଂଶ୍ଳିଷ୍ଟ ରହି ଆସୁଅଛନ୍ତି।"
train/img_04397.jpg,ଲୋକବାକ
train/img_04398.jpg,ବିଗତ କିଛିଦିନ ଧରି ରଥଯାତ୍ରା ଓ ବାହୁଡା ଯାତ୍ରା ସମୟରେ ଛେରା ପହଁରା ଶୋଭାଯାତ୍ରାରେ ରାଜ୍ୟ ସରକାରଙ୍କ ଅନୁମତି କ୍ରମେ ନନ୍ଦନକାନନରୁ ଏକ ହସ୍ତୀ ଅଣାଯାଉଥିଲା।
train/img_04399.jpg,"ଏଥିରେ ବିଜ୍ଞାନ ଓ କାରିଗରୀ ବିଜ୍ଞାନର ବିଷୟ, ଭବିଷ୍ୟତର ଆଧାରରେ କଳ୍ପନା ପ୍ରସୂତ ଆଦିଭୌତିକ ଘଟଣା, ପୃଥିବୀ ବାହାରେ ଜୀବନ ଓ ଜୀବମାନଙ୍କ ଅଦ୍ଭୁତ କାହାଣୀ ଆଦି ସ୍ଥାନ ପାଇଥାଏ ।"
train/img_04400.jpg,ଏଠାରେ ପାଳନ କରାଯାଉଥିବା ରଥଯାତ୍ରାରେ ସାମାନ୍ୟ ଭିନ୍ନ ପରମ୍ପରା ଦେଖିବାକୁ ମିଳେ ।
train/img_04401.jpg,"ଓଡ଼ିଶାର ମଧ୍ୟଭାଗରେ ଅବସ୍ଥିତ ବୌଦ୍ଧ ଜିଲ୍ଲାର ଆୟତନ ୩,୦୯୮ ବର୍ଗ କିମି୤"
train/img_04402.jpg,"ସରକାରଙ୍କ ପରିଚାଳିତ ଭାରତ ସଞ୍ଚାର ନିଗମ ଛଡା ଏୟାରଟେଲ, ଏୟାରସେଲ୍, ରିଲାଏନ୍ସ, ଟାଟା ଇଣ୍ଡିକମ୍ ଓ ଭୋଡାଫୋନ୍ ପରି ଜାତୀୟ ସଞ୍ଚାର ସଂସ୍ଥାଗୁଡିକଙ୍କ ପକ୍ଷରୁ ଏଠାରେ ଉଭୟ ଲ୍ୟାଣ୍ଡଲାଇନ ଓ ମୋବାଇଲ୍ ସେବା ଉପଲବ୍ଧ ।"
train/img_04403.jpg,ମାନସିକ ପୂରଣ ପାଇଁ ସାଧାରଣତଃ ଏହା କରାଯାଏ।ଏହାର ସୃଷ୍ଟି ସମ୍ପର୍କରେ ଶିବ ପୁରାଣରେ ବର୍ଣ୍ଣନା କରାଯାଇଛି।
train/img_04404.jpg,ପ୍ରଥମ ପିରିତେର ମଜା
train/img_04405.jpg,ପରେ ସେ ଏହାକୁ ସମ୍ପୂର୍ଣ୍ଣ କରିନଥିଲେ ଓ ୧୯୩୦ରେ ପ୍ରକାଶିତ ରାମଶଙ୍କର ଗ୍ରନ୍ଥାବଳିରେ ମଧ୍ୟ ଏହା ସ୍ଥାନ ପାଇନଥିଲା ।
train/img_04406.jpg,ଏ ଅଞ୍ଚଳର ନୌବାଣିଜ୍ୟ ଭିତ୍ତିଭୂମିକୁ ଆଧାର କରି ଗଢ଼ି ଉଠିଛି ପାରାଦୀପ ବନ୍ଦର ।
train/img_04407.jpg,ସଂସ୍କୃତି ଓ ପରମ୍ପରା
train/img_04408.jpg,ଶ୍ରୀ କପାଳ ମୋଚନ
train/img_04409.jpg,ପେଗୁରୁ ପ୍ରାପ୍ତ ହିନ୍ଦୁ ଧର୍ମର ଚିହ୍ନ ଥିବା ମୁଦ୍ରାମାନ ମଧ୍ୟ ଏହି ସମ୍ପର୍କର ପୁଷ୍ଟି କରିଥାନ୍ତି ।
train/img_04410.jpg,ଜଗମୋହନଠାରେ ମଧ୍ୟ ଏହି ନୀତି ପାଳିତ ହୋଇଥାଏ।
train/img_04411.jpg,ଇସ୍ତଫା ଦେଇଥିଲେ
train/img_04412.jpg,ପ୍ରଫୁଲ୍ଲ ସାମଲ: ମହିଳା ଓ ଶିଶୁ କଲ୍ୟାଣ
train/img_04413.jpg,ଆଉ ଯୋଗେଶ୍ୱରଙ୍କ ପ୍ରତୀକ ହେଲେ ଶିବ ଓ ବିଷ୍ଣୁ ସ୍ୱୟଂ ଜଗନ୍ନାଥ।
train/img_04414.jpg,ରବିନାରାୟଣ ନାୟକ ଧର୍ମପଦ ପୁରସ୍କାର ପ୍ରାପ୍ତ
train/img_04415.jpg,ଅନୁଭବ ମହାନ୍ତି:୨୦୧୯
train/img_04416.jpg,"ସହର ନିକଟସ୍ଥ ବାଲିଆର ଭୁବନେଶ୍ୱର ମନ୍ଦିର, କୁଣ୍ଢେଶ୍ୱରର ତ୍ରିଲୋଚନେଶ୍ୱର ମନ୍ଦିର, ନାସିକର ଖଣ୍ଡେଶ୍ୱର ମନ୍ଦିର, ଧନିଶୋର ପଞ୍ଚୁ ପାଣ୍ଡବ ମନ୍ଦିରର ସ୍ଥାପତ୍ୟ ପର୍ଯ୍ୟଟକଙ୍କୁ ଆକୃଷ୍ଟ କରେ ।"
train/img_04417.jpg,"ଶ୍ରୀଲଙ୍କା (ସିଂହଳ), ଜାଭା(ଜବ ଦ୍ୱୀପ), ସୁମାତ୍ରା, ବାଲି, ମିଆଁମାର (ବ୍ରହ୍ମଦେଶ), ଥାଇଲାଣ୍ଡ (ସାମ), କାମ୍ବୋଡ଼ିଆ(କମ୍ବୋଜ), ଭିଏତନାମ (ଚମ୍ପା)), ଚୀନ, ଜାପାନ, କୋରିଆ (କୁକୁଟ), ମେକ୍ସିକୋ (ମକ୍କସିଖ), ଇଜିପ୍ଟ (ମିସର), ଆରବ (ସିମିଳି), ଇରାକ (ବାବିଲନ) ପ୍ରଭୃତି ସ୍ଥାନରେ କଳିଙ୍ଗ ସହ ନିର୍ମାଣ-କଳା ଓ ବାଣିଜ୍ୟ-ସଂସ୍କୃତି-ଇତିହାସ ଆଦି ସମ୍ବନ୍ଧ ଦେଖିବାକୁ ମିଳିଥାଏ ।"
train/img_04418.jpg,"ଗଳ୍ପର ପ୍ରସଙ୍ଗ ଓ ଅବସର କ୍ରମେ ପାଇଲାମାନେ ଏଥିରେ ଯମକ, ଅନୁପ୍ରାସ, ବ୍ୟାଘ୍ରଗତି, ମେଷ ଯୁଦ୍ଧ ଅବନା ଆଦି ଶବ୍ଦ ଅବରସ୍ ପୂର୍ଣ୍ଣ ପ୍ରାଚୀନ ସଙ୍ଗୀତ, ଚଉପଦୀ, ଡାହିକା, ଭଜନ, ବନ୍ଦନା ଆଦି ଲଗାଇ 'ପାଲାକୁ' ଜମକ୍ କରନ୍ତି ଓ କେତେକ ଗାୟକଙ୍କର ଅଭିଧାନ, ଅଳଙ୍କାର କାବ୍ୟନାଟକ, ଚମ୍ପୁ ଆଦିରେ ଅସାଧାରଣ ପାଣ୍ଡିତ୍ୟ ଦେଖାଯାଏ ଓ କେତେକଙ୍କଠାରେ ଆଶୁକବିତ୍ୱ ମଧ୍ୟ ଲକ୍ଷିତ ହୁଏ ।"
train/img_04419.jpg,ଶ୍ରୀଜଗନ୍ନାଥ ପତିତମାନଙ୍କୁ ଉଦ୍ଧାର କରୁଥିବାରୁ ତାଙ୍କର ଅନ୍ୟ ନାମ ପତିତପାବନ ।
train/img_04420.jpg,ପୂର୍ବ ଭାରତରେ ଭାରତର ପୂର୍ବ ଦିଗକୁ ଥିବା ଅଞ୍ଚଳଗୁଡ଼ିକ ଅନ୍ତର୍ଭୁକ୍ତ।
train/img_04421.jpg,ନିମ୍ନ ପ୍ରଦତ୍ତ ରେଳଷ୍ଟେସନଗୁଡ଼ିକ ମଧ୍ୟରୁ ମାଷ୍ଟର କ୍ୟାନ୍ଟିନ ରେଳଷ୍ଟେସନଟି ପ୍ରଧାନ ଯାହା ବାଣୀବିହାର ଛକଠାରୁ ପ୍ରାୟ ୩ କିମି ଦୁରରେ ଅବସ୍ଥିତ ।
train/img_04422.jpg,ଆମ ରାଜ୍ୟରେ ଅନେକ ସମବାୟ ସଂସ୍ଥାମାନ ଗଠନ କରାଯାଇଛି ।
train/img_04423.jpg,ଦାରିଙ୍ଗବାଡ଼ି
train/img_04424.jpg,"ବୟନ ଶିଳ୍ପର ତିନୋଟି ମୁଖ୍ୟ ଉପାଦାନ ହେଉଛି ସୂତା, ରଙ୍ଗ , ଏବଂ ତନ୍ତ ।"
train/img_04425.jpg,ଗୋପାଳପୁର ବନ୍ଦର
train/img_04426.jpg,ବ୍ଳକ: (୨୨):
train/img_04427.jpg,କଳିଙ୍ଗ ସୀମାରେ ସମତଳ ସମୁଦ୍ର ଉପକୂଳ ଅଞ୍ଚଳକୁ ନେଇ କଂଗୋଦ ରାଜ୍ୟ ଗଠିତ ହୋଇଥିଲା ।
train/img_04428.jpg,ପ୍ରଶାସନିକ ଅଧିକାର କ୍ଷେତ୍ର:
train/img_04429.jpg,ଶୟନ ଏକାଦଶୀ
train/img_04430.jpg,ଶ୍ରୀ ଜଗନ୍ନାଥଙ୍କ ମନ୍ଦିରରେ ବର୍ଷସାରା ପର୍ବପର୍ବାଣି ଲାଗି ରହିଥିଲେ ମଧ୍ୟ ସେଥିମଧ୍ୟରୁ ବାରଗୋଟି ବିଶିଷ୍ଟ ଉତ୍ସବ ଭାବେ ପାଳିତ ହୁଏ ସେଗୁଡ଼ିକ ଦ୍ୱାଦଶ ଯାତ୍ରା ନାମରେ ଅଭିହିତ ।
train/img_04431.jpg,ଯଦି ଆପଣ ଏକ ନୂଆ ପ୍ରକଳ୍ପ କିପରି ତିଆରି କରାଯାଏ ବା ସେହି ପ୍ରକଳ୍ପରେ ଆଉ କେହି ଇଛୁକ କି ନୁହଁନ୍ତି ସେ ବାବଦରେ ସ୍ଥିର ନୁହଁନ୍ତି ତେବେ ଆପଣ ଏକ ଉଇକିପ୍ରକଳ୍ପ ପ୍ରସ୍ତାବ ଦେଇ ପାରିବେ ।
train/img_04432.jpg,କଟକ ଜିଲ୍ଲାରେ ଦଣ୍ଡନାଚ ପାଟୁଆ ନାମରେ ଜଣା ।
train/img_04433.jpg,ଶ୍ରୀ ନୃସିଂହ ମନ୍ଦିର
train/img_04434.jpg,ଏହି ଭାଷାରେ 'ଶ'/'ଷ' ବଦଳରେ କେବଳ 'ସ' ବ୍ୟବହାର କରାଯାଏ ।
train/img_04435.jpg,"କପିଳେଶ୍ୱର ଶିଳାଲିପିରୁ ଏହା ସୁସ୍ପଷ୍ଟ ଯେ ଶାକ୍ୟ ମୁନି ବୁଦ୍ଧଙ୍କ ଜନ୍ମସ୍ଥଳୀ, କର୍ମସ୍ଥଳୀ, ବୌଦ୍ଧ ସଂସ୍କୃତିର ଅଭିବୃଦ୍ଧି, ପ୍ରମୁଖ ପ୍ରଚାର, ପ୍ରସାରର ସ୍ଥଳୀ କଳିଙ୍ଗ ହିଁ ଥିଲା ।"
train/img_04436.jpg,"ଏହାଛଡ଼ା ଏହା ଚୀନ (ବିଶେଷ କରେ ହଂକଂ), ଇଣ୍ଡୋନେସିଆ, ସିଙ୍ଗାପୁର, ଅଷ୍ଟ୍ରେଲିଆ ଏବଂ ବାହରିନ ଏବଂ ମଧ୍ୟ ପ୍ରାଚ୍ୟର ଦେଶଗୁଡ଼ିକରେ ମଧ୍ୟ କମ ପରିମାଣରେ କଥିତ ।"
train/img_04437.jpg,ସାରସ ବଦନତାର ତାର ପତି ଛାର
train/img_04438.jpg,ଯାଜପୁରରେ ରାଜଧାନୀ ସ୍ଥାପନ ।
train/img_04439.jpg,କେନ୍ଦ୍ର କ୍ୟାବିନେଟ୍ ଫେବୃଆରୀ ୨୦ ତାରିଖରେ ଓଡ଼ିଆ ଭାଷାକୁ ଶାସ୍ତ୍ରୀୟ ମାନ୍ୟତା ପ୍ରଦାନପାଇଁ ଚୂଡ଼ାନ୍ତ ନିଷ୍ପତ୍ତି ନେଲେ ।
train/img_04440.jpg,ମେରୁକୁଣ୍ଡର ଦୁଇପାଖରେ ବେଲକାଠଦ୍ୱାରା ଦୁଇଟି ଖୁଣ୍ଟ ପୋତାଯାଏ।
train/img_04441.jpg,ଅନକାଡ଼େଲି : ମାଛକୁଣ୍ଡ ଜଳପ୍ରପାତର ନିକଟବର୍ତ୍ତୀ ଗ୍ରାମ।
train/img_04442.jpg,ରେ ଓଡ଼ିଶା ପୁଣି ତାର ସ୍ୱାଧୀନତା ହରାଇଲା।
train/img_04443.jpg,ଝୁମରରେ ଶୃଙ୍ଗାର ରସ ହେଉଛି ପ୍ରଧାନ ରସ ।
train/img_04444.jpg,କାଠୁରିଆ ପାଲା: ସତ୍ୟ ନାରାୟଣ ପୂଜକ ଗୋଟିଏ ଗରିବ ବ୍ରାହ୍ମଣ କୃଷ୍ଣଦାସର ପୂଜା ଦେଖି ଜଣେ କାଠୁରିଆର ଉକ୍ତବ୍ରତ ପାଳନ ଓ ବିଭବ ଲାଭ
train/img_04445.jpg,ମକର ସଂକ୍ରାନ୍ତି: ମାଘ କୃଷ୍ଣ ସପ୍ତମୀ: ଉତ୍ତରାୟଣ ଯାତ୍ରା
train/img_04446.jpg,ଜଲନ୍ତ ପର୍ବତ ସମାକୃତି
train/img_04447.jpg,"ସ୍ୱପ୍ନେଶ୍ୱର ମନ୍ଦିର,କେନ୍ଦୁସାହି"
train/img_04448.jpg,ଏହା ପରେ ଓଡ଼ିଶାରେ ବୌଦ୍ଧଧର୍ମର ପ୍ରାଧାନ୍ୟ ହ୍ରାସପାଇଲା ।
train/img_04449.jpg,ଏହା ହେଉଛି ମୋଗଲ ଶାସନ କାଳର ସାମାଜିକ ଅବସ୍ଥାର ନିଛକ ଚିତ୍ରଣ।
train/img_04450.jpg,ପରମ ତୀର୍ଥକ୍ଷେତ୍ର ପୁରୀ ପୁରୁଷୋତ୍ତମ କ୍ଷେତ୍ର ନାମରେ ପ୍ରସିଦ୍ଧ ।
train/img_04451.jpg,ରାଜା ଗୋପେଶ୍ୱର ଦେବଙ୍କଦ୍ୱାରା ମନ୍ଦିର ନିର୍ମାଣ ସହ ସବୁ ଠାକୁରଙ୍କୁ ଏଠାରେ ସମାନ ଭାବେ ପୂଜା କରାଯାଉଛି।ଶ୍ରୀମନ୍ଦିରର ପଶ୍ଚିମ ପାର୍ଶ୍ୱ ଭିତର ବେଢାରେ ପୂର୍ବାଭିମୁଖୀ ମନ୍ଦିରଟିରେ ବିଷ୍ଣୁଙ୍କର ବିଭିନ୍ନ ଅବତାର ସ୍ଥାନିତ ହୋଇଛି ।
train/img_04452.jpg,ସେହି ସମୟରେ ଓଡ଼ିଶାର ସୀମା ଉତ୍ତରରେ ଗଙ୍ଗାଠାରୁ ଦକ୍ଷିଣରେ ନେଲୁର ଜିଲ୍ଲାର ଉଦୟଗିରି ପର୍ଯ୍ୟନ୍ତ ବିସ୍ତୃତ ଥିଲା ।
train/img_04453.jpg,ସେଠାରେ ଦେଉଳର ସବୁ ହିସାବନିକାଶ କରାଯାଉଥିଲା ।
train/img_04454.jpg,ହିନ୍ଦୁ ଧର୍ମର ଇତିହାସ ବହୁତ ପ୍ରାଚୀନ।
train/img_04455.jpg,"ଗଜପତି ଜିଲ୍ଲା, ଓଡ଼ିଶାର ଦକ୍ଷିଣରେ ଥିବା ଏକ ଜିଲ୍ଲା ।"
train/img_04456.jpg,ପରିବହନ ଓ ଯୋଗାଯୋଗ
train/img_04457.jpg,ଜୈନମାନଙ୍କର ପରମ୍ପରା ଅନୁସାରେ ଜୈନଧର୍ମ ୨୪ ଜଣ ତୀର୍ଥଙ୍କର ବା ଅର୍ହତଙ୍କଦ୍ୱାରା ପ୍ରତିଷ୍ଠିତ ହୋଇଥିଲା ।
train/img_04458.jpg,"ଜଳେଶ୍ୱର, ବାଲେଶ୍ୱର ଓ ଅଭଣାରୁ ମିଳିଥିବା ମହାବୀର ଜୈନଙ୍କ ୧୦ମ-୧୧ଶ ଶତାବ୍ଦୀରେ ତିଆରି ମୂର୍ତ୍ତି ଏଠାରେ ଜୈନ ଧର୍ମ ଥିବାର ମଧ୍ୟ ପ୍ରମାଣ ଦେଇଥାଏ ।"
train/img_04459.jpg,ସୁରେଶ୍ୱରୀ ମନ୍ଦିର ଏହି ମନ୍ଦିର ସୋନପୁରଠାରେ ଅବସ୍ଥିତ ।
train/img_04460.jpg,ଓଡ଼ିଶାର ମୁଖ୍ୟ ଯାତ୍ରା ରୂପେ ପୁରୀର ରଥଯାତ୍ରା ସର୍ବପ୍ରସିଦ୍ଧ ।
train/img_04461.jpg,ଷୋଡ଼ଶ ଶତାବ୍ଦୀରେ ଓଡ଼ିଶାରେ ଇସଲାମ ଧର୍ମାବଲମ୍ବୀମାନେ ଆସି ବସବାସ କଲେ ।
train/img_04462.jpg,"ରଥଯାତ୍ରା ସମ୍ପର୍କରେ ମିଳୁଥିବା ପ୍ରାଚୀନ ଗ୍ରନ୍ଥ, କାବ୍ୟ, କବିତାରୁ ଧୂଳିଆ ଗୁଣ୍ଡିଚା ବିଷୟରେ କୈଣସି ଉଲ୍ଲେଖ ଥିବାର ଦୃଷ୍ଟିକୁ ଆସୁନାହିଁ ।"
train/img_04463.jpg,"ଏହି ଋତୁ ମଧ୍ୟ ଦେଇ ଜୀବନର ପ୍ରେମ, ମିଳନ, ବିଚ୍ଛେଦ ଆଦି ପ୍ରସଙ୍ଗ ମୁଖ୍ୟ ଭାବରେ ଉପସ୍ଥାପିତ ହୋଇଛି ।"
train/img_04464.jpg,ବେଢା଼ ପରିକ୍ରମା ସମୟରେ ଭକ୍ତମାନଙ୍କର ଅଭିଳାଷକୁ ସାକାର କରି ରିଷ୍ଟ ଖଣ୍ଡନ କରିବାକୁ ଓ ଭବିଷ୍ୟତ ପଥକୁ କୁସୁମିତ କରିବା ଲକ୍ଷ୍ୟରେ ପାଣି ଲାଗି କରିଥାନ୍ତି ।
train/img_04465.jpg,ଘୁମୁରା ନାଚ ସମୟରେ ଏକ ଘୁମୁରା ବାଦ୍ୟ ବଜାଯାଇଥାଏ ।
train/img_04466.jpg,ସେଗୁଡିକ ହେଲା ଯୋଗଧାରୀ ନିକଟରେ ସରଳା ଦେବୀ କଲ୍ୟାଣ ମଣ୍ଡପ ଓ ସାନ ବଜାରସ୍ଥିତ ମ୍ୟୁନିସିପାଲିଟି ମାର୍କେଟ୍ ଉପର ଥିବା କଲ୍ୟାଣ ମଣ୍ଡପ ଏହାବାଦ୍ ୪ଟି ବେସରକାରୀ କଲ୍ୟାଣ ମଣ୍ଡପ ରହିଛି ।
train/img_04467.jpg,ସହରର ସବୁଠୁ ବଡ଼ ଦୂରଭାଷ ସେବା ଏମଟି ଏନ ଏଲ।
train/img_04468.jpg,ସେଗୁଡିକ ମଧ୍ୟରୁ ଜଗତ୍ ସିଂହପୁର ପୌର ପରିଷଦଦ୍ୱାରା ପରିଚାଳିତ ଗୋଟିଏ ମାତ୍ର ଅଡିଟୋରିୟମ ଟାଉନ ହଲ୍ ଅଛି ।
train/img_04469.jpg,ଇଂରେଜ ଅମଳରେ ସମଗ୍ର ଭାରତୀୟ ଉପମହାଦେଶରେ ମାରୁଆଡ଼ି ଓ ଗୁଜରାଟୀ ବେପାରୀ ଗୋଷ୍ଠୀର ଅଭୂଦୟ ହୋଇଥିଲା ।
train/img_04470.jpg,"ରାଜ୍ୟରେ କିଛି ଉଚ୍ଚ ପ୍ରଦର୍ଶନ କେନ୍ଦ୍ର ମଧ୍ୟ ରହିଛି, ଯାହାକି ଓଡ଼ିଶାରେ ବିଭିନ୍ନ ଖେଳର ଉନ୍ନତି ପାଇଁ କଳିଙ୍ଗ ଷ୍ଟାଡ଼ିୟମରେ ସ୍ଥାପିତ କରାଯାଇଛି ।"
train/img_04471.jpg,ଗଜପତି ଜିଲ୍ଲାର ପାଣିପାଗ ପ୍ରାୟ ୧୨ ୫ ଡିଗ୍ରୀରୁ ୪୨ ଡିଗ୍ରୀ ପାରଦ ଓ ବାର୍ଷିକ ବର୍ଷାପାତ ହାରାହାରି ୧୯୨୫ ୬ ମିଲିମିଟର ଅଟେ ।
train/img_04472.jpg,ଏହା ଏକ ପୁରାତନ ସଭ୍ୟତାର ମୂଳକେନ୍ଦ୍ର ଭାବରେ ବିବେଚିତ ।
train/img_04473.jpg,ଏଠାରେ ଯୁକ୍ତ ୨ରୁ ସ୍ନାତକ ଶ୍ରେଣୀ ପର୍ଯ୍ୟନ୍ତ ଶିକ୍ଷାଦାନ ବ୍ୟବସ୍ଥା ରହିଛି।
train/img_04474.jpg,ଏହି ଦପ୍ତରରେ ଜାହାଜ ଗୁଡ଼ିକର ପାଲ ସିଲାଇ ଓ ଲୁଣ ମହଜୁଦ ହୋଇ ରପ୍ତାନି ପାଇଁ ପଠାଯାଉଥିଲା ।
train/img_04475.jpg,ଭଗବାନ ବିଷ୍ଣୁ ସ୍ୱୟଂ ଶିଶୁ ରୂପରେ ବଟ ପତ୍ରରେ ଶୟନ କରି ଭାସୁଥିବା ଓ ଜଗନ୍ନାଥଙ୍କ ଦାରୁ ବିଗ୍ରହ ପୂର୍ବରୁ ନୀଳମାଧବ ରୂପେ ବିଶ୍ୱାବସୁ ଶବର ପୂଜା କରୁଥିବାର କିମ୍ବଦନ୍ତୀ ରହିଛି ।
train/img_04476.jpg,ଏକଦା ଶ୍ରୀମନ୍ଦିରରେ ୨୫ ଜଣ ଦେବଦାସୀ ବା ମାହାରୀ ରହିଥିଲେ ।
train/img_04477.jpg,ଏଠାରେ ଆବିଷ୍କୃତ ପୁରାତନ ଉପକରଣରୁ ଜଣାପଡେ ଯେ ଏହା ଏକ ପ୍ରାଚୀନ ବୋଇତ ନିର୍ମାଣ କେନ୍ଦ୍ର ଥିଲା ।
train/img_04478.jpg,ବାଗ୍ରା
train/img_04479.jpg,୧୫୮୬ ମସିହାରେ ବଙ୍ଗର ମୁସଲମାନ ଶାସକ ସୁଲେମାନ୍ ଖାନ୍ କର୍ରଣି ଓଡ଼ିଶା ଅଧିକାର କରିବା ଫଳରେ ଓଡ଼ିଶାର ସ୍ୱାଧୀନତା କ୍ଷୁଣ୍ଣ ହେଲା ।
train/img_04480.jpg,"କୋରାପୁଟ, ମାଲକାନାଗିରି ଆଦି ଜିଲ୍ଲା ଗୁଡିକରେ କନ୍ଧ, କୋହ୍ଲ, ସାନ୍ତାଳ ଜାତିର ଆଦିବାସୀମାନେ ବହୁତ ପରିମାଣରେ ଏହି ବୃତ୍ତି ସହିତ ଜଡ଼ିତ ।"
train/img_04481.jpg,ଦଣ୍ଡସୁଆଙ୍ଗ
train/img_04482.jpg,"ଗଳ୍ପର ପ୍ରସଙ୍ଗ ଓ ଅବସର କ୍ରମେ ପାଇଲାମାନେ ଏଥିରେ ଯମକ, ଅନୁପ୍ରାସ, ବ୍ୟାଘ୍ରଗତି, ମେଷ ଯୁଦ୍ଧ ଅବନା ଆଦି ଶବ୍ଦ ଅବରସ୍ ପୂର୍ଣ୍ଣ ପ୍ରାଚୀନ ସଙ୍ଗୀତ, ଚଉପଦୀ, ଡାହିକା, ଭଜନ, ବନ୍ଦନା ଆଦି ଲଗାଇ 'ପାଲାକୁ' ଜମକ୍ କରନ୍ତି ଓ କେତେକ ଗାୟକଙ୍କର ଅଭିଧାନ, ଅଳଙ୍କାର କାବ୍ୟନାଟକ, ଚମ୍ପୁ ଆଦିରେ ଅସାଧାରଣ ପାଣ୍ଡିତ୍ୟ ଦେଖାଯାଏ ଓ କେତେକଙ୍କଠାରେ ଆଶୁକବିତ୍ୱ ମଧ୍ୟ ଲକ୍ଷିତ ହୁଏ ।"
train/img_04483.jpg,"ତେଣୁ ଏ ସବୁ ଭିତରେ ବି ପଶ୍ଚିମବଙ୍ଗ, ଝାଡ଼ଖଣ୍ଡ, ଆସାମ, ବିହାର ଆଦି ପ୍ରଦେଶମାନଙ୍କରେ ରଚିତ ଝୁମରକୁ ଉପେକ୍ଷା କରାଯାଇ ନ ପାରେ ।"
train/img_04484.jpg,ପ୍ରଥମ ଅବଦାନ ହେଉଛି ପଡୋଶୀ ହିନ୍ଦୁ ରାଜ୍ୟ ଆଙ୍ଗକୋରରୁ ତାଙ୍କ ରାଜ୍ୟକୁ ପୃଥକ କରିବା ପାଇଁ ସରକାରୀ ଧର୍ମ ଭାବରେ ଥେରାବଦ ବୌଦ୍ଧ ଧର୍ମ ପ୍ରତିଷ୍ଠା ଏବଂ ପ୍ରଚାର ।
train/img_04485.jpg,ପ୍ରାଚୀ ସମିତି ପ୍ରକାଶିତ ଚଉତିଶା ମଧୁଚକ୍ରରେ ଏହି ପରି କେତେ ଗୋଟି ଚଉତିଶା ଦେଖିବାକୁ ମିଳିଥାଏ ।
train/img_04486.jpg,ସମ୍ବଲପୁର ସହରରେ ଥିବା ୨୭ ଜଗନ୍ନାଥ ମନ୍ଦିରରୁ ୨୫ଟିରେ ରଥଯାତ୍ରା ଅନୁଷ୍ଠିତ ହେଉଛି ।
train/img_04487.jpg,୫-ବିବାହକାଳୀନ ଝୁମର : ବିବାହ ଭଳି ସାମାଜିକ ଅନୁଷ୍ଠାନମାନଙ୍କରେ ଏହି ନୃତ୍ୟ ପରିବେଷଣ କରା ଯାଇଥାଏ ।
train/img_04488.jpg,ସେଠାରେ ସେ ବହୁତ ପ୍ରକାର ଗଛ ଲଗାଇ ସୁନ୍ଦର ବଗିଚା ତିଆରି କରିଥିଲେ ।
train/img_04489.jpg,ଓଡ଼ିଶା ରାଜସ୍ୱ ପରିଷଦ
train/img_04490.jpg,ଏହା ବାରିପଦାଠାରୁ ୨୫ କି ମି ଦୁରରେ ଅବସ୍ଥିତ ।
train/img_04491.jpg,"ଉତ୍ତର ଓଡ଼ିଶାର ମୟୁରଭଞ୍ଜ, ସୁନ୍ଦରଗଡ଼ ପ୍ରଭୃତି ଅଞ୍ଚଳର ପ୍ରମୁଖ ଲୋକସଂଗୀତ ଭାବରେ ଝୁମର ବେଶ୍ ପରିଚିତ ।"
train/img_04492.jpg,ସେକାଳର ମୁସଲମାନ ଶାସନ କାଳରେ ପରଦା ପ୍ରଥାର କଠୋରତା ହେତୁ ମାହାରୀ ଓ ଦେବଦାସୀଙ୍କ ନାଟରେ ବାଧା ପଡ଼ିଥିଲା ଯାହା ଏହି ନାଟର ବିକାଶକୁ ବାଧ୍ୟ କରିଥିଲା ।
train/img_04493.jpg,ରଥଯାତ୍ରା ଦିନ ଠାକୁରମାନେ ରଥାରୂଢ଼ ହେବା ପରେ ମଠର ମଠାଧୀଶ ଜଗତ୍ ଗୁରୁ ଶଙ୍କରାଚାର୍ଯ୍ୟ ପରମ୍ପରା ଅନୁଯାୟୀ ରଥ ଉପରେ ଶ୍ରୀବିଗ୍ରହମାନଙ୍କ ଦର୍ଶନ କରିଥାନ୍ତି।
train/img_04494.jpg,ଜିଲ୍ଲାର ପ୍ରଥମ ଅବସ୍ଥାର ଇତିହାସ ଏ ଯାଏଁ ସଂପୂର୍ଣ୍ଣ ସ୍ପଷ୍ଟ ନୁହେଁ ।
train/img_04495.jpg,ପଡ଼ିଲ ବିରହୀ ମଦନ ଫାଶେ
train/img_04496.jpg,"ଧନ୍ୟେ, ପୁଣ୍ୟେ, ଚିର ଶରଣ୍ୟେ,"
train/img_04497.jpg,ଏହା ଅନ୍ତର୍ଜାତୀୟ ସ୍ତରରେ ପ୍ରକାଶ ପାଉଥିବା ପୁସ୍ତକଗୁଡ଼ିକର ୧୩ଅଙ୍କ ବିଶିଷ୍ଟ ଏକ ଏକକ ପରିଚୟ ସଂଖ୍ୟା (ୟୁନିକ ଆଇଡେଣ୍ଟିଫିକେସନ ନମ୍ବର) ।
train/img_04498.jpg,ପୁନନିର୍ମାଣ ସରିଲେ ଏହା ପୃଥିବୀର ଏକ ମୁଖ୍ୟ ବୌଦ୍ଧସ୍ଥଳ ଭାବରେ ପରିଗଣିତ ହୋଇପାରିବ ।ରାଜ୍ୟ ସରକାର ଅଧୁନା ଏଠାରେ ସବୁ ବର୍ଷ ଏକ ବୁଦ୍ଧ ମହୋତ୍ସବର ଆୟୋଜନ କରୁଅଛନ୍ତି ।
train/img_04499.jpg,ଦେଶର ସମ୍ବିଧାନ ଭାରତରେ ସଂଘୀୟ ଶାସନ ପରିଚାଳିତ।
train/img_04500.jpg,ମହିଳା: ୫୮ ୭୦
train/img_04501.jpg,ଦୁଇଜଣ ବାଁନ୍ଧା ତାର ପିଛନେ ।’’ (ନିତ୍ୟାନନ୍ଦ)
train/img_04502.jpg,"ଗୋଟିଏ ଅନୁଭାଗରେ ସହାୟକ, ଲିପିକ, ଟାଇପିଷ୍ଟ ଆଦି କର୍ମଚାରୀ ରହିଥାନ୍ତି ।"
train/img_04503.jpg,ମହିଳା: ୮୦ ୮୮
train/img_04504.jpg,କାଶୀପୁର ଥାନା ଅଞ୍ଚଳ ସହିତ ଭବାନୀପାଟଣା ମଧ୍ୟରେ କୌଣସି ସିଧା ସଳଖ ଯୋଗାଯୋଗ ନଥିବାରୁ ଏହାଦ୍ୱାରା ପ୍ରଶାସନିକ ଅସୁବିଧା ଅନୁଭୂତ ହେଲା ।
train/img_04505.jpg,"ଏହା ମୁଖ୍ୟତଃ ଶିବଙ୍କ ବନ୍ଦନା-ଗୀତନାଟ ହୋଇଥିଲେ ମଧ୍ୟ ଏଥିରେ କାଳୀ, ଗଣେଶ ଆଦି ଦେବଦେବୀଙ୍କ ବନ୍ଦନା ମଧ୍ୟ ଏଥିରେ ସ୍ଥାନ ପାଇଥାଏ ।"
train/img_04506.jpg,ଦୂତି କର ଧରି ବୋଲନ୍ କିଶୋରୀ
train/img_04507.jpg,ଗ୍ୟାସ୍ ବ୍ୟବସ୍ଥା ଥିବା ଶବଦାହ ଯନ୍ତ୍ର ନିହାତି ଦରକାର ।
train/img_04508.jpg,ଆଲୋଚକଙ୍କ ଭାଷାରେ ‘‘ଏମାନେ ଗୋଟିଏ ବାପା ଓ ଦୁଇଟି ମାର ସନ୍ତାନ ।
train/img_04509.jpg,ମେଫେୟାର ହୋଟେଲ ଏବଂ ରେସର୍ଟ
train/img_04510.jpg,ଗୁଳିର ଉଚ୍ଚ ୫ ଚଉଠ ୮ ଅଙ୍ଗୁଳ ଗୁଳି ବହଳ ଛାଡି ଛାଡି ଅଖରେ କାନ କିଳା ବିନ୍ଧ କରିବ ।
train/img_04511.jpg,"ଶେଷରେ ଅଟଳ ବିହାରୀ ବାଜପେୟୀଙ୍କ ପ୍ରଧାନମନ୍ତ୍ରୀତ୍ୱ କାଳରେ ୨୦୦୩ମସିହା ଡିସେମ୍ବର ୨୨ ତାରିଖରେ ମୈଥିଳୀ, ବୋଡ଼ୋ, ଡୋଗ୍ରୀ ଓ ସାନ୍ତାଳ ଏପରି ୪ଟି ଭାଷାକୁ ଏକକାଳୀନ ସରକାରୀ ସ୍ୱୀକୃତି ମିଳିଥିଲା ।"
train/img_04512.jpg,ସେଥିମଧ୍ୟରୁ ୭ଟି ପରିତ୍ୟକ୍ତ ।
train/img_04513.jpg,ଲୋକ ନାଟ
train/img_04514.jpg,ନାଟୁଆମାନେ ଅଲଗା ଭାବେ ତିଆରି ଅଳଙ୍କାରରେ ସଜାଇ ହୋଇଥାନ୍ତି ।
train/img_04515.jpg,୧୧ଶ ଶତାବ୍ଦୀ ବେଳକୁ ଏହା ଆଉ ବ୍ୟବହାର କରାଯାଉନଥିଲା ଯେଉଁଥିରେ ଆଧୁନିକ ଓଡ଼ିଆ ଲିପି ତିଆରି ହୋଇ ବ୍ୟବହାରରେ ଲାଗିଲା ।
train/img_04516.jpg,ସ୍ୱର ଶାସ୍ତ୍ର
train/img_04517.jpg,ଗ୍ରାମ ପଞ୍ଚାୟତ: ୧୫୨
train/img_04518.jpg,ମହିଳା: ୫୨ ୪୬
train/img_04519.jpg,"ଟାଗୋର ମିଥିଲି ଭାଷାରେ କବିତା ବିଦ୍ୟପତିଙ୍କ ପରି ଲେଖୁଥିଲେ, ବିଦ୍ୟାପତି ହେଉଛନ୍ତି ମିଥିଲି ଭାଷାର ଜଣେ ଖ୍ୟାତନାମ କବି ।"
train/img_04520.jpg,"ଅନ୍ୟାନ୍ୟ ଅଞ୍ଚଳ ପରି ଭଦ୍ରକରେ ଖୁଦୁରୁକୁଣୀ ଓଷା, ଜହ୍ନି ଓଷା, ଅକ୍ଷୟ ତୃତୀୟା, ସାବିତ୍ରୀ ଅମାବସ୍ୟା, ବାଟଓଷା ଆଦି ପାଳନ କରାଯାଏ।"
train/img_04521.jpg,ଖ୍ରୀ ୭୯୪ରେ ଓଡ୍ର ଦେଶର ରାଜା ଚୀନର ସମ୍ରାଟଙ୍କୁ ଏକ ବୋଇତରେ ଉପହାରମାନ ପଠାଇଥିବାର ବିବରଣୀ ମଧ୍ୟ ରହିଛି ।
train/img_04522.jpg,"ଷୋଡ଼ଶ ଶତାବ୍ଦୀର ପ୍ରଥମାର୍ଦ୍ଧରେ ପ୍ରତାପରୁଦ୍ର ଦେବଙ୍କ ସମୟର ପଞ୍ଚସଖା (ବଳରାମ ଦାସ, ଜଗନ୍ନାଥ ଦାସ, ଅଚ୍ୟୁତାନନ୍ଦ ଦାସ, ଯଶୋବନ୍ତ ଦାସ ଓ ଅନନ୍ତ ଦାସ) ଭକ୍ତିରସାତ୍ମକ କାବ୍ୟ ରଚନା କରିଥିଲେ ।"
train/img_04523.jpg,ଅନୁଭବ ମହାନ୍ତି:୨୦୧୯
train/img_04524.jpg,ଗୋପୀ ଓ ଗୋପର ରକ୍ଷକ ରୂପେ ଗୋପେଶ୍ୱର ଉଭା ହୋଇଥିଲେ ।
train/img_04525.jpg,"ଏଠାରେ ଥିବା ବିଭିନ୍ନ ସ୍ତୂପ , ପ୍ରାସାଦ ତଥା ଅନ୍ୟାନ୍ୟ କଳାକୃତି ଗଜପତି ଜିଲ୍ଲାର ଐତିହ୍ୟକୁ ଓଡ଼ିଶା ପ୍ରଦେଶର ଇତିହାସରେ ଏକ ସ୍ୱତନ୍ତ୍ର ସ୍ଥାନ ପ୍ରଦାନ କରିଛି ।"
train/img_04526.jpg,"ଏହାର ଦକ୍ଷିଣ-ପୂର୍ବରେ ବଙ୍ଗୋପସାଗର, ପଶ୍ଚିମରେ ସିପସରୁବାଲି ମୌଜା, ପୂର୍ବରେ ବାଲୁଖଣ୍ଡ ମୌଜା, ଉତ୍ତରରେ ଗୋପୀନାଥପୁର ମୌଜା ଅଛି ।"
train/img_04527.jpg,ପରମ୍ପରା ଅନୁସାରେ ଏହି ଦିନ ଭୂମି ଉପରେ ଖାଲିପାଦରେ ଚାଲିବାକୁ ମନା କରାଯାଇଥାଏ ।
train/img_04528.jpg,"ବ୍ୟହ ଭେଦିଲା ତଖନ, ବିଷର୍ଣ୍ଣ କୌରବ ଗନ ।"
train/img_04529.jpg,"-ପାଟନା - ଭବାନୀପାଟଣା , ମାଣିକପାଟଣା ଇତ୍ୟାଦି"
train/img_04530.jpg,ସେ ସମୟରେ ମୋହନପୁର ଏବଂ ହରିହରପୁର (ବର୍ତ୍ତମାନର ଜଗତ୍ ସିଂହପୁର)ଠାରେ ଉତ୍କୃଷ୍ଟ ଧରଣର ସୂତାଲୁଗା ପ୍ରସ୍ତୁତ କରାଯାଉଥିଲା ।
train/img_04531.jpg,"ବୟନ ଶିଳ୍ପର ତିନୋଟି ମୁଖ୍ୟ ଉପାଦାନ ହେଉଛି ସୂତା, ରଙ୍ଗ , ଏବଂ ତନ୍ତ ।"
train/img_04532.jpg,ସେମାନଙ୍କ ଭାଷାରେ ‘‘ଝୁମର ସଙ୍ଗୀତର ଏହି ମୂଳଭାଷା ବିଭିନ୍ନ ପ୍ରଦେଶରେ ବିଭିନ୍ନ ଅକାରରେ ପ୍ରକାଶ ପାଇଛି ଏବଂ ଓଡ଼ିଶାରେ ଓଡ଼ିଆ ଭାଷାରେ ପ୍ରକାଶ ପାଇଛି ।
train/img_04533.jpg,ଦହିବରା-ଆଳୁଦମ ଏକ ପାରମ୍ପାରିକ ଓଡ଼ିଆ ଖାଦ୍ୟ ଯାହା ଦହିବରାକୁ ଆଳୁଦମ ଓ ଘୁଗୁନି ସହିତ ମିଶାଇ ତିଆରି କରାଯାଇଥାଏ ।
train/img_04534.jpg,"ଛତିଶଗଡ଼, ଭାରତର ଏକ ରାଜ୍ୟ ।"
train/img_04535.jpg,ଅମଙ୍ଗଳ ଦୂର ହେବ ବୋଲି ଆଶାକରି ଅନେକ ଲୋକ ଏହି ଗଛ ମୂଳରେ ପ୍ରତ୍ୟହ ଧୂପ ଓ ଦୀପ ପ୍ରଦାନ କରିଥାନ୍ତି ।
train/img_04536.jpg,ଏଠାରେ ନୀଳ ନାମକ ତନ୍ତ୍ର ମାର୍ଗର କେନ୍ଦ୍ର ଥିଲା ।
train/img_04537.jpg,ରତ୍ନସିଂହାସନ (ଜଗତି ଓ ରତ୍ନବେଦୀ ନାମରେ ମଧ୍ୟ ଜଣା) ଚତୁର୍ଦ୍ଧାମୂର୍ତ୍ତିଙ୍କ ଅଧିଷ୍ଠିତ ହୋଇଥିବା ଜଗତି/ବେଦୀ ।
train/img_04538.jpg,ପାଖାପାଖି ୧୯୦୦ ବର୍ଷ ପରେ ଏହା ଆବିଷ୍କାର ହୋଇଥିବାରୁ ଏହି ଶିଳାଲେଖର କିଛି ଅକ୍ଷର ନଷ୍ଟ ବା ଅସ୍ପଷ୍ଟ ହୋଇ ଯାଇଛି ।
train/img_04539.jpg,ଥରେ ସୋନପୁରଠାରେ ଓ ୧୫୬୮ ମସିହାରେ କଳାପାହାଡ଼ ଆକ୍ରମଣରେ ଚିଲିକାର ହାତୀପଡ଼ାଠାରେ ମହାପ୍ରଭୁଙ୍କର ପାତାଳୀଲୀଳା ହୋଇଥିଲା ।
train/img_04540.jpg,ବଳଗଣ୍ଡି ପର୍ଯ୍ୟନ୍ତ ତିନିରଥ ଯାଉଥିଲା ।
train/img_04541.jpg,ଏହି ପାଇକମାନଙ୍କୁ ନେତୃତ୍ୱ ଦେଉଥିବା ନିର୍ଦ୍ଦିଷ୍ଟ କ୍ଷତ୍ରୀୟ ଜାତିର ଲୋକ ଯାହାଙ୍କୁ ଖଣ୍ଡାୟତ କୁହାଯାଉଥିଲା ।
train/img_04542.jpg,୮ ଇଞ୍ଚ ଗୋଲାଇ ବିଶିଷ୍ଟ ୨୨୦ ଫୁଟ୍ ଲମ୍ବର ୧୨ ଗୋଟି ଦଉଡ଼ି ତିନି ରଥ ପାଇଁ ଆବଶ୍ୟକ ପଡିଥାଏ।
train/img_04543.jpg,ମୁସଲମାନ ଦାର୍ଶନିକ ଇବ୍ନ ଆରବୀ କହିଥିଲେ
train/img_04544.jpg,"ଜଉଗଡ଼, ଗଞ୍ଜାମରେ ଥିବା ଅଶୋକଙ୍କ ଶିଳାଲେଖ"
train/img_04545.jpg,ମାର୍ଗଶୀର ଶେଷ ଗୁରୁବାରଦିନ ବନ୍ଦ ହୋଇଥିବା ମହାଲକ୍ଷ୍ମୀ ପେଡ଼ି ଏହି ଦିନ ଖୋଲାଯାଇଥାଏ ।
train/img_04546.jpg,ଗୋପୀନାଥ ମହାନ୍ତିଙ୍କ କାଳରେ ଓଡ଼ିଆ ଉପନ୍ୟାସ ଅନେକ ଉନ୍ନତ ହୋଇଛି ।
train/img_04547.jpg,ସରଫଗଡ ଡ୍ୟାମ ଏବଂ ଉଦ୍ୟାନ
train/img_04548.jpg,ଏହା ନେପାଳର ଦ୍ୱିତୀୟ ସର୍ବାଧିକ କଥିତ ଭାଷା (ପାଖାପାଖି ୧୨ )
train/img_04549.jpg,କାଳକ୍ରମେ ସେହିସବୁ ରାଜ୍ୟ ମୟୂରଭଞ୍ଜରୁ ବିଚ୍ଛିନ୍ନ ହୋଇଯାଇଛି ।
train/img_04550.jpg,ସୂର୍ଯ୍ୟ ନାରାୟଣ
train/img_04551.jpg,"ଦାନ, ବ୍ରତ, ତପସ୍ୟା, ଯଜ୍ଞ ଏସମସ୍ତ ଅପେକ୍ଷା ସଙ୍କୀର୍ତ୍ତନ ଅଧିକତମ ଫଳପ୍ରଦ ଓ ମୁକ୍ତିପ୍ରଦ ଅଟେ ।"
train/img_04552.jpg,ସେହି କବିତାଗୁଡିକୁ ସାହିତ୍ୟିକ ମହଲରୁ ଅନେକ ପ୍ରଶଂସା କରାଯାଇଥିଲା ।
train/img_04553.jpg,ପ୍ରାକୃତିକ ଗଠନ
train/img_04554.jpg,"ତୋ ପ୍ରେମ କରି ଭରସା, ଛାଡ଼ିଲି ମୁଁ କୁଳ ଆଶା"
train/img_04555.jpg,ରାଣୀଡୁଡୁମା : ନନ୍ଦପୁର ବ୍ଲକ ଅନ୍ତର୍ଗତ କୁଟୁଣିମାଳ ପାହାଡ଼ ନିକଟସ୍ଥ ଏକ ଛୋଟ ଜଳପ୍ରପାତ।
train/img_04556.jpg,"କଳା, ସ୍ଥାପତ୍ୟ ପାଇଁ ଏ ଭୂମି ସାରା ଦେଶରେ ସୁଖ୍ୟାତ।"
train/img_04557.jpg,ଚତୁର୍ଦ୍ଦଶରୁ ଷୋଡଶ ଶତାବ୍ଦୀ ପର୍ଯ୍ୟନ୍ତ କବିମାନେ ସଂସ୍କୃତରୁ ବିଭିନ୍ନ ପୁରାଣର ଓଡ଼ିଆ ଅନୁବାଦ କରିଥିଲେ ।
train/img_04558.jpg,ବାଲେଶ୍ୱର ସ୍କୁଲ ଅଫ ଇଞ୍ଜିନିଅରିଙ୍ଗ - -
train/img_04559.jpg,"ଏହି ଝୁମର ଓଡ଼ିଆ, କୁର୍ମାଳି, ବଙ୍ଗଳା, ନାଗପୁରିଆ, ମୁଣ୍ଡାରୀ, ହୋ, ଖୋର୍ ଠା, ପାଜ୍ଞପରଗନିଆ ଆଦି ଭାଷାରେ ପରିଦୁଷ୍ଟ ।"
train/img_04560.jpg,ଲୋକ ସଭା ସାଂସଦ
train/img_04561.jpg,୧୮୧୭ ପର୍ଯ୍ୟନ୍ତ ସେତେବେଳେ ସମ୍ବଲପୁରର ବିଭିନ୍ନ ଅଞ୍ଚଳ କେତେକ ବିଞ୍ଝାଲ ରାଜା ଓ ଜମିଦାରଙ୍କ ଅଧୀନରେ କରଦ ରାଜ୍ୟ ଭାବରେ ଶାସିତ ହୋଇ ଆସୁଥିଲା ।
train/img_04562.jpg,ସ୍ୱାଧୀନତା ଏବଂ ପ୍ରାରମ୍ଭିକ ବିସ୍ତାର
train/img_04563.jpg,"କାହ୍ନୁ ପା, ଲୁଇ ପା, ସବରି ପା, ହାଡି ପା, କୁକୁରି ପା ଏହି କାଳର କବି ।"
train/img_04564.jpg,ଲୋକକଳା
train/img_04565.jpg,"ସହର ଭୋଟର ସଂଖ୍ୟା ରହିଛି ୨୩,୪୮୫ ।"
train/img_04566.jpg,ଏହି ମଠର ମହନ୍ତ ରଥଯାତ୍ରା ଓ ବାହୁଡା଼ ଯାତ୍ରା ସମୟରେ ଚାମର ଓ ଆଲଟ ସେବା କରିବାର ଅଧିକାର ରହିଛି।
train/img_04567.jpg,ଏଥି ଉପରେ ପାରାଭାଡି ଭୂଇଁ ୩ ଚଉଠ ୮ଅଙ୍ଗୁଳରେ ଚଉତାଳ କରି ବସାଇବ।
train/img_04568.jpg,ରାଜ୍ୟର ପମୁଖ ବାଣିଜ୍ୟିକ କେନ୍ଦ୍ର ହୋ ଇଥିବାରୁ ଏହା ମଧ୍ୟ ରେଳପଥଦ୍ୱାରା ଉତ୍ତମ ରୂପେ ସଂଯୁକ୍ତ ।
train/img_04569.jpg,"ପରିବା, ପିଆଜ ପଞ୍ଚଫୁଟଣ ଆଦି ଦେଇ ଭଜାଯାଇଥାଏ ।ଆଳୁ-କଲରା, ଆଳୁ-ପୋଟଳ, ଜହ୍ନି-ଆଳୁ, ବିଲାତି ବାଇଗଣ ଫେରି ଭଜା ଆଦି ଭଜାର ଉଦାହରଣ ଗୋଟା ଭଜା ଯଥା କଲରା, ଭେଣ୍ଡି ଆଦିରେ ପରିବାକୁ ଚିରି ବିଭିନ୍ନ ମସଲାର ପୂର ଦେଇ ତିଆରି କରାଯାଏ ।"
train/img_04570.jpg,ଜନସଂଖ୍ୟା ଓ ସାକ୍ଷରତା
train/img_04571.jpg,ଅୟୁଧ୍ୟା ରାଜ୍ୟ ଅୟୁଧ୍ୟା ସହରକୁ କେନ୍ଦ୍ର କରି ୧୩୫୦ରୁ ୧୭୬୭ ପର୍ଯ୍ୟନ୍ତ ବିଦ୍ୟମାନ ଥିଲା ଏହି ରାଜ୍ୟକୁ ଆଧୁନିକ ଥାଇଲ୍ୟାଣ୍ଡର ପୂର୍ବପୁରୁଷ ଭାବରେ ବିବେଚନା କରାଯାଏ ।
train/img_04572.jpg,"ବିଭିନ୍ନ ମହଲରୁ ଏକ ଉଚ୍ଚ ନ୍ୟାୟାଳୟର ପ୍ରତିଷ୍ଠା ନିମନ୍ତେ ଜନସାଧାରଣଙ୍କ ଦାବି କ୍ରମେ ଭାରତ ସରକାରଙ୍କ ଆଇନ ବିଭାଗ (ରିଜୋଲ୍ୟୁସନ୍ ତାରିଖ: ୧୯୪୨ ଅଗଷ୍ଟ ୧୯)ଦ୍ୱାରା ଓଡ଼ିଶାରେ ଉଚ୍ଚନ୍ୟାୟାଳୟର ଆବଶ୍ୟକତା ଅନୁଧ୍ୟାନ କରିବା ପାଇଁ ବୀର କିଶୋର ରାୟଙ୍କୁ ଅଧ୍ୟକ୍ଷ, ସି ଏମ୍ ଆଚାର୍ଯ୍ୟ, ବିଚିତ୍ରାନନ୍ଦ ଦାଶ ଓ ନରସିଂହ ରାଓଙ୍କୁ ସଭ୍ୟ ଭାବେ ନେଇ ଏକ କମିଟି ସ୍ଥାପନ କଲେ ।"
train/img_04573.jpg,"ଲଇଖଣ: ଲକ୍ଷ୍ମଣ, ପୁରାତନ ଓଡ଼ିଆ"
train/img_04574.jpg,ବିମାନ (ମୁଖ୍ୟ ମନ୍ଦିର ବା ଗର୍ଭଗୃହ)
train/img_04575.jpg,ପହଣ୍ଡି ଶେଷ ହେବାପରେ ପୁଷ୍ପାଳକ ମହାଜନମାନେ ମଦନମୋହନଙ୍କୁ ଜଗନ୍ନାଥ ରଥରେ ଓ ରାମକୃଷ୍ଣ ବିଗ୍ରହ ଦ୍ୱୟଙ୍କୁ ବଳଭଦ୍ରଙ୍କ ରଥରେ ବିଜେ କରାଇଥାନ୍ତି।
train/img_04576.jpg,ବୌଦ୍ଧ ଜିଲ୍ଲା
train/img_04577.jpg,"ଏହି ଉତ୍ସବ ସାବରଙ୍ଗ, ଚୁଡ଼ଙ୍ଗପୁରର ରଙ୍ଗଢ଼ାଉ, ବାସୁଦେବପୁର, କିସ୍ମତ କୃଷ୍ଣପୁର, ଧାମନଗର ଆଦି ଅଞ୍ଚଳରେ ଜାକଜମକରେ ପାଳିତ ହୋଇଥାଏ।"
train/img_04578.jpg,ଏହାର କିଛିମାସ ମରେ ୧୨ ମାର୍ଚ୍ଚ ୧୯୯୩ରେ ପୂର୍ବ ନିଯୋଜିତ ବମ ବିସ୍ଫୋଟ ସହରକୁ ଦୋହଲେଇଦେଇଥିଲା।
train/img_04579.jpg,ଆମେରିକୀୟ ବିପ୍ଳବ ତେରଟି କଲୋନୀକୁ ବ୍ରିଟିଶ ସାମ୍ରାଜ୍ୟରୁ ପୃଥକ କରିଥିଲା ଏବଂ ଆଧୁନିକ ଇତିହାସରେ ଏକ ୟୁରୋପୀୟ ଶକ୍ତି ବିରୁଦ୍ଧରେ ଏକ ଅଣ-ୟୁରୋପୀୟ ସଂସ୍ଥାଦ୍ୱାରା ସ୍ୱାଧୀନତାର ପ୍ରଥମ ସଫଳ ଯୁଦ୍ଧ ଥିଲା ଅଷ୍ଟାଦଶ ଶତାବ୍ଦୀ ସୁଦ୍ଧା ଆମେରିକୀୟ ଜ୍ଞାନକୌଶଳ ଏବଂ ଉଦାରବାଦୀତାର ରାଜନୈତିକ ଦର୍ଶନ ନେତାମାନଙ୍କ ମଧ୍ୟରେ ବ୍ୟାପିଗଲା।
train/img_04580.jpg,ଏହା ଉତ୍କଳର ନରପତି ଲାଙ୍ଗୁଳା ନରସିଂହ ଦେବଙ୍କ ଦେଇ ନିର୍ମିତ ।
train/img_04581.jpg,ଓଡ଼ିଶା ପ୍ରଚୀନ ସମୟରେ କଳିଙ୍ଗ ନାମରେ ଜଣାଶୁଣା ଥିଲା ।
train/img_04582.jpg,ଅଞ୍ଚଳ
train/img_04583.jpg,ଜଷ୍ଟିସ୍ ବୀର କିଶୋର ରାୟ ଓଡ଼ିଶା ଉଚ୍ଚ ନ୍ୟାୟାଳୟର ପ୍ରଥମ ମୁଖ୍ୟ ବିଚାରପତି ହେଲେ ।
train/img_04584.jpg,ଓଡ଼ିଶାରେ ବାସ କରୁଥିବା ୬୨ପ୍ରକାର ଅନୁସୂଚିତ ଜନଜାତି ମଧ୍ୟରୁ ୫୩ପ୍ରକାର ଅନୁସୂଚିତ ଜନଜାତି ମୟୂରଭଞ୍ଜ ଜିଲ୍ଲାରେ ବସବାସ କରନ୍ତି ।
train/img_04585.jpg,ଅର୍ଧନାରୀଶ୍ବର ମୂର୍ତ୍ତି (ନରଣପୁର କେନ୍ଦୁଝର)
train/img_04586.jpg,ରଥକାଠ ପୁରୀରେ ପହଞ୍ଚିବା (ରଥଖଳାରେ ଅନୁକୂଳ ପୂଜା) - ଶ୍ରୀପଞ୍ଚମୀ
train/img_04587.jpg,ଶ୍ରୀ ଜଗତେଶ୍ୱର ନାରାୟଣ ଭଞ୍ଜ (୧୭୫୮-୧୭୬୨)
train/img_04588.jpg,ଧରଣୀ ମାତା ଶସ୍ୟଶ୍ୟାମଳାପୂର୍ଣ୍ଣ ହେବା ପାଇ ପ୍ରାଥମିକ ପ୍ରସ୍ତୁତି ଭାବେ ରଜ ତିନିଦିନ ବିଶ୍ରାମ ମିଳିଥାଏ ତାଙ୍କୁ ।
train/img_04589.jpg,ମାଲକାନଗିରି ଜିଲ୍ଲାର ସରକାରୀ ପୃଷ୍ଠା
train/img_04590.jpg,କନକମୁଣ୍ଡି ମରାମତି କରିବା କାର୍ଯ୍ୟ ଏହି ମଠର ଦାୟିତ୍ୱ ଅଟେ।
train/img_04591.jpg,ଇଣ୍ଡିଆନ ରେଆର ଆର୍ଥ (ଆଇ ଆର ଈ ) ଛତ୍ରପୁର
train/img_04592.jpg,ଜାମସେଦପୁରର ସାକ୍ଷରତା ହାର ୭୬ ୧୩ ଅଟେ ।
train/img_04593.jpg,ଖ୍ରୀଷ୍ଟପୂର୍ବ ଦ୍ୱିତୀୟ ଶତାବ୍ଦୀରେ ଓଡ଼ିଶୀର ଇତିହାସ ଉଦୟଗିରିର ରାଣୀଗୁମ୍ଫାରୁ ମିଳିଥିବା ପୋଥିରୁ ଜଣାଯାଏ ।
train/img_04594.jpg,ଜାତୀୟ ରାଜପଥ-୫/ଜଗନ୍ନାଥ ସଡ଼କ କଲିକତାରୁ ଚେନ୍ନାଇ ଯାଇଛି ଓ ଚାରି ଲେନବାଲା ଜାତୀୟ ରାଜପଥ-୬୦ ବାଲେଶ୍ୱରରୁ କଲିକତା ଯାଇଛି ।
train/img_04595.jpg,ଇତି ହେରା ଯାତ୍ରା ।
train/img_04596.jpg,ତୃତୀୟ ଅନଙ୍ଗଭୀମ ଦେବ (୧୨୧୧-୧୨୩୮) ଜଗନ୍ନାଥଙ୍କୁ ଉତ୍କଳର ପ୍ରକୃତ ରାଜା ଓ ନିଜକୁ ତାଙ୍କର ଜନୈକ ଅକିଞ୍ଚନ ସେବକ ଭାବେ ସର୍ବପ୍ରଥମେ ଘୋଷଣା କରିଥିଲେ।
train/img_04597.jpg,ସେଇ ବିଶ୍ୱାସର ନିଦର୍ଶନ ସ୍ୱରୂପ ଅଗିରା ପୁନେଇଁ ପରଦିନ ଏଠାରେ ଗୁଣ୍ଡୁଣିଯାତ୍ରା ଅନୁଷ୍ଠିତ ହୁଏ।
train/img_04598.jpg,କେବଳ ଆଲୋଚନାର ସୁବିଧା ନିମନ୍ତେ ଏଠାରେ ସେଗୁଡ଼ିକର ନାମୋଲ୍ଲେଖ କରାଗଲା ।
train/img_04599.jpg,"୧୬୬୧ରେ ଏହାର ଜନସଂଖ୍ୟା ମାତ୍ର ୧୦୦୦୦ ଥିଲା, ଯାହାକି ୧୬୭୫ରେ ୬୦୦୦୦ ହେଇଗଲା।"
train/img_04600.jpg,ହିନ୍ଦୁ ଧର୍ମର ଇତିହାସ ବହୁତ ପ୍ରାଚୀନ।
train/img_04601.jpg,"ତନ୍ମଧ୍ୟରୁ ଶଙ୍କର, ରାମାନୁଜ, ନିମ୍ବାର୍କ, ମାଧବାଚାର୍ଯ୍ୟ, ବଲ୍ଲଭାଚାର୍ଯ୍ୟ, କବୀର, ଗୁରୁ ନାନକ, ଚୈତନ୍ୟ ଆଦି ପ୍ରଧାନ ।"
train/img_04602.jpg,ଏଠାରେ ଅନ୍ୟାନ୍ୟ ଗୁମ୍ଫାଗୁଡ଼ିକ ମଧରୁ ଦ୍ୱିତଳ ବିଶିଷ୍ଟ ରାଣୀଗୁମ୍ଫା ଓ ସୁବର୍ଣ୍ଣପୁରୀ-ମଞ୍ଜପୁରୀ କଳାତ୍ମକ ଦୃଷ୍ଟିରୁ ପ୍ରଧାନ ।
train/img_04603.jpg,ମହାବିଦ୍ୟାଳୟ ଓ ବିଶ୍ୱବିଦ୍ୟାଳୟ
train/img_04604.jpg,"ସମୁଦାୟ ଆୟତନ ୬,୭୦୨ ବର୍ଗ କି ମି ।"
train/img_04605.jpg,ଧରଣୀ ମାତା ଶସ୍ୟଶ୍ୟାମଳାପୂର୍ଣ୍ଣ ହେବା ପାଇ ପ୍ରାଥମିକ ପ୍ରସ୍ତୁତି ଭାବେ ରଜ ତିନିଦିନ ବିଶ୍ରାମ ମିଳିଥାଏ ତାଙ୍କୁ ।
train/img_04606.jpg,୧୮୦୩ ଖ୍ରୀ - ବ୍ରିଟିଶମାନଙ୍କର ଓଡ଼ିଶା ଅଧିକାର(ଏହା ବ୍ରିଟିଶ ଅଧିକୃତ ଶେଷ ଭାରତୀୟ ରାଜ୍ୟ) ।
train/img_04607.jpg,ଓଡ଼ିଶାରେ ଥିବା କ୍ରୀଡ଼ା ଷ୍ଟାଡ଼ିୟମଗୁଡ଼ିକ ମଧ୍ୟରେ ଅନ୍ତର୍ଭୁକ୍ତ :
train/img_04608.jpg,"ମହାବିଦ୍ୟାଳୟ ଓ ସ୍ୱାସ୍ଥକେନ୍ଦ୍ର, ପୁରୀ"
train/img_04609.jpg,"ଅବଶ୍ୟ, ସିନେଟ୍ ଏହାକୁ ଅନୁମୋଦନ କରିବାକୁ ମନା କରିଦେଇଥିଲା ଏବଂ ଲିଗ୍ ଅଫ୍ ନେସନ୍ସ ପ୍ରତିଷ୍ଠା କରିଥିବା ଭର୍ସେଲ୍ସ ଚୁକ୍ତିନାମାକୁ ଅନୁମୋଦନ କରିନଥିଲା।"
train/img_04610.jpg,ଜନସଂଖ୍ୟା ଓ ସାକ୍ଷରତା
train/img_04611.jpg,"ଓଡ଼ିଶାର ମଧ୍ୟଯୁଗୀୟ ପୁରାକୀର୍ତ୍ତିଗୁଡ଼ିକ ମଧ୍ୟରୁ କଟକର ଦେୱାନ ବଜାର ମସଜିଦ, ବାଲୁବଜାର ମସଜିଦ, କଦମ ରସୁଲ, କାଳିଆବୋଦା ଗୁରୁଦ୍ୱାରା ଏବଂ ପୁରୀର ବାଉଳି ମଠ ଅନ୍ୟତମ ।"
train/img_04612.jpg,ତାଙ୍କର ପୁତ୍ର ଭରତ ଲୋକପ୍ରିୟ ଓ ପ୍ରଜାପାଳକ ରାଜାଥିଲେ।
train/img_04613.jpg,ଖ୍ରୀ ଅ ୩ ଯ ଶତାବ୍ଦୀରେ କଳିଙ୍ଗର ରାଜା ବାଲୁକେଶ୍ୱରଙ୍କ ସମୟରେ ସଧବପୁଅମାନେ ବାଲି ଦ୍ୱୀପ ସହିତ ଯେତେବେଳେ ବେପାର ବଣିଜ କରୁଥିଲେ ସେତେବେଳେ ମଧ୍ୟ ଏହାର ନାମ ବାଲେଶ୍ୱର ଥିଲା ।
train/img_04614.jpg,ପାଞ୍ଚକୋଶ ଆୟତନରୁ ପ୍ରାୟ ଅର୍ଦ୍ଧଭାଗ ସମୁଦ୍ର ଜଳରେ ନିମଗ୍ନ ଏବଂ ଉପରିଭାଗର ଆକୃତି ଶଙ୍ଖ ସଦୃଶ ।
train/img_04615.jpg,ପୁର ପଲ୍ଲୀରେ ଏହା ବଡ଼ ଡାକ୍ତରଖାନା ଭାବେ ପରିଚିତ।
train/img_04616.jpg,ଲୋକ ସଭାର ସଞ୍ଚାଳନ ଅଧ୍ୟକ୍ଷ ଓ ରାଜ୍ୟ ସଭାର ସଞ୍ଚାଳନ ଉପ ରାଷ୍ଟ୍ରପତି କରିଥାନ୍ତି।
train/img_04617.jpg,"ଲିଆ, ପଣା ତଥା ମୁଗସିଝା ଏମାନଙ୍କର ଖାଦ୍ୟ ।"
train/img_04618.jpg,ଏହି ତିନିଗୋଟି ରଥ ମାଳିନୀ ବା ବଡ଼ ନଈର ଉତ୍ତର ଭୂମିରେ ଆଡ଼ପ ମଣ୍ଡପ ବା ଗୁଣ୍ଡିଚା ଘରକୁ ଯାଉଥିଲା ।
train/img_04619.jpg,ସୁଆଙ୍ଗବେଳେ ଚରିତ୍ରକୁ ଚାହିଁ ବେଶ ପୋଷାକ ପିନ୍ଧିଥାନ୍ତି ।
train/img_04620.jpg,ଡ଼ାହୁକା ଡ଼ାହୁକୀ ସ୍ୱରେ
train/img_04621.jpg,ଖ୍ରୀ ପୂ ୧୮୦୦- ଏ ପର୍ଯ୍ୟନ୍ତ
train/img_04622.jpg,ଏହି ଜିଲ୍ଲାର ଉତ୍ତରରେ ସମ୍ବଲପୁର ଜିଲ୍ଲା ଅବସ୍ଥିତ ଏବଂ ଦକ୍ଷିଣ ଓ ଦକ୍ଷିଣ-ପୂର୍ବରେ ବୌଦ୍ଧ ଜିଲ୍ଲା ଅବସ୍ଥିତ ଏବଂ ପଂଶ୍ଚିମରେ ବଲାଙ୍ଗିର ଜିଲ୍ଲା ଅବସ୍ଥିତ ।
train/img_04623.jpg,"ଶ୍ରୀକ୍ଷେତ୍ରପାଳ ମହାଦେବଙ୍କ ମନ୍ଦିରରେ ନନ୍ଦୀ, ଭ୍ରୁକୁଟି, ବୃଷଭ, କୀର୍ତ୍ତି ମୁଖ କେହି ନ ଥିଲେ ମଧ୍ୟ ଶ୍ରୀମହାଲକ୍ଷ୍ମୀ ଓ ଜୟ ବିଜୟ ସ୍ଥାପିତ ହୋଇ ପୂଜା ପାଉଛନ୍ତି ।"
train/img_04624.jpg,ଓଡ଼ାପଡ଼ା: ୨୫ ପଞ୍ଚାୟତ ଓ ୩ଟି ଜିଲ୍ଲା ପରିଷଦ ଜୋନ
train/img_04625.jpg,କଟକର ବିଦ୍ୟାଳୟଗୁଡ଼ିକ ପୁରାତନ ଓ ପ୍ରାୟତ ସମସ୍ତଙ୍କ କିଛି ନ କିଛି ଗୌରବମୟ ଈତିହାସ ରହିଛି।
train/img_04626.jpg,କେତେକ ଗବେଷକଙ୍କ ମତରେ ଏହା ପାହୁଣ୍ଡ ଶବ୍ଦର ଅପଭ୍ରଂଶ ।
train/img_04627.jpg,ଅଷ୍ଟମ ଶତାବ୍ଦୀରୁ ଅଧିକ ସମୟ ଧରି କଟକ ଓଡ଼ିଶାର ରାଜଧାନୀ ରହିବା ପରେ ୧୩ ଅପ୍ରେଲ ୧୯୪୮ରେ ଭୁବନେଶ୍ୱରକୁ ଓଡ଼ିଶାର ନୂତନ ରାଜଧାନୀ ଭାବେ ଘୋଷଣା କରାଯାଇଥିଲା ।
train/img_04628.jpg,"କାର୍ତ୍ତିକ ପୂର୍ଣ୍ଣିମାରେ ଚାନ୍ଦବାଲି, ଚୂଡ଼ାମଣି ଓ ବାଉଦପୁରରେ ସାଧବ ପୁଅର ସ୍ମୃତିକୁ ମନେ ପକାଇବାପାଇଁ ବାଲିଯାତ୍ରା ସାତଦିନବ୍ୟାପି ପାଳନ କରାଯାଏ।"
train/img_04629.jpg,୧୯୩୬ ଏପ୍ରିଲ ପହିଲାରେ ଓଡ଼ିଶା ଏକ ସ୍ୱତନ୍ତ୍ର ପ୍ରଦେଶ ହେବା ସତ୍ତ୍ୱେ ଓଡ଼ିଶାରେ ଏକ ଉଚ୍ଚ ନ୍ୟାୟାଳୟର ବ୍ୟବସ୍ଥା ନ ଥିଲା ।
train/img_04630.jpg,ବାଲେଶ୍ୱରର ଅନଲାଇନ ପୋର୍ଟାଲ - -
train/img_04631.jpg,"ସେମାନେ ସେମାନଙ୍କର ""ଇଂରାଜୀ ଭାବରେ ଅଧିକାର"" ଏବଂ ""ପ୍ରତିନିଧିତ୍ୱ ବିନା ଟିକସ"" ଦାବି କରିଥିଲେ।"
train/img_04632.jpg,ଇନ୍ଧନ
train/img_04633.jpg,"ବିଧାନ ସଭା ପାଞ୍ଚ ବର୍ଷର ସମୟସୀମା ପୂର୍ବରୁ ଭାଙ୍ଗିଗଲେ , ବାଚସ୍ପତି ପଦ ଶୂନ୍ୟ ରହେନାହିଁ ।"
train/img_04634.jpg,ଏହି ଉଦ୍ୟାନରେ ଚିତାବାଘ ଭଳି ପଶୁ ମଧ୍ୟ ମିଳିଯା'ନ୍ତି।
train/img_04635.jpg,"ଯଯାତି କେଶରୀ କଳିଙ୍ଗ, କୋଶଳ ଓ ଉତ୍କଳକୁ ଏକତ୍ର କଲେ ।"
train/img_04636.jpg,"ଏଥିରେ ଭାରତର ଏକ କୋଇଲାର ଏକ ପଞ୍ଚମାଂଶ, ଏହାର ଏକ ଚତୁର୍ଥାଂଶ ଲୁହାପଥର, ବକ୍ସାଇଟ୍ ଭଣ୍ଡାରର ଏକ ତୃତୀୟାଂଶ ଏବଂ କ୍ରୋମାଇଟ୍ ରହିଛି"
train/img_04637.jpg,"ଅନ୍ୟ ମୁଖ୍ୟ ସହରମାନେ ହେଲେ କଟକ, ବ୍ରହ୍ମପୁର, ରାଉରକେଲା, ସମ୍ବଲପୁର, ବାଲେଶ୍ୱର, ବାରିପଦା, ବଲାଙ୍ଗୀର ଇତ୍ୟାଦି ।"
train/img_04638.jpg,"ବିଗତ କିଛି ବର୍ଷ ଧରି ଇନଫର୍ମମେସନ ଟେକନୋଲଜି (ଆଇ ଟି ),ପେଟ୍ରୋଲିୟମ, , ପର୍ଯ୍ୟଟନ, ନୌବାଣିଜ୍ୟ, ଖାଦ୍ୟ ପ୍ରକ୍ରିୟାକରଣ ଆଦି ଶିଳ୍ପରେ ଦ୍ରୁତ ଅଗ୍ରଗତି ଘଟୁଛି।"
train/img_04639.jpg,ମାହାରି ସମ୍ମାନ
train/img_04640.jpg,ଶବ୍ଦାର୍ଥ
train/img_04641.jpg,ବନ୍ଦର ଓ ବେଳାଭୂମି
train/img_04642.jpg,ଓଡ଼ିଶା ଭାରତର ପୂର୍ବାଭାଗରେ ଅଛି ।
train/img_04643.jpg,"ପଦ୍ମ ପୁରାଣ, ଏକାମ୍ର ପୁରାଣ, ଶିବ ପୁରାଣ, କପିଳ ସଂହିତା, ଶିବ ସଂହିତା, ପ୍ରାଚୀ ମାହାତ୍ମ୍ୟ ଆଦି ଗ୍ରନ୍ଥରେ ଏକାମ୍ର କ୍ଷେତ୍ରର ମାହାତ୍ମ୍ୟ ବିସ୍ତୃତ ଭାବେ ବର୍ଣ୍ଣିତ ।"
train/img_04644.jpg,"ସେ ତାଙ୍କ ଜୀବନ କାଳରେ ଅନେକ ସଂଗଠନ, ଅନୁଷ୍ଠାନ, ଇତ୍ୟାଦି ଗଠନ କରିଥିଲେ, ତନ୍ମଧ୍ୟରୁ ଅଖିଳ ଭାରତୀୟ ଦୁଃଖୀ ସମାଜ, ଭଦ୍ରକ ଏଡୁକେସନ ଫୋରମ୍ ( ) ଅନ୍ୟତମ।"
train/img_04645.jpg,ଘୁମୁରା ନାଚ ସମୟରେ ଏକ ଘୁମୁରା ବାଦ୍ୟ ବଜାଯାଇଥାଏ ।
train/img_04646.jpg,ଗ୍ରାମ ପଞ୍ଚାୟତ: ୧୭୧
train/img_04647.jpg,"ପୁରୀର ନାମ ମାର୍କଣ୍ଡେୟ ପୁରାଣରେ ଥିଲେ ମଧ୍ୟ ଏହାର ସର୍ବପ୍ରାଚୀନ ନାମ ""ଅନ୍ତର୍ବେଦୀ' ମହାଭାରତ ବନ ପର୍ବରେ ଅନ୍ତର୍ବେଦୀ ମିତିଖ୍ୟାତମ ଆସିଅଛି।"
train/img_04648.jpg,ମହିଳା: ୪୭ ୨୭
train/img_04649.jpg,ଏହାର ୬୦ ଅଞ୍ଚଳ ଜଙ୍ଗଲଦ୍ୱାରା ଘେରା ।
train/img_04650.jpg,ବିଶ୍ୱବିଖ୍ୟାତ ବାଲୁକାଶିଳ୍ପୀ ସୁଦର୍ଶନ ପଟ୍ଟନାୟକ ବିଶ୍ୱବ୍ୟାପୀ ଏହି ଓଡ଼ିଆ କଳାକୁ ଲୋକପ୍ରିୟ କରାଇଛନ୍ତି ।
train/img_04651.jpg,ବାଲେଶ୍ୱର ଜିଲା ପ୍ରାଚୀନ କଳିଙ୍ଗର ଏକ ମୁଖ୍ୟ ଭାଗ ଥିଲା ।
train/img_04652.jpg,"ସେ ବଡ଼ଛତା ମଠର ଇଷ୍ଟଦେବତା ଅଟନ୍ତି।ଏହି ମୂର୍ତ୍ତି ପାଷାଣରେ ନିର୍ମିତ।ମହାପ୍ରଭୁଙ୍କ ଦାରୁ କେବେ କେମିତି ନବକଳେବର ହୁଅନ୍ତି।ସ୍ନାନ ପୂର୍ଣ୍ଣିମା ଓ ଅଣସର ସମୟରେ ଦୋଳମଣ୍ଡପ ସାହିର ଚିତ୍ରକରମାନେ ମହାପ୍ରଭୁଙ୍କୁ ବନକଲାଗି କରିଥାନ୍ତି।ଆଶ୍ରମର ପ୍ରବେଶ ପୂର୍ବରୁ ସପ୍ତର୍ଷିମଣ୍ଡଳସ୍ଥ ଋଷିଗଣ ଯଥା:- ଅତ୍ରି, ଆଙ୍ଗିରା, ବଶିଷ୍ଠ, ମରୀଚି, କ୍ରତୁ, ପୁଲହ, ପୁଲସ୍ତ୍ୟ ଆଦିଙ୍କ ଚିତ୍ର ଦୃଷ୍ଟି ପଥରେ ପଡ଼େ।ବଡ଼ଛତା ମଠ ଏହି ଆଶ୍ରମକୁ ""ବଡ଼ଛତା"" ଶାଖା ""ଆଙ୍ଗିରାମଠ"" ନାମକରଣ କରିଛନ୍ତି।ଆଶ୍ରମର ଅଗଣାରେ ଏକ କୂପ ରହିଛି ଯାହାକି ବ୍ୟବହାର ସୁଅନୁପଯୋଗୀ ।ବର ଅଶ୍ୱତ୍ଥ ବୃକ୍ଷର ସନ୍ଧି ସ୍ଥଳରେ ଭକ୍ତମାନେ କେତୋଟି ଶିବଲିଙ୍ଗ ସ୍ଥାପନା କରିଛନ୍ତି।ଏହି ଆଶ୍ରମର ଗମ୍ଭୀରାରେ ଗରୁଡ଼ କରଯୋଡ ମୁଦ୍ରାରେ ବିଦ୍ୟମାନ ହୋଇଛନ୍ତି।ପ୍ରତିବର୍ଷ ଶ୍ରାବଣ ପୂର୍ଣ୍ଣିମା ବା ରାକ୍ଷୀ ପୂର୍ଣ୍ଣିମା ତିଥିରେ ଶ୍ରୀସୁଦର୍ଶନ ବିମାନରେ ବସି ବିମାନବଡୁ ସେବକମାନଙ୍କ କାନ୍ଧରେ ଏଠାକୁ ମହାପ୍ରଭୁଙ୍କୁ ରକ୍ଷାବନ୍ଧନର ସାକ୍ଷୀ ରହିବା ପାଇଁ ଆସିଥାନ୍ତି।ଏଠାରେ ତାଙ୍କ ଭବ୍ୟ ସମ୍ବର୍ଦ୍ଧନା, ଉପାସନା ହେବା ସହିତ ସାହିର ଭକ୍ତମାନଙ୍କ ତରଫରୁ ପନ୍ତି ଭୋଗ ସମର୍ପଣ କରାଯାଇଥାଏ।ପୂର୍ବେ ଚକ୍ରରାଜ ସୁଦର୍ଶନ ଆଶ୍ରମକୁ ପରିକ୍ରମା କରିବାର ପରମ୍ପରା ଥିଲା କିନ୍ତୁ ଏବେ ଆଶ୍ରମର ଚତୁଃପାର୍ଶ୍ୱ ଆବର୍ଜନାରେ ପୂର୍ଣ୍ଣ ହୋଇଥିବାରୁ ଏହି ପରମ୍ପରା ଆଉ ପାଳନ ହେଉନାହିଁ।ଶ୍ରୀସୁଦର୍ଶନ କୁମାର ପୂର୍ଣ୍ଣିମା ରାତ୍ରିକାଳରେ ଏଠାରେ ବିଜେ ହୋଇ ପନ୍ତି ଭୋଗ ମଣୋହି କରନ୍ତି।ଶ୍ରୀଜଗନ୍ନାଥଙ୍କ ଶ୍ରୀଭୂଜରେ ଶୋଭା ପାଉଥିବା ସ୍ୱର୍ଣ୍ଣ ସୁଦର୍ଶନ ଚକ୍ର ମଧ୍ୟ ଏହି ଆଶ୍ରମକୁ ଶ୍ରାବଣ କୃଷ୍ଣ ଏକାଦଶୀ ବା ଚକ୍ର ବୁଲା ଏକାଦଶୀ ତିଥିରେ ବିଜେ ହୋଇଥାନ୍ତି ଓ ମୁନିଋଷିଙ୍କୁ ସମ୍ବର୍ଦ୍ଧିତ କରିଥାନ୍ତି।ଭକ୍ତମାନେ ଚକ୍ରରାଜଙ୍କୁ ପନ୍ତି ଭୋଗ ସମର୍ପଣ କରିଥାନ୍ତି।ମାର୍ଗଶୀର ମାସ ପୂର୍ଣ୍ଣିମା ବା ବା ପଣ୍ଡୁ ପୂର୍ଣ୍ଣିମାରେ ପଣ୍ଡୁ ନୃସିଂହ ଏବଂ ଶ୍ରାବଣ କୃଷ୍ଣ ଅଷ୍ଟମୀ ତିଥିରେ ବାଡ଼ି ନୃସିଂହ ଏହି ଆଶ୍ରମରେ ବିଜେ ହୋଇଥାନ୍ତି ଓ ଋଷି ଏବଂ ଭକ୍ତମାନଙ୍କୁ ସଂଖୋଳି ଅଭୟ ପ୍ରଦାନ କରନ୍ତି।ସେତେବେଳେ ଦିଅଁଙ୍କ ପାଇଁ ପନ୍ତି ଭୋଗର ଆୟୋଜନ କରାଯାଇଥାଏ।"
train/img_04653.jpg,ଖ୍ରୀ ପୂ ୧୫୦୦-୧୮୦୦
train/img_04654.jpg,"ଭାରତର ସମାଜିକ ବ୍ୟବସ୍ଥାରେ ଦଳିତମାନେ ନିମ୍ମନତ୍ତର/ଅବହେଳିତ,ଭଗବାନଙ୍କ ପୂଜା ସ୍ଥାନରେ, ଓ ବିଭିନ୍ନ କାର୍ଯ୍ୟରେ ଯୋଗ ଦେବାପାଇଁ ଦଳିତମାନଙ୍କୁ ଅନୁମତି ମିଳେନି, ସେ କେରଳର ଗୁରୁବାରୀ ମନ୍ଦିରକୁ ଦଳିତ ଲୋକମାନଙ୍କୁ ଯିବା ଅନୁମତି ପାଇଁ ଅଧିକାରୀଙ୍କ ପାଖରେ ସେ ଅନୁରୋଧ/ଅପିଲ କରିଥିଲେ।"
train/img_04655.jpg,ନୋବେଲ୍ ପୁରସ୍କାର ବିଜେତା ବୈଜ୍ଞାନିକ ସାର୍ ସି ଭି ରମଣ ଏଠାରେ କିଛି କାଳ କାର୍ଯ୍ୟ କରିଥିଲେ ।
train/img_04656.jpg,"ଏକ ସଂସଦୀୟ ଲୋକତନ୍ତ୍ର ହିସାବରେ, ଏହା ୬ ଗୋଟି ସ୍ୱୀକୃତିପ୍ରାପ୍ତ ଜାତୀୟ ରାଜନୈତିକ ଦଳକୁ ନେଇ ଗଠିତ ।"
train/img_04657.jpg,(ଖ) ‘‘କୋନ ମହିନା ଆୟଃ ବେଦବ୍ୟାସ ମେଲା ଲାଗେ
train/img_04658.jpg,ଅନୁଭବି କବି ସତ୍ତା ବେଳେବେଳେ ଜୀବନ ଦର୍ଶନର ଭାବାବେଗକୁ ଉଖାରି ବସିଛି ।
train/img_04659.jpg,ମୁମ୍ବାଇ ବନ୍ଦର ଭାରତର ସର୍ବଶ୍ରେଷ୍ଠ ସାମୁଦ୍ରିକ ବନ୍ଦର ।
train/img_04660.jpg,ଏହା ଶରୀର ପାଇଁ ଉପାଦେୟ ଏବଂ ଏହାର ଜଳଧାରଣ କ୍ଷମତା ଅଧିକ ।
train/img_04661.jpg,"ଜଗନ୍ନାଥ ମନ୍ଦିର (ବଡ଼ଦେଉଳ, ଶ୍ରୀମନ୍ଦିର ନାମରେ ମଧ୍ୟ ଜଣା) ଓଡ଼ିଶାର ପୁରୀ ସହରର ମଧ୍ୟଭାଗରେ ଅବସ୍ଥିତ ଶ୍ରୀଜଗନ୍ନାଥ, ଶ୍ରୀବଳଭଦ୍ର, ଦେବୀ ସୁଭଦ୍ରା ଓ ଶ୍ରୀସୁଦର୍ଶନ ପୂଜିତ ହେଉଥିବା ଏକ ପୁରାତନ ଦେଉଳ ।"
train/img_04662.jpg,ଶ୍ରୀବିଗ୍ରହମାନଙ୍କ ଏହି ପହଣ୍ଡି ବିଜେରୁ ଉତ୍କଳୀୟ ସଂସ୍କୃତିର ମହାନତାର ପରିଚୟ ମିଳେ।
train/img_04663.jpg,"ଶ୍ରୀନୀଳମାଧବ ମନ୍ଦିର ଶ୍ରୀମନ୍ଦିରର ଉତ୍ତର-ପଶ୍ଚିମ କୋଣରେ ଅବସ୍ଥିତ।ପ୍ରଥମେ ନୀଳମାଧବ ଶବର ରାଜା ବିଶ୍ୱାବସୁଙ୍କଦ୍ୱାରା ପୂଜିତ ହେଉଥିଲେ।ଶ୍ରୀଜଗନ୍ନାଥଙ୍କ ଆବିର୍ଭାବ ଆଗରୁ ଶ୍ରୀକ୍ଷେତ୍ରରେ ଅପ୍ରାକୃତିକ ନୀଳମାଧବ ମୂର୍ତ୍ତି ଗାଲ ମାଧବ ସିଂହାସନ ଉପରେ ପୂଜା କରୁଥିଲେ।ଇନ୍ଦ୍ରଦ୍ୟୁମ୍ନ ତାହାକୁ ଏଠାକୁ ସ୍ଥାନାନ୍ତରିତ କରିଛନ୍ତି।ନୀଳମାଧବ ମନ୍ଦିରର ଉଚ୍ଚତା ୩୪ ଫୁଟ୍।ଗର୍ଭଗୃହ ଓ ଜଗମୋହନ ଦୁଇ ଭାଗରେ ବିଭକ୍ତ ହୋଇଛନ୍ତି।ମନ୍ଦିରର ଉତ୍ତର ପାର୍ଶ୍ୱରେ ୨ ଫୁଟ୍ ଉଚ୍ଚତା ବିଶିଷ୍ଟ ତ୍ରିବିକ୍ରମ ପୃଥ୍ୱୀ ଦେବୀଙ୍କୁ ଏକ ପାଦରେ ଟେକି ଧରିଛନ୍ତି।ନୀଳମାଧବ ଚତୁର୍ଭୁଜ ବିଶିଷ୍ଟ ଅଟନ୍ତି।ଡାହାଣ ହସ୍ତରେ ଚକ୍ର, ତଳ ହସ୍ତରେ ପଦ୍ମ ଥିବା ବେଳେ ବାମ ଉପର ହସ୍ତରେ ଶଙ୍ଖ ଓ ନିମ୍ନ ହସ୍ତରେ ଗଦା ଧାରଣ କରିଛନ୍ତି।ନୀଳମାଧବ ବିଗ୍ରହଙ୍କର ଉଚ୍ଚତା ୨ ଫୁଟ୍ ବିଶିଷ୍ଟ ।ଅତୀବ ଭାସ୍କର୍ଯ୍ୟ ପୂର୍ଣ୍ଣ ଓ ପ୍ରାଣବନ୍ତ ଶବର ରାଜା ବିଶ୍ୱାବସୁ ଦୁଇ ହସ୍ତରେ ପାଚିଲା ଫଳ ଓ ନୈବେଦ୍ୟ ମାଧବଙ୍କୁ ଦେଉଥିବା ଓ ନିଜ ପଛେ ଶର ତୁଣି ଧରିଥିବା ଦେଖାଯାନ୍ତି।।ବିଶ୍ୱାବସୁଙ୍କ ବିଗ୍ରହ ୬ଇଞ୍ଚ ବିଶିଷ୍ଟ ।"
train/img_04664.jpg,"ବିକ୍ରମ କେଶରୀ ଆରୁଖ: ଗ୍ରାମ୍ୟ ଉନ୍ନୟନ, ସୂଚନା ଓ ଲୋକସମ୍ପର୍କ, ସଂସଦୀୟ ବ୍ୟାପାର"
train/img_04665.jpg,ତତ୍ପରେ ବଳଭଦ୍ରଙ୍କ ତାଳଧ୍ୱଜ ଓ ଶେଷରେ ଜଗନ୍ନାଥଙ୍କ ନନ୍ଦିଘୋଷ ରଥ ଟଣା ଯାଇ ଶ୍ରୀଗୁଣ୍ଡିଚା ମନ୍ଦିରର ନାକଚଣା ଦ୍ୱାର ସମ୍ମୁଖରେ ରଖାଯାଇଥାଏ।
train/img_04666.jpg,"ସହରାଞ୍ଚଳ: ୪୩,୫୯୨"
train/img_04667.jpg,ଢେଙ୍କାନାଳ:୨୭ଟି ପଞ୍ଚାୟତ(୩୮୩ ୱାର୍ଡ଼) ଓ ୪ଟି ଜିଲ୍ଲା ପରିଷଦ
train/img_04668.jpg,ସରକାରୀ ବିଭାଗ ଓ ଯୋଜନା
train/img_04669.jpg,ଓଡ଼ିଶାରେ ବୋଲାଯାଉଥିବା 'ପାଲା' ମାନ 'କବିକର୍ଣ୍ଣ' ବିରଚିତ ବଙ୍ଗଳା ପାଞ୍ଚାଳ ଛନ୍ଦରେ ରଚିତ ।
train/img_04670.jpg,ଯୋଗୀମଠର ଚିତ୍ରଲିପିରେ ନାଲଙ୍ଗୀ ରଙ୍ଗରେ ଲିଖିତ “ଠ” ଲିପି ଆଜି ପର୍ଯ୍ୟନ୍ତ ଓଡ଼ିଆ ସମେତ ସମସ୍ତ ଭାରତୀୟ ଲିପିମାଳାରେ ଅବିକଳ ଭାବରେ ବ୍ୟବହୃତ।
train/img_04671.jpg,ନଦୀ
train/img_04672.jpg,ବାଚସ୍ପତି ଶରତ କୁମାର କର ଏହି ଆଲୋଚନା ମାଧ୍ୟମରେ ସରକାରଙ୍କୁ ବିଧିବଦ୍ଧ ସର୍କୁଲାର ଜାରୀ କରି ଏହାକୁ ରାଜ୍ୟ ସଙ୍ଗୀତ ମାନ୍ୟତା ଦେବାକୁ ନିର୍ଦ୍ଦେଶ ଦେଇଥିଲେ ।
train/img_04673.jpg,"ଅବସରପ୍ରାପ୍ତ ପ୍ରଶାସନିକ ଅଧିକାରୀ କୃଷ୍ଣଚନ୍ଦ୍ର ବଡ଼ (ଆଇଏଏସ୍), ବସନ୍ତ ସ୍ୱାଇଁ (ଆଇଏଏସ୍), ଅବସରପ୍ରାପ୍ତ ବିଶେଷଜ୍ଞ ଦୁର୍ଗା ଚରଣ ଜେନା, ନାଇଜର ରେଜିଷ୍ଟ୍ରାର ଅଭୟ ନାୟକ, ସଚିବ ପ୍ରମୋଦ କୁମାର ପ୍ରତିହାରୀ (ଓଇଏସ୍), ବିଶିଷ୍ଟ ଔପନ୍ୟାସିକ ବିଭୂତି ପଟ୍ଟନାୟକଙ୍କ ସମେତ ଶତାଧିକ ଡାକ୍ତର, ଇଞ୍ଜିନିୟର ଓ ଅନ୍ୟ ପଦ ପଦବୀଧାରୀ ଏଠାରୁ ଉନ୍ନୀତ ହୋଇଯାଇଛନ୍ତି ।"
train/img_04674.jpg,"ରାମଚଣ୍ଡୀ ମନ୍ଦିର, ନାଧରା"
train/img_04675.jpg,"ମହିଳା: ୭,୮୭,୮୭୫"
train/img_04676.jpg,ଓଡ଼ିଶାରେ ପର୍ଯ୍ୟଟନ ସ୍ଥଳୀ ଭାବେ ଚିହ୍ନିତ କରାଯାଇଥିବା ୩୨୦ଟି ସ୍ଥାନ ଭିତରେ ୧୩ଟି ସ୍ଥାନ କୋରାପୁଟ ଜିଲ୍ଲାରେ ଅବସ୍ଥିତ ।
train/img_04677.jpg,ହନୁମାନ ଏହାର ଦ୍ୱାରପାଳ ଅଟନ୍ତି ।
train/img_04678.jpg,ଯାତ୍ରାର ୫ମ ଦିବସରେ କପିଳେଶ୍ୱର ସୁବର୍ଣ୍ଣ ଲକ୍ଷ୍ମୀ ଗଡା଼ଇ ହେରା ଗୋହିରୀ ବସାଇ ଆଡ଼ମ୍ବରରେ ପଞ୍ଚ ପାଣ୍ଡବଙ୍କୁ ନେଇ ହେରା ପଞ୍ଚମୀ କଲେ ।
train/img_04679.jpg,ଏହା ୧୯୩୬ ଏପ୍ରିଲ୍ ୨୮ ତାରିଖରେ ମୁକ୍ତି ଲାଭ କରିଥିଲା।
train/img_04680.jpg,ଅର୍ଥାତ୍ ରାଧା ଯମୁନାକୁ ଯିବା ସମୟରେ କଦମ୍ବ ମୂଳରେ ଶ୍ରୀକୃଷ୍ଣଙ୍କୁ ଭେଟିଲେ ।
train/img_04681.jpg,ଆଜିକାଲି ଏମାନଙ୍କ ମଧ୍ୟରୁ ଅନେକ ଖଣି-ଖାଦାନମାନଙ୍କରେ କାମକରୁଛନ୍ତି ।
train/img_04682.jpg,ଏହା ଓଡ଼ିଶାର କଳାହାଣ୍ଡି ଅଞ୍ଚଳରୁ ଏକ ଯୁଦ୍ଧ ସମୟର ନୃତ୍ୟ ଭାବେ ଆରମ୍ଭ ହୋଇ ପରେ ଏକ ଲୋକନୃତ୍ୟରେ ପରିଣତ ହୋଇଥିଲା ।
train/img_04683.jpg,ପ୍ରଥମ ଶତାବ୍ଦିରୁ ଷଷ୍ଠ ଶତାବ୍ଦି ମଧ୍ୟରେ ମେକୋଙ୍ଗ ତ୍ରିକୋଣଭୁମିରେକୁ କେନ୍ଦ୍ର କରି ଅନେକ ରାଜ୍ୟର ଅଭିବୃଦ୍ଧି ହୋଇଥିଲ।
train/img_04684.jpg,କଳିଙ୍ଗ ଯୁଦ୍ଧ
train/img_04685.jpg,"ତାହାର ଏକ ଅଂଶ ଏହିପରି ,"
train/img_04686.jpg,"-ପାଟନା - ଭବାନୀପାଟଣା , ମାଣିକପାଟଣା ଇତ୍ୟାଦି"
train/img_04687.jpg,କିଛି ପ୍ରମୁଖ ବୈଶିଷ୍ଟ୍ୟଗୁଡ଼ିକ ମଧ୍ୟରେ ରହିଛି-
train/img_04688.jpg,ସମ୍ପ୍ରତି ଶ୍ରୀ ସୁଭାଷ ସିଂ(ବିଜୁ ଜନତା ଦଳ) କଟକର ନଗରପାଳ ଅଟନ୍ତି।
train/img_04689.jpg,ଜଗତ୍ ସିଂହପୁର ପୌର ପରିଷଦ ୨୧ଟି ୱାର୍ଡକୁ ନେଇ ଗଠିତ ।
train/img_04690.jpg,କଣ୍ଢେଇରେ କଳାସୂତା ଲଗାଇ ଆଙ୍ଗୁଳି ଚାଳନାଦ୍ୱାରା ଅନେକ ପ୍ରକାରର ପ୍ରସଙ୍ଗକୁ ଚିତ୍ରଣ କରାଯାଏ।
train/img_04691.jpg,"ଏହା ନିକଟରେ ଥିବା ""କାଇମା ପାହାଡ଼""ରେ ଚାରୋଟି ଖୋଣ୍ଡାଲାଇଟ ( ) ନିର୍ମିତ ଅଖଣ୍ଡ ଖମ୍ବଦେଇ ବେଢ଼ା ହାତୀର ପଥର ଖୋଦା ମୂର୍ତ୍ତୀ ରହିଛି, ଯାହା ମୌର୍ଯ୍ୟ ଶାସନ କାଳ ଖ୍ରୀ ପୂ ୨ରେ ତିଆରି କରାଯାଇଥିଲା ।"
train/img_04692.jpg,ସୁଗନ୍ଧେ ଜନମନ ହରେ
train/img_04693.jpg,ଦିନସାରା ସମୁଦ୍ରର ୩-୪ ମାଇଲ ଯାଏଁ କେବେ ଲହଡି଼ ଆସେ ନାହିଁ ।
train/img_04694.jpg,"ତୋର ଗୁଣଗୀତ କରିଣ ଇଙ୍ଗିତ, ଗାଇି ସଂଗୀତ ଦୋହାରେ ।’’"
train/img_04695.jpg,"ଉଇକିପ୍ରକଳ୍ପ ଓଡ଼ିଆ ଉଇକିପିଡ଼ିଆ ଭିତରେ ନୂଆ ନୂଆ ପ୍ରକଳ୍ପ ମାଧ୍ୟମରେ ଏକ ନିର୍ଦ୍ଦିଷ୍ଟ ବିଭାଗରେ ଲେଖା, ଛବି ତଥା ଅନ୍ୟାନ୍ୟ ମାଧ୍ୟମକୁ ଆଣିବାର ଏକ ପ୍ରଚେଷ୍ଟା ।"
train/img_04696.jpg,"ନାଟୁଆମାନେ ମୁହଁରେ ମଧ୍ୟ ଶୃଙ୍ଗାର କରିଥାନ୍ତି, ଆଖିରେ ସୁରମା ଓ ମୁହଁରେ କୁଙ୍କୁମରେ ଚିତା ଆଙ୍କିଥାନ୍ତି ।"
train/img_04697.jpg,"ମୁଖ୍ୟ ବଡ଼ ଓ ସାନ ସହର ଆଉ ଥାନା ଗୁଡ଼ିକ ହେଲା ବଲାଙ୍ଗୀର,, ପାଟଣାଗଡ଼, ଟିଟିଲାଗଡ,କଣ୍ଟାବାଞ୍ଜି, ଲୋଇସିଙ୍ଘା, ସଇଁତଳା, ବେଲପଡା, ଆଗଲପୁର, ଦେଓଗାଁ, ମୁରିବାହାଲ , ଗୁଡଭେଳା, ଖୋପ୍ରାଖୋଲ, ବଙ୍ଗୋମୁଣ୍ଡା, ତୁରେକେଲା,ତୁଷୁରା,ସିନ୍ଧେକେଲା, ଲାଠୋର, ଲରମ୍ଭା,"
train/img_04698.jpg,କାର୍ତ୍ତିକ ପୂର୍ଣ୍ଣିମାଠାରୁ ସାହାଡ଼ାଗ୍ରାମରେ ରାସଯାତ୍ରା ପାଳନ କରାଯାଏ।
train/img_04699.jpg,ମହିଳା: ୬୩ ୩୬
train/img_04700.jpg,"୨୦ହଜାର ବର୍ଷ ତଳେ କଳାହାଣ୍ଡିର ଗୁଡହାଣ୍ଡିରୁ ମିଳିଥିବା ଚିତ୍ର, ନୂଆପଡାର ଯୋଗୀମଠରୁ ୧୦ହଜାର ବର୍ଷ ତଳର ମିଳିଥିବା ଚିତ୍ରଲିପି ଓ ଝାରୁସୁଗୁଡାର ବିକ୍ରମଖୋଲରୁ ମିଳିଥିବା ୩୫୦୦ବର୍ଷ ତଳ ଗୁମ୍ଫାଲିପି ହେଉଛି ଓଡ଼ିଆଭାଷାର ମୂଳ ଆଧାର।"
train/img_04701.jpg,ଏହା ପରେ ଓଡ଼ିଶାରେ ବୌଦ୍ଧଧର୍ମର ପ୍ରାଧାନ୍ୟ ହ୍ରାସପାଇଲା ।
train/img_04702.jpg,ଦକ୍ଷିଣରେ: ଜଗତସିଂହପୁର ଜିଲ୍ଲା
train/img_04703.jpg,ଏହି ଗୀତକୁ ୧୯୧୨ ମସିହାରେ ବାଲେଶ୍ୱରଠାରେ ଅନୁଷ୍ଠିତ ଉତ୍କଳ ସମ୍ମିଳନୀ ଅଧିବେଶନରେ ପ୍ରଥମଥର ପାଇଁ ଗାନ କରାଯାଇଥିଲା ।
train/img_04704.jpg,କାନିକା
train/img_04705.jpg,ଏହା ଓଡ଼ିଶାର ପ୍ରମୁଖ ଓ ଏକମାତ୍ର ବିମାନ ବନ୍ଦର ।
train/img_04706.jpg,ଏହା ଗୌତମ ବୁଦ୍ଧଙ୍କ ଶିକ୍ଷାକୁ ନେଇ ଗଠିତ ।
train/img_04707.jpg,ଶ୍ରୀ ଜଗନ୍ନାଥଙ୍କ ପରମ ଭକ୍ତ ସାଲବେଗଙ୍କ ଭକ୍ତି ରଚନା ମଧ୍ୟ ଅଗ୍ରଗଣ୍ୟ ।
train/img_04708.jpg,"ସେ ପ୍ରଥମେ ବଙ୍ଗଳା ଭାଷାରେ ଛୋଟ ଗଳ୍ପ ଲେଖିଥିଲେ ତା ନାମ ""ଭିକରିଣୀ""(ଭିକାରି ସ୍ତ୍ରୀ ଲୋକ)"
train/img_04709.jpg,"-କେଲା - ରାଉରକେଲା , ସରାଇକେଲା ଇତ୍ୟାଦି"
train/img_04710.jpg,ସ୍ୱର ଧ୍ୱନି ଦୀର୍ଘ ହେବା : ବ୍ୟଞ୍ଜନମଧ୍ୟରେ ଆସୁଥିବା ବା ଦେଖାଯାଉଥିବା ସ୍ୱରବର୍ଣ୍ଣଗୁଡ଼ିକ ଦୀର୍ଘ ରୂପରେ ଉଚ୍ଚାରିତ ହୁଏ
train/img_04711.jpg,"ବୌଦ୍ଧଗଡ଼, ବୌଦ୍ଧ ଜିଲ୍ଲାର ଏକ ସହର (ବିଜ୍ଞାପିତ ଅଞ୍ଚଳ ପରିଷଦ) ।"
train/img_04712.jpg,କେତେଗୁଡିଏ ନାମକୁ ସଂସ୍କୃତ ସାହିତ୍ୟ ସ୍ୱୀକାର କରିଅଛନ୍ତି ।
train/img_04713.jpg,"ସେଗୁଡ଼ିକ ହେଲା: ରେଖା ଦେଉଳ, ପିଢ଼ା ଦେଉଳ, ଖାଖରା ଦେଉଳ ।"
train/img_04714.jpg,ମହାରାଜା ଶ୍ରୀ କୃଷ୍ଣଚନ୍ଦ୍ର ଗଜପତି ନାରାୟଣ ଦେବ
train/img_04715.jpg,ସାନ୍ତାଳୀ ଏକ ଆଦିବାସୀ ଭାଷା ହୋଇଥିବାରୁ ଏହାର କୌଣସି ଲିପି ନଥିଲା ।
train/img_04716.jpg,ପଶ୍ଚ।ତ୍ୟ ଶିକ୍ଷା ଓ ସଭ୍ୟତାର ସମ୍ପର୍କରୁ ଓଡ଼ିଆ ସାହିତ୍ୟରେ ଆଧୁନିକତାର ଅଭୁ୍ଦୟ ଘଟିଥିଲା ।
train/img_04717.jpg,ଓଜନ ୩୦୦ କିଲୋଗ୍ରାମ।
train/img_04718.jpg,"ଏହା ଅନେକ ପର୍ବପର୍ବାଣି ଯଥା:- ଭାଇ ଜିଉନ୍ତିଆ, ପୁଷପୁନି, ନୂଆଖାଇ ଇତ୍ୟାଦି ପର୍ବପର୍ବାଣିରେ ଏହି ନୃତ୍ୟ କରାଯାଏ ।"
train/img_04719.jpg,ମିଜୋ ଭାଷା ଭାରତର ଉତ୍ତର-ପୂର୍ବାଞ୍ଚଳରେ ଅବସ୍ଥିତ 'ମିଜୋରାମ' ରାଜ୍ୟର ସରକାରୀ ଭାଷା ଅଟେ
train/img_04720.jpg,ରାୟଗଡ଼ା ଜିଲ୍ଲା ହେଉଛି କୋରାପୁଟ (ଲୋକ ସଭା ନିର୍ବାଚନ ମଣ୍ଡଳୀ)ର ଅଂଶ ବିଶେଷ
train/img_04721.jpg,ଓଡ଼ିଶାର ପର୍ବପର୍ବାଣି
train/img_04722.jpg,ସେ ତା ରାଜ୍ୟ ଭିତରକୁ ଅନ୍ୟ ଅଣ୍ଡିରା ସମ୍ବରକୁ ପୁରାଇ ଦିଏ ନାହିଁ।
train/img_04723.jpg,ବେଢା଼ ପରିକ୍ରମା ସମୟରେ ଭକ୍ତମାନଙ୍କର ଅଭିଳାଷକୁ ସାକାର କରି ରିଷ୍ଟ ଖଣ୍ଡନ କରିବାକୁ ଓ ଭବିଷ୍ୟତ ପଥକୁ କୁସୁମିତ କରିବା ଲକ୍ଷ୍ୟରେ ପାଣି ଲାଗି କରିଥାନ୍ତି ।
train/img_04724.jpg,"ଖଳିଲାଗି ଏକାଦଶୀ ଦିନ ବିଗ୍ରହମାନଙ୍କ ସର୍ବାଙ୍ଗ ନିମନ୍ତେ ୭ କିଲୋଗ୍ରାମ ଚନ୍ଦନକାଠ, କର୍ପୂର, କେଶର ଏବଂ ଭିତର ପନ୍ତି ଭୋଗ ଇନିଷାତ୍ ମାନ ମଠ ତରଫରୁ ଯୋଗାଇଯାଇଥାଏ।"
train/img_04725.jpg,ଏହାକୁ ଓଡ଼ିଶାରେ ଲୋକେ ଶୁଭ ପକ୍ଷୀ ହିସାବରେ ମାନିଥାନ୍ତି।
train/img_04726.jpg,ସାଂସଦ
train/img_04727.jpg,"ମହିଳା: ୮,୩୨,୭୭୪"
train/img_04728.jpg,ସାଧାରଣ ଓଡ଼ିଆ ରାନ୍ଧଣା
train/img_04729.jpg,"ମହିଳା: ୩,୦୮,୮୧୪"
train/img_04730.jpg,ମହିଳା: ୪୩ ୫୯
train/img_04731.jpg,ଏକସପ୍ତାହ ବ୍ୟାପି ଗୁଣ୍ଡିଚାରେ ରହଣୀ କାଳ ଚନ୍ଦ୍ରଙ୍କଠାରୁ ଆରମ୍ଭ କରି ରବିଙ୍କ ପର୍ଯ୍ୟନ୍ତ ସପ୍ତଗ୍ରହକୁ ସୂଚେଇଲା ଭଳି ଦୁଇ ଯାତ୍ରାକୁ ସାଙ୍କେତିକ ଭାବରେ ରାହୁ ଓ କେତୁଙ୍କୁ ସୂଚାଇ ନବଦିନ ବ୍ୟାପି ଯାତ୍ରା ନବଗ୍ରହକୁ ସମ୍ପୂର୍ଣ୍ଣ କରେ ।
train/img_04732.jpg,ଆପ୍ତ ପ୍ରମାଣରୁ ଏହାହିଁ ଜଣାଯାଏ ।
train/img_04733.jpg,"ମାନି ମିନିତିକି ଘେନି ଭକତିକି, ତୋଷ ମତିକି ଉରହାରେ"
train/img_04734.jpg,ଷ୍ଟୁଆର୍ଟ ବିଦ୍ୟାଳୟ
train/img_04735.jpg,"ରଜପାନରେ ଗୁଆ, ଅଳେଇଚ, ଗୁଜୁରାତି, ଭଜା ଧଣିଆ, ଚାଉଳ ଓ ନଡିଆ ଖଣ୍ଡ, ଚେରି, ଲବଙ୍ଗ, କବାବଚିନି, ଚୁଆ, ପାନ ମହୁରି, ସୁବାସିତ ଜାଫ୍ରାନ କେଶର, ଖଇର ପରି ୧୦ରୁ ୧୨ ପ୍ରକାର ମସଲା ବ୍ୟବହୃତ ହୁଏ ।"
train/img_04736.jpg,"ଏଠାରେ ପରିବାର ନିୟୋଜନ, ଜନ ସ୍ୱାସ୍ଥ୍ୟ, ଅର ସି ଏଚ୍, ବର୍ଣ୍ଣାନ୍ଧତା, ମ୍ୟାଲେରିଆ, ଫାଇଲେରିଆ, ଯକ୍ଷ୍ମା ଆଦିରେ ସ୍ୱତନ୍ତ୍ର ଚିକିତ୍ସା ପ୍ରଦାନ କରାଯାଏ ।"
train/img_04737.jpg,"ଏହି ଜିଲ୍ଲାର ୨ଟି ସଦର ମହକୁମା , ବାଲେଶ୍ୱର ଓ ନୀଳଗିରି ଓ ୧୨ଟି ବ୍ଲକ ଅଛି ଯାହାସବୁ ଗ୍ରାମାଞ୍ଚଳର ଉନ୍ନତି ସକାଶେ କାମ କରିଥାନ୍ତି, ଖଜଣା ଓ ପ୍ରଶାସନିକ କାରବାର ପାଇଁ ୭ଟି ତହସିଲ ଓ ୨୮୯ ଗ୍ରାମ ପଞ୍ଚାୟତ ଅଛି ।"
train/img_04738.jpg,ସଙ୍କୀର୍ତ୍ତନଶେଷରେ ଖୋଳ ଏବଂ ଅନ୍ୟାନ୍ୟ ଉପକରଣକୁ ଭୋଗ ଓ ନୂଆ ବସ୍ତ୍ର ଅର୍ପଣ ପୂର୍ବକ ପୂଜା କରାଯାଏ ।
train/img_04739.jpg,ତେବେ ଅନ୍ୟାନ୍ୟ ଭାଷାନୁସାରେ କିଛି ଉଲ୍ଲେଖଯୋଗ୍ୟ ନାମଗୁଡ଼ିକ ହେଲା:
train/img_04740.jpg,ଏହାପରେ ଦର୍ଶବ ନିମିତ୍ତ କିଛି ସମୟ ଭକ୍ତମାନଙ୍କୁ ରଥ ଉପରୁ ଛଡା ଯାଇଥାଏ।
train/img_04741.jpg,"ବୈଦିକ ଓଡ଼ିଶା - କୃଷ୍ଣ ଯଜୁର୍ବେଦ ବୌଧାୟନ କଳ୍ପସୂତ୍ର ଅନୁସାରେ (ଖ୍ରୀ ପୂ ଷଷ୍ଠ ଶତାବ୍ଦୀ), ବୈଦିକ ସଭ୍ୟତା ବାହାରେ କଳିଙ୍ଗ ଥିଲା ଭିନ୍ନ ଏକ ସଭ୍ୟତା (ନା ଆର୍ଯ୍ୟ ନା ଦ୍ରାବିଡ଼)"
train/img_04742.jpg,ଓଡ଼ିଆ ଭାଷାରେ ଫକୀର ମୋହନ ସେନାପତିଙ୍କୁ ଆଧୁନିକ ଓଡ଼ିଆ ଗଦ୍ୟ ସାହିତ୍ୟର ଜନକ ବୋଲି ଧରାଯାଇଥାଏ ।
train/img_04743.jpg,ପୂର୍ବରେ : ରାୟଗଡ଼ା ଜିଲ୍ଲା ଓ ଆନ୍ଧ୍ର ପ୍ରଦେଶ ରାଜ୍ୟ
train/img_04744.jpg,ଝୁମରରେ ଶୃଙ୍ଗାର ରସ ହେଉଛି ପ୍ରଧାନ ରସ ।
train/img_04745.jpg,ମାର୍ଶାଘାଇ
train/img_04746.jpg,ଏଥି ଉପରେ ପାରାଭାଡି ଭୂଇଁ ୩ ଚଉଠ ୮ଅଙ୍ଗୁଳରେ ଚଉତାଳ କରି ବସାଇବ।
train/img_04747.jpg,"ସନ ୧୦୦୬ରେ ରାଜା ମର୍କତ କେଶରୀଙ୍କ ଶାସନ କାଳରେ ମହାନଦୀ ଉପରେ ପଥର ବନ୍ଧ ତିଆରି ହୋଇଥିଲା, ଆଉ ଲୋକଙ୍କୁ ବନ୍ୟା ଦାଉରୁ ବଞ୍ଚାଇବା ପାଇଁ ଏହି ପଥରବନ୍ଧ ତିଆରି ପଛରେ ଥିଲେ ସେକାଳର କୁଶଳୀ ବିନ୍ଧାଣି ବାଇଧର ମୁଣ୍ଡି (ଲୋକତୁଣ୍ଡରେ ବାଇମୁଣ୍ଡି ନାମରେ ଜଣାଶୁଣା) ।"
train/img_04748.jpg,ଦଣ୍ଡ ନାଟରେ ମିଶିବାଦ୍ୱାରା ମା'କାଳୀଙ୍କ କୃପାରୁ ପାପ ଓ ଦୁଖ ଦୂର ହୋଇ ମାନବ ଶାନ୍ତି ଓ ଧନ ପ୍ରାପ୍ତ ହୁଏ ବୋଲି ବିଶ୍ୱାସକରି ଓଡ଼ିଶାବାସୀ ଏହି ପର୍ବକୁ ପାଳନ କରନ୍ତି ।
train/img_04749.jpg,କବି ରଘୁନାଥ ପରିଚ୍ଛା
train/img_04750.jpg,"ପରିବା, ପିଆଜ ପଞ୍ଚଫୁଟଣ ଆଦି ଦେଇ ଭଜାଯାଇଥାଏ ।ଆଳୁ-କଲରା, ଆଳୁ-ପୋଟଳ, ଜହ୍ନି-ଆଳୁ, ବିଲାତି ବାଇଗଣ ଫେରି ଭଜା ଆଦି ଭଜାର ଉଦାହରଣ ଗୋଟା ଭଜା ଯଥା କଲରା, ଭେଣ୍ଡି ଆଦିରେ ପରିବାକୁ ଚିରି ବିଭିନ୍ନ ମସଲାର ପୂର ଦେଇ ତିଆରି କରାଯାଏ ।"
train/img_04751.jpg,ଉତ୍ତରରେ: ଭଦ୍ରକ ଜିଲ୍ଲା
train/img_04752.jpg,ଯେଉଁ ବ୍ଯକ୍ତି ନିଜର ସମସ୍ତ ପୂଜା ଅର୍ଚ୍ଚନା କେବଳ ଏବଂ କେବଳ ଆଲ୍ଲାଙ୍କୁ (ଆଲ୍ଲାଙ୍କୁ) ସମର୍ପି ଥାଏ ସେ ହିଁ ବାସ୍ତବ ମୁସଲମାନ ଅଟେ ଇସଲାମ ଅର୍ଥ ନିଜର ଧର୍ମ ଏବଂ ବିଶ୍ବାସକୁ କେବଳ ଆଲ୍ଲା(ଆଲ୍ଲା)ଙ୍କଠାରେ ରଖିବା ।
train/img_04753.jpg,ଶେଷରେ ରେ ଏହି ଅଞ୍ଚଳ ସମ୍ପୁର୍ଣ୍ଣ ଭାବେ ନିଜର ସ୍ୱାଧିନତା ହରାଇଲା।
train/img_04754.jpg,"-ଗିରି - ଲଳିତଗିରି , ଗୋପୀନାଥ ଉଦୟଗିରି , ରତ୍ନଗିରି ଇତ୍ୟାଦି"
train/img_04755.jpg,(ଚ) ମେଷ ଯୁଦ୍ଧ : ରାମା ରତି ସାର ରସା ତୀର ମାର
train/img_04756.jpg,"ଜଗନ୍ନାଥ ଦାସଙ୍କ ଓଡ଼ିଆ ଭାଗବତ, ବଳରାମଙ୍କ ଜଗମୋହନ ରାମାୟଣ, ଅଚ୍ୟୁତାନନ୍ଦଙ୍କ ହରିବଂଶ ଓ ମାଳିକା ଏହି ଯୁଗର କେତୋଟି ଅମୂଲ୍ୟ ରଚନା ।"
train/img_04757.jpg,"ରାମ ଚନ୍ଦ୍ର ମର୍ଦରାଜ ବିଜ୍ଞାନ ମହା ବିଦ୍ୟାଳୟ, ଖଲ୍ଲିକୋଟ"
train/img_04758.jpg,ଏଠାରେ ଏବେ ମଧ୍ୟ ଆତଙ୍କବଦୀମାନଙ୍କଦ୍ୱାରା ଆକ୍ରମଣ ସମୟ ସମୟରେ କରାଯାଉଛି।
train/img_04759.jpg,ଭୌଗଳିକ ଅବସ୍ଥିତି
train/img_04760.jpg,"ବାଘା ଯତୀନ,"
train/img_04761.jpg,"ଏତଦ୍ ବ୍ୟତିତ ଓଡ଼ିଶାର ବିଭିନ୍ନ ଅଞ୍ଚଳରେ ନୂଆଖାଇ, ଶୀତଳ ଷଷ୍ଠୀ, ଧନୁଯାତ୍ରା, ଠାକୁରାଣୀ ଯାତ୍ରା, ଶୁଲିଆ ଯାତ୍ରା, ଗଜଲକ୍ଷ୍ମୀ ଯାତ୍ରା ଆଦି ପ୍ରଧାନ ।"
train/img_04762.jpg,: : : (୮୬ )
train/img_04763.jpg,ରାଜା ଚୋଡ଼ଗଙ୍ଗଦେବ ସମ୍ଭବତଃ ଥିଲେ ଜଗନ୍ନାଥ ମନ୍ଦିରରେ ମାହାରୀ ନୃତ୍ୟର ପ୍ରବର୍ତ୍ତକ ।
train/img_04764.jpg,ଏମାନଙ୍କ ଦଳରେ ଗୋଟିଏ ଅଣ୍ଡିରା ସମ୍ବର ରାଜା ହୋଇଥାଏ।
train/img_04765.jpg,"କିମ୍ବଦନ୍ତୀ ତଥା ପୌରାଣିକ ଆଖ୍ୟାୟିକା ଅନୁଯାୟୀ, ଜାରା ଶବର ଶରରେ ପ୍ରାଣ ଛାଡ଼ିଲେ ଦ୍ୱାରକାଧିପତି ଶ୍ରୀକୃଷ୍ଣ ।"
train/img_04766.jpg,ଦେଖାଅ ଶଙ୍ଖ ଚକ୍ର ଚିହ୍ନ।
train/img_04767.jpg,ଲାଙ୍ଗୁଡ଼ି ପାହାଡ଼ରେ ଅନେକ ବୌଦ୍ଧ ସ୍ଥଳ ମାନ ମଧ୍ୟ ରହିଛି ।
train/img_04768.jpg,ରାମାଭିଷେକ
train/img_04769.jpg,ଏହା ପରେ ଝୁଣା ଖେଳି ଖେଳି ଦଣ୍ଡଦଳ ମାନସିକଧାରୀଙ୍କ ଘରକୁ ଆସନ୍ତି।
train/img_04770.jpg,ସେମାନଙ୍କ ଭିତରୁ ଜଣେ ଅଭକ୍ଷ୍ୟ ଭକ୍ଷଣ କରି ମୃତ୍ୟୁବରଣ କଲା ଓ ଅନ୍ୟମାନଙ୍କୁ ବ୍ରହ୍ମା ଉଇହୁଙ୍କା ପାଲଟି ଯିବାକୁ ଅଭିଶାପ ଦେଲେ।
train/img_04771.jpg,ଶାସ୍ତ୍ରର ବଚନ କର୍ଣ୍ଣେ ନାହିଁ ଧର
train/img_04772.jpg,ପ୍ରାଚୀନ ଭାରତ ବହୁ ବୈଦେଶିକ ବ୍ୟବସାୟୀଙ୍କ ମୁଖ୍ୟ ଆକର୍ଷଣ ଥିଲା ।
train/img_04773.jpg,ଓଡ଼ିଶା ୧ ଅପ୍ରେଲ ୧୯୩୬ରେ ଏକ ସ୍ୱତନ୍ତ୍ର ପ୍ରଦେଶ ଭାବରେ ନବଗଠିତ ହୋଇଥିଲା ।
train/img_04774.jpg,କେବେ ବି ନାମ ଧରି ଡ଼କାଡ଼କି ହୁଅନ୍ତି ନାହିଁ ।’’ (୨) କେହି କେହି ଏହି କୁଡ଼ୁମିମାନଙ୍କୁ ଖଣ୍ଡାୟତ ସଂପ୍ରଦାୟଭୁକ୍ତ କରିଥାନ୍ତି ।
train/img_04775.jpg,"ସମ୍ବଲପୁରୀ ଶାଢ଼ୀ,ବରହମପୁରୀ ପାଟ , ସକତାପର ଶାଢ଼ୀ, ଖଣ୍ଡୁଆ ପାଟ, କୋଟପାଡ ବସ୍ତ୍ର ଆଦି କେବଳ ଦେଶରେ ନୁହେଁ ବିଦେଶରେ ମଧ୍ୟ ଜନାଦୃତ ।"
train/img_04776.jpg,ଶାଢ଼ୀ ଏବଂ ଅନ୍ୟାନ୍ୟ କପଡ଼ା
train/img_04777.jpg,ଯାତ୍ରା ଭାଗବତରେ କୁହାଯାଇଛି -
train/img_04778.jpg,ଭଦ୍ରକ ଜିଲ୍ଲାର ଉପଭାଷାରେ ମାନକ ଓଡ଼ିଆ ସହ ଅଧିକ ସାମଞ୍ଜସ୍ୟ ରହିଛି ।
train/img_04779.jpg,"ଜଉଗଡ଼, ଗଞ୍ଜାମରେ ଥିବା ଅଶୋକଙ୍କ ଶିଳାଲେଖ"
train/img_04780.jpg,"ଚାଷବାସ, କଳକାରଖାନା, ମାଛଧରା ଆଦି ଏଠାକାର ମୂଳବେଉସା ।"
train/img_04781.jpg,ବାଳକୃଷ୍ଣ ଦାଶଙ୍କ ପ୍ରସ୍ତୁତ ଶୈଳୀରେ ହିଁ ଏହା ଗାନ କରାଯାଏ ।
train/img_04782.jpg,ରବି ରାୟ: ୧୯୮୯ ଓ ୧୯୯୧
train/img_04783.jpg,ସାବରମତୀ ନଦୀ ଗ୍ରୀଷ୍ମ ଋତୁରେ ଶୁଖି ଯାଉଥିବାରୁ ନଦୀରେ ଧଳା ରଙ୍ଗର ମାଟି ରହିଯାଏ ।
train/img_04784.jpg,୨ୟ ଅର୍ଥ : (ନାରୀ ଅର୍ଥରେ) ଶ୍ରୀକୃଷ୍ଣ ବା ଶ୍ରୀରାମଚନ୍ଦ୍ର ନିଜ ପ୍ରିୟାକୁ ନ ଦେଖି ହରିତବର୍ଣ୍ଣର ବଣକୁ ଅବଲୋକନ କରି ନିଜର ସଖାମାନଙ୍କୁ ଶୋକାକୁଳ ହୋଇ କହୁଛନ୍ତି ମୁଁ ମୋର ରମଣଯୋଗ୍ୟ ନାରୀଙ୍କୁ ନ ଦେଖିଲେ କିପରି ବଞ୍ଚି ରହିବି ?
train/img_04785.jpg,"ଏହାର ଫୁଲ ପେନ୍ଥା,ପେନ୍ଥା ହୋଇଥାଏ ।"
train/img_04786.jpg,ଛତିଶଗଡ଼ର ଯଶପୁର ଏବଂ ଝାଡ଼ଖଣ୍ଡର ସିମଡେଗା ଜିଲ୍ଲାରେ ଏହି ଭାଷା ମଧ୍ୟ କୁହାଯାଏ ।
train/img_04787.jpg,ଉପଖଣ୍ଡ (ସବ୍ ଡିଭିଜନ): (୨) ୧ ଭୁବନେଶ୍ୱର ଓ ୨ ଖୋର୍ଦ୍ଧା ।
train/img_04788.jpg,ନୂଆଗଡ଼ ତହସିଲ ଅଧିନରେ: ୧୯ଟି
train/img_04789.jpg,ସେହି ସ୍ମୃତିରେ ପ୍ରତିବର୍ଷ ୧ ଅପ୍ରେଲକୁ ଓଡ଼ିଶା ଦିବସ ବା ଉତ୍କଳ ଦିବସ ଭାବରେ ପାଳନ କରାଯାଇଥାଏ ।
train/img_04790.jpg,୨୦୦୮ ମସିହାରେ ଓଡ଼ିଶା ସରକାର ଓଡ଼ିଶୀ ସଙ୍ଗୀତକୁ ଶାସ୍ତ୍ରୀୟତା ମାନ୍ୟତା ପ୍ରଦାନ କରିଥିଲେ ।
train/img_04791.jpg,ନଗରର ପରିମଳ ବ୍ୟବସ୍ଥା କଟକ ମହାନଗର ନିଗମ ଉପରେ ନ୍ୟାସ୍ତ।
train/img_04792.jpg,ଚନ୍ଦନଧାରା ଜଳପ୍ରପାତ
train/img_04793.jpg,ଝାଡ଼ଖଣ୍ଡ (ଅର୍ଥାତ୍ 'ଜଙ୍ଗଲର ଭୂମି') ହେଉଛି ପୂର୍ବ ଭାରତର ଏକ ରାଜ୍ୟ।
train/img_04794.jpg,ଧାରଣା ଉପରଠାରୁ ଜିଆ ମିଶି ନାଇକା ୧୪ ଚଉଠ ରଖି ଖୁସି କରିବ।
train/img_04795.jpg,ନୀଳାଦ୍ରି ମହୋଦୟ ର ବର୍ଣ୍ଣନା ଅନୁଯାୟୀ ମହାପ୍ରଭୁଙ୍କ ଆବିର୍ଭାବ ପରେ ତାଙ୍କ ପାଇଁ ରାଜା ଇନ୍ଦ୍ରଦ୍ୟୁମ୍ନ ମନ୍ଦିର ନିର୍ମାଣ କରିଥିଲେ ।
train/img_04796.jpg,ଏହି ସମ୍ପୂର୍ଣ୍ଣ ତାଲିକା ତିଆରି କରାଯାଇ ପାରିନାହିଁ ।
train/img_04797.jpg,ଏହି ବାଦନ ଶୈଳୀ ପାରମ୍ପରିକ ଭାବେ ଯୁଦ୍ଧ ସମୟରେ ବ୍ୟବହୃତ ହେଉଥିଲା ।
train/img_04798.jpg,"ଏଥିରେ ମୁଖ୍ୟ ଭୂମିକାରେ ରତିକାନ୍ତ, କମଳା ପ୍ରମୁଖ ଅଭିନୟ କରିଥିଲେ।"
train/img_04799.jpg,"ଖଣ୍ଡଗିରିର ଗୁମ୍ଫାଗୁଡ଼ିକ ମଧ୍ୟରୁ ଅନନ୍ତଗୁମ୍ଫା, ନବମୁନି ଗୁମ୍ଫା, ବାରଭୁଜି ଗୁମ୍ଫା ଓ ଲଲାଟେନ୍ଦୁକେଶରୀ ଗୁମ୍ଫା ଦଶମ-ଏକାଦଶ ଶତାବ୍ଦୀରେ ଖୋଦିତ ହୋଇଥିବା ପ୍ରମାଣ ମିଳେ ।"
train/img_04800.jpg,ବୁଝାଯାଇନା ଅନ୍ଧାକାରେରେ
train/img_04801.jpg,ମହାରାଷ୍ଟ୍ର ଭାରତର ପଶ୍ଚିମରେ ଅବସ୍ଥିତ ଏକ ରାଜ୍ୟ ମୁମ୍ବାଇ ମହାନଗର ଏହାର ରାଜଧାନୀ ।
train/img_04802.jpg,ଅୟୁଧ୍ୟା ରାଜ୍ୟ ଅୟୁଧ୍ୟା ସହରକୁ କେନ୍ଦ୍ର କରି ୧୩୫୦ରୁ ୧୭୬୭ ପର୍ଯ୍ୟନ୍ତ ବିଦ୍ୟମାନ ଥିଲା ଏହି ରାଜ୍ୟକୁ ଆଧୁନିକ ଥାଇଲ୍ୟାଣ୍ଡର ପୂର୍ବପୁରୁଷ ଭାବରେ ବିବେଚନା କରାଯାଏ ।
train/img_04803.jpg,"ଏହି ଜିଲ୍ଲାରେ ଓଡ଼ିଶାରେ ଥିବା ଶିଳାଲେଖମାନଙ୍କ ମଧ୍ୟରେ ସର୍ବପୁରାତନ ଶିଳାଲେଖ ମିଳିଥାଏ, ପ୍ରତ୍ନତାତ୍ୱିକ ମତରେ ଏହା ଗୁପ୍ତ ଯୁଗର ଶିଳାଲେଖ ବୋଲି ପ୍ରମାଣ ମିଳେ ।"
train/img_04804.jpg,ଓଡ଼ିଶାରେ ଏହି ରାଜବଂଶର ଶାସନ ଖ୍ରୀ ୩୫୦ରୁ ଆରମ୍ଭ କରି ସୋମ ବଂଶର ଶେଷ ପର୍ଯ୍ୟନ୍ତ ଥିଲା ।
train/img_04805.jpg,"ପ୍ରସିଦ୍ଧ ଦ୍ୱାଦଶ ଯାତ୍ରା ସମ୍ବନ୍ଧରେ ଯେଉଁ ଶ୍ଳୋକଟି ସର୍ବ ମୁଖ ନିଃସୃତ, ତାହା ହେଉଛି -"
train/img_04806.jpg,ଏହା ସୂକ୍ଷ୍ମ କାରୁକାର୍ଯ୍ୟଭରା ପାଟ ଶାଢ଼ୀ ତିଆରି ପାଇଁ ପ୍ରସିଦ୍ଧ ।
train/img_04807.jpg,ଭୁବନେଶ୍ୱର ନାମଟି ଶିବଙ୍କ ଅନ୍ୟନାମ ତ୍ରିଭୁବନେଶ୍ୱର ନାମରୁ ଆସିଅଛି ।
train/img_04808.jpg,"ଓଡ଼ିଶାରେ ବୃହତ୍ତ ଶିଳ୍ପର ଇତିହାସ ପ୍ରାୟ ୬୦ ବର୍ଷ ପୁରୁଣା, ଯାହା ୧୯୫୫ରେ ରାଉରକେଲାରେ ଇସ୍ପାତ କାରଖାନା ସ୍ଥାପନାଠୁ ଆରମ୍ଭ ହେଇଥିଲା।"
train/img_04809.jpg,ଓଡ଼ିଆ ଭାଷା ରାଜ୍ୟର ସରକାରୀ ଭାଷା ।
train/img_04810.jpg,ଏହା ରାଜଧାନୀ ଭୁବନେଶ୍ୱରଠାରୁ ୧୨୫ କିମି ଦୂରରେ ଅବସ୍ଥିତ ।
train/img_04811.jpg,ଏହା ପରେ ଆରମ୍ଭ ହୋଇଥିଲା ଚତୁର୍ଦ୍ଧାବିଗ୍ରହଙ୍କ ରଥଯାତ୍ରା ।
train/img_04812.jpg,"ମହାପ୍ରଭୁଙ୍କ ସକଳ ବେଶରେ ମାଧୁର୍ଯ୍ୟ ଲାବଣ୍ୟ ପ୍ରକଟିତ ହେଉଥିବା ସ୍ଥଳେ, କେବଳ ସୁନା ବେଶରେ ଐଶ୍ୱର୍ଯ୍ୟ ପ୍ରାବଲ୍ୟ ପରିସ୍ଫୁଟ ହୋଇଥାଏ।"
train/img_04813.jpg,ଚାଳକ
train/img_04814.jpg,"ଏଥିରେ ଉଲ୍ଲେଖ ଅଛି ଯେ, ବୀର ନରସିଂହ ଦେବ ରାଜା ରାଜ୍ୟ କଲେ।"
train/img_04815.jpg,ଓଡ଼ିଶାରେ ମିଳିଥିବା ଅନ୍ୟାନ୍ୟ ବୋଇତ ସମ୍ବନ୍ଧୀୟ ଚିହ୍ନ ହେଲା ବୋଇତ ଚିତ୍ରଯୁକ୍ତ କଳାକୃତି (୨ଟି ବୋଇତ ଥିବା ଏହି କଳାକୃତି ପ୍ରଥମେ ବ୍ରହ୍ମେଶ୍ୱର ମନ୍ଦିର ନିକଟରୁ ମିଳିଥିଲା ଯାହାକୁ ବର୍ତ୍ତମାନ ଓଡ଼ିଶାର ରାଜ୍ୟ ସଂଗ୍ରହାଳୟରେ ସଂରକ୍ଷଣ କରି ରଖାଯାଇଛି) ।
train/img_04816.jpg,ନୀଳାଦ୍ରି ନାମ ଖ୍ୟାତ ଥିଲା ।
train/img_04817.jpg,"୩୪ଗୋଟି ଅଙ୍ଗ ବିଶିଷ୍ଟ ତିନୋଟି ରଥର ନିର୍ମାଣ ନିମନ୍ତେ ପ୍ରତ୍ୟେକ ରଥରେ ଜଣେ ଲେଖାଏଁ ମୂଖ୍ୟ ମହାରଣାଙ୍କ ତତ୍ତ୍ୱାବଧାନରେ ଜଣେ ଲେଖାଏଁ ସୁତାର ମହାରଣା, ତଳି ମହାରଣା ନିୟୋଜିତ ହୋଇ କାର୍ଯ୍ୟ କରିଥାନ୍ତି।"
train/img_04818.jpg,"ବହୁ ଭାଷାତତ୍ତ୍ୱବିତ୍ ଙ୍କ ମତରେ ପଞ୍ଜାବୀର, ଲାହଣ୍ଡା ଭଳି ନିରବଚ୍ଛିନ ଉପଭାଷାରେ ଥିବା ଭାଷା, ଯେଉଁଥିରେ ସାରାଇକି ଓ ହିଣ୍ଡକୋ, ପ୍ରଭୃତି ଉପଭାଷା ରହିଛି, ମାତ୍ର ଅନ୍ୟମାନଙ୍କ ପାଇଁ ଏହା ପୃଥକ୍ ।"
train/img_04819.jpg,ସାକ୍ଷରତା ହାର ୬୯ ୦୦
train/img_04820.jpg,ଉଚ୍ଚ ଶିକ୍ଷା
train/img_04821.jpg,ମହିଳା: ୬୮ ୪୭
train/img_04822.jpg,"କୋରୁଆ ମହିଳା ଉଚ୍ଚ ମାଧ୍ୟମିକ ବିଦ୍ୟାଳୟ, କୋରୁଆ"
train/img_04823.jpg,ଓଡ଼ିଶାରେ ଥିବା ପ୍ରାଚୀନ ମନ୍ଦିରମାନଙ୍କ ନିମନ୍ତେ ଓଡ଼ିଶା ମନ୍ଦିର ମାଳିନୀ ରାଜ୍ୟ ରୂପେ ପ୍ରସିଦ୍ଧ ।
train/img_04824.jpg,ଏହି ଗୀତକୁ ନେଇ ଅନେକ ଭିନ୍ନ ଭାଷାରେ ମଧ୍ୟ ଅନୁବାଦ କରା ହେଇଛି ।
train/img_04825.jpg,ଏହି ସଙ୍ଘ ସାଧାରଣତ ନିର୍ଦିଷ୍ଟ ବିଷୟକୁ ନେଇ ଗଢ଼ାଯାଇଥାଏ (ଯଥା; ନାରୀମାନଙ୍କର ଇତିହାସ କିମ୍ବା କୌଣସି ନିର୍ଦ୍ଦିଷ୍ଟ ଧରଣର କାମ (ଯଥା: ନୂଆ ନୂଆ ତିଆରି ହୋଇଥିବା ପୃଷ୍ଠାର ବିକାଶ)।
train/img_04826.jpg,ଏଥିରେ ୧୭ଟି ଧାଡ଼ି ରହିଛି ।
train/img_04827.jpg,"ବର୍ଷର ଏହି ସମୟରେ ମାଛମାନେ ସମୁଦ୍ର ତଟ ପାଖକୁ ଆସନ୍ତି, ତେଣୁ ମାଛ ଅମଳ ମଧ୍ୟ ଭଲ ହୋଇଥାଏ ।"
train/img_04828.jpg,ଧମ୍ମ ହେଉଛି ବୌଦ୍ଧ ଧର୍ମରେ ଧର୍ମର ପର୍ଯ୍ୟାୟବାଚୀ।
train/img_04829.jpg,"୧୯୬୮ରେ ଭୁବନେଶ୍ୱର ଓଡ଼ିଶାର ରାଜଧାନୀ ଘୋଷିତ ହେବା ଆଗରୁ, ପ୍ରାୟ ନ ଅ ଶତାବ୍ଦୀ ଧରି କଟକ ଓଡ଼ିଶାର ରାଜଧାନୀ ରହି ଆସିଥିଲା ।"
train/img_04830.jpg,୧୮୧୭ ପର୍ଯ୍ୟନ୍ତ ସେତେବେଳେ ସମ୍ବଲପୁରର ବିଭିନ୍ନ ଅଞ୍ଚଳ କେତେକ ବିଞ୍ଝାଲ ରାଜା ଓ ଜମିଦାରଙ୍କ ଅଧୀନରେ କରଦ ରାଜ୍ୟ ଭାବରେ ଶାସିତ ହୋଇ ଆସୁଥିଲା ।
train/img_04831.jpg,"ମହିମା ପୀଠ, ଖଲିଆପାଲି: ମହିମା ଧର୍ମର ଏକ ମୁଖ୍ୟ କେନ୍ଦ୍ର"
train/img_04832.jpg,ସେ କାଳରେ ବ୍ରାହ୍ମୀ (ବ୍ରାହ୍ମୀ/ ) ଲିପିରେ ଲେଖାଯାଉଥିଲା ଏ ଭାଷା ।
train/img_04833.jpg,ଏହା ବିଶ୍ୱାସ କରାଯାଏ ଯେ କଦମ୍ ରସୁଲ୍ ରେ ମନିଷୀ ମହମ୍ମଦଙ୍କ ପଦଚିହ୍ନ ରହିଛି ।
train/img_04834.jpg,ପୂର୍ବ ଉପକୂଳରେ ଅବସ୍ଥିତ ଭାରତର ୨୮ଟି ରାଜ୍ୟ ମଧ୍ୟରୁ ଓଡ଼ିଶା ଅନ୍ୟତମ ।
train/img_04835.jpg,ପାଣି ଦଣ୍ଡ
train/img_04836.jpg,ସାକ୍ଷରତା ହାର ୬୯ ୦୦
train/img_04837.jpg,ତା’ ବ୍ୟତୀତ କେତେକ ସରକାରୀ ଓ ବେସରକାରୀ ସଂସ୍ଥା ସହିତ ଜନମଙ୍ଗଳ ପ୍ରକଳ୍ପ ମାନ ପ୍ରତିଷ୍ଠା କରାଯାଇଛି ।
train/img_04838.jpg,ଅଧିକାର କ୍ଷେତ୍ର
train/img_04839.jpg,ବାର ବାର ବାରିଜାକ୍ଷୀ କର ଆଲିଙ୍ଗନିଆ ।
train/img_04840.jpg,ଶ୍ରଦ୍ଧା ନାହିଁକି ଶ୍ୟାମର ଲୋ ?
train/img_04841.jpg,ଥରେ ସୋନପୁରଠାରେ ଓ ୧୫୬୮ ମସିହାରେ କଳାପାହାଡ଼ ଆକ୍ରମଣରେ ଚିଲିକାର ହାତୀପଡ଼ାଠାରେ ମହାପ୍ରଭୁଙ୍କର ପାତାଳୀଲୀଳା ହୋଇଥିଲା ।
train/img_04842.jpg,ଏହା ଆଗକାଳରେ ମନୋରଞ୍ଜନ ଏକ ମୁଖ୍ୟ ମାଧ୍ୟମ ଥିଲା ।
train/img_04843.jpg,ଝରେକି ନିର୍ଝରୀ ତହିଁତାର ମୁକ୍ତା ହାରେ ।
train/img_04844.jpg,ପୀରହାଟ କାଳୀ ପଡିଆଠାରେ ଥିବା ଗାନ୍ଧୀ ପ୍ରତିମୂର୍ତ୍ତି ଏହି ଅଞ୍ଚଳର ସ୍ୱାଧୀନତା ସଂଗ୍ରାମୀଙ୍କ ସାକ୍ଷୀ।
train/img_04845.jpg,ବିଂଶ ଶତାବ୍ଦୀର ଦୁଇ ବ୍ରିଟିଶ ସ୍ଥପତି ସାର୍ ହର୍ବର୍ଟ ବ୍ରେକର ଏହାର ମୂଳଦୂଆ ପ୍ରତିଷ୍ଠା କରିଥିଲେ ।
train/img_04846.jpg,ହାଇଦ୍ରାବାଦ
train/img_04847.jpg,ଗଞ୍ଜାମ ଜିଲ୍ଲା
train/img_04848.jpg,ଚକଡା ଚାରିପାଖ ଧାରଣାକୁ ଛନ୍ଦାକୁ ଟୀକା କରିବ।
train/img_04849.jpg,୭ ମ ଶତାବ୍ଦୀ କାଳରେ ଓଡ଼ିଶାର ନିଜର ଶାସକମାନେ ସ୍ୱାଧୀନ ଥିଲେ ।
train/img_04850.jpg,ବେଦବ୍ୟାସ: ଏହା ଜିଲ୍ଲାର ସର୍ବାଧିକ ଲୋକପ୍ରିୟ ପର୍ଯ୍ୟଟନ ସ୍ଥଳ ।
train/img_04851.jpg,ସାକ୍ଷରତା ହାର ୫୪ ୨୯
train/img_04852.jpg,ନେବଳ ଦାସ ମଠ
train/img_04853.jpg,ଏଥିରେ ମହାନଦୀର ଚେଳିତୋଳ ବନ୍ଦର ସମ୍ପର୍କରେ ଲେଖାଯାଇଛି।
train/img_04854.jpg,ପଢୁଆ ହାର ୭୩ ୦୭
train/img_04855.jpg,ରାଘବ ଦାସ ମଠ ଭଳି ବଡ଼ ଓଡ଼ିଆ ମଠ ଜଗନ୍ନାଥ ମହାପ୍ରଭୁଙ୍କ ପବିତ୍ର ରଥଯାତ୍ରାରେ ପ୍ରତ୍ୟକ୍ଷ ଭାବେ ଜଡି଼ତ ରହିଥାନ୍ତି।
train/img_04856.jpg,୧ ଏପ୍ରିଲ ୧୯୩୬ରେ ସ୍ୱତନ୍ତ୍ର ଉତ୍କଳ ପ୍ରଦେଶ ଗଠନ ପରେ ବାଲେଶ୍ୱର ଓଡ଼ିଶାର ଏକ ପ୍ରମୁଖ ଜିଲ୍ଲାରେ ପରିଣତ ହେଲା ।
train/img_04857.jpg,ପ୍ରଚଳିତ ପ୍ରଥାନୁଯାୟୀ ଦେବୀ ସୁଭଦ୍ରାଙ୍କ ରଥ ସର୍ବ ପ୍ରଥମେ ଟଣା ହୋଇଥାଏ।
train/img_04858.jpg,ଢେଙ୍କାନାଳ ଜିଲ୍ଲା ଏକ ପ୍ରାକୃତିକ ସୋନ୍ଦର୍ଯ୍ୟ ରେ ପରିପୂର୍ଣ ଜିଲ୍ଲା ଅଟେ।
train/img_04859.jpg,ବ୍ୟାଘ୍ର ବ୍ୟତୀତ ଝରଣା ଓ ସବୁଜିମା ପୂର୍ଣ୍ଣ ଏହି ଜଙ୍ଗଲରେ ହାତୀ ଓ ଅନ୍ୟାନ୍ୟ ପଶୁପକ୍ଷୀ ବାସ କରନ୍ତି ।
train/img_04860.jpg,ଥାଇଲ୍ୟାଣ୍ଡ ବାର୍ଷିକ ୧୦୫ ବିଲିୟନ ଆମେରିକୀୟ ଡଲାରରୁ ଅଧିକ ମୂଲ୍ୟର ସାମଗ୍ରୀ ଏବଂ ସେବା ରପ୍ତାନି କରେ।
train/img_04861.jpg,ମଣ୍ଡାସରୁ
train/img_04862.jpg,ଶ୍ରୀଗୁଣ୍ଡିଚା ମନ୍ଦିରରେ ବାହୁଡା଼ ପୂର୍ବ ଦିନର ସନ୍ଧ୍ୟା ଦର୍ଶନ ବହୁ ପୁରାତନ ସମୟରୁ ପ୍ରଚଳିତ ହୋଇ ଆସୁଅଛି।
train/img_04863.jpg,"ଏହା ଏକ ଉଦାରବାଦୀ ଗଣତନ୍ତ୍ର ଏବଂ ବଜାର ଅର୍ଥନୀତି; ମାନବିକ ଅଧିକାର, ଜୀବନଶୈଳୀ, ଆୟ ଏବଂ ଧନ, ଅର୍ଥନୈତିକ ପ୍ରତିଦ୍ୱନ୍ଦ୍ୱିତା ଏବଂ ଶିକ୍ଷାର ଆନ୍ତର୍ଜାତୀୟ ପଦକ୍ଷେପଗୁଡ଼ିକରେ ଏହା ଏକ ଉଚ୍ଚ ସ୍ଥାନ ଅଧିକାର କରିଛି; ଏବଂ ଏଥିରେ ନିମ୍ନ ସ୍ତରର ଭ୍ରଷ୍ଟାଚାର ଅଛି"
train/img_04864.jpg,ସେ ସମୟରେ ପଶ୍ଚିମା ଓ ବଙ୍ଗୀୟ ଯାତ୍ରୀମାନେ ଗୁଣ୍ଡିଚା ପର ଦିନ ତିନି ରଥ ଟାଣିବାର ସୁଯୋଗ ପାଉଥିଲେ ।
train/img_04865.jpg,"ଧର୍ମ ଦେବତାଙ୍କ ନିମନ୍ତେ ପ୍ରାରମ୍ଭରେ ଏହି ମନ୍ଦିର ନିର୍ମାଣ ହୋଇଥିଲା।ଏହି ମନ୍ଦିରରେ ବୈବାହିକ ନିର୍ବନ୍ଧ କାର୍ଯ୍ୟ କରାଯାଇଥାଏ।ଏହି ମନ୍ଦିର ଇନ୍ଦ୍ର ମନ୍ଦିର ନାମରେ ମଧ୍ୟ ସୁପରିଚିତ ଥିଲା।ମାଦଳା ପାଞ୍ଜିରୁ ଜଣାଯାଏ ଯେ, ଭୋଇ ବଂଶର ରାଜା ନରସିଂହ ଦେବ ୧୬୨୨-୧୬୪୪ ଖ୍ରୀଷ୍ଟାବ୍ଦ ମଧ୍ୟରେ କୋଣାର୍କରୁ ସୂର୍ଯ୍ୟ ଚନ୍ଦ୍ରଙ୍କୁ ଆଣି ଏଠାରେ ସ୍ଥାପନା କରିଥିଲେ।୧୬୨୮ ମସିହା ମାର୍ଚ୍ଚ ୧୭ ତାରିଖରେ ଗଜପତି ନରସିଂହ ଦେବ କୋଣାର୍କ ମନ୍ଦିରରୁ ଆଣି ଇନ୍ଦ୍ରଙ୍କ ମନ୍ଦିରରେ ସ୍ଥାପନା କରିଥିଲେ ବୋଲି ଜଣା ପଡିଛି।ଏହି ମନ୍ଦିରଟି ୩ ଭାଗରେ ବିଭକ୍ତ ଯଥା:- ୧) ବିମାନ, ୨) ଜଗମୋହନ, ୩) ନାଟ ମନ୍ଦିର।ଏହି ମନ୍ଦିର ୬୩ ଫୁଟ୍ ଉଚ୍ଚତା ବିଶିଷ୍ଟ ।ଶ୍ରୀମନ୍ଦିର ପରେ ଏହି ମନ୍ଦିରଟି ଅନ୍ୟ ମନ୍ଦିରମାନଙ୍କ ଅପେକ୍ଷାରେ ବଡ଼।ଇନ୍ଦ୍ରଙ୍କ ଅର୍ଦ୍ଧ ଭଗ୍ନ ବିଗ୍ରହ ସୂର୍ଯ୍ୟ ନାରାୟଣଙ୍କ ମଣି ବିଗ୍ରହର ଠିକ୍ ପଛ ପାର୍ଶ୍ୱରେ ଥିବା ଜଣାଯାଏ।ଜଗମୋହନର ମଧ୍ୟ ଭାଗରେ ଏକ ରଥାକୃତି କାଷ୍ଠ ସିଂହାସନରେ ଧାତୁ ନିର୍ମିତ ସୂର୍ଯ୍ୟ ପ୍ରତିମାଙ୍କ ଚଳନ୍ତି ବିଗ୍ରହ ଓ ବାମ ଭାଗରେ ଛାୟା ବିଗ୍ରହ ବା ଉତ୍ତରାୟଣ ବା ଚନ୍ଦ୍ର ବିଗ୍ରହ ବୋଲି କୁହାଯାଏ।ଏଠାରେ ଥିବା ""ଜ୍ୱର ଦେବତା""ଙ୍କ ମଣି ବିଗ୍ରହ ତିନି ମୁଣ୍ଡ, ପାଞ୍ଚ ହାତ ବିଶିଷ୍ଟ ।ରଥ ଉପରେ ""ପଦ୍ମ ମାଧବ"" ବିଗ୍ରହ ରଥାସୀନ ହୋଇଛନ୍ତି।"
train/img_04866.jpg,ତାଙ୍କୁ ବଙ୍ଗଳା ଭାଷାର ସର୍ବଶ୍ରେଷ୍ଠ ସାହିତ୍ୟକ ବୋଲି ଧରାଯାଏ ।
train/img_04867.jpg,"ପ୍ରଥମ ଶତାବ୍ଦୀରେ ପାର୍ସୀ, ଖ୍ରୀଷ୍ଟିଆନ ଓ ମୁସଲମାନମାନଙ୍କ ଆଗମନ ପରେ ପ୍ରଚୀନ ଭାରତର ରୂପରେଖରେ ଉନ୍ନତି ଘଟିଥିଲା ।"
train/img_04868.jpg,ଦକ୍ଷିଣ-ପୂର୍ବ ଏସିଆରେ ମଧ୍ୟ ସମାନ ଭାବେ ମୌସୁମୀ ବାୟୁ ପ୍ରବାହିତ ହୋଇଥାଏ ।
train/img_04869.jpg,"ପାଲାବାଲାମାନେ ନାନାପ୍ରକାର ବେଶରେ (ଅର୍ଥାତ୍ ମୁଣ୍ଡରେ ପଗଡ଼ି, ଦେହରେ ଚପ୍କନ୍ ପରି ବଡ଼ କୁର୍ତ୍ତା ଅଣ୍ଟାରେ ଘାଗରା ଓ ଗୋଡ଼ରେ ବଳା ବା ଘାଙ୍ଗୁର ପିନ୍ଧି ନାଚିଥାନ୍ତି ।"
train/img_04870.jpg,ସେମାନେ ଚାଷୀମାନଙ୍କଠାରୁ କୃଷିଜାତ ସାମଗ୍ରୀ ଆଣି ପେସାଗତ ବେପାରୀଙ୍କୁ କୃଷିଜାତ ଓ ଶିଳ୍ପଜାତ ଦ୍ରବ୍ୟ ଯୋଗାଇବାରେ ସାହାଯ୍ୟ କରୁଥିଲେ ।
train/img_04871.jpg,ସ୍ୱାଧୀନତା ସଂଗ୍ରାମ ଇତିହାସରେ ଏହି ଅଞ୍ଚଳର ନାମ ସ୍ୱର୍ଣ୍ଣାକ୍ଷରରେ ଲିପିବଦ୍ଧ ।
train/img_04872.jpg,ମହାନଦୀ ହେଉଛି ଓଡ଼ିଶାର ବୃହତ୍ତମ ନଦୀ ଏବଂ ଭାରତର ଷଷ୍ଠ ବୃହତ୍ତମ ନଦୀ ଏହାର ପ୍ରକୃତ ଉତ୍ପତ୍ତି ଜଣା ପଡିନାହିଁ କିନ୍ତୁ ଛତିଶଗଡର ଧାମଟାରୀ ଜିଲ୍ଲାର ବସ୍ତର ମାଳଭୂମିର ସିହାୱା ପାହାଡରେ ଦୂରତମ ଜଳରାଶି ମିଳିପାରିବ।
train/img_04873.jpg,ଶବ୍ଦ ମଧ୍ୟସ୍ଥ ସ୍ୱରବର୍ଣ୍ଣ ବିଲୋପ ବା ଶବ୍ଦମଧ୍ୟର ସ୍ୱରବର୍ଣ୍ଣ ହଟିଯିବା
train/img_04874.jpg,"ତୁଳସୀ ମହିଳା ମହାବିଦ୍ୟାଳୟ, କେନ୍ଦ୍ରାପଡ଼ା"
train/img_04875.jpg,ସହରର ସବୁଠୁ ବଡ଼ ଦୂରଭାଷ ସେବା ଏମଟି ଏନ ଏଲ।
train/img_04876.jpg,ନର୍ଦ୍ଦମା ଜଳକୁ ବର୍ଲି ଓ ବାନ୍ଦ୍ରାରେ ଉପଚାର କରାଯାଇ ସମୁଦ୍ରରେ ଛଡାଯାଇଥାଏ।
train/img_04877.jpg,"ମା' ସର୍ବମଙ୍ଗଳାଙ୍କ ମନ୍ଦିରରେ ଷୋଳ ପୂଜା,କାଳୀ ପୂଜା,ଓଢ଼ଣ ଷଷ୍ଠୀ, କୁମାର ପୂର୍ଣ୍ଣିମା, ଶିବରାତ୍ରି ଓ ଦୋଳ ପୂର୍ଣ୍ଣିମାରେ ଏଠାରେ ବିଶେଷ ନୀତି ପାଳିତ ହୋଇଥାଏ ।"
train/img_04878.jpg,"ଗୋରେଖନାଥ ଷ୍ଟେଶନରୁ ରେଳ ଲାଇନରେ ରାହାମା ୧୬ କି ମି ,ରଘୁନାଥପୁର ୧୩, ବଡ଼ବନ୍ଧ ୨୦ ଓ ପାରାଦୀପ ୩୯ କି ମି ଦୂର ।"
train/img_04879.jpg,"ସେ ସମୟରେ ଦୀର୍ଘସମୟଧରି ଅତ୍ୟଧିକ ଯନ୍ତ୍ରଣା ଭୋଗ କରୁଥିଲେ, ୭ ଅଗଷ୍ଟ ୧୯୪୧ରେ ମୃତ୍ୟୁବରଣ କରିଥିଲେ ୮୦ବର୍ଷ ବୟସରେ; ସେ ଜୋରାସଙ୍କ ଭବନର ଉପର ମହଲାରେ ପ୍ରାଣତ୍ୟାଗ କରିଥିଲେ ।"
train/img_04880.jpg,ଏହା ୧୯୪୮ ଜୁଲାଇ ୨୬ ଦିନ ପ୍ରତିଷ୍ଠିତ ହୋଇଥିଲା ।
train/img_04881.jpg,ଥରେ ଦକ୍ଷ ପ୍ରଜାପତି ଯଜ୍ଞର ଆୟୋଜନ କରି ନିଜ କନ୍ୟା ସତୀ ଓ ଜାମାତା ଶିବଙ୍କ ବ୍ୟତୀତ ସବୁ ଦେବତାମାନଙ୍କୁ ଆମନ୍ତ୍ରିତ କରିଥିଲେ।
train/img_04882.jpg,ଦହେ ବିପକ୍ଷ ମରନ କରି ତାହା ଦରଶନ (ଭବପ୍ରୀତା)
train/img_04883.jpg,"ସହର ନିକଟସ୍ଥ ବାଲିଆର ଭୁବନେଶ୍ୱର ମନ୍ଦିର, କୁଣ୍ଢେଶ୍ୱରର ତ୍ରିଲୋଚନେଶ୍ୱର ମନ୍ଦିର, ନାସିକର ଖଣ୍ଡେଶ୍ୱର ମନ୍ଦିର, ଧନିଶୋର ପଞ୍ଚୁ ପାଣ୍ଡବ ମନ୍ଦିରର ସ୍ଥାପତ୍ୟ ପର୍ଯ୍ୟଟକଙ୍କୁ ଆକୃଷ୍ଟ କରେ ।"
train/img_04884.jpg,"ଓଡ଼ିଶାର ମୁଖ୍ୟ ହସ୍ତତନ୍ତ କେନ୍ଦ୍ରଗୁଡିକ ହେଉଛି ସମ୍ବଲପୁର , ବରଗଡ଼, ସୋନପୁର, ବୈାଦ, ନୂଆପାଟଣା, ଜଗତସିଂହପୁର, କୋଟପାଡ଼, ପୁରୀ, ନୟାଗଡ଼, ବଲାଙ୍ଗୀର , ଢେଙ୍କାନାଳ , କଟକ , ଫକୀରପୁର, ମାଙ୍କିଡିଆ, ମାଲକାନଗିରି ଇତ୍ୟାଦି ।"
train/img_04885.jpg,୯୭୦୦୦ ବତୀଯୁକ୍ତ ମହିଶୁର ପ୍ୟାଲେସ
train/img_04886.jpg,ଯଥା - ଶ୍ରୀପଞ୍ଚମୀ ଦିନ ରଥକାଠ ପୁରୀରେ ପହଞ୍ଚିବା ସଙ୍ଗେ ସଙ୍ଗେ ଅନୁକୂଳ ନୀତି ଶ୍ରୀମନ୍ଦିର କାର୍ଯ୍ୟାଳୟ ସମ୍ମୁଖରେ ହୋଇଥାଏ।
train/img_04887.jpg,ସେହିପରି ଏଣ୍ତି ଚାଦର ଏବଂ ସାଲ ବିଶେଷ ଧରଣର ପୋକର ଲାଳରୁ ତିଆରି କରାଯାଏ ।
train/img_04888.jpg,ଆଜିକାଲି ଏହା ବଦଲରେ କେତେକ ଆଧୁନିକ ଓ ଆଗରୁ ବନ୍ଧା ଓ ସିଲାଇକରା ପୋଷାକ ପିନ୍ଧାଯାଉଅଛି ଯେଉଁଥିରେ ଏହି ପୁରାତନ ଲୁଗା ପରି ଖୋସିବାକୁ ପଡ଼ିନଥାଏ ।
train/img_04889.jpg,ଏହାର ଭୌଗଳିକ ଦିଗବାରେଣି:
train/img_04890.jpg,୮ ଅକ୍ଷରିଆ ୨ ପାଦ ଓ ୧ ଅକ୍ଷରିଆ ଏକପାଦ ଯୁକ୍ତ 'ତ୍ରିପଦୀ' ଦ୍ୱୟ ସମ୍ବଳିତ ଗୀତ ମଧ୍ୟ ବୋଲାଯାଏ ।
train/img_04891.jpg,୧୯୩୨ ମେ ମାସର ଅର୍ଦ୍ଧରାତ୍ରରେ ଅଳକାଶ୍ରମର କର୍ମୀ ଓ ନେତାମାନେ ଲବଣ ସତ୍ୟାଗ୍ରହରେ ଯୋଗଦେଇ ଜେଲରେ ଥିବାବେଳେ ଆଶ୍ରମ ଚାଳଘର ନିଆଁ ଲଗାଇ ଭସ୍ମୀଭୂତ କରି ଦିଆଯାଇଥିଲା।
train/img_04892.jpg,"ଓଡ଼ିଶାର ଅର୍ଥନୀତି, ସାମାଜିକ ବିଧିବ୍ୟବସ୍ଥା, ଧାର୍ମିକ ବିଶ୍ୱାସର ଅଧପତନ ଘଟାଇବାକୁ ଚେଷ୍ଟିତ ଇଂରେଜ କମ୍ପାନୀ ସରକାର ୧୮୬୬ରେ ନଅଙ୍କ ଦୁର୍ଭିକ୍ଷ ସୃଷ୍ଟି କରିଥିଲେ ।"
train/img_04893.jpg,ଏଗୁଡ଼ିକ ପଞ୍ଚମ ଶତାବ୍ଦୀଠାରୁ ଅଷ୍ଟମ ଶତାବ୍ଦୀ ମଧ୍ୟରେ ନିର୍ମିତ ହୋଇଥିବା ପ୍ରମାଣ ମିଳେ ।
train/img_04894.jpg,ବାଲ୍ୟ ଜୀବନ (୧୮୬୧-୧୯୦୧)
train/img_04895.jpg,ଭାରତୀୟ ବିଜ୍ଞାନ ଶିକ୍ଷା ଏବଂ ଅନୁସନ୍ଧାନ ସଂସ୍ଥାନ ବ୍ରହ୍ମପୁର
train/img_04896.jpg,ପଟଳ ଭୂଇଁ ଉପରଠାରୁ ବଡ଼ ଖୋଜ ମଧ୍ୟ ଚୌତାଳରେ ୨ ଚଉଠ ୧୨ ଅଙ୍ଗୁଳ ରଖି ବସାଇବ।
train/img_04897.jpg,୧୯୩୬ ଖ୍ରୀ - ସ୍ୱତନ୍ତ୍ର ଓଡ଼ିଶା ପ୍ରାନ୍ତ ଗଠିତ ।
train/img_04898.jpg,ଗ୍ରାମପଞ୍ଚାୟତ:୧୦୮
train/img_04899.jpg,"କିନ୍ତୁ ସମୟ କ୍ରମେ ଶିଳାଲେଖରେ ବହୁ ଅବକ୍ଷୟ ଘଟିଥିବାରୁ, ଏହାର ସଠିକ ପଠନ ହୋଇପାରିନାହିଁ ଏବଂ ବହୁ ତଥ୍ୟଗତ ବିବାଦ ଜନ୍ମ ନେଇଛି।"
train/img_04900.jpg,ତେଣୁ ମନେ ରଖିବାର ସୁବିଧା ନିମନ୍ତେସବୁ କଥାକୁ ପଦ୍ୟର ରୂପ ଦେବା ଦରକାର ଥିଲା ।
train/img_04901.jpg,ଚନ୍ଦନଧାରା ଜଳପ୍ରପାତ
train/img_04902.jpg,ଇଂଲିଶ୍ ନାମ ଥିବା ଏହା ପ୍ରଥମ ଓଡ଼ିଆ ଚଳଚ୍ଚିତ୍ର।
train/img_04903.jpg,"ରକ୍ତ ତୀର୍ଥ ଇରମ, ବାସୁଦେବପୁର, ଏହାକୁ ଓଡ଼ିଶାର ଜାଲିଆନାୱାଲାବାଗ ବୋଲି ମଧ୍ୟ କୁହାଯାଏ।"
train/img_04904.jpg,"ଏହାର ଲମ୍ବ ପ୍ରାୟ କିଲୋମିଟର (ଓଡ଼ିଶାରେ କିଲୋମିଟର) ଏବଂ ଏହାର ଧରିବା କ୍ଷେତ୍ର , କିଲୋମିଟର ଉପରେ ବ୍ୟାପିଛି, ସେଥିମଧ୍ୟରୁ , କିଲୋମିଟର (ରାଜ୍ୟର ଅଞ୍ଚଳ) ଓଡ଼ିଶାରେ ଅବସ୍ଥିତ ଏହି ନଦୀ ହାରାହାରି , ନିୟୁତ ମିଟର ଜଳ ବହନ କରେ ଓଡ଼ିଶା ସୀମା ଭିତରେ, ମହାନଦିଙ୍କ ଟ୍ରିବ୍ୟୁଟାରୀରେ ଇବ, ଦ ଅନଗ ଏବଂ ଟେଲ ଅନ୍ତର୍ଭୁକ୍ତ"
train/img_04905.jpg,"ତହସିଲ (୧୪): ଆଗଲପୁର, ଖପ୍ରାଖୋଲ, ଗୁଡ଼ଭେଲା, ଦେଓଗାଁ, ପାଟଣାଗଡ଼, ପୁଇଁତଳା, ବଙ୍ଗମୁଣ୍ଡା, ବଲାଙ୍ଗୀର, ବେଲପଡ଼ା, ଲୋଇସିଂହା, ମୁରିବାହାଲ, ସଇଁତଳା, ଟିଟିଲାଗଡ଼ ଓ ତୁସରା"
train/img_04906.jpg,କଟକରେ ଥିବା କ୍ରୀଡା ସୁବିଧା
train/img_04907.jpg,ରାୟଗଡ଼ା ସହର ଏହି ଜିଲ୍ଲାର ପ୍ରଶାସନିକ ମୁଖ୍ୟସ୍ଥଳ ଯେଉଁଠି ସବୁ ସରକାରୀ ଅଫିସ ଆଉ ବେସରକାରି କମ୍ପାନୀର ପ୍ରଧାନ ଅଫିସସବୁ ଅଛି ।
train/img_04908.jpg,"ବାଲେଶ୍ୱରର ଜଉ କଣ୍ଢେଇ ବିରଳ, କୋଟିକମ କରା ଓ ସାରା ଓଡ଼ିଶାରେ ପ୍ରସିଦ୍ଧ ।"
train/img_04909.jpg,ପହଣ୍ଡି ବିଜେ
train/img_04910.jpg,ଭଜା
train/img_04911.jpg,ଢେଙ୍କାନାଳ ଜିଲ୍ଲାର ସରକାରୀ ପୃଷ୍ଠା - -
train/img_04912.jpg,ସାଧାରଣ ଓଡ଼ିଆ ରାନ୍ଧଣା
train/img_04913.jpg,ଗାନ୍ଧୀଜୀଙ୍କ ସାବରମତୀ ଆଶ୍ରମ ଅହମଦାବାଦର ଅନ୍ୟ ମୁଖ୍ୟ ପରିଚୟ ଅଟେ ।
train/img_04914.jpg,ଶିଶୁ ବୃକ୍ଷଟି ଆଜି ବିଶାଳ ବୃକ୍ଷରେ ପରିବର୍ତ୍ତିତ ହୋଇ ଆଶାତୀତ ଭାବେ କଳେବର ବୃଦ୍ଧି କରିଚାଲଛିି ।
train/img_04915.jpg,"ହିନ୍ଦୁସ୍ତାନ ଏରୋନଟିକାଲ ମିଗ ଇଞ୍ଜିନ କାରଖାନା, ସୁନାବେଢା"
train/img_04916.jpg,ଏମାନେ ଦିନରେ ଲୁଚି ରହନ୍ତି ରାତିରେ ବାହାରନ୍ତି।
train/img_04917.jpg,"ତତ୍କାଳୀନ ସମୟରେ କଳିଙ୍ଗ, ସିଆମ୍ ଓ ଜାଭାର ରାଜାମାନେ ସାମୁଦ୍ରିକ ତସ୍କରମାନଙ୍କୁ ଦମନ କରିବା ପାଇଁ ସମୟ ସମୟରେ ସାମରିକ ନିରୀକ୍ଷକ ଦଳମାନଙ୍କୁ ନିୟୋଜିତ କରୁଥିଲେ ।"
train/img_04918.jpg,ଡ଼ାହୁକା ଡ଼ାହୁକୀ ସ୍ୱରେ
train/img_04919.jpg,ମଠ/ ଆଶ୍ରମ
train/img_04920.jpg,ତାହାତେ ଲଳିତ କଲିର ହାର
train/img_04921.jpg,"ଏଥିରେ ଚଢ଼େୟା, ଚଢ଼େୟାଣୀ, ଦକ୍ଷିଣକାଳୀ, ଡୁବଡୁବା, ଗଉଡ଼, ଗଉଡ଼ୁଣୀ, ସାପୁଆ, ଚହଟା ଦିଅର, ସିପାହୀ, ଢୋଲିଆ, ଉଲ, ବୀଣାକାର, ଜଗାଳି, ରାଜଗୁଣିଙ୍କ ଚରିତ୍ର ମାଧ୍ୟମରେ ହାସ୍ୟରସ ପ୍ରକାଶ ସହିତ ବହୁ ଉପଦେଶ ଜନ ସମୁଦାୟକୁ ପରିବେଷଣ କରା ଯାଇଥାଏ।"
train/img_04922.jpg,"ସେହି ସବୁ ନୀତି ନିୟମ ବିଷୟରେ "" ମାଦଳା ପାଞ୍ଜି ""ରେ ବିଷଦ ଭାବରେ ବର୍ଣ୍ଣନା ରହିଛି ।"
train/img_04923.jpg,"ଏହାଛଡ଼ା ଦପାନାହାକାଣି ମନ୍ଦିର, କାଉପୁରର ସୀତାକୁଣ୍ଡ, ମଠସାହିର ଦକ୍ଷିଣେଶ୍ୱର ମନ୍ଦିର, ବାସୁଦେବପୁର ଥାନା ଅନ୍ତର୍ଗତ ପଢ଼ୁଆଁ ଗ୍ରାମରେ ଅଷ୍ଟଭୂଜା ଦୁର୍ଗାମଣ୍ଡପ, ବାସୁଦେବପୁରର ପ୍ରସନ୍ନଦେବ ଜୀଉ ମନ୍ଦିର, ରାଧାକୃଷ୍ଣ ମନ୍ଦିର ଚରମ୍ପାର ହନୁମାନ ସାହି, ଏରେଇଁ ଓ ସାହାପୁରସ୍ଥିତ ହନୁମାନ ମନ୍ଦିର, ଆଦି ଭଦ୍ରକ ଅଞ୍ଚଳର ଧର୍ମ ଭାବନାର ବାର୍ତ୍ତା ବାହକ।"
train/img_04924.jpg,ସମଗ୍ର ବିଶ୍ୱରେ ବିଭିନ୍ନ ପ୍ରକାର ଲୋକନାଟକ ପ୍ରଚଳିତ ।
train/img_04925.jpg,ମାନଚିତ୍ର
train/img_04926.jpg,"ମାଳିଅରୁଆ ଗାଁ, ବ୍ରହ୍ମପୁର ଗ୍ରାମ ପଞ୍ଚାୟତ, ପ୍ରସିଦ୍ଧ ମା କୁଣ୍ଡିକାଳୀ ମନ୍ଦିର ମା କୁଣ୍ଡିକାଳୀ ପୀଠ ।"
train/img_04927.jpg,"କାଶ୍ମୀରୀ ଭାଷା, ଭାରତର ଜମ୍ମୁ ଓ କାଶ୍ମୀରର ମୂଖ୍ୟ ଭାଷା ଅଟେ ।"
train/img_04928.jpg,ନୀଳାଦ୍ରି ବିଜେ ଦିନ ମଠ ତରଫରୁ ରତ୍ନସିଂହାସନ ମାର୍ଜନା କରାଯାଏ ଓ ନୀଳଚକ୍ରରେ ନୂତନ ଧ୍ୱଜା ବନ୍ଧାଯାଏ।
train/img_04929.jpg,ସେମାନେ ବିଶେଷ କରି ବଙ୍ଗାଳୀ ଓକିଲ ଓ ଅନ୍ୟ ବୁଦ୍ଧିଜୀବୀଙ୍କ ପ୍ରରୋଚନାରେ ଓଡ଼ିଶାର ବିଭିନ୍ନ ସ୍ଥାନରୁ କଞ୍ଚାମାଲ ସଂଗ୍ରହ କରି ଓଡ଼ିଶାର ଅର୍ଥନୀତିର ବଜାରକୁ ନିୟନ୍ତ୍ରଣ କରୁଥିଲେ ।
train/img_04930.jpg,ଏହି ସମ୍ପୂର୍ଣ୍ଣ ତାଲିକା ତିଆରି କରାଯାଇ ପାରିନାହିଁ ।
train/img_04931.jpg,ବାହୁଡା଼ ଯାତ୍ରା ପରେ ସିଂହଦ୍ୱାରଠାରେ ତିନି ରଥ ଉପରେ ସୁନାବେଶ ଓ ତତ୍ ପରଦିନ ଠାକୁରମାନଙ୍କ ଉଦ୍ଦେଶ୍ୟରେ ଅଧର ପଣା ଭୋଗ ହୋଇଥାଏ।
train/img_04932.jpg,"ସତ୍ୟନାରାୟଣ ବହିଦାର (୧୯୧୩-୧୯୮୦) - ତାଙ୍କର ପ୍ରଥମ କବିତା ""ଅନୁଭୂତି"" ୧୯୩୧ ମସିହାରେ ପ୍ରକାଶିତ ହେଇଥିଲା ।"
train/img_04933.jpg,"ଶବ୍ଦ ମଧ୍ୟର ସ୍ୱରବର୍ଣ୍ଣ ହଟିଯିବାର ବ୍ୟତିକ୍ରମ : - ଦ୍ୱୈତସ୍ୱରରେ ( ) ଦେଖିବାକୁ ମିଳେ ଅର୍ଥାତ୍ ଶବ୍ଦ ମଧ୍ୟର ସ୍ୱର ସାଧାରଣତଃ ହଟିଯାଏ, କିନ୍ତୁ - ଯୋଡ଼ା ଥିଲେ ହଟେ ନାହିଁ"
train/img_04934.jpg,"ଦେବୀଭାଗବତ, କାଳୀକାପୁରାଣ ନୀଳତନ୍ତ୍ର ଏହିଠାରେ"
train/img_04935.jpg,"୧) ସଙ୍ଗୀତର ପ୍ରଥମ, ଚତୁର୍ଥ ଓ ଶେଷ ପଦକୁ ରାଜ୍ୟ ସଙ୍ଗୀତ ଭାବରେ ଗାନ କରାଯିବ ।"
train/img_04936.jpg,ସ୍ଥାନୀୟ ବଣ୍ଡା ଜନଜାତିର ଲୋକମାନେ ଏଠାକୁ ଆସୁଥିବାରୁ ଏହା ବହୁ ବିଦେଶୀ ପର୍ଯ୍ୟଟକଙ୍କୁ ଆକର୍ଷିତ କରିଥାଏ ।
train/img_04937.jpg,ମକର ସଂକ୍ରାନ୍ତି: ମାଘ କୃଷ୍ଣ ସପ୍ତମୀ: ଉତ୍ତରାୟଣ ଯାତ୍ରା
train/img_04938.jpg,ରଥ ଉପରେ ଅନ୍ୟାନ୍ୟ ନୀତି
train/img_04939.jpg,"ଓଡ଼ିଶୀ ସଙ୍ଗୀତର ନିଜସ୍ୱ ସୁଦୀର୍ଘ ପରମ୍ପରା, ରାଗ ରାଗିଣୀ ଓ ଗାୟନ ପରମ୍ପରା ଇତ୍ୟାଦି ସ୍ୱତନ୍ତ୍ର ଭାବେ ପ୍ରାଚୀନ କାଳରୁ ରହିଅଛି ।"
train/img_04940.jpg,ଆଦି ବ୍ରହ୍ମ ପୁରାଣ ମତରେ ଏଇଠି ସୂର୍ଯ୍ୟ ଯନ୍ତ୍ର ସ୍ଥାପିତ ହୋଇଛି ଓ ସୂର୍ଯ୍ୟ ପୂଜା ପାଇଁ ଏହା ହିଁ ଉଦ୍ଦିଷ୍ଟ ।
train/img_04941.jpg,ନମାଜ ପଢ଼ିବା ସମୟ
train/img_04942.jpg,ଏଠାରେ ବାର୍ଷିକ ହାରାହାରି ବୃଷ୍ଟିପାତ ୧୨୫୮ ୧ / ହୋଇଥାଏ ।
train/img_04943.jpg,ଭୁବନେଶ୍ୱର ତା ନିଜ ପବନ କାରଣରୁ ମଧ୍ୟ ପ୍ରସିଦ୍ଧ ।
train/img_04944.jpg,ଘୋଷଯାତ୍ରା: ବିଶ୍ୱର ମଙ୍ଗଳ ଘୋଷଣା କରୁଥିବାରୁ ବା ନ ନ୍ଦିଘୋଷ ରଥରେ ବସି ଯାତ୍ରା କରୁଥିବାରୁ ଘୋଷଯାତ୍ରା ।
train/img_04945.jpg,"ଶୀତଳ ଷଷ୍ଠୀ, ଶିବ ବିବାହ ଉତ୍ସବ ଠାକୁରଙ୍କ ଜଳାଶାୟୀ ନୀତି ହୋଇଥାଏ।"
train/img_04946.jpg,ମୁଖ୍ୟ ନାଟ ଗୋଟିପୁଅ ବାଦ ଏହି ନାଟୁଆମାନେ ଆଉ ଏକ ପ୍ରକାରର ନାଟ ମଧ୍ୟ ପରିବେଷଣ କରିଥାନ୍ତି ଯାହା ବାନ୍ଧ ନୃଉତ୍ୟ ନାମରେ ଜଣାଶୁଣା ।
train/img_04947.jpg,ଟେରାକୋଟା ଏବଂ କୁମ୍ଭାର
train/img_04948.jpg,ମାଛକାନ୍ଦଣା ଜଳପ୍ରପାତ: ଶିମିଳିପାଳର ସୌନ୍ଦର୍ଯ୍ୟଭରା ଏହି ଜଳପ୍ରପାତଟି ୩ଟି ଜଳପ୍ରପାତର ସମଷ୍ଟି ।
train/img_04949.jpg,ରଘୁନାଥ ମୁର୍ମୁ ସାନ୍ତାଳୀକୁ ଲେଖିବା ପାଇଁ ଅଲ ଚିକିର ଉଦ୍ଭାବନ କରିଥିଲେ ।
train/img_04950.jpg,"ଏକକ ପ୍ରସ୍ତର ନିର୍ମିତ ବୁଦ୍ଧଙ୍କ ପ୍ରତିମା, ଏସିଆରେ ବୃହତ୍ତମ"
train/img_04951.jpg,"ବାଲୁ ବଜାର- ବହି ପତ୍ର ପ୍ରକାଶନ ସଂସ୍ଥା, ଅଳଙ୍କାର"
train/img_04952.jpg,ଅଧୁନା ଇମ୍ଫାର ଫେରୋକ୍ରୋମ କାରଖାନା ଚୌଦ୍ୱାର ଶିଳ୍ପାଞ୍ଚଳର ସଫଳ ଉଦ୍ୟୋଗ ଭାବେ ଚାଲୁ ଅଛି।
train/img_04953.jpg,ଏହା ବ୍ୟତୀତ ଅନେକ ଅଭିଧାନ ପୋଥିର ରଚନା ମଧ୍ୟ କରାଯାଇଛି ।
train/img_04954.jpg,"ଗୁଜରାଟୀ ଦକ୍ଷିଣ-ପୂର୍ବ ଆଫ୍ରିକୀୟ ଦେଶଗୁଡ଼ିକରେ ବିଶେଷ କରି କେନିଆ, ଉଗାଣ୍ଡା, ତାଞ୍ଜାନିଆ, ଜାମ୍ବିଆ ଏବଂ ଦକ୍ଷିଣ ଆଫ୍ରିକାରେ କଥିତ ।"
train/img_04955.jpg,୧ ଅପ୍ରେଲ ୧୯୯୩ରେ ଏହା ବାଲେଶ୍ୱର ଜିଲ୍ଲାରୁ ଅଲଗା ହୋଇ ଏକ ନୂଆ ଜିଲ୍ଲାରେ ପରିଣତ ହେଲା ।
train/img_04956.jpg,"୪୮ଟି ସଂଲଗ୍ନ ରାଜ୍ୟ ଏବଂ କଲମ୍ବିଆ ଜିଲ୍ଲା ୩,୧୧୯,୮୮୫ ବର୍ଗ ମାଇଲ୍ (୮,୦୮୦, ୪୭୦ କିଲୋମିଟର)ର ମିଳିତ କ୍ଷେତ୍ର ଦଖଲ କରିଛନ୍ତି ଏହି କ୍ଷେତ୍ର ମଧ୍ୟରୁ ୨,୯୫୯,୦୬୪ ବର୍ଗ ମାଇଲ୍ (୭,୬୬୩,୯୪୦ ବର୍ଗ କିମି) ସଂଲଗ୍ନ ଜମି ଅଟେ, ଯାହା ସମୁଦାୟ ଆମେରିକାର ଜମିକ୍ଷେତ୍ରର ୮୩ ୬୫ ଅଟେ ପ୍ରାୟ ୧୫ ଉତ୍ତର-ପଶ୍ଚିମ ଉତ୍ତର ଆମେରିକାର ଏକ ରାଜ୍ୟ ଆଲାସ୍କା ଅଧୀନରେ ରହିଛି ଓ ଅବଶିଷ୍ଟ ହାୱାଇରେ, ମଧ୍ୟ ପ୍ରଶାନ୍ତ ମହାସାଗରରେ ଏକ ରାଜ୍ୟ ଏବଂ ଆର୍କିପେଲାଗୋ ଏବଂ ପୁଏର୍ତୋ ରିକୋ, ଆମେରିକୀୟ ସାମୋଆ, ଗୁଆମ୍, ଉତ୍ତର ମାରିଆନାର ପାଞ୍ଚଟି ଜନବହୁଳ କିନ୍ତୁ ଅବିଭକ୍ତ ଅଞ୍ଚଳ ଅଟେ କେବଳ ଭୂମିକ୍ଷେତ୍ର ମାପ ଅନୁଯାୟୀ, ରୁଷ ଏବଂ ଚୀନ୍ ପଛରେ ଆମେରିକା ତୃତୀୟ ସ୍ଥାନରେ ଅଛି ଏବଂ କାନାଡାଠାରୁ ଆଗରେ ଅଛି।"
train/img_04957.jpg,"ଏହା ଇଣ୍ଡୋ-ଇଉରୋପୀୟ ଭାଷାମାନଙ୍କ ମଧ୍ୟରେ ଏକମାତ୍ର ଜୀବନ୍ତ ଭାଷା, ଯାହା ଏକ ସମ୍ପୂର୍ଣ୍ଣ ସ୍ୱର ସମ୍ବନ୍ଧୀୟ ଭାଷା ।"
train/img_04958.jpg,ମନୋରଞ୍ଜନ ଓ ସଭାସମିତି ପାଇଁ ଜଗତ୍ ସିଂହପୁର ସହରରେ ୫ଟି ଅଡିଟୋରିୟମ ରହିଛି ।
train/img_04959.jpg,ଓଡ଼ିଆ-ଇଂରାଜୀ ଶବଦକୋଷ (ଗୁଗଲ ବୁକ୍ ସ; ଆର ଜେ ଗୁଣ୍ଡି)
train/img_04960.jpg,ସଭ୍ୟତା
train/img_04961.jpg,କଳିଙ୍ଗା ଘାଟି
train/img_04962.jpg,ଅସାର ସଂସାର ନାମ ମାତ୍ର ସାର/ କି ପରିବେ ଜୀବନ ଯୌବନା ।
train/img_04963.jpg,"୧୫୬୮ରେ ଶେଷ ରାଜା ମୁକୁନ୍ଦ ଦେବଙ୍କ ଦେହାନ୍ତ ପରେ ବ୍ରିଟିଶ ଶାସନରୁ ଅଲଗା ହୋଇ ଏକ ""ସ୍ୱତନ୍ତ୍ର ଉତ୍କଳ ପ୍ରଦେଶ"" ଗଠନ କରିବା ପାଇଁ ମଧୁସୂଦନ ଦାସ, ଫକୀର ମୋହନ ସେନାପତି, ଗୋପବନ୍ଧୁ ଦାସ, ନୀଳକଣ୍ଠ ଦାସ, ଗଙ୍ଗାଧର ମେହେର, ରାଧାନାଥ ରାୟ, ବାସୁଦେବ ସୁଢ଼ଳ ଦେବ ଓ କୃଷ୍ଣଚନ୍ଦ୍ର ଗଜପତିଙ୍କ ଚେଷ୍ଟାରେ ଆନ୍ଦୋଳନ ତେଜିଥିଲା ।"
train/img_04964.jpg,ସିଦ୍ଧମଠ ମନ୍ଦିର
train/img_04965.jpg,ଏହି ତିନିଗୋଟି ରଥ ମାଳିନୀ ବା ବଡ଼ ନଈର ଉତ୍ତର ଭୂମିରେ ଆଡ଼ପ ମଣ୍ଡପ ବା ଗୁଣ୍ଡିଚା ଘରକୁ ଯାଉଥିଲା ।
train/img_04966.jpg,"ପରବର୍ତ୍ତୀ କାଳରେ ଏହି ଅଞ୍ଚଳରେ ନନ୍ଦ, ମୌର୍ଯ୍ୟ, କୁଶାଣ ଗୁପ୍ତ, ଆଫଗାନ୍ ଓ ମୋଗଲ୍ ସାମ୍ରାଜ୍ୟ ବିସ୍ତାର ଲାଭ କରିଥିଲା ।"
train/img_04967.jpg,"ଏହାପରେ ପତ୍ରିବଡ଼ୁ, ସୁଆରବଡ଼ୁ ଓ ଗରାବଡ଼ୁ ପାଳିଆ ସେବକ ତିନି ରଥରେ ପୂଜା ଠା' କରନ୍ତି।"
train/img_04968.jpg,ରଙ୍ଗୀନ ଯୁଗ (୧୯୫୦ରୁ ଅଦ୍ୟାବଧି) : ଏହି କାଳରେ ଝୁମର ପୂର୍ବର ରୀତିଯୁଗୀୟ କାବ୍ୟିକ ଗୁଣକୁ ପରିହାର କରି ସାଧାରଣ ଜନପଦକୁ ଓହ୍ଲାଇ ଆସିଛି ।
train/img_04969.jpg,"ମୁଖ୍ୟରୂପେ ଦକ୍ଷିଣ ଏସିଆରେ ଭାଷା କୁହାଯାଏ, କିନ୍ତୁ ଇଣ୍ଡୋ-ଆର୍ଯ୍ୟନ ଭାଷା ୟୁରୋପ ଏବଂ ମଧ୍ୟ ପୂର୍ବରେ କୁହାଯିବ ।"
train/img_04970.jpg,ଖୁବ ଛୋଟ ଛୋଟ ବାକ୍ୟରେ ଏହା ଲେଖାଯାଇଛି ।
train/img_04971.jpg,କୋରାପୁଟ ଜିଲ୍ଲା ୧୭ ୪'ଉ ରୁ ୨୦ ୭'ଉତ୍ତର ଅକ୍ଷାଂଶ ଓ ୮୧ ୨୪'ପୂରୁ ୮୪ ୨'ପୂର୍ବ ଦ୍ରାଘିମାମଧ୍ୟରେ ଅବସ୍ଥିତ
train/img_04972.jpg,"(୯) ଲୋକ ସଂସ୍କୃତି ପାଠେର ଭୂମିକା (ବଙ୍ଗଳା) ତୁଷାର ଚଟ୍ଟୋପାଧ୍ୟାୟ ଦେଜ୍ ପବ୍ଲିଶିଂ, କୋଲକାତା ୧ମ ୨୦୦୧ ।"
train/img_04973.jpg,ଭାରତର ଚାରି ଧାମ ମଧ୍ୟରୁ ପୁରୀ ଅନ୍ୟତମ ।
train/img_04974.jpg,ସଭ୍ୟତା
train/img_04975.jpg,ସଦସ୍ୟ ନିର୍ବାଚନ ବ୍ୟବସ୍ଥା
train/img_04976.jpg,ରାଜ୍ୟର ମୋଟ ଘରୋଇ ଉତ୍ପାଦରେ ପ୍ରଭାବଶାଳୀ ଅଭିବୃଦ୍ଧି ପରିସଂଖ୍ୟାନ ଏବଂ କାର୍ଯ୍ୟକ୍ରମ କାର୍ଯ୍ୟାନ୍ୱୟନ ମନ୍ତ୍ରଣାଳୟ ରିପୋର୍ଟ କରିଛନ୍ତି ।
train/img_04977.jpg,ଏଥି ମଧ୍ୟରେ ଶ୍ରୀନଅର ଓ ଶ୍ରୀମନ୍ଦିର ସଦର କାର୍ଯ୍ୟାଳୟ ମଧ୍ୟ ଅନ୍ତର୍ଭୁକ୍ତ ।
train/img_04978.jpg,"ଉତ୍ତର ଓଡ଼ିଶାର ମୟୁରଭଞ୍ଜ, ସୁନ୍ଦରଗଡ଼ ପ୍ରଭୃତି ଅଞ୍ଚଳର ପ୍ରମୁଖ ଲୋକସଂଗୀତ ଭାବରେ ଝୁମର ବେଶ୍ ପରିଚିତ ।"
train/img_04979.jpg,"ଅନେକ ଓଡ଼ିଆ କଥାଚିତ୍ର ଉପନ୍ୟାସର ବିଷୟବସ୍ତୁକୁ ଆଧାର କରି ନିର୍ମାଣ କରାଯାଇଛି, ସେଥିମଧ୍ୟରୁ କେତୋଟି ହେଲା:"
train/img_04980.jpg,ଓଡ଼ିଶାର ରାଜନୈତିକ ଓ ସାମରିକ ଶକ୍ତି ସବୁ ସମୟରେ ସ୍ଥିର ନଥିଲା ।
train/img_04981.jpg,"ଏଥିମଧ୍ୟରୁ ଗ୍ରାମାଞ୍ଚଳରେ ୧୧,୩୧,୦୫୭ ଓ ସହରାଞ୍ଚଳରେ ୮୭,୭୦୫ ଲୋକ ବାସ କରନ୍ତି ।"
train/img_04982.jpg,"କାରଣ ଖ୍ରୀଷ୍ଟୀୟ ପଞ୍ଚମ ଶତାଦ୍ଦୀର ପ୍ରାରମ୍ଭରେ ଚୀନ ପରିବ୍ରାଜକ ଫାହିୟାନ୍ ଖୋଟାନରେ ଅନୁଷ୍ଠିତ ରଥଯାତ୍ରାର ଯେଉଁ ବିବରଣୀ ଲିପିବଦ୍ଧ କରିଛନ୍ତି, ତାହା ଆଜିସୁଦ୍ଧା ପ୍ରଚଳିତ ଜଗନ୍ନାଥଙ୍କ ସ୍ନାନଯାତ୍ରା ଓ ରଥଯାତ୍ରା ସହ ମେଳ ଖାଉଛି ।"
train/img_04983.jpg,ଶ୍ରୀମନ୍ଦିର ପ୍ରଶାସନ ତରଫରୁ ଏହି ମଠକୁ ଗୁଣ୍ଡିଚା ମନ୍ଦିରଠାରେ ସାମୟିକ ଭାବେ ପନ୍ତି ଚାଳି ନିର୍ମାଣ କରିବା ପାଇଁ ଅନୁମତି ଦିଆଯାଇଥାଏ।
train/img_04984.jpg,ବିଗତ କିଛି ସମୟ ଧରି ଭାରତୀୟ ପ୍ରତ୍ନତାତ୍ତ୍ୱିକ ବିଭାଗ ( )ଦ୍ୱାରା ଉତ୍ ଖନନ କାର୍ଯ୍ୟ ଚାଲୁ ରହିଛି
train/img_04985.jpg,"୨୦୦୧ ସୁଦ୍ଧା, ସହରର ପ୍ରାୟ ୨ ୧୫ ଶ୍ରମିକ ପ୍ରାଥମିକ କ୍ଷେତ୍ରରେ (କୃଷି, ଜଙ୍ଗଲ, ଖଣି ଇତ୍ୟାଦି) ନିୟୋଜିତ ହୋଇଥିଲେ; ୨ ୧୮ ଦଳୀୟ କ୍ଷେତ୍ରରେ (ଶିଳ୍ପ ଏବଂ ଉତ୍ପାଦନ) କାର୍ଯ୍ୟ କରିଥିଲେ; ଏବଂ ୯୫ ୬୭ ତୃତୀୟ କ୍ଷେତ୍ର (ସେବା ଶିଳ୍ପ)ରେ କାର୍ଯ୍ୟ କରିଥିଲେ"
train/img_04986.jpg,ଜୋବ୍ରା ପାର୍କ
train/img_04987.jpg,ଝରେକି ନିର୍ଝରୀ ତହିଁତାର ମୁକ୍ତା ହାରେ ।
train/img_04988.jpg,ଜଳବାୟୁ
train/img_04989.jpg,ବିଜୟଶ୍ରୀ ରାଉତରାୟ: ଜଙ୍ଗଲ ଓ ପରିବେଶ
train/img_04990.jpg,ହାତୀଗୁମ୍ଫା ଶିଳାଲିପି
train/img_04991.jpg,ଏହି ଗୀତକୁ ୧୯୧୨ ମସିହାରେ ବାଲେଶ୍ୱରଠାରେ ଅନୁଷ୍ଠିତ ଉତ୍କଳ ସମ୍ମିଳନୀ ଅଧିବେଶନରେ ପ୍ରଥମଥର ପାଇଁ ଗାନ କରାଯାଇଥିଲା ।
train/img_04992.jpg,ଭୁବନେଶ୍ୱର(ମଧ୍ୟ) (୧୧୨)
train/img_04993.jpg,"ତହସିଲ- ୧୩ଟି; ଆନନ୍ଦପୁର, ବାଂଶପାଳ, ବଡ଼ବିଲ, ଚମ୍ପୁଆ, ଝୁମ୍ପୁରା, କେନ୍ଦୁଝର, ଘଟଗାଁ, ଘସିପୁରା, ହାଟଡିହି, ପାଟଣା, ହରିଚନ୍ଦନପୁର, ସାହାରପଡା ଏବଂ ତେଲକୋଇ"
train/img_04994.jpg,"ଭାରତରେ, ଭାରତୀୟ ଗଣତନ୍ତ୍ରର ସମ୍ବିଧାନଦ୍ୱାରା ସ୍ୱୀକୃତିପ୍ରାପ୍ତ ଅନୁସୂଚିତ ଜନଜାତି ମଧ୍ୟରୁ ୬୨ ପ୍ରକାର ଅନୁସୂଚିତ ଜନଜାତି ଓଡ଼ିଶାରେ ବସବାସ କରନ୍ତି ।"
train/img_04995.jpg,୧୧ ୯୩ ଲୋକ ସେଠାରେ ୬ ବର୍ଷ ବୟସରୁ କମ ବୟସ୍କ ଅଟନ୍ତି ।
train/img_04996.jpg,ତେଲୁଗୁ ଭାରତ ସରକାରଙ୍କଦ୍ୱାରା ଶାସ୍ତ୍ରୀୟ ଭାଷା ଭାବରେ ମନୋନୀତ ଛଅଟି ଭାଷା ମଧ୍ୟରୁ ଅନ୍ୟତମ ।
train/img_04997.jpg,ପରେ ଏହା ମନ୍ଦିର ଚଳଣିରେ ଯୋଡ଼ା ହେଲା ।
train/img_04998.jpg,ରଥଯାତ୍ରା ଦିନ ଠାକୁରମାନେ ରଥାରୂଢ଼ ହେବା ପରେ ମଠର ମଠାଧୀଶ ଜଗତ୍ ଗୁରୁ ଶଙ୍କରାଚାର୍ଯ୍ୟ ପରମ୍ପରା ଅନୁଯାୟୀ ରଥ ଉପରେ ଶ୍ରୀବିଗ୍ରହମାନଙ୍କ ଦର୍ଶନ କରିଥାନ୍ତି।
train/img_04999.jpg,ତେଣୁ ଖରାଦିନେ ଏହାର ଚାହିଦା ଅଧିକ ବଢିଥାଏ ।
train/img_05000.jpg,ଗୁରୁତ୍ୱପୂର୍ଣ୍ଣ ଉତ୍ସବ
train/img_05001.jpg,ଏହି ଦିନକୁ ଓଡ଼ିଶା ଦିବସ ଭାବରେ ପାଳନ କରାଯାଇଥାଏ ।
train/img_05002.jpg,ବୈଜୟନ୍ତ ପଣ୍ଡା: ୨୦୨୪
train/img_05003.jpg,ପୁରୁଣା ସଂଖ୍ୟା ଚିହ୍ନ
train/img_05004.jpg,"ଏହି କବିତା ଗୁଡ଼ିକରେ ଶବର, ଶବରୁଣୀ, ଜହ୍ନାକ୍ଷେତ, କପାବୁଣିବା, ସୁନା, ବେଙ୍ଗ ଆଦିର ରୂପକ ବା ପ୍ରତୀକ ଛବି ରହିଛି ।"
train/img_05005.jpg,ଜଟଣି (୧୧୫)
train/img_05006.jpg,ଝୁମର ଗୀତରେ ବିଭିନ୍ନ ‘ଋତୁ’
train/img_05007.jpg,ସେହି ବିଶ୍ୱାସରେ ବ୍ରହ୍ମଲୀଳା ସମ୍ପନ୍ନ ହୋଇଥିଲା ।
train/img_05008.jpg,"ଭୋକ୍ତାମାନେ ଶିବ, ପାର୍ବତୀ, କାଳୀ, କଳସ, ବେତ, ଛତ୍ର, ବାନା, ଆଲଟ, ଚାମର, ଘଣ୍ଟ, ଢୋଲ, ମହୁରୀ, ଶଙ୍ଖ, ତୁରୀ ଧରି ଗାଁକୁ ଗାଁ ବୁଲନ୍ତି ।"
train/img_05009.jpg,ଓଡ଼ିଶା ସହିତ ମିଶିବା ପୂର୍ବରୁ ସଂପୂର୍ଣ୍ଣ କେନ୍ଦୁଝର ଜିଲ୍ଲା ଏକ ଗଡ଼ଜାତ ରାଜ୍ୟ ଥିଲା ।
train/img_05010.jpg,ତରଣୀ ଋଷିଙ୍କର ୧୪ ଜଣ ଉଦ୍ଧତ ପୁଅ ଅନେକ ଅନ୍ୟାୟ ଅତ୍ୟାଚାର କରୁଥିଲେ।
train/img_05011.jpg,ଓଡ଼ିଶାରେ ଦଣ୍ଡ ନାଟ - -
train/img_05012.jpg,ଆକାଶବାଣୀ କଟକ
train/img_05013.jpg,ବେଣୁ ମାଧବ ମନ୍ଦିର
train/img_05014.jpg,ଧଉଳିଠାରୁ ପାଞ୍ଚ କି ମି ଦୂର ଦକ୍ଷିଣରେ ଅଶୋକଙ୍କ ସମୟର ଏକ ଭଗ୍ନ ସ୍ତୁପ ଅରାଗଡ଼ଠାରେ ଆବିଷୃତ ହୋଇଛି ।
train/img_05015.jpg,ଅର୍ଥନୀତି
train/img_05016.jpg,"୨୦୧୧ ଜନଗଣନା ଅନୁସାରେ, ବୌଦ୍ଧ ଜିଲ୍ଲାର ଲୋକସଂଖ୍ୟା ୪,୩୯,୯୧୭ ।"
train/img_05017.jpg,ଉତ୍ତରରେ : କଟକ ଜିଲ୍ଲା
train/img_05018.jpg,ନବମ୍ୟା ବାସୟେଦ୍ଦେବାନ୍ ତେଷୁ ପ୍ରାତଃ ସମୃଦ୍ଧିମତ୍ ।
train/img_05019.jpg,ଗୋଦାବରୀଶଙ୍କ ନିଆଁଖୁଣ୍ଟା ପତ୍ରିକା ଓଡ଼ିଶାରେ ବେଶ ପଠନଯୋଗୀ ଓ ଜନପ୍ରିୟ ହୋଇପାରିଥିଲା ।
train/img_05020.jpg,ଫଲ୍ ଗୁ ସାହିତ୍ୟ ସଂସଦ
train/img_05021.jpg,ଦକ୍ଷିଣରେ: ବଲାଙ୍ଗୀର ଜିଲ୍ଲା ଓ ସୁବର୍ଣ୍ଣପୁର ଜିଲ୍ଲା
train/img_05022.jpg,ଦକ୍ଷିଣ-ପୂର୍ବ ଏସିଆରେ ମଧ୍ୟ ସମାନ ଭାବେ ମୌସୁମୀ ବାୟୁ ପ୍ରବାହିତ ହୋଇଥାଏ ।
train/img_05023.jpg,ଶିଳାଲେଖ ସାତକର୍ଣ୍ଣୀ ନାମକ ଏକ ରାଜାଙ୍କ ବିଷୟରେ ଉଲ୍ଲେଖ କରେ ।
train/img_05024.jpg,"ନବ ଯୌବନ ଦର୍ଶନ (ନେତ୍ରୋତ୍ସବ) : ଚକା ଅପସର, ମଙ୍ଗଳ ଆରତି, ମଇଲମ, ଅବକାଶ, ଦଶ ଅବତାର ଦିଅଁ ବାହୁଡା଼ ବିଜେ, ତାଟି ଫିଟିବା, ପରିମାଣିକ ଦର୍ଶନ, ସର୍ବ ସାଧାରଣ ଦର୍ଶନ, ଦଇତାପତି ସର୍ବାଙ୍ଗ, ବନ୍ଦାପନ, ରୋଷ ହୋମ, ରାଜନୀତି, ଯାତ୍ରାଙ୍ଗୀ, ମହାସ୍ନାନ, ଘଣ୍ଟଛତା ସର୍ବାଙ୍ଗ, ସୂର୍ଯ୍ୟପୂଜା, ଦ୍ୱାରପାଳ ପୂଜା, ବେଶ ଶେଷ, ଗୋପାଳବଲ୍ଲଭ ଓ ଘଣ୍ଟଛତା, ସକାଳ ଧୂପ (କେବଳ କୋଠ ଭୋଗ), ଭୋଗ ମଣ୍ଡପ ଆରମ୍ଭ, ରଥ ଆଜ୍ଞାମାଳ ବିଜେ, ଭୋଗ ମଣ୍ଡପ ପୂଜା ଶେଷ, ମଧ୍ୟାହ୍ନ ଧୂପ (କେବଳ କୋଠ ଭୋଗ), ଅଙ୍କୁରାରୋପଣ ଓ ଆବଶ୍ୟକ ହେଲେ ୩ୟ ଭୋଗ ମଣ୍ଡପ, ଚନ୍ଦନ ଲାଗି, ବଡ଼ସିଂହାର ବେଶ, ବଡ଼ସିଂହାର ଭୋଗ,ପହୁଡ଼ ଆଳତି, ଶ୍ରୀମୁଖ ଖଣ୍ଡୁଆ, ବାହୁଟ କଣ୍ଟ (ଗୁପ୍ତ ନୀତି), ସେନାପଟା ଲାଗି (ଗୁପ୍ତ ନୀତି) ।"
train/img_05025.jpg,"ରଜ ଶବ୍ଦର ଆକ୍ଷରିକ ଅର୍ଥ ରଜବତୀ ହେବା, ଯାହା ପୃଥିବୀକୁ ମାତା ଭାବରେ ବିବେଚନା କରି ବର୍ଷାର ଆଗମନରେ ସେ ରଜସ୍ୱଳା ହେବାର ଓ ନୂଆ ଶସ୍ୟ ଜନ୍ମ ହେବାର ସାଙ୍କେତିକ ଭାବ ବହନ କରିଥାଏ ।"
train/img_05026.jpg,ତେଣୁ ପୁରାଣମାନଙ୍କରେ କୁହାଯାଇଛି - ଶ୍ରୀମନ୍ଦିରରେ ଦଶବର୍ଷ ଦର୍ଶନ କଲେ ଯାହା ଫଳ ମିଳେ ଗୁଣ୍ଡିଚା ମନ୍ଦିରରେ ଏକ ଦିବସ ଦର୍ଶନରେ ସେତିକି ଫଳ ଲାଭ ହୁଏ।
train/img_05027.jpg,ସ୍ୱର ଧ୍ୱନି ଦୀର୍ଘ ହେବା : ବ୍ୟଞ୍ଜନମଧ୍ୟରେ ଆସୁଥିବା ବା ଦେଖାଯାଉଥିବା ସ୍ୱରବର୍ଣ୍ଣଗୁଡ଼ିକ ଦୀର୍ଘ ରୂପରେ ଉଚ୍ଚାରିତ ହୁଏ
train/img_05028.jpg,ହରିଦାସଙ୍କର କହିଲି ମତେ ନ ବୁଝିଲୁ ମାନଦୀ ଏହି ଶ୍ରେଣୀର ।
train/img_05029.jpg,"କବି ରଘୁନାଥଙ୍କର କୌଶଲ୍ୟା ବିଳାପ ଚଉତିଶା, ହଋମାତଙ୍କର କାନ୍ଦି କହେ ନନ୍ଦରାଣୀ ଓ ମୁକୁନ୍ଦ ରଚିତ କରେ କୋଦଣ୍ଡ ଚଉତିଶା ଏହି ଶ୍ରେଣୀର ରଚନା ଅଟେ ।"
train/img_05030.jpg,କୁଷ୍ଠ ସେବାଶ୍ରମ ଓ ଚିକିତ୍ସାଳୟ
train/img_05031.jpg,"ମଧୁସୂଦନ ଦାସ, ଗୋପବନ୍ଧୁ ଦାସ, ଫକୀର ମୋହନ ସେନାପତି, ନୀଳକଣ୍ଠ ଦାସ, ଗଙ୍ଗାଧର ମେହେର, ରାଧାନାଥ ରାୟ, ବାସୁଦେବ ସୁଢ଼ଳ ଦେବ ଓ କୃଷ୍ଣଚନ୍ଦ୍ର ଗଜପତି ନାରାୟଣ ଦେବ ଆଦିଙ୍କ ନେତୃତ୍ୱରେ ଏହି ଆନ୍ଦୋଳନ ଅଧିକ ତୀବ୍ର ହୋଇଥିଲା ।"
train/img_05032.jpg,"ପ୍ରଥମେ ପଟଳ ଲମ୍ବ ୮ ଚଉଠ,ରାହା କାଟଣ ଶେଷଠାରୁ ୧୪ ଅଙ୍ଗୁଳ ଉଚ୍ଚ, ୨ୟ ରାହା ମଧ୍ୟ ୧୨ ଅଙ୍ଗୁଳ ଉଚ୍ଚରେ କାଟଣ ହେବ।"
train/img_05033.jpg,ଇନ୍ଦ୍ରାଣୀ ଦେବୀ ରୂପେ ପୂଜିତା।କାମଦେବ ରାଜାଙ୍କ କୀର୍ତ୍ତି ରୂପେ ଏହା ଖ୍ୟାତ।ଶ୍ରୀମନ୍ଦିରର ନାଟ ମଣ୍ଡପରେ ଦକ୍ଷିଣ ପଟକୁ ଲାଗି ମାଜଣା ମଣ୍ଡପ ଆଡ଼କୁ ଯିବାବେଳେ ଡାହାଣ ପାର୍ଶ୍ୱରେ ଇନ୍ଦ୍ରାଣୀ ଦେବୀଙ୍କ ମନ୍ଦିର ।
train/img_05034.jpg,ଜାମସେଦପୁର ୨୨ ୮୦୨୮ ଉତ୍ତର ଅକ୍ଷାଂଶ ଓ ୮୬ ୧୮୫୪ ପୂର୍ବ ଦ୍ରାଘିମାରେ ଅବସ୍ଥିତ ।
train/img_05035.jpg,ହଳଧର ନାଗ (ଜନ୍ମ: ୩୧ ମାର୍ଚ୍ଚ ୧୯୫୦) - ସମ୍ବଲପୁରୀ ଭାଷାକୁ ସେ ବରଦାନ ସଦୃଶ ।
train/img_05036.jpg,ରୋଲାଣ୍ଡ ଇନଷ୍ଟିଚ୍ୟୁଟ୍ ଅଫ୍ ଫାର୍ମାସୁଟିକାଲ ସାଇନ୍ସ କଲେଜ
train/img_05037.jpg,ଶ୍ରୀ ଭର୍ତୁହରି ମହତାବ (ବିଜୁ ଜନତା ଦଳ) କଟକର ସାଂସଦ ଅଟନ୍ତି।
train/img_05038.jpg,ଏକ ଉଇକିପ୍ରକଳ୍ପ ଗଠନ ଏକାଠି କାମ କରିବାକୁ ଇଛୁକଥିବା ଲୋକମାନଙ୍କୁ ନେଇ ସଙ୍ଘଗଠନକୁ ବୁଝାଇଥାଏ ।
train/img_05039.jpg,"ରାମ, ସୀତା ଓ ଲକ୍ଷ୍ଣଣଙ୍କୁ ନୌକାରେ ବସାଇ ନାବପୂଜା କରାଯାଏ।"
train/img_05040.jpg,ମୟୂରଭଞ୍ଜ ଜିଲ୍ଲାରେ ୧୭ଟି ପର୍ଯ୍ୟଟନ ସ୍ଥଳ ଅଛି ।
train/img_05041.jpg,ପାର୍କ
train/img_05042.jpg,ବାଲେଶ୍ୱରଠୁ ୬୦କିମି ଦୁରରେ ବାରିପଦା ସହର ଅବସ୍ଥିତ
train/img_05043.jpg,"ମୋଗଲ ଶାସନକାଲରେ ଅହମଦାବାଦ ବେପାର କେନ୍ଦ୍ର ରୂପେ, ବିଶେଷ କରି ବସ୍ତ୍ର ଉଦ୍ୟୋଗର କେନ୍ଦ୍ର ହେଲା, ଏଠାକାର କପଡ଼ା ୟୁରୋପ ଆଦି ଦୂର ଦେଶଗୁଡ଼ିକୁ ରପ୍ତାନୀ କରାଯାଉଥିଲା ।"
train/img_05044.jpg,ଜାତୀୟ କ୍ରୀଡ଼ା ହକି
train/img_05045.jpg,ପ୍ରଫେସର ଓଲଡେନବର୍ଗଙ୍କ ମତରେ ପାଳି ଭାଷା ହିଁ ଓଡ଼ିଆ ଭାଷାର ମୂଳ ।
train/img_05046.jpg,ଏହି ମାସକୁ ଦାମ୍ପତ୍ୟ ଜୀବନର ସର୍ବଶ୍ରେଷ୍ଠ ସମ୍ଭୋଗର ମାସ ବୋଲି ଗ୍ରହଣ କରାଯାଏ ।
train/img_05047.jpg,ରବିନାରାୟଣ ନାୟକ ଧର୍ମପଦ ପୁରସ୍କାର ପ୍ରାପ୍ତ
train/img_05048.jpg,ତେଣୁ ଝୁମର କବି ଏହି ଧାରାରେ ବ୍ରତୀ ହୋଇ ଭିନ୍ନ ଭିନ୍ନ ପ୍ରସଙ୍ଗକୁ ଉପଜୀବ୍ୟ କରି ଗୀତ ବାନ୍ଧିବାରେ ଲାଗିଛି ।
train/img_05049.jpg,"ଅବଶ୍ୟ, ସିନେଟ୍ ଏହାକୁ ଅନୁମୋଦନ କରିବାକୁ ମନା କରିଦେଇଥିଲା ଏବଂ ଲିଗ୍ ଅଫ୍ ନେସନ୍ସ ପ୍ରତିଷ୍ଠା କରିଥିବା ଭର୍ସେଲ୍ସ ଚୁକ୍ତିନାମାକୁ ଅନୁମୋଦନ କରିନଥିଲା।"
train/img_05050.jpg,ଏହି ବିଷୟ ବାମଦେବ ସଂହିତାରେ ବର୍ଣ୍ଣନା ହୋଇଛି।
train/img_05051.jpg,ନୂତନ ଯୁଗର ବସ୍ତୁମାନଙ୍କ ମଧ୍ୟରେ ଚୀନର ନୀଳ ରଙ୍ଗରେ ଚିତ୍ରିତ ହୋଇଥିବା ଚାଇନାମାଟି (ଇଂରାଜୀରେ )ର ପାତ୍ର ଓ ଆରବର ଚିକ୍କଣ ମାଟିପାତ୍ର ଅନ୍ୟତମ ।
train/img_05052.jpg,ଶ୍ରୀଗୁଣ୍ଡିଚା ଦିନ ସକାଳ ଧୂପରେ ମଠର ଖେଚୁଡି଼ ଭୋଗ ହୋଇଥାଏ।
train/img_05053.jpg,ଗୀତ
train/img_05054.jpg,କୋଲକାତା ବିଦ୍ୟାଳୟଗୁଡ଼ିକ ରାଜ୍ୟ ସରକାର କିମ୍ବା ବେସରକାରୀ ସଂସ୍ଥାଦ୍ୱାରା ପରିଚାଳିତ।
train/img_05055.jpg,ବ୍ଳକ: ୧୭
train/img_05056.jpg,"ସେ ବିଭିନ୍ନ ସମ୍ବଲପୁରୀ କବିତା ଲେଖିଛନ୍ତି, ଯଥା: ""ମହାସତୀ ଉର୍ମିଳା"", ""ଅଛିଆ"" ଇତ୍ୟାଦି ।"
train/img_05057.jpg,(ଙ) ଗୋମୂତ୍ର ଛନ୍ଦ:
train/img_05058.jpg,ଡିସେମ୍ବରରୁ ମାର୍ଚ୍ଚ ମାସ ପର୍ଯ୍ୟନ୍ତ ପ୍ରତ୍ୟାବର୍ତ୍ତନ କରୁଥିବା ମୌସୁମୀ ବାୟୁ ବିପରୀତ ଦିଗରେ ପ୍ରବାହିତ ହୋଇଥାଏ ।
train/img_05059.jpg,ପାରଳାଖେମୁଣ୍ଡି
train/img_05060.jpg,ଦକ୍ଷିଣ ଓଡ଼ିଶାର ବ୍ରହ୍ମପୁର ସହର ବ୍ୟବସାୟର ପେଣ୍ଠସ୍ଥଳୀ ।
train/img_05061.jpg,"ଧନାଶ୍ରୀ, ରାମକେରି, ମାଳଶ୍ରୀ, ବରାଡ଼ି ଆଦି ରାଗରେ ଏସବୁ ଲେଖା ।"
train/img_05062.jpg,ବଡ଼ତଢାଉ ବେଶ ମତରେ କପିଳେନ୍ଦ୍ର ଦେବ ୧୪୬୦ରେ ଦକ୍ଷିଣ ବିଜୟରୁ ଫେରିବା ବେଳେ ୧୬ଟି ହାତୀ ପିଠିରେ ବୋଝେଇ ସୁନାଅଳଙ୍କାର ଆଣିଥିଲେ
train/img_05063.jpg,ଘୁମୁରା ନୃତ୍ୟ
train/img_05064.jpg,"ତେଲୁଗୁ ଦକ୍ଷିଣ ଭାରତର ବିଭିନ୍ନ ରାଜବଂଶ ଯଥା କାକଟିଆ, ବିଜୟନଗର ସାମ୍ରାଜ୍ୟ, ପୂର୍ବ ଚାଲୁକ୍ୟ, ପୂର୍ବ ଗଙ୍ଗା, କୁତୁବ ସାହି, ମଦୁରାଇ ନାୟକ, ତଞ୍ଜାଭୁର ନାୟକମାନଙ୍କର ଅଦାଲତଭାଷା ଥିଲା ।"
train/img_05065.jpg,ସଂସ୍କୃତ ଭାଷାର ପ୍ରଭାବରେ ପୁରୁଣା ପାଳି ଭାଷାରେ ଅନେକ ଜାଗାରେ ଶବ୍ଦ ସବୁ ବଦଳି ଯାଇଛି ।
train/img_05066.jpg,ତାହାର ଅର୍ଥ ହେଲା ଏହି ସଂସାରରେ ଆଲ୍ଲାଙ୍କ ଛଡ଼ା ଆଉ କେହି ଆଲ୍ଲା ନାହାନ୍ତି ଏବଂ ମହମ୍ମଦ ଆଲ୍ଲାଙ୍କ ପୈଗମ୍ବର ।
train/img_05067.jpg,ନୀଳାଦ୍ରି ବିଜେ ଦିନ ରଥ ଉପରେ ଠାକୁରମାଙ୍କର ସନ୍ଧ୍ୟା ଧୂପ ନୀତି ସରିବା ପରେ ପ୍ରତି ରଥରେ ଚାରମାଳ ବନ୍ଧା ଯାଇଥାଏ।
train/img_05068.jpg,"ପେଟ୍ରୋଲିୟମ, କେମିକାଲ ଓ ଫର୍ଟିଲାଇଜର ଶିଳ୍ପ"
train/img_05069.jpg,ଇନ୍ଦୋରର ରାଣୀ ଅହଲ୍ୟାବାଈ ପୁରୀ ଯାତ୍ରା କରିବାବେଳେ ଗୋସେଇଁ ଶାଶୁଙ୍କ ନିମିତ୍ତ ଏକ ବଡ଼ ପୋଖରୀ ଖୋଳାଇଥିଲେ।
train/img_05070.jpg,ସ୍ୱର୍ଗତଃ କୋହ୍ଲ ଚରଣ ସାହୁଙ୍କଦ୍ୱାରା ପରିଚାଳିତ ରାବଣଛାୟା ଆଜି ସାରା ପୃଥିବୀରେ ପରିଚିତ ।
train/img_05071.jpg,"ସାଧାରଣତଃ ପ୍ରତି ପାଞ୍ଚ ବର୍ଷରେ ଥରେ ବା ଆବଶ୍ୟକ ସ୍ଥଳେ, ପାଞ୍ଚ ବର୍ଷ ପୂରଣ ହେବା ପୂର୍ବରୁ ବିଧାନ ସଭା ଭଙ୍ଗ କରାଯାଇ ଯଥାଶିଘ୍ର (୬ ମାସ ମଧ୍ୟରେ) ନିର୍ବାଚନ କରାଯାଇ ନୂତନ ବିଧାନ ସଭା ଗଠନ କରାଯାଏ ।"
train/img_05072.jpg,"୯-ବୈଠକୀ ଝୁମର : ଗ୍ରାମ ବୈଠକରେ ବସି ବିଭିନ୍ନ ସମ୍ବନ୍ଧରେ ତର୍ଜମା କରିବା ଅବସରରେ ଯେଉଁ ଝୁମର ନୃତ୍ୟ ପ୍ରଦର୍ଶିତ ହୋଇଥାଏ, ତାହା ବୈଠକୀ ଝୁମର ଭାବେ ପରିଚିତ ।"
train/img_05073.jpg,ଏପରିକି ଭାବବିହ୍ୱଳ ହୋଇ ସ୍ୱଂୟ ଗଜପତି ମହାରାଜା କହିଥିଲେ : ସ୍ୱଂୟ ଜଗନ୍ନାଥ ହିଁ ଶତାବ୍ଦୀର ଶେଷ ରଥଯାତ୍ରାକୁ ପରିଚାଳନା କରିଥିଲେ।
train/img_05074.jpg,ଓଡ଼ିଆ ଭାଷା
train/img_05075.jpg,ପୁରାତନ କାଳରୁ ଏହା “ଓଡ଼ିଶାର ରେଶମ ସହର” ଭାବେ ପରିଚିତ ।
train/img_05076.jpg,"୧୦-ଛଉନାଚିଆ ଝୁମର : ଛଉ ନୃତ୍ୟ ମାଧ୍ୟମରେ ଯେଉଁ ଝୁମର ପରିବେଷଣ ହୋଇଥାଏ, ତାହା ଛଉନାଚିଆ ଝୁମର ଭାବରେ ଖ୍ୟାତ ।"
train/img_05077.jpg,ନାରାୟଣ ଚନ୍ଦ୍ର ସାହୁ : ତବଲା
train/img_05078.jpg,ଅଷ୍ଟାଦଶ ଲୋକ ସଭା (୨୦୨୪-ବର୍ତ୍ତମାନ ପର୍ଯ୍ୟନ୍ତ)
train/img_05079.jpg,ଶ୍ରୀ ଗଦାଧର ନାରାୟଣ ଭଞ୍ଜଦେଓ (୧୮୨୫-୧୮୬୧ ଅଥବା ୧୮୩୨-୧୮୬୧)
train/img_05080.jpg,ଓଡ଼ିଆ ଖାଦ୍ୟ ଓଡ଼ିଶାରେ ରନ୍ଧା ଓ ଖିଆଯାଉଥିବା ଖାଦ୍ୟକୁ ବୁଝାଇଥାଏ ।
train/img_05081.jpg,ଏଠାରେ ପାଳନ କରାଯାଉଥିବା ରଥଯାତ୍ରାରେ ସାମାନ୍ୟ ଭିନ୍ନ ପରମ୍ପରା ଦେଖିବାକୁ ମିଳେ ।
train/img_05082.jpg,ଏହା ପରେ ଆରମ୍ଭ ହୋଇଥିଲା ଚତୁର୍ଦ୍ଧାବିଗ୍ରହଙ୍କ ରଥଯାତ୍ରା ।
train/img_05083.jpg,ଏଠାରେ ବାର୍ଷିକ ହାରାହାରି ବୃଷ୍ଟିପାତ ୧୫୦୮ ୫ / ହୋଇଥାଏ ।
train/img_05084.jpg,"-କେଲା - ରାଉରକେଲା , ସରାଇକେଲା ଇତ୍ୟାଦି"
train/img_05085.jpg,"୧୭୦୦ ଖ୍ରୀଷ୍ଟାବ୍ଦରେ ଏହି ଭୁବନେଶ୍ୱରୀ ମା'ଙ୍କ ମନ୍ଦିର ପ୍ରତିଷ୍ଠା ହୋଇଥିଲା।ଏହି ୩୫ ଫୁଟ୍ ଉଚ୍ଚତା ବିଶିଷ୍ଟ ମନ୍ଦିରରେ ମା' ଭୁବନେଶ୍ୱରୀଙ୍କ ବିଗ୍ରହ ୫ ଫୁଟ୍ ଉଚ୍ଚତା ବିଶିଷ୍ଟ ।ମା'ଭୁବନେଶ୍ୱରୀ ୧୦ ମହାବିଦ୍ୟାରୁ ଅନ୍ୟତମା।ଚତୁର୍ଭୁଜ ବିଶିଷ୍ଟ ପାଶ ଅଙ୍କୁଶ, ଅଭୟ ଓ ବରଦା ମୁଦ୍ରାରେ ସୁଶୋଭିତା।"
train/img_05086.jpg,"ଏହା ଇଣ୍ଡୋ-ଇଉରୋପୀୟ ଭାଷାମାନଙ୍କ ମଧ୍ୟରେ ଏକମାତ୍ର ଜୀବନ୍ତ ଭାଷା, ଯାହା ଏକ ସମ୍ପୂର୍ଣ୍ଣ ସ୍ୱର ସମ୍ବନ୍ଧୀୟ ଭାଷା ।"
train/img_05087.jpg,କଥିତ ଅଛି ବେଢ଼ା ପରିକ୍ରମା ସମୟରେ ନାଟୁଆ ଗଣେଶଙ୍କୁ ଦର୍ଶନ କରିବା ନିତାନ୍ତ ଆବଶ୍ୟକ।କାରଣ ସମସ୍ତ ଭକ୍ତଙ୍କ ତାଲିକା ସେ ରଖନ୍ତି ଓ ପ୍ରଭୁ ଶ୍ରୀ ପୁରୁଷୋତ୍ତମ ଶ୍ରୀଜଗନ୍ନାଥଙ୍କୁ ରାତ୍ର ଦରବାରରେ ଉପସ୍ଥାପନା କରିଥାନ୍ତି।
train/img_05088.jpg,"ଅର୍ଥାତ୍ ନବଉଦିତ ଇଷତ୍ ରକ୍ତବର୍ଣ୍ଣ, ରକ୍ତମନ୍ଦାର ପୁଲର ରଙ୍ଗ ଭଳି ପ୍ରଭାତକାଳୀନ ସୂର୍ଯ୍ୟଙ୍କ ଛବି ପ୍ରକଟିତ ହେଉଛି ।"
train/img_05089.jpg,ବଂଶଧାରା ଓ ନାଗାବଳି ନଦୀ ଦୁଇଟି ପ୍ରମୁଖ ନଦୀ ।
train/img_05090.jpg,ଏଥିରେ ମାନକ ଓଡ଼ିଆ ସହିତ ଭାଷାଗତ ଭିନ୍ନତା ରହିଛି ।
train/img_05091.jpg,ଶ୍ରୀମନ୍ଦିର ରୋଷ ଘରେ ସ୍ୱତ୍ତ୍ୱଲିପି ମୁତାବକ ୨୪୦ଟି ଚୂଲି ଅଛି ଓ ସେଥିମଧ୍ୟରୁ ଚୂଲି କୋଠ ଭୋଗ ଚୂଲି ରୂପେ ପରିଚିତ।
train/img_05092.jpg,"ବ୍ୟହ ଭେଦିଲା ତଖନ, ବିଷର୍ଣ୍ଣ କୌରବ ଗନ ।"
train/img_05093.jpg,ଫର୍ଜ: ଯାହା ଆଲ୍ଲାଙ୍କ ଉଦ୍ଦେଶ୍ୟରେ ବୋଲାଯାଏ
train/img_05094.jpg,ଶ୍ରୀଜଗନ୍ନାଥ ପତିତମାନଙ୍କୁ ଉଦ୍ଧାର କରୁଥିବାରୁ ତାଙ୍କର ଅନ୍ୟ ନାମ ପତିତପାବନ ।
train/img_05095.jpg,"ଆଦ୍ୟ ଅବସ୍ଥାରେ ଲିଙ୍ଗରାଜ ଥାନା, ଲିଙ୍ଗରାଜ ହାଟ ସହଯୋଗର କେନ୍ଦ୍ରବିନ୍ଦୁ ଥିଲା ।"
train/img_05096.jpg,ଏ ସଂଘର୍ଷ ଏ ଦେଶରେ ଖ୍ରୀ ୧୮୦୩ରୁ ୧୮୭୦ ପର୍ଯ୍ୟନ୍ତ ଲାଗିରହିଥିଲା ଓ ପରିମାଣରେ ସମାଜ ଓ ସଂ।ସ୍କୃତିକ ଚେତନାରେ ଯେପରି ସାହିତ୍ୟରେ ମଧ୍ୟ ସେହିପରି ଆଧୁନିକାତର ଉନଂମେଷ ଘଟାଇ ଥିଲା ।
train/img_05097.jpg,"ଏହାର ଦୈର୍ଘ୍ୟ ୪୦, ୨୩୦ କିଲୋମିଟର ହେବ ।"
train/img_05098.jpg,ଟେରାକୋଟା ଏବଂ କୁମ୍ଭାର
train/img_05099.jpg,ଅର୍ଥାତ ଏ ସଂସାର ରୂପକ ନଦୀରେ ଦୁଇଟି ରଙ୍ଗର ଜଳ ପରିପୂର୍ଣ୍ଣ ହୋଇଛି ।
train/img_05100.jpg,ପ୍ରଥମେ ଏହା ଏକ ସ୍ୱତନ୍ତ୍ର ଗଡ଼ଜାତ ରାଜ୍ୟ ଥିଲା ତଥା ଏଥିରେ ରାଜତନ୍ତ୍ର ଥିଲା ।
train/img_05101.jpg,"‘‘ଶୂନ୍ୟେ ହାଁସି ପାଇରେ ମନେ,"
train/img_05102.jpg,ଏମଟି ଏନ ଏଲ ଓ ଟାଟା ଏଠାରେ ବ୍ରଡବ୍ୟାଣ୍ଡ ସେବା ମଧ୍ୟ ପ୍ରଦାନ କରୁଛି।
train/img_05103.jpg,ପଞ୍ଜାବ ରାଜ୍ୟରେ ସାଧାରଣତଃ ଗୁରୁମୁଖୀ ଲିପିକୁ ଲେଖିବା ପାଇଁ ବ୍ୟବହାର କରାଯାଏ ।
train/img_05104.jpg,ରଙ୍ଗୀନ ଯୁଗ (୧୯୫୦ରୁ ଅଦ୍ୟାବଧି) : ଏହି କାଳରେ ଝୁମର ପୂର୍ବର ରୀତିଯୁଗୀୟ କାବ୍ୟିକ ଗୁଣକୁ ପରିହାର କରି ସାଧାରଣ ଜନପଦକୁ ଓହ୍ଲାଇ ଆସିଛି ।
train/img_05105.jpg,(ଘ) ସିଂହାବଲୋକନ :
train/img_05106.jpg,ମୋଟ ୭୧୧ଖଣ୍ଡ କାଠରେ ତିଆରି ଏହି ରଥର ଉଚ୍ଚତା ୪୪ଫୁଟ ୬ ଇଞ୍ଚ ଅଟେ ।
train/img_05107.jpg,ଏଠାରେ ବହୁ ବିଭାଗରେ ଅତ୍ୟାଧୁନିକ ଯନ୍ତ୍ରପାତି ଓ ବିଶେଷ ସେବା ଉପଲବ୍ଧ ଆଛି।
train/img_05108.jpg,ଏହି ଶେଷଦିନକୁ ମେରୁ ପୂଜା କୁହାଯାଏ ।
train/img_05109.jpg,"ଉତ୍ସ: ପତ୍ରିକା କୋଣାର୍କ, ୧୬୯ତମ ସଂଖ୍ୟା ୨୦୧୩, ତ୍ରୈମାସିକ ସାରସ୍ୱତ ମୁଖପାତ୍ର, ୧୬୯ ତମ ସଂଖ୍ୟା, ମଇ, ଜୁନ, ଜୁଲାଇ-୨୦୧୩, ପ୍ରକାଶକ: ଓଡ଼ିଶା ସାହିତ୍ୟ ଏକାଡେମୀ, ସଂସ୍କୃତି ଭବନ, ଭୁବନେଶ୍ୱର-୭୫୧୦୧୪)"
train/img_05110.jpg,"ମୁମ୍ବାଇର ବ୍ଯବସାୟିକ ସୁଯୋଗ ଓ ଉତ୍କୃଷ୍ଟ ଜୀବନ ଧାରଣ ମାନକ ଭାରତବର୍ଷର ଲୋକମାନଙ୍କୁ ଆକର୍ଷିତ କରେ, ଯାହାଫଳରେ ଏହି ସହରରେ ବିଭିନ୍ନ ସମାଜ ଓ ସଂସ୍କୃତିର ମିଶ୍ରଣ ଘଟିଛି।"
train/img_05111.jpg,"ବିର୍ଲା ଟାୟାର, ବାଲେଶ୍ୱର"
train/img_05112.jpg,ଚାରି ପାଖେ ହାରାମାଳି ମାରିବ।
train/img_05113.jpg,ତେବେ ମହାଦେବ ସ୍ୱୟଂ ଆଦିଶକ୍ତିଙ୍କୁ ସ୍ମରଣ କରୁଥିଲେ।
train/img_05114.jpg,ଗଜପତି ରାଜବଂଶର ଇତିହାସ ଆଜି ମଧ୍ୟ ଗଜପତି ଜିଲ୍ଲାର ଇତିହାସରେ ସ୍ୱର୍ଣ ଅକ୍ଷରରେ ଲିପିବଦ୍ଧ ହୋଇରହିଛି ।
train/img_05115.jpg,ଗୁଣ୍ଡିଚାଘର ବା ଗୁଣ୍ଡିଚା ମନ୍ଦିର
train/img_05116.jpg,ଇଉନିକୋଡ଼ରେ ଓଡ଼ିଆ
train/img_05117.jpg,ଅର୍ଥାତ ଝିଅଟି ତା’ର ମା’କୁ ପଚାରୁଛି ‘‘ଆୟଃ (ମୁଣ୍ଡାରୀ ଭାଷାରେ ମା’କୁ ଆୟଃ କୁହାଯାଏ) ‘‘କେଉଁ ମାସରେ ବେଦବ୍ୟାସ ମେଳା ଲାଗେ ଏବଂ କେଉଁ ମାସରେ ରାଞ୍ଚି ମେଳା ଲାଗେ ?
train/img_05118.jpg,ଏଠାରୁ ମସୃଣକରାଯାଇଥିଲା ଶିଳା ଓ ହାତଗଢ଼ା ମାଟିପାତ୍ର ଖୋଳାଯାଇ ମିଳିଥିଲା ।
train/img_05119.jpg,"ତେଣୁ କୁହା ଯାଇପାରେ ଆସାମରେ ‘ବିହୁ’, ଉତ୍ତରପ୍ରଦେଶର ‘ଚୈତ୍ରୀ’ ଓ ‘କାଜ୍ ରୀ’, ଜମ୍ମୁ-କାଶ୍ମୀରର ‘ଭୋଗ୍ ରୀ’ ଭଳି ଓଡ଼ିଶା, ପଶ୍ଚିମବଙ୍ଗ, ଝାଡ଼ଖଣ୍ଡ, ବିହାରର ଲୋକଗୀତ ଭାବରେ ଝୁମର ବେଶ୍ ପ୍ରସଦ୍ଧି ଅର୍ଜନ କରିଛି ।"
train/img_05120.jpg,ଦେବଦାସୀମାନେ ନିଜକୁ ଭଗବାନଙ୍କ ପତ୍ନୀ ହିସାବରେ ଆଜୀବନ ସମର୍ପଣ କରିଥାନ୍ତି ଓ ଭଗବାନଙ୍କ ସେବା ନିଷ୍ଠାର ସହ ପାଳନ କରିଥାନ୍ତି ।ପର୍ବ ପର୍ବାଣି ସମୟରେ ଏହି ଦେବଦାସୀମାନେ ଭଗବାନଙ୍କ ସମ୍ମୁଖରେ ନୃତ୍ୟ କରିଥାଆନ୍ତି ।ଯଦିଓ ବାହାର ନାର୍ତକୀମାନେ ମଧ୍ୟ ଏହି ମାହାରୀ ନୃତ୍ୟ ମଣ୍ଡପ ମାନଙ୍କରେ ପରିବେଷଣ କରିଥାନ୍ତି ଏହି ନୃତ୍ୟ ପ୍ରଥମରୁ ଦେବଦାସୀ ବ ମାହାରୀ ମାନଙ୍କଦ୍ୱାରା ମନ୍ଦିରରେ କରାଯାଉଥିଲା ।
train/img_05121.jpg,"ମହିଳା: ୪,୨୧,୮୬୩"
train/img_05122.jpg,ମହିଳା: ୬୮ ୪୭
train/img_05123.jpg,"ଉଇକିପ୍ରକଳ୍ପ ଓଡ଼ିଆ ଉଇକିପିଡ଼ିଆ ଭିତରେ ନୂଆ ନୂଆ ପ୍ରକଳ୍ପ ମାଧ୍ୟମରେ ଏକ ନିର୍ଦ୍ଦିଷ୍ଟ ବିଭାଗରେ ଲେଖା, ଛବି ତଥା ଅନ୍ୟାନ୍ୟ ମାଧ୍ୟମକୁ ଆଣିବାର ଏକ ପ୍ରଚେଷ୍ଟା ।"
train/img_05124.jpg,ଜଣାଣ ବା ସ୍ତୁତିମୂଳକ ଚଉତିଶା
train/img_05125.jpg,"ଓଡ଼ିଶାରୁ ଉତ୍ପନ୍ନ ନଦୀଗୁଡିକ (ବ ତରଣୀ, ବୁଦ୍ଧବାଲାଙ୍ଗା, ସାଲାଣ୍ଡି, ଏବଂ ଷିକୂଲିଆ)"
train/img_05126.jpg,ଆନନ୍ଦବଜାରଠାରେ ଜାତି-ଧର୍ମ-ବର୍ଣ୍ଣ ନିର୍ବିଶେଷରେ ଭକ୍ତମାନେ ଏକାଠି ବସି ମହାପ୍ରସାଦ ସେବନ କରି ଥାଆନ୍ତି ।
train/img_05127.jpg,"ସହର ନିକଟସ୍ଥ ବାଲିଆର ଭୁବନେଶ୍ୱର ମନ୍ଦିର, କୁଣ୍ଢେଶ୍ୱରର ତ୍ରିଲୋଚନେଶ୍ୱର ମନ୍ଦିର, ନାସିକର ଖଣ୍ଡେଶ୍ୱର ମନ୍ଦିର, ଧନିଶୋର ପଞ୍ଚୁ ପାଣ୍ଡବ ମନ୍ଦିରର ସ୍ଥାପତ୍ୟ ପର୍ଯ୍ୟଟକଙ୍କୁ ଆକୃଷ୍ଟ କରେ ।"
train/img_05128.jpg,ପାପର ବିନାଶ ଓ ଭାଗ୍ୟ ପରିବର୍ତ୍ତନ ପାଇଁ ଓଡ଼ିଶା ଓ ବାଲିରେ କରାଯାଉଥିବା ଲୋକନୃତ୍ୟ ମଧ୍ୟରେ ଅନେକ ସାମଞ୍ଜସ୍ୟ ରହିଛି ଓ ଏହା ପ୍ରାଚୀନ ସଂସ୍କୃତିର ସମ୍ମିଶ୍ରଣରେ ହୋଇଥାଇପାରେ ।
train/img_05129.jpg,କଟକ ଉପକଣ୍ଠ ଚୌଦ୍ୱାର ଓଡ଼ିଶାର ପୁରୁଣା ଔଦ୍ୟୋଗିକ ପେଣ୍ଠ ଥିଲା।
train/img_05130.jpg,ଆଶ୍ରମର ମୂଳ ଉଦ୍ଦେଶ୍ୟ ଥିଲା ସଂଗ୍ରାମୀ ସୃଷ୍ଟି କରିବା ।
train/img_05131.jpg,"ଏହି ନୀତିରେ ଭିତରଚ୍ଛ, ପତି ମହାପାତ୍ର, ଗରାବଡ଼ୁ, ବିମାନବଡ଼ୁ, ମହାଜନ, ବଜନ୍ତରୀ ପ୍ରମୁଖ ସେବକମାନେ ଉପସ୍ଥିତ ରହିଥାନ୍ତି।"
train/img_05132.jpg,କଳିଙ୍ଗରୁ ବାହାରିଥିବା ଏକ ବଣିକଦଳ ଖ୍ରୀ ପୂ ୭୫ରେ ଏଠାରେ ଏକ ଜନବସତି ସ୍ଥାପନ କରିଥିଲେ ।
train/img_05133.jpg,ବୀର ସୁରେନ୍ଦ୍ର ସାଏ ଷ୍ଟାଡ଼ିୟମ ( )
train/img_05134.jpg,ଖ୍ରୀଷ୍ଟପୂର୍ବ ସମୟରୁ ମହାନଦୀର ମୁହାଣ ଦେଶରେ ମନ୍ନଦ ନାମକ ବନ୍ଦର ବିଶ୍ୱ ପ୍ରସିଦ୍ଧ ଥିଲା।
train/img_05135.jpg,"ଜନସଂଖ୍ୟା, ଶାରୀରିକ, ସାମାଜିକ ତଥା ରିଅଲ୍ ଇଷ୍ଟେଟ୍ ଭିତ୍ତିଭୂମି, ଅର୍ଥନୈତିକ କାର୍ଯ୍ୟକଳାପର ସାମ୍ପ୍ରତିକ ସ୍ତର ଏବଂ ପରିସର ତଥା ସରକାରୀ ସହାୟତା ପରି କୁଶମାନ ଏବଂ ୱାକଫିଲ୍ଡ ଇଣ୍ଡିଆ ଦ୍ବାରା ଏହା ଭାରତର ଶ୍ରେଷ୍ଠ ଦଶଟି ଉଦୀୟମାନ ସହର ମଧ୍ୟରେ ତାଲିକାଭୁକ୍ତ ହୋଇଛି।"
train/img_05136.jpg,"ବାବା ଶ୍ରୀ ସ୍ୱପ୍ନେଶ୍ୱର ମନ୍ଦିର,କେନ୍ଦୁସାହି ।"
train/img_05137.jpg,"ପାରମ୍ପାରିକ ହାତକାମ, ନାଚ, କୁଟୀରଶିଳ୍ପରେ ଏହା ଅନେକ ଉର୍ଦ୍ଧ୍ୱରେ ।"
train/img_05138.jpg,ଜନ୍ମ ବେଦୀ ବା ଅନ୍ତର୍ବେଦୀ ଯାତ୍ରା: ପ୍ରଭୁଙ୍କର ଜନ୍ମ ବେଦୀ ଆଡ଼ପମଣ୍ଡପଠାରେ ହୋଇଥିବାରୁ ଜନ୍ମ ବେଦୀ ବା ଅନ୍ତର୍ବେଦୀ ଯାତ୍ରା ।
train/img_05139.jpg,ମହିଳା: ୬୮ ୪୭
train/img_05140.jpg,ସରକାର
train/img_05141.jpg,ସ୍ୱାୟତ ଶାସନ ପ୍ରସଙ୍ଗରେ ସର୍ବପ୍ରଥମେ କେନ୍ଦ୍ରାପଡ଼ାରେ ତା ୧୦ ୦୩ ୧୮୬୯ ମସିହାରେ ମୁନିସିପାଲିଟି ସ୍ଥାପିତ ହୋଇଥିଲା ।
train/img_05142.jpg,ବାହ୍ୟ ଲିଙ୍କ
train/img_05143.jpg,ଅର୍ଥାତ ଝିଅଟି ତା’ର ମା’କୁ ପଚାରୁଛି ‘‘ଆୟଃ (ମୁଣ୍ଡାରୀ ଭାଷାରେ ମା’କୁ ଆୟଃ କୁହାଯାଏ) ‘‘କେଉଁ ମାସରେ ବେଦବ୍ୟାସ ମେଳା ଲାଗେ ଏବଂ କେଉଁ ମାସରେ ରାଞ୍ଚି ମେଳା ଲାଗେ ?
train/img_05144.jpg,ବତୀଘର ମହାକାଳପଡ଼ା
train/img_05145.jpg,କାମ
train/img_05146.jpg,"ଝାରସୁଗୁଡ଼ା ଜିଲ୍ଲାର ମୁଖ୍ୟ ଶିକ୍ଷାନୁଷ୍ଠାନ ମଧ୍ୟରେ ଲକ୍ଷ୍ମୀନାରାୟଣ ମହାବିଦ୍ୟାଳୟ(୧୯୬୯ରେ ସ୍ଥାପିତ), ବ୍ରଜରାଜନଗର କଲେଜ(୧୯୭୮ରେ ସ୍ଥାପିତ), ଝାରସୁଗୁଡା ସରକାରୀ ଇଂଜିନିଯରିଂ ସ୍କୁଲ, ବେଲପାହାଡ କଲେଜ, ବ୍ଲାକ ଡାୟମଣ୍ଡ ଇଂଜିନିଯରିଂ କଲେଜ ଓ ଅନ୍ୟାନ୍ୟ କଲେଜ ସବୁ ଅଛି ।"
train/img_05147.jpg,ମିର୍ଜାପୁର ଓ ଛଡ଼ାକ ମହଲାରେ ରାଜା ପୁରୁଷୋତ୍ତମ ଦେବଙ୍କ ମନ୍ତ୍ରୀ ବିଦ୍ୟାଧର ଖୋଳାଇଥିବା ପୋଖରୀ ତାଙ୍କ ନାମାନୁସାରେ ବିଦ୍ୟାଧର ପୋଖରୀ ବୋଲି ପରିଚିତ।
train/img_05148.jpg,"୧ମ ଅର୍ଥ: (ବନ ଅର୍ଥରେ) ଶ୍ରୀରାମଚନ୍ଦ୍ର ବା ଶ୍ରୀକୃଷ୍ଣ ନିଜ ପ୍ରେୟସୀକୁ ନ ଦେଖି ହରିତ୍ ବର୍ଣ୍ଣର ବଣକୁ ଅବଲୋକନ କରି ନିଜର ସଖାମାନଙ୍କୁ ଶୋକେ ଆକୁଳ ହୋଇ କହୁଛନ୍ତି, ‘ମୁଁ ଏହି ସୁରମ୍ୟ ବନକୁ ଦେଖି କିପରି ବଞ୍ଚି ରହିବି ?"
train/img_05149.jpg,ସେହିଭଳି ନୃତ୍ୟଭିତ୍ତିରେ ମଧ୍ୟ ଝୁମରର ବହୁ ବିଭାଗ ଦେଖିବାକୁ ମିଳିଥାଏ ।
train/img_05150.jpg,ଏହାର ପଶ୍ଚିମଭାଗଟି ଉତ୍ତୁଙ୍ଗ ପର୍ବତଶ୍ରେଣୀମାନଙ୍କଦ୍ୱାରା ଆଚ୍ଛାଦିତ ।
train/img_05151.jpg,"ସେହି ମୂର୍ତ୍ତିଗୁଡ଼ିକ ମଧ୍ୟରୁ ଅଜିତନାଥ, ଶାନ୍ତିନାଥ, ଋଷଭନାଥ ଓ ବର୍ଦ୍ଧମାନ ମହାବୀରଙ୍କ ମୂର୍ତ୍ତି ବର୍ତ୍ତମାନ ଓଡ଼ିଶା ରାଜ୍ୟ ସଂଗ୍ରହାଳୟରେ ସଂରକ୍ଷିତ।"
train/img_05152.jpg,କହୁଥିବା ଲୋକଙ୍କ ସଙ୍ଖ୍ୟା ଅନୁସାରେ ଭାରତୀୟ ଭାଷାର ତାଲିକା
train/img_05153.jpg,ଏହାକୁ ପ୍ରଥମେ ବିଶିଷ୍ଟ ଐତିହାସିକ ତଥା ପ୍ରତ୍ନତାତ୍ତ୍ୱିକ ଡ ଜିତାମିତ୍ର ପ୍ରସାଦ ସିଂହଦେବ ଆବିଷ୍କାର କରିଥିଲେ।
train/img_05154.jpg,ନିକଟତମ ବିମାନଘାଟି: ଭୁବନେଶ୍ୱର (୧୯୧ କି ମି ) ଓ କଲିକତା ଯାହାକି ଏଠାରୁ ପ୍ରାୟ ସାଢେ ୩ ଘଣ୍ଟାର ବାଟ ।
train/img_05155.jpg,ଗୋଟି ପହଣ୍ଡିରେ ଏକ ମୂର୍ତ୍ତି ଠାକୁର ବିଜେ ହୋଇ ଉଦ୍ଦିଷ୍ଟ ସ୍ଥାନରେ ପହଞ୍ଚିବା ପରେ ଅନ୍ୟ ବିଗ୍ରହଙ୍କ ପହଣ୍ଡି ଆରମ୍ଭ ହୋଇଥାଏ।
train/img_05156.jpg,ନୀଳାଦ୍ରି ନାମ ଖ୍ୟାତ ଥିଲା ।
train/img_05157.jpg,ସାମୁଦ୍ରିକ ବ୍ୟବସାୟରେ ଅନେକ ଜୀବନ ଓ ଧନହାନିର ଆଶଙ୍କା ଲାଗିରହିଥାଏ ।
train/img_05158.jpg,୧୭ ଚଉଠ ୮ ଅଙ୍ଗୁଳରେ ବଡ଼ ଅଖ ଦୁଇ ଗୋଟି ପୁଡା ଡାଇ ହାଣିବ।
train/img_05159.jpg,ଶାଳିଜଂଗା ମଠ
train/img_05160.jpg,ଶ୍ରୀଚୈତନ୍ୟଙ୍କ ପାଦୁକା ନିକଟସ୍ଥ କୁଆଁସ ଗ୍ରାମରେ ଏବେ ବି ପୂଜା ପାଉଛି।
train/img_05161.jpg,କୋରାପୁଟ ଓ ବସ୍ତର ଅଞ୍ଚଳରେ ବହୁତ ସ୍ଥାନକୁ ଦୁଇ ପ୍ରକାରରେ ଉଚ୍ଚାରଣ କରାଯାଇଥାଏ ।
train/img_05162.jpg,କେଶରୀ ବଂଶର ରାଜା ନୃପ କେଶରୀଙ୍କଦ୍ୱାରା ୯୮୯ ଖ୍ରୀ ଅ ରେ
train/img_05163.jpg,"କାଲାନ୍ତକ ଯମ ସମ, ବଧେ ସୈନ୍ୟ ବୀରୋତ୍ତମ"
train/img_05164.jpg,ବନ୍ଦେ ଉତ୍କଳ ଜନନୀ
train/img_05165.jpg,ସାକ୍ଷରତା ହାର: ୮୪ ୨୦
train/img_05166.jpg,"ଅନ୍ତର୍ବେଦୀ, ପୁରାଣଯୁଗରେ ପୁରୁଷୋତ୍ତମ କ୍ଷେତ୍ର, ଶଙ୍ଖକ୍ଷେତ୍ର,"
train/img_05167.jpg,ଯାନବାହନ
train/img_05168.jpg,ଜଗନ୍ନାଥ ମନ୍ଦିର:
train/img_05169.jpg,"ତାଙ୍କ ହାତରେ ଉତ୍ତରାଧିକାରୀ ନିଯୁକ୍ତ କରିବାର କ୍ଷମତା, ରାଜକ୍ଷମା ଦେବାର କ୍ଷମତା ଏବଂ ରାଜକୀୟ ସମ୍ମତି ଦେବାର କ୍ଷମତା ଅଛି"
train/img_05170.jpg,କପିଳାସ ଅଭୟାରଣ୍ୟ: ଢେଙ୍କାନାଳ ଜିଲ୍ଲାର କପିଳାସ ସଂରକ୍ଷିତ ଜଙ୍ଗଲକୁ ୨୦୧୧ ଅପ୍ରେଲ ୨ତାରିଖରେ ଅଭୟାରଣ୍ୟ ଭାବେ ୱାଇଲ୍ଡ ଲାଇଫ ପକ୍ଷରୁ ଘୋଷଣା କରାଯାଇଛି ।
train/img_05171.jpg,ତେରଥର ଆକ୍ରମଣ କାଳରେ ମହାପ୍ରଭୁ ଶ୍ରୀମନ୍ଦିର ରତ୍ନବେଦିରୁ ଯାଇ ଓଡ଼ିଶାର ବିଭିନ୍ନ ସ୍ଥାନକୁ ୨୧ ଥର ସ୍ଥାନାନ୍ତର ହୋଇଛି ।
train/img_05172.jpg,"ଅପରପକ୍ଷରେ ଗବେଷକ ଡଃ ନୀଳକଣ୍ଠ ମିଶ୍ର ଉଲ୍ଲେଖ କରିଛନ୍ତି ଯେ, ଖ୍ରୀ ଅ ୧୨୭୦ରେ ମାଧବାଚାର୍ଯ୍ୟଙ୍କ ଶ୍ରୀକ୍ଷେତ୍ର ଆଗମନ କାଳରେ ଏକ ଯାତ୍ରାରେ ଦୁଇ ପ୍ରକାର ରଥ ବ୍ୟବହାର ଶାସ୍ତ୍ର ବିରୋଧୀ ବୋଲି ମତ ଦେଇ ମାଳିନୀ ନଦୀ ପୋତି ବଡ଼ଦାଣ୍ଡରେ ମାତ୍ର ତିନି ଗୋଟି ରଥରେ ରଥଯାତ୍ରା ସମ୍ପାଦନ କରିବାକୁ ପରାମର୍ଶ ଦେଇଥିଲେ ।"
train/img_05173.jpg,"ବିଶେଷତଃ କଳିଙ୍ଗର ଅଧିବାସୀମାନେ ଜାଭା, ସୁମାତ୍ରା, ବାଲି, ବୋର୍ଣ୍ଣିଓ ଆଦି ପୂର୍ବ ଭାରତୀୟ ଦୀପପୁଞ୍ଜ ଓ ମାଳୟ ଉପଦ୍ୱୀପରେ ବାଣିଜ୍ୟକେନ୍ଦ୍ର ଓ ବସତିସ୍ଥାପନ କରିଥିଲେ ।"
train/img_05174.jpg,ହାତକାମ
train/img_05175.jpg,୨-ଭାଦୁରିଆ ଝୁମର : ଏହି ଝୁମର ବିଶେଷତଃ କରମାଗୀତ ଉପରେ ପର୍ଯ୍ୟବସିତ ।
train/img_05176.jpg,"ଏଥିମଧ୍ୟରୁ ଗ୍ରାମାଞ୍ଚଳରେ ୧୦,୭୫,୭୧୪ ଓ ସହରାଞ୍ଚଳରେ ୧,୧୭,୨୩୪ ଲୋକ ବାସ କରନ୍ତି ।"
train/img_05177.jpg,ସେ ଭୀଲ ରାଜା ଅଶପଲ୍ଲ ବା ଆଶାପାଲଙ୍କ ବିରୁଦ୍ଧରେ ଯୁଦ୍ଧ କରିଥିଲେ ଏବଂ ତାଙ୍କ ବିଜୟ ପରେ ସାବରମତୀ ନଦୀ କୂଳରେ ଆଜିର ଆଧୁନିକ ଅହମଦାବାଦ ଥିବା ସ୍ଥାନରେ କର୍ଣାବତୀ ନାମକ ସହର ସ୍ଥାପନା କରାଗଲା ।
train/img_05178.jpg,ସେ ଗୃହର ସଭା କାର୍ଯ୍ୟ ଶୃଙ୍ଖଳାର ସହିତ ପରିଚାଳନା କରନ୍ତି ।
train/img_05179.jpg,ଏହା ବଙ୍ଗଳାଦେଶର ଉଭୟ ସରକାରୀ ଏବଂ ସର୍ବାଧିକ କଥିତ ଭାଷା ଏବଂ ହିନ୍ଦୀ ପରେ ଭାରତର ୨୨ଗୋଟି ସରକାରୀ ଭାଷା ମଧ୍ୟରୁ ଦ୍ୱିତୀୟ ବହୁଳ କଥିତ ଭାଷା ।
train/img_05180.jpg,ପୂର୍ବ ଉପକୂଳରେ ଅବସ୍ଥିତ ଭାରତର ୨୮ଟି ରାଜ୍ୟ ମଧ୍ୟରୁ ଓଡ଼ିଶା ଅନ୍ୟତମ ।
train/img_05181.jpg,"ରଜପାନରେ ଗୁଆ, ଅଳେଇଚ, ଗୁଜୁରାତି, ଭଜା ଧଣିଆ, ଚାଉଳ ଓ ନଡିଆ ଖଣ୍ଡ, ଚେରି, ଲବଙ୍ଗ, କବାବଚିନି, ଚୁଆ, ପାନ ମହୁରି, ସୁବାସିତ ଜାଫ୍ରାନ କେଶର, ଖଇର ପରି ୧୦ରୁ ୧୨ ପ୍ରକାର ମସଲା ବ୍ୟବହୃତ ହୁଏ ।"
train/img_05182.jpg,"ସେ ମଧ୍ୟ ଭାରତୀୟ ଉପମହାଦେଶରେ ଜୈନ ଧର୍ମର ଅଭ୍ୟୁତ୍ଥାନରେ ମୁଖ୍ୟ ଭୂମିକା ଗ୍ରହଣ କରିଥିଲେ, କିନ୍ତୁ ତାହାଙ୍କୁ ଭାରତ ଇତିହାସରେ ସେତେ ଗୁରୁତ୍ୱ ଦିଆଯାଇନାହିଁ ।"
train/img_05183.jpg,ଏଠାକୁ ମୋଗଲମାନେ ୧୫୬୮ରେ ଆସିଥିଲେ ଓ ସେମାନଙ୍କ ଅଧିନରେ ଏହା ୧୭୫୦-୫୧ ଯାଏଁ ଥିଲା ।
train/img_05184.jpg,ପଶ୍ଚିମ ଭାଗ ଅତ୍ୟନ୍ତ ବାଲିଆ ଓ ପଥୁରିଆ ।
train/img_05185.jpg,ଅଧୁନାତନ ସ୍ଥିତି
train/img_05186.jpg,ମର୍ଦ୍ଦଗାଜି ବିଭା ପାଲା: ଗଜେନ୍ଦ୍ର ନାମକ ରାଜାଙ୍କର ଏକ ମାତ୍ର ପୁତ୍ର ମର୍ଦ୍ଦଗାଜିର ବିଦେଶ ଗମନ ଓ ବିବାହ
train/img_05187.jpg,"ମୂଳ ଆମେରିକୀୟ, ଦେଶୀ ହାୱାଇନ୍ ଏବଂ ଦେଶୀ ଆଲାସ୍କାନ୍ ଜନସଂଖ୍ୟା ବ୍ୟତୀତ ପ୍ରାୟ ସମସ୍ତ ଆମେରିକୀୟ କିମ୍ବା ସେମାନଙ୍କ ପୂର୍ବଜମାନେ ଗତ ପାଞ୍ଚ ଶତାବ୍ଦୀ ମଧ୍ୟରେ ସ୍ଥାନାନ୍ତରିତ ହୋଇଥିଲେ କିମ୍ବା ଦାସ ଭାବରେ ଆମଦାନୀ ହୋଇଥିଲେ।"
train/img_05188.jpg,ଅବସ୍ଥିତ
train/img_05189.jpg,ସେ ମଧ୍ୟ ଶାନ୍ତିନିକେତନ ତାଙ୍କ ବାପାଙ୍କ ସହ ଯାଇଥିଲେ ।
train/img_05190.jpg,ସେଠାରେ ଛଅଦିନ ରହିବା ପରେ ପୁଣି ଦନ୍ତ ମନ୍ଦିରକୁ ଫେରି ଆସେ ।
train/img_05191.jpg,ଓଡ଼ିଶୀ ଗାୟକ ଅନ୍ଧ ଆପନ୍ନା ପାଣିଗ୍ରାହୀ
train/img_05192.jpg,ରାଣୀଡୁଡୁମା : ନନ୍ଦପୁର ବ୍ଲକ ଅନ୍ତର୍ଗତ କୁଟୁଣିମାଳ ପାହାଡ଼ ନିକଟସ୍ଥ ଏକ ଛୋଟ ଜଳପ୍ରପାତ।
train/img_05193.jpg,ଚର୍ଯା/ ଚରିଜାଗିତି ଯୁଗ ବା ସିଦ୍ଧ ସାହିତ୍ୟ ଯୁଗ ଓ ନାଥ ସାହିତ୍ୟ
train/img_05194.jpg,ନାରୀ ଶିଳ୍ପୀର ଆବର୍ତ୍ତମାନରେ ପୁରୁଷ ଶିଳ୍ପୀ ଜଣକ ନାରୀବେଶ ହୋଇ ମଧ୍ୟ ଏହାକୁ ପରିବେଷଣ କରିଥାଏ ।
train/img_05195.jpg,ମହାପ୍ରଭୁମାନଙ୍କର ଦ୍ୱାଦଶ ଯାତ୍ରା ମଧ୍ୟରୁ ଶ୍ରୀଗୁଣ୍ଡିଚା ଯାତ୍ରା ବା ମହାବେଦୀ ମହୋତ୍ସବ ହିଁ ଶ୍ରେଷ୍ଠ ବୋଲି ସ୍କନ୍ଧ ପୁରାଣର ପୁରୁଷୋତ୍ତମ ମାହାତ୍ମ୍ୟରେ କୁହାଯାଇଛି।
train/img_05196.jpg,"ଘିରିଘିରି ହୋଇ ବୁଲିବା, ତଳୁ ଉପରକୁ ରକେଟ ପରିଯିବା, ଉପରୁ ତଳକୁ ଖସିବାବେଳେ ମୁଣ୍ଡକୁ ଲମ୍ବାଇ ଉଡ଼ିବା, ଚିତ୍ ପଟାଙ୍ଗ ମାରିବା, ଡାହାଣରୁ ବାମକୁ ଓ ବାମରୁ ଡାହାଣକୁ କଡ଼େଇ କଡ଼େଇ ଉଡ଼ିବା ଆଦି ନାନାଦି କରାମତି ନ ଦେଖିଲେ ବିଶ୍ୱାସ କରିବା କଷ୍ଟକର ।"
train/img_05197.jpg,ଭୂଦେବୀ (ରୂପା ମୂର୍ତ୍ତି)
train/img_05198.jpg,"୧୯୪୮ ମସିହା ଜାନୁଆରୀ ପହିଲା ତାରିଖରେ ୨୩ଟି ଗଡ଼ଜାତର (ଆଠଗଡ଼, ଆଠମଲ୍ଲିକ, କଳାହାଣ୍ଡି, କେନ୍ଦୁଝର, ଖଣ୍ଡପଡ଼ା, ଗାଙ୍ଗପୁର, ଢେଙ୍କାନାଳ, ତାଳଚେର, ତିଗିରିଆ, ଦଶପଲ୍ଲା, ନରସିଂହପୁର, ନୟାଗଡ଼, ନୀଳଗିରି, ପାଟନା, ପାଲଲହଡ଼ା, ବଉଦ, ବଡ଼ମ୍ବା, ବଣାଇ, ବାମଣ୍ଡା, ରଣପୁର, ରେଢ଼ାଖୋଲ, ସୋନପୁର ଓ ହିନ୍ଦୋଳ) ଓଡ଼ିଶା ସହିତ ମିଶ୍ରଣ ହୋଇଥିଲା ।"
train/img_05199.jpg,୨୦୦୧ ମସିହା ଜନଗଣନା ତୁଳନାରେ ୨୦୧୧ରେ ଜନସଂଖ୍ୟା ୧୩ ୯୭ ବୃଦ୍ଧି ହୋଇଛି ।
train/img_05200.jpg,"ବିହାର ହ୍ରଦ, ବଇତରଣା, ଉପର ବଇତରଣା, ତୁଳସୀ, ତଂସ ଓ ପଉଅଇ।"
train/img_05201.jpg,ସୁନା କର୍ପୂର ଆଳତିରେ କର୍ପୂର ବସାଇ ଭଣ୍ଡାର ମେକପ ରାଜାଙ୍କ ହସ୍ତକୁ ବଢ଼ାଇଥାନ୍ତି।
train/img_05202.jpg,"-ପୁଟ - ପୋଖରୀପୁଟ , ଭେଜିପୁଟ , କୋରାପୁଟ , ଲମତାପୁଟ ଇତ୍ୟାଦି"
train/img_05203.jpg,ତତ୍ପରେ ସନ୍ଧ୍ୟା ଧୂପ ଉଠି ପୂଜା ବସିଥିବା ସମୟେ ମହାଲକ୍ଷ୍ମୀ ରଥ ପାଖରେ ନୀତି ବଢ଼ାଇ ଜଗମୋହନର ଜୟବିଜୟ ଦ୍ୱାରଠାକୁ ଆସିଥାନ୍ତି।
train/img_05204.jpg,"ଓଡ଼ିଶୀ ନୃତ୍ୟର ବୈଶିଷ୍ଟ୍ୟ ମଧ୍ୟରେ ଅଙ୍ଗଭଙ୍ଗୀ ଓ ଲାଳିତ୍ୟ ତଥା ଏହାର ପାଞ୍ଚଗୋଟି ପର୍ଯ୍ୟାୟ ଯଥା: ମଙ୍ଗଳାଚରଣ, ବଟୁ, ପଲ୍ଲବୀ, ଅଭିନୟ ଓ ମୋକ୍ଷ ଅନ୍ୟତମ ।"
train/img_05205.jpg,ନୃତ୍ୟ ଆରମ୍ଭରେ ନର୍ତ୍ତକୀ ଶ୍ରୀଜଗନ୍ନାଥଙ୍କୁ ପୁଷ୍ପାଞ୍ଜଳୀଦ୍ୱାରା ପ୍ରଣାମ ନିବେଦନ କରି ଶେଷରେ ମୋକ୍ଷ ଲାଭ କାମନା କରି ପ୍ରଣତି ଜଣାଇଥାନ୍ତି ।
train/img_05206.jpg,ପ୍ରତ୍ନତାତ୍ତ୍ୱିକ ଖନନରୁ ଅନେକ ମୋହର ମଧ୍ୟ ମିଳିଛି ।
train/img_05207.jpg,ସେ ୧୧୯ଟି କବିତା ସହ ଏକ ସଂକ୍ଷିପ୍ତ ସମ୍ବଲପୁରୀ ବ୍ୟାକରଣ ପୁସ୍ତକ ପ୍ରକାଶ କରିଥିଲେ ।
train/img_05208.jpg,ପୁନଶ୍ଚ- ‘‘ଯାମିନୀର କେଶ କଲାପେବନୀ
train/img_05209.jpg,ଶବ୍ଦ ମଧ୍ୟସ୍ଥ ସ୍ୱରବର୍ଣ୍ଣ ବିଲୋପ ବା ଶବ୍ଦମଧ୍ୟର ସ୍ୱରବର୍ଣ୍ଣ ହଟିଯିବା
train/img_05210.jpg,ସେଠାରେ ଜଗସିଂହପୁରର ପୁରାତନ ଶିକ୍ଷାନୁଷ୍ଠାନ ଶ୍ରୀକୃଷ୍ଣ ଏକାଡେମୀ ଗଢ଼ି ଉଠିଛି ।
train/img_05211.jpg,ଦୂତିକି କହନ୍ତି ରାଧା ପାଇଣ ମଦନବାଧା
train/img_05212.jpg,"ରାବଣ ବଧ, ମହିଷାସୁରର ବଧ ଆଦି ଅଭିନୟ ଏହି ନୃତ୍ୟର ମୁଖ୍ୟ ଆକର୍ଷଣ ।"
train/img_05213.jpg,ପିଠାପଣା
train/img_05214.jpg,ନଶ୍ୱରତା ଓ ବୈରାଗ ପରାୟଣତାକୁ ନେଇ ପ୍ରାଚୀନ ସାହିତ୍ୟରେ ଅନେକ ଛୋଟ ବଡ଼ କବିତା ରଚିତ ହୋଇଥିଲା ।
train/img_05215.jpg,ଗାଁ ଗହଳିରେ ଅତି ସାଧାରଣ ସ୍ତରରେ ଶରୀର ଭେଦ ବା ବ୍ରହ୍ମଜ୍ଞାନମୂଳକ ଚଉତିଶାଗୁଡ଼ିକ ଭଜନ ମାଧ୍ୟମରେ ଗୀତ ଓ ଆଲୋଚିତ ହୋଇଥାଏ ।
train/img_05216.jpg,ଅଳକା
train/img_05217.jpg,କାଞ୍ଜିପାଣି ଘାଟି
train/img_05218.jpg,"ସାରସ ବଦନା, କରକ ରଦନା, ଘେନେମୋ ବେଦନା ଗୁହାରେ"
train/img_05219.jpg,ତାଙ୍କରି ନାମାନୁଯାୟୀ ଆମ ଦେଶ ଭାରତ ବର୍ଷ ନାମରେ ଅଭିହିତ ।
train/img_05220.jpg,ତନ୍ମଧ୍ୟରୁ ଗଙ୍ଗାରାମ ନାମକ ଏକ ହସ୍ତୀକୁ ଗଜପତି ମହାରାଜ ବୀରକିଶୋର ଦେବ (ଖ୍ରୀ ଅ ୧୯୫୬-୧୯୭୦)ଙ୍କ ସମୟରେ ମସ୍ତିଷ୍କ ବିକୃତି ଯୋଗୁଁ ମାରି ଦିଆଯାଇଥିଲା ଏବଂ ମୋତି ନାମକ ଶେଷ ହସ୍ତୀଟିର ଏକ ଆକସ୍ମିକ ଦୁର୍ଘଟଣା ବଶତଃ ୧୯୭୭ ମସିହାରେ ମୃତ୍ୟୁ ହୋଇଯାଇଥିଲା ।
train/img_05221.jpg,"ଆରବର ଐତିହାସିକମାନେ ଖ୍ରୀ ୮ମ ଶତାବ୍ଦୀରେ ଜାଭାରେ ଶାସନ କରୁଥିବା ଓ କାମ୍ବୋଡିଆ, ଚମ୍ପାରେ ପ୍ରଭାବ ବିସ୍ତାର କରିଥିବା ଶୈଳେନ୍ଦ୍ର ବଂଶ କଳିଙ୍ଗରୁ ବୋଲି କହିଛନ୍ତି ।"
train/img_05222.jpg,ମାଳୟ
train/img_05223.jpg,ଓଡ଼ିଆରେ ଖବର
train/img_05224.jpg,"ଛ ବର୍ଷରୁ କମ: ୧,୫୩,୪୪୩"
train/img_05225.jpg,ଲୋକବାକ
train/img_05226.jpg,ଦକ୍ଷିଣ ମୋଡ଼
train/img_05227.jpg,"ଏହା ଏକ ଉଦାରବାଦୀ ଗଣତନ୍ତ୍ର ଏବଂ ବଜାର ଅର୍ଥନୀତି; ମାନବିକ ଅଧିକାର, ଜୀବନଶୈଳୀ, ଆୟ ଏବଂ ଧନ, ଅର୍ଥନୈତିକ ପ୍ରତିଦ୍ୱନ୍ଦ୍ୱିତା ଏବଂ ଶିକ୍ଷାର ଆନ୍ତର୍ଜାତୀୟ ପଦକ୍ଷେପଗୁଡ଼ିକରେ ଏହା ଏକ ଉଚ୍ଚ ସ୍ଥାନ ଅଧିକାର କରିଛି; ଏବଂ ଏଥିରେ ନିମ୍ନ ସ୍ତରର ଭ୍ରଷ୍ଟାଚାର ଅଛି"
train/img_05228.jpg,"ମରାଠା ସର୍ଦାର ଭାସ୍କର ପଣ୍ଡିତଙ୍କ ନାମ ଅନୁସାରେ ଭାସ୍କରଗଞ୍ଜ, ମୋତିରମ ଫଉଜଦାରଙ୍କ ନାମ ଅନୁସାରେ ମୋତିଗଞ୍ଜ, ନୀଳଖୋଲୁ ସର୍ଦାରଙ୍କ ନାମ ଅନୁସାରେ ନୀଳଗିରି ନାମ ହୋଇଥିବାର ଜଣାଯାଏ ।"
train/img_05229.jpg,"ମହିଳା: ୭,୮୭,୮୭୫"
train/img_05230.jpg,ଏହାର ସୀମାରେଖା ମଧ୍ୟ ଅନେକ ସମୟରେ ପରିବର୍ତ୍ତିତ ହୋଇଛି ।
train/img_05231.jpg,"ଭଏଁରାଘୁମର, ଚନ୍ଦାହାଣ୍ଡି"
train/img_05232.jpg,ଭାରତୀୟ ପ୍ରଶାସନ ବ୍ୟବସ୍ଥାର ତିନିଟି ମୁଖ୍ୟ ଅଙ୍ଗ ରହିଛି:
train/img_05233.jpg,ମୋଗଲ ଓ ମରହଟ୍ଟା ପ୍ରଭାବ
train/img_05234.jpg,ବିଦ୍ଯା୍ୟଧର ପାଲା: ଭୈରବ ଦେଶର ନୃସିଂହ ରାଜାଙ୍କ ଗଳ୍ପ
train/img_05235.jpg,୧୮୦୩ରେ ଇଂରେଜମାନେ ଓଡ଼ିଶା ଅଧିକାର କଲେ ।
train/img_05236.jpg,ଏହି ଦୁର୍ଗର ସମୀପରେ ଅତ୍ୟାଧୁନିକ ସୁବିଧାସୁଯୋଗ ଯୁକ୍ତ ବାରବାଟି ଷ୍ଟାଡିଅମ ରହିଛି ।
train/img_05237.jpg,ମା' ଶାରଳା ବାଣୀଦେବୀ ନାମରେ ବିଦୀତ ଥିବାରୁ ଏହାକୁ ବାଣୀକ୍ଷେତ୍ର ଏବଂ ଜଗତ୍ ସିଂହପୁର ସହରକୁ ବାଣୀର ସହର ବୋଲି କୁହାଯାଏ ।
train/img_05238.jpg,"ବିଜୁ ପଟ୍ଟନାୟକ: ୧୯୭୭, ୧୯୮୦ ଓ ୧୯୮୪"
train/img_05239.jpg,ପିଲୁ ମୋଦି ସ୍ଥାପତ୍ୟ ମହାବିଦ୍ୟାଳୟ
train/img_05240.jpg,ରାମହରି ମହାନ୍ତି: ସିତାର
train/img_05241.jpg,ପ୍ରଦର୍ଶନ
train/img_05242.jpg,"ତପସ୍ୟା, ଯଜ୍ଞ, ସେବାପୂଜା ଓ ନାମ ଆର୍ଯ୍ୟସାଧନ ମାର୍ଗର ମୁଖ୍ୟ ଚାରିଗୋଟି ଉପାୟ ।"
train/img_05243.jpg,"ବ୍ଳକ: (୫): ୧ କୋମନା, ୨ ଖରିଆର, ୩ ନୂଆପଡ଼ା, ୪ ବୋଡ଼େନ ଓ ୫ ସିନାପାଲି"
train/img_05244.jpg,ଏହା ଜଣେ ସିହା ଇମାମ ଅଲୀଙ୍କ ବିଷୟରେ କହିଥାନ୍ତି ।
train/img_05245.jpg,ଅଷ୍ଟାଦଶ ଶତାବ୍ଦବେଳକୁ ବୈଷ୍ଣବବାଦର ପ୍ରଭାବ ଫଳରେ ଏ ଭାଦୁରିଆ ଝୁମର ନାମରେ ପରିଚିତ ହେଲା ।
train/img_05246.jpg,ଶ୍ରୀ ଜଗନ୍ନାଥ ମନ୍ଦିର
train/img_05247.jpg,"ଅତୀତରେ ବିଭିନ୍ନ ଶାସକମାନଙ୍କଦ୍ୱାରା ଶାସିତ ଓଡ଼ିଶାରେ କଳା, ସ୍ଥାପତ୍ୟ ,ସାହିତ୍ୟ ,ନୃତ୍ୟ ,ସଂଗୀତ ଓ କୁଟୀରଶିଳ୍ପର ଅନନ୍ୟ ମିଶ୍ରଣ ଘଟିଥିଲା ।"
train/img_05248.jpg,ଦେଶକୁ ଆନେକ ଉଚ୍ଚକୋଟୀର ବୁଦ୍ଧିଜୀବୀ ଓ ପ୍ରଶାସକ ଦେଇଥିବା ରେଭେନ୍ସା ମହାବିଦ୍ୟାଳୟ (ବର୍ତ୍ତମାନ ବିଶ୍ୱବିଦ୍ୟାଳୟ) କଟକର ଏକ ଅନନ୍ୟ ଅଙ୍ଗ ନୋବେଲ୍ ପୁରସ୍କାର ବିଜେତା ବୈଜ୍ଞାନିକ ସାର୍ ସି ଭି ରମଣ ଏଠାରେ କିଛି କାଳ କାର୍ଯ୍ୟ କରିଥିଲେ ଏଦଦ୍ ବ୍ୟତୀତ ଭାରତର ସ୍ୱାଧୀନତା ସଂଗ୍ରାମୀମାନଙ୍କ ମଧ୍ୟରୁ ଅନ୍ୟତମ ଓ ବିଶିଷ୍ଟ ନେତା ସୁବାଷ ଚନ୍ଦ୍ର ବୋଷଙ୍କ ବାଲ୍ୟକାଳ କଟକରେ ହିଁ ଅତିବାହିତ ହୋ ଇଥିଲା ସେ ଷଷ୍ଠ ଶ୍ରେଣୀ ଯାଏଁ ଏକ ଇଂରାଜୀ ବିଦ୍ୟାଳୟ (ବର୍ତ୍ତମାନର ଷ୍ଟୁଆର୍ଟ୍ ସ୍କୁଲ)ରେ ଅଧ୍ୟୟନ କଲାପରେ ରେଭେନ୍ସା କଲିଜିଏଟ୍ ସ୍କୁଲରେ ଅଧ୍ୟୟନ କରିଥିଲେ
train/img_05249.jpg,ଶ୍ରୀମନ୍ଦିର ପ୍ରଶାସନ ତରଫରୁ ପ୍ରତିବର୍ଷ ତିନିଗୋଟି ରଥ ସମ୍ପୂର୍ଣ୍ଣ ଶିଳ୍ପ ଶାସ୍ତ୍ରୀୟ ପଦ୍ଧତିରେ ନିର୍ମାଣ କରାଯାଉଥିଲେ ହେଁ ପ୍ରତି ରଥରେ ଅଧିଷ୍ଠିତ ହେଉଥିବା ପାର୍ଶ୍ୱ ଦେବତାଙ୍କର ନିର୍ମାଣ ହୋଇନଥାଏ।
train/img_05250.jpg,ରଥ ଛଅ ଗୋଟି ହେଉଥିଲା ।
train/img_05251.jpg,ଜୀବନେ ମାରଲାଇ ମୁଜାରାଇଁ ।
train/img_05252.jpg,ଏହା ଭାରତର ପୂର୍ବ ଭାଗରେ ଓ ନେପାଳର ଦକ୍ଷିଣ-ପୂର୍ବ ଭାଗରେ କଥିତ ।
train/img_05253.jpg,ଏହା ପଡ଼ୋଶୀ ବଙ୍ଗଳାଦେଶର କିଛି ଅଞ୍ଚଳରେ ମଧ୍ୟ କଥିତ ।
train/img_05254.jpg,"ଯେତେବେଳେ ଗୋଟିଏ ଦଳକୁ ବହୁମତ ମିଳି ନ ଥାଏ, ସେତେବେଳେ କେତେଗୋଟି ଦଳ ପରସ୍ପର ସହିତ ମିଶି ସରକାର ଗଠନ କରିଥାନ୍ତି ।"
train/img_05255.jpg,ମଞ୍ଚଜ୍ୟୋତି
train/img_05256.jpg,ବର୍ଷାଋତୁ ଆରମ୍ଭରୁ ରାସପୂର୍ଣ୍ଣିମା ପର୍ଯ୍ୟନ୍ତ ଏହି ଭାଦୁରିଆ ଝୁମର ପରିବେଷଣର ସମୟ ।
train/img_05257.jpg,ରୌଦ୍ରରସକୁ ବାଦ୍ ଦେଲେ ଅନ୍ୟ ସମସ୍ତ ରସର ପ୍ରୟୋଗ ଏହି ସମୟରେ ସୁଲଭ୍ୟ ହୋଇଛି ।
train/img_05258.jpg,ଘୁ ଉଦୟଗିରି
train/img_05259.jpg,ପ୍ରାଚୀ
train/img_05260.jpg,ମହାନଦୀ ହେଉଛି ଓଡ଼ିଶାର ବୃହତ୍ତମ ନଦୀ ଏବଂ ଭାରତର ଷଷ୍ଠ ବୃହତ୍ତମ ନଦୀ ଏହାର ପ୍ରକୃତ ଉତ୍ପତ୍ତି ଜଣା ପଡିନାହିଁ କିନ୍ତୁ ଛତିଶଗଡର ଧାମଟାରୀ ଜିଲ୍ଲାର ବସ୍ତର ମାଳଭୂମିର ସିହାୱା ପାହାଡରେ ଦୂରତମ ଜଳରାଶି ମିଳିପାରିବ।
train/img_05261.jpg,"ସାଧାରଣ ଶିକ୍ଷାଦାନ ସହ ଆତ୍ମନିର୍ଭରଶୀଳ ହେବା ପାଇଁ ଅରଟରେ ଲୁଗାବୁଣା, ସୂତା କଟା ଆଦି ଶିକ୍ଷା ଦିଆଯାଉଥିଲା ।"
train/img_05262.jpg,ଗୁରୁର କଥାତେ ବିଶ୍ୱାସ ନା କର
train/img_05263.jpg,ପୂର୍ଣ୍ଣଚନ୍ଦ୍ର ବିଡିକା
train/img_05264.jpg,‘ଝୁମର’ କହିଲେ ଉତ୍ତର ଓଡ଼ିଶାର ପ୍ରସିଦ୍ଧ ଲୋକ ସଙ୍ଗୀତକୁ ହିଁ ବୁଝାଏ ।
train/img_05265.jpg,ଏକ ସେନା ଛାଉଣି ଭାବରେ କଟକର ପ୍ରତିଷ୍ଠା ହୋ ଇଥିଲା ।
train/img_05266.jpg,"ତଳକୁସୁମା ଗୋବିନ୍ଦପୁର ଉଚ୍ଚବିଦ୍ୟାଳୟ,ତଳକୁସୁମା,ଗରଦପୁର"
train/img_05267.jpg,୧୫୯୨ରେ ମୋଗଲ ସମ୍ରାଟ ଆକବର ବାଲେଶ୍ୱର ଦଖଲ କରି ବହୁକାଳ ଶାସନ କରିଥିଲେ ।
train/img_05268.jpg,ସବୁଠାରୁ ଅଧିକ ସୁନାଗହଣା ହରିଶୟନ ଏକାଦଶୀ ତିଥିରେ ବ୍ୟବହାର ବ୍ୟବହାର ହୋଇଥାଏ ।
train/img_05269.jpg,ସେମାନେ ଛୋଟ ବଡ଼ ମନ୍ଦିର ମାର୍ଜନା ଓ ଶୋଧନ ତଥା ଶେଷରେ ଜଗମୋହନ ପରିଷ୍କାର କରୁଥିଲେ ।
train/img_05270.jpg,ସେହି ସ୍ଥାନରେ ଜଗନ୍ନାଥଙ୍କ ନିକଟରେ ବିପୁଳ ପରିମାଣର ଭୋଗ ଲାଗିବାର ନିୟମ ବା ଚଳଣି ମଧ୍ୟ ଥିଲା ।
train/img_05271.jpg,ତୀର୍ଥଙ୍କର
train/img_05272.jpg,ରେଶମ ପୋକ ଚାଷ ରୋଜଗାରର ଏପରି ଏକ ପନ୍ଥା ଯାହା ବର୍ଷଯାକ ଚାଷୀଙ୍କୁ ରୋଜଗାରକ୍ଷମ କରିଥାଏ।
train/img_05273.jpg,ଉତ୍ପତ୍ତି
train/img_05274.jpg,ସୁନା କର୍ପୂର ଆଳତିରେ କର୍ପୂର ବସାଇ ଭଣ୍ଡାର ମେକପ ରାଜାଙ୍କ ହସ୍ତକୁ ବଢ଼ାଇଥାନ୍ତି।
train/img_05275.jpg,ପର୍ଯ୍ୟଟନ ସ୍ଥଳୀ
train/img_05276.jpg,ଅନେକ ଟଙ୍କା ନେଇ ବୁଢ଼ା କଥାରେ ରାଜି ହୋଇଗଲେ ।
train/img_05277.jpg,ମୋଗଲ ସାମ୍ରାଜ୍ୟ ସମୟରେ ୧୫୨୬- ୧୮୫୮ ସମୟ ମଧ୍ୟରେ ଦକ୍ଷିଣ ଏସିଆରେ ଏହାର ବିକାଶ ହୋଇଥିଲା ।
train/img_05278.jpg,କରମା ଗୀତ ସମ୍ବଳିତ ଝୁମର ଏହି ଯୁଗୀୟ ରଚନା ।
train/img_05279.jpg,"ସୋନପୁର ଏହାର ସାଂସ୍କୃତିକ ବିଭବ, କଳା, ସୋନପୁରର ତନ୍ତବୁଣା ଲୁଗା, କାରିଗରୀ, ହାତତିଆରି କଳାକୃତି, ପିତଳ ଓ ଟେରାକୋଟା କାମ ଓ ତରଭାର ଫିଲିଗିରି କାମ, ଉଲୁଣ୍ଡାର ପଥର ଖୋଦେଇ ଓ ଡୁଙ୍ଗୁରିପାଲିର ଧାନରେ ତିଆରି ହାତକାମ ପାଇଁ ପ୍ରସିଦ୍ଧ ।"
train/img_05280.jpg,କୋରାପୁଟ ଓ ବସ୍ତର ଅଞ୍ଚଳରେ ବହୁତ ସ୍ଥାନକୁ ଦୁଇ ପ୍ରକାରରେ ଉଚ୍ଚାରଣ କରାଯାଇଥାଏ ।
train/img_05281.jpg,"କୋରାପୁଟ, ମାଲକାନାଗିରି ଆଦି ଜିଲ୍ଲା ଗୁଡିକରେ କନ୍ଧ, କୋହ୍ଲ, ସାନ୍ତାଳ ଜାତିର ଆଦିବାସୀମାନେ ବହୁତ ପରିମାଣରେ ଏହି ବୃତ୍ତି ସହିତ ଜଡ଼ିତ ।"
train/img_05282.jpg,ଏହାପରେ ରାଜ୍ୟ ସରକାରଙ୍କ ମତ ସହ ପ୍ରଧାନ ମନ୍ତ୍ରୀ ଯୋଗ୍ୟ ପ୍ରାର୍ଥୀଙ୍କ ନାମ ସୁପାରିସ ସହ ରାଷ୍ଟ୍ରପତିଙ୍କ ନିକଟକୁ ମଞ୍ଜୁରୀ ନିମନ୍ତେ ପ୍ରେରଣ କରନ୍ତି ।
train/img_05283.jpg,ବଙ୍ଗୋପସାଗର ଉପକୂଳରେ ଥିବା ଏହି ବେଳାଭୂମି ଭାରତର ପଶ୍ଚିମବଙ୍ଗ କିମ୍ବା ଓଡ଼ିଶା ପରିଦର୍ଶନ କରୁଥିବା ପର୍ଯ୍ୟଟକଙ୍କ ମଧ୍ୟରେ ଅନ୍ୟତମ ଲୋକପ୍ରିୟ ବେଳାଭୂମି ।
train/img_05284.jpg,୧୬ଶ-୧୭ଶ ଶତାବ୍ଦୀ ବେଳକୁ ଅନେକ କିଛି ପଦ୍ୟ ରଚନା କରାଯାଇଥିଲା ।
train/img_05285.jpg,"ସେଥିମଧ୍ୟରୁ ଲିପି, ଆକୃତି ଆଦି ପୂର୍ବରୁ ଥିବା ବେଳେ ମାଇକ୍ରୋସଫ୍ଟଦ୍ୱାରା ଇଣ୍ଡିକ ଇନ୍ପୁଟ ଭାରତୀୟ ଭାଷାରେ ଉପଲବ୍ଧ, ଯାହାଦ୍ୱାରା ଓଡ଼ିଆ ଲିପିରେ ସହଜରେ ଯେ କୌଣଶି ଆପ୍ଲିକେସନରେ ଓଡ଼ିଆରେ ଟାଇପ କରାଯାଇ ପାରୁଛି।"
train/img_05286.jpg,ପୁରୀ ଜଗନ୍ନାଥ ମନ୍ଦିରର ମାଦଳା ପାଞ୍ଜିରୁ ଏହାର ପ୍ରମାଣ ମିଳିଥାଏ ।
train/img_05287.jpg,ରାୟଗଡ଼ା ଜିଲ୍ଲାର ସରକାରୀ ପୃଷ୍ଠା
train/img_05288.jpg,ଉଭୟ ଜଗନ୍ନାଥ ଓ ଲକ୍ଷ୍ମୀ ଠାକୁରାଣୀ ପରସ୍ପରକୁ ଭେଟ ହୋଇଥାନ୍ତି।
train/img_05289.jpg,୧୯୩୬ ଅପ୍ରେଲ ୧ ତାରିଖ ଦିନ ଏକ ରାଜ୍ୟ ଭାବେ ନବଗଠିତ ହେବା ସ୍ମୃତିରେ ଅପ୍ରେଲ ମାସ ୧ ତାରିଖ ଦିନ ଉତ୍କଳ ଦିବସ (ଓଡ଼ିଶା ଦିବସ) ପାଳନ କରାଯାଇଥାଏ ।
train/img_05290.jpg,ସହର ରାସ୍ତା
train/img_05291.jpg,ଏହି ନୃତ୍ୟ ଗ୍ରାମ ଦେବତୀଙ୍କ ଆସ୍ଥାନ ନିକଟରେ ହୋଇଥାଏ ଏବଂ ରାତି ସାରା ଚାଲିଥାଏ ।
train/img_05292.jpg,ଲବଣ ସତ୍ୟାଗ୍ରହରେ ଶହ ଶହ କଂଗ୍ରେସ କର୍ମୀ ଓ ନେତୃବୃନ୍ଦ ବନ୍ଦୀ ହେଲେ।
train/img_05293.jpg,ଓଡ଼ିଶା ( ଓଡ଼ିଶା ) ଭାରତର ପୂର୍ବ ଉପକୂଳରେ ଥିବା ଏକ ପ୍ରଶାସନିକ ରାଜ୍ୟ ।
train/img_05294.jpg,"ଭୁବନେଶ୍ୱର ଏକ ବାହ୍ୟ ଶିଳ୍ପ କ୍ଷେତ୍ର ସହିତ ଏକ ଆବାସିକ ସହର ଭାବରେ ପରିକଳ୍ପନା କରାଯାଇଥିଲା ୧୯୯୦ ଦଶକ ପର୍ଯ୍ୟନ୍ତ ଅର୍ଥନୀତିରେ କିଛି ପ୍ରମୁଖ ଖେଳାଳି ରହିଥିଲେ ଏବଂ ଖୁଚୁରା ଏବଂ କ୍ଷୁଦ୍ର ଉତ୍ପାଦନଦ୍ୱାରା ପ୍ରାଧାନ୍ୟ ବିସ୍ତାର କରିଥିଲେ ୧୯୯୦ ଦଶକରେ ଭାରତ ସରକାର ଗ୍ରହଣ କରିଥିବା ଆର୍ଥିକ ଉଦାରିକରଣ ନୀତି ସହିତ ଭୁବନେଶ୍ୱର ଟେଲି ଯୋଗାଯୋଗ, ସୂଚନା ପ୍ରଯୁକ୍ତିବିଦ୍ୟା (ଆଇଟି) ଏବଂ ଉଚ୍ଚଶିକ୍ଷାରେ ପୁଞ୍ଜି ବିନିଯୋଗ କରିଥିଲା।"
train/img_05295.jpg,ତେଣୁ କବିମାନେ ନିଜ ରଚନାରେ ବିଭିନ୍ନ ରସ ଉପରେ ଗୁରୁତ୍ୱ ପ୍ରଦାନ କରିଥାନ୍ତି ।
train/img_05296.jpg,"ଖ୍ରୀଷ୍ଟାବ୍ଦ ଦ୍ୱିତୀୟ ଶତାବ୍ଦୀ ବେଳକୁ କାଲାଇମ୍ୟୋ, ଆରାକାନ୍ ନଦୀ ଉପତ୍ୟକାସ୍ଥ ଅଞ୍ଚଳ ଓ ମର୍ତ୍ତବାନ୍ ଚତୁଃପାର୍ଶ୍ୱର ପେଗୁ ଅଞ୍ଚଳ କଳିଙ୍ଗଦ୍ୱାରା ଶାସିତ ହେଉଥିଲା ।"
train/img_05297.jpg,"କୋରାନ ଗ୍ରନ୍ଥକୁ ମାନ୍ୟରେ ମୁସଲମାନମାନେ ""କୁରାନ ସରିଫ"" ବା ""କୁରାନ ମଜିଦ"" ବୋଲି କହିଥାନ୍ତି ।"
train/img_05298.jpg,୧ ଅପ୍ରେଲ ୧୯୯୩ ପୂର୍ବରୁ ଏହା କଳାହାଣ୍ଡି ଜିଲ୍ଲାର ଅନ୍ତର୍ଭୁକ୍ତ ଥିଲା ।
train/img_05299.jpg,ଖାରବେଳ ଚେଦି ରାଜବଂଶର ବଂଶଧର ଥିଲେ ।
train/img_05300.jpg,ହିନ୍ଦୋଳ: ୩୬ଟି ପଞ୍ଚାୟତ ଓ ୪ଟି ଜିଲ୍ଲାପରିଷଦ ଜୋନ
train/img_05301.jpg,: : (୬୨ )
train/img_05302.jpg,ବିସ୍ୱାଶ କରଯାଏ ଯେ ରାମଚନ୍ଦ୍ରଙ୍କର ବନବାସ ବେଳେ ଏହିଠାରେ ଦେବି ସିତାଙ୍କୁ ଶୋଶ ଲାଗିଲା ଆଖପାଖରେ କୌଣସି ଜଳର ସ୍ରୋତନଥିବରୁ ନିଜେ ଧନୁତିର ମାରି ଗଙ୍ଗାଙ୍କୁ ଆଣୀଥିଲେ ସେଇଦିନଠାରୁ ଏହା ପାତାଳଗଙ୍ଗା ନାମରେ ନାମିତ।
train/img_05303.jpg,ଭୁବନେଶ୍ୱରରେ ଛଅଟି ୟୁନିଟ ଓ ପୁରୁଣା ଭୁବନେଶ୍ୱର ଅଞ୍ଚଳରେ ଏକ ବିଜ୍ଞାପିତ ଅଞ୍ଚଳ ହେବା ମଧ୍ୟ ସେହି ନକ୍ସାରେ ଥିଲା ।
train/img_05304.jpg,ବୌଦ୍ଧ ଧର୍ମ
train/img_05305.jpg,"କାଲାନ୍ତକ ଯମ ସମ, ବଧେ ସୈନ୍ୟ ବୀରୋତ୍ତମ"
train/img_05306.jpg,ବାଲେଶ୍ୱରଠାରେ ଅନେକ ଜଣାଶୁଣା ଚିତ୍ରକର ଓ ଶିଳ୍ପୀ ଜନ୍ମ ନେଇଛନ୍ତି ।
train/img_05307.jpg,"ଶ୍ରୀଜୀଉମାନଙ୍କୁ ପାଟ ଅଗଣା, ଆନନ୍ଦ ବଜାର, ଭିତର ସିଂହଦ୍ୱାର, ବାଇଶିପାହାଚ, ସିଂହଦ୍ୱାର, ଗୁମୁଟି, ଅରୁଣସ୍ତମ୍ଭ ଦେଇ ରଥ ପର୍ଯ୍ୟନ୍ତ ନିଆଯାଇଥାଏ ।"
train/img_05308.jpg,ଜଟଣି (୧୧୫)
train/img_05309.jpg,ଯାଜପୁରରେ ରାଜଧାନୀ ସ୍ଥାପନ ।
train/img_05310.jpg,କେବେ ନଦୀ ଗତିପଥ ବଦଳାଇ ନୂଆ ମୁହଁ ଖୋଲେ ତ ପୁଣି କେବେ ଜୁଆର ଭଟ୍ଟାକୁ ବହୁତ ଭିତର ଯାଏଁ ଛାଡିଦିଏ ।
train/img_05311.jpg,ଛାଞ୍ଚ:ବାଲେଶ୍ୱର
train/img_05312.jpg,ଯୋଡା ପାର୍କ (ଯୋଡା)
train/img_05313.jpg,ଶ୍ରୀମହାଲକ୍ଷ୍ମୀ
train/img_05314.jpg,ବେଢା଼ ପରିକ୍ରମା ସମୟରେ ଭକ୍ତମାନଙ୍କର ଅଭିଳାଷକୁ ସାକାର କରି ରିଷ୍ଟ ଖଣ୍ଡନ କରିବାକୁ ଓ ଭବିଷ୍ୟତ ପଥକୁ କୁସୁମିତ କରିବା ଲକ୍ଷ୍ୟରେ ପାଣି ଲାଗି କରିଥାନ୍ତି ।
train/img_05315.jpg,"ଭିତର ବଖରାରେ ମା' ଭୁବନେଶ୍ୱରୀ ବିଦ୍ୟମାନ ଓ ତାଙ୍କୁ କମଳା ସତ୍ୟଭାମା ରୂପେ ସମ୍ବୋଧିତ କରାଯାଇଥାଏ।ବାହାର ବଖରାର ବାମ ପଟେ ମା'ସରସ୍ୱତୀ, ନୃସିଂହ ଓ ଡାହାଣ ପଟେ ଷଷ୍ଠୀ, ସାବିତ୍ରୀ, ଗାୟତ୍ରୀ ଓ ମନଷୀ ପୂଜିତ ହେଉଛନ୍ତି।"
train/img_05316.jpg,ମଙ୍ଗେଇ ଗମାଙ୍ଗ
train/img_05317.jpg,ସେମାନଙ୍କ ପତ୍ନୀ ମା କାଳୀଙ୍କୁ ପ୍ରାର୍ଥନା କରିବାରୁ ସେ ୧୩ ଜଣ ଚଢ଼େୟାଙ୍କୁ ଜୀବଦାନ ଦେଲେ।
train/img_05318.jpg,ଶ୍ରୀମନ୍ଦିରରେ ପାଳିତ ମୁଖ୍ୟ ଯାତ୍ରା ମଧ୍ୟରେ ରଥଯାତ୍ରା ଅନ୍ୟତମ ।
train/img_05319.jpg,ରେ ଓଡ଼ିଶା ପୁଣି ତାର ସ୍ୱାଧୀନତା ହରାଇଲା।
train/img_05320.jpg,ନିମ୍ନରେ ସେହି ବିବରଣୀର ସାରମର୍ମ ଉଲ୍ଲେଖ କରାଯାଇଛି -
train/img_05321.jpg,ଭୀମଭୋଇଙ୍କ ଭଜନରେ ଭକ୍ତି ଓ ବିଶ୍ୱମାନବବାଦ ଦେଖାଯାଇଥାଏ ।
train/img_05322.jpg,ପୋଡ଼ ପିଠା: ଏହା ଏକ ଓଡ଼ିଆ ଖାଦ୍ୟ ଯାହା ଚାଉଳ ଚୂନା ଓ ବିରିରୁ ତିଆରି ଆଣକୁ କଦଳୀ ପତ୍ରରେ ବାନ୍ଧି ଚୁଲିରେ ରାତି ସାରା ପୋଡ଼ି ପ୍ରସ୍ତୁତ କରାଯାଏ ।
train/img_05323.jpg,ଆଚାର
train/img_05324.jpg,"୨୯ ଗୋଟି ପ୍ରଦେଶ ଓ ୭ ଗୋଟି କେନ୍ଦ୍ରଶାସିତ ଅଞ୍ଚଳକୁ ମିଶାଇ ଗଠିତ ଏହି ଦେଶର ଭାଷା, ଚଳଣି, ପରମ୍ପରା, ଜଳବାୟୁ ଓ ଧର୍ମମତର ବିଭିନ୍ନତାକୁ ଲକ୍ଷ୍ୟ କରି ଅବିଭାଜିତ ଭାରତକୁ ଉପମହାଦେଶର ଆଖ୍ୟା ଦିଆଯାଏ ।"
train/img_05325.jpg,ଏହା ଗ୍ରାମାଞ୍ଚଳରେ ଏହା କାମନା ଦଣ୍ଡ ଭାବେ ପରିଚିତ।
train/img_05326.jpg,୧ ଜାନୁଆରୀ ୧୯୪୮ରେ ଓଡ଼ିଶା ସହିତ ନିଜର ଗଡ଼ଜାତ ରାଜ୍ୟମାନଙ୍କର ମିଶ୍ରଣ ପରେ କେଉଁଝର ଓଡ଼ିଶାର ଏକ ସ୍ୱତନ୍ତ୍ର ଜିଲ୍ଲାରୂପେ ପରିଗଣିତ ହେଲା ।
train/img_05327.jpg,"ଓଡ଼ିଶାର ବିଭିନ୍ନ ଆଦିବାସୀ ଜନଜାତି ଭିତରେ ସାନ୍ତାଳୀ ଜନଜାତିର ସୋହରାଇ, ମାଘେ ପରବ (ହୋ ଜନଜାତିଦ୍ୱାରା ମଧ୍ୟ ପାଳିତ), ବାହା ପରବ (ବା ହୋ ଜନଜାତିର ବା' ପରବ) ଆଦି ଅନ୍ୟତମ"
train/img_05328.jpg,ବିଭିନ୍ନ ଶାସ୍ତ୍ରାନୁଯାୟୀ ନବମୀ ଦିନ ମହାବେଦୀ ବା ଆଡ଼ପ ମଣ୍ଡପରେ ଶ୍ରୀବିଗ୍ରହମାନଙ୍କ ସନ୍ଧ୍ୟା ଦର୍ଶନ ଅତ୍ୟନ୍ତ ପୁଣ୍ୟଦାୟକ ଅଟେ।
train/img_05329.jpg,ଏହି ତାଳ ବର୍ଷା ବର୍ଷିବା ପରି ଝମ୍ ଝମ୍ ହୋଇ ବାଜିଥାଏ ।
train/img_05330.jpg,ନୃତ୍ୟ ଆରମ୍ଭରେ ନର୍ତ୍ତକୀ ଜଗନ୍ନାଥଙ୍କୁ ପୁଷ୍ପାଞ୍ଜଳିଦ୍ୱାରା ପ୍ରଣାମ ନିବେଦନ କରନ୍ତି ଓ ଶେଷରେ ମୋକ୍ଷ ଲାଭ କାମନା କରି ପ୍ରଣତି ଜଣାନ୍ତି ।
train/img_05331.jpg,କାଇପଦର ପିର୍ ବାବା
train/img_05332.jpg,ଭାରତକୁ ଆସିବା ପରେ ସେ ଜାହ୍ନବୀ ନିତାଇ ଦାସ ନାମରେ ପରିଚିତ ହୋଇଥିଲେ।
train/img_05333.jpg,ସାରଳା ପୀଠ (କନକ ପୁର)
train/img_05334.jpg,"ଅର୍ଜୁନ ଦାସ, ଦେବଦୁର୍ଲଭ ଦାସ, ନରସିଂହ ସେଣ, ପାର୍ଥ ଶ୍ରୀଚନ୍ଦନ ପ୍ରତାପରାୟ, ବିଷ୍ଣୁ ଦାସ, ଧନଞ୍ଜୟ, ରଘୁନାଥ ହରିଚନ୍ଦନ, ଉପେନ୍ଦ୍ର ଭଞ୍ଜ, ଦୀନକୃଷ୍ଣ ଦାସ, ଅଭିମନ୍ୟୁ ସାମନ୍ତସିଂହାର, ବ୍ରଜନାଥ ବଡ଼ଜେନା ଓ ଯଦୁମଣି ପ୍ରମୁଖ ଏହି କାଳର କବି ।"
train/img_05335.jpg,ଶିଳ୍ପ ଭାବରେ ସ୍ୱୀକୃତି
train/img_05336.jpg,ଖାରବେଳଙ୍କ ସମ୍ପର୍କିତ ମୁଖ୍ୟ ତଥ୍ୟଗୁଡ଼ିକ ଆଧୁନିକ ଭୁବନେଶ୍ୱର ନିକଟରେ ଥିବା ଉଦୟଗିରିର ହାତୀଗୁମ୍ଫା ଶିଳାଲେଖରୁ ମିଳିଥାଏ ।
train/img_05337.jpg,ଓଡ଼ିଶାରେ ଦଣ୍ଡ ନାଟ - -
train/img_05338.jpg,ଗଡମଣିତ୍ରୀ(ରାମଚଣ୍ଡି)
train/img_05339.jpg,ଥରେ ଦକ୍ଷ ପ୍ରଜାପତି ଯଜ୍ଞର ଆୟୋଜନ କରି ନିଜ କନ୍ୟା ସତୀ ଓ ଜାମାତା ଶିବଙ୍କ ବ୍ୟତୀତ ସବୁ ଦେବତାମାନଙ୍କୁ ଆମନ୍ତ୍ରିତ କରିଥିଲେ।
train/img_05340.jpg,ଏହା ସୁବର୍ଣ୍ଣପୁର ଜିଲ୍ଲା ବିନିକା ସହରଠାରୁ ୩ କି ମି ଦୂରରେ ମହାନଦୀ କୂଳରେ ଅବସ୍ଥିତ ।
train/img_05341.jpg,ଆରମ୍ଭ ଓ ଇତିହାସ
train/img_05342.jpg,ରଥ ଉପର ଠାକୁରମାନେ ବିରାଜିତ ହେବା ପରେ ବାଲିଆ ମୌଜାରୁ ଆସିଥିବା ତୁଳସୀ ଚୂଳମାଳ ଇତ୍ୟାଦି ବିଗ୍ରହମାନଙ୍କୁ ଲାଗି କରାଯାଇଥାଏ।
train/img_05343.jpg,"କପିଳେଶ୍ୱର ଶିଳାଲିପିରୁ ଏହା ସୁସ୍ପଷ୍ଟ ଯେ ଶାକ୍ୟ ମୁନି ବୁଦ୍ଧଙ୍କ ଜନ୍ମସ୍ଥଳୀ, କର୍ମସ୍ଥଳୀ, ବୌଦ୍ଧ ସଂସ୍କୃତିର ଅଭିବୃଦ୍ଧି, ପ୍ରମୁଖ ପ୍ରଚାର, ପ୍ରସାରର ସ୍ଥଳୀ କଳିଙ୍ଗ ହିଁ ଥିଲା ।"
train/img_05344.jpg,କଳିଙ୍ଗ ଯୁଦ୍ଧ
train/img_05345.jpg,ଆମେରିକୀୟ ବିପ୍ଳବ ତେରଟି କଲୋନୀକୁ ବ୍ରିଟିଶ ସାମ୍ରାଜ୍ୟରୁ ପୃଥକ କରିଥିଲା ଏବଂ ଆଧୁନିକ ଇତିହାସରେ ଏକ ୟୁରୋପୀୟ ଶକ୍ତି ବିରୁଦ୍ଧରେ ଏକ ଅଣ-ୟୁରୋପୀୟ ସଂସ୍ଥାଦ୍ୱାରା ସ୍ୱାଧୀନତାର ପ୍ରଥମ ସଫଳ ଯୁଦ୍ଧ ଥିଲା ଅଷ୍ଟାଦଶ ଶତାବ୍ଦୀ ସୁଦ୍ଧା ଆମେରିକୀୟ ଜ୍ଞାନକୌଶଳ ଏବଂ ଉଦାରବାଦୀତାର ରାଜନୈତିକ ଦର୍ଶନ ନେତାମାନଙ୍କ ମଧ୍ୟରେ ବ୍ୟାପିଗଲା।
train/img_05346.jpg,"(୯) ଲୋକ ସଂସ୍କୃତି ପାଠେର ଭୂମିକା (ବଙ୍ଗଳା) ତୁଷାର ଚଟ୍ଟୋପାଧ୍ୟାୟ ଦେଜ୍ ପବ୍ଲିଶିଂ, କୋଲକାତା ୧ମ ୨୦୦୧ ।"
train/img_05347.jpg,୧୯୩୬ ଖ୍ରୀ - ସ୍ୱତନ୍ତ୍ର ଓଡ଼ିଶା ପ୍ରାନ୍ତ ଗଠିତ ।
train/img_05348.jpg,ଏହାର ଶାରୀରିକ ଗଠନ ମାଛରଙ୍କା ( ) ଓ ପାରାର ଶାରୀରିକ ଗଠନ ସହିତ ଊଣାଅଧିକେ ସମାନ ।
train/img_05349.jpg,ଅଷ୍ଟାଦଶ ଲୋକ ସଭା (୨୦୨୪-ବର୍ତ୍ତମାନ ପର୍ଯ୍ୟନ୍ତ)
train/img_05350.jpg,ଭଦ୍ରକ ନିକଟସ୍ଥ ଏବେକାର ରାଣୀତାଲ ସେହି ରାଣୀତଲାୱରୁ ଆସିଛି।
train/img_05351.jpg,୧୮୪୯ ମସିହା ବେଳକୁ ରାଜାମାନେ ଏଠାରେ ମନ୍ଦିର ପ୍ରତିଷ୍ଠା କରାଇଥିଲେ ।
train/img_05352.jpg,ଏହା ଓଡ଼ିଶାର ରାଜ୍ୟ ବୃକ୍ଷ ।
train/img_05353.jpg,"ଲିଆ, ପଣା ତଥା ମୁଗସିଝା ଏମାନଙ୍କର ଖାଦ୍ୟ ।"
train/img_05354.jpg,"ଉଲ୍ଲେଖଯୋଗ୍ୟ ଯେ, ରଥଖଳାର ପରମ୍ପରା ଅନୁଯାୟୀ ପ୍ରଥମେ ଜଗନ୍ନାଥ, ସୁଭଦ୍ରା ଓ ଶେଷରେ ବଳଭଦ୍ରଙ୍କ ରଥ ଟଣା ହୋଇଥାଏ।"
train/img_05355.jpg,ତେବେ ହେରା ପଞ୍ଚମୀ ନୀତି ସମ୍ପର୍କରେ ବାମଦେବ ସଂହିତରେ ବିଶେଷ ଭାବେ ବର୍ଣ୍ଣନା ହୋଇଥିବା ଜଣାଯାଏ ।
train/img_05356.jpg,ଏହା ରାଜ୍ୟ ରାଜଧାନୀ ଭୁବନେଶ୍ୱରଠାରୁ ପ୍ରାୟ ୧୬୦ କି ମି (୯୯ ମାଇଲ୍) ଦୂରରେ ବଙ୍ଗୋପ ସାଗର କୂଳରେ ଥିବା ଗୋପାଳପୁର ବନ୍ଦର ନିକଟରେ ଅବସ୍ଥିତ ।
train/img_05357.jpg,ଶ୍ରୀମନ୍ଦିରରେ ପାଳିତ ପର୍ବପର୍ବାଣି
train/img_05358.jpg,"ନୀଲାବାଡ଼ୀ, ଅଗ୍ନିଗଙ୍ଗାମା ଓ ପୁତ୍ୟାଲୁମା ଏ ଅଞ୍ଚଳର ଆରାଧ୍ୟଦେବୀ।"
train/img_05359.jpg,"କେତେକଙ୍କ ମତରେ ଏହା ରାଜ୍ୟର ଜନସଂଖ୍ୟାକୁ ସୂଚାଏ, ଆଉ କେତେକଙ୍କ ମତରେ, ଏହା ପୁନରୁଦ୍ଧାର କାର୍ଯ୍ୟରେ ଖର୍ଚ୍ଚ ହୋଇଥିବା ଅର୍ଥର ପରିମାଣକୁ ବୁଝାଏ ।"
train/img_05360.jpg,ଦୂତିକି କହନ୍ତି ରାଧା ପାଇଣ ମଦନବାଧା
train/img_05361.jpg,ଏହି ରାଜ୍ୟଟି ୨୦୦୦ ମସିହାରେ ବିହାର ରାଜ୍ୟରୁ ଅଲଗା ହୋଇ ଏକ ସତନ୍ତ୍ର ରାଜ୍ୟରେ ପରିଣତ ହୋଇଛି।
train/img_05362.jpg,ଏହା ବଦଳରେ ବାଲେଶ୍ୱର ଜିଲ୍ଲାର ଆମ୍ବୋ ଅଞ୍ଚଳର କିଛି ଗ୍ରାମ (୧୪ ୮୪ ବର୍ଗ କିମି ) କେନ୍ଦୁଝରର ଅଧୀନ କରାଗଲା ।
train/img_05363.jpg,ସେ ଚଣ୍ଡୀପୁରାଣରେ ନିଜର ରଚନା ସମ୍ପର୍କରେ ସୂଚନା ଦେଇଛନ୍ତି ।-
train/img_05364.jpg,ତେଣୁ ଝୁମର କବି ଓ ଗବେଷକ ଗିରିଶ ଚନ୍ଦ୍ର ମହାନ୍ତ ଝୁମରରେ ଏହି ରସର ପ୍ରୟୋଗ ସମ୍ପର୍କରେ କହନ୍ତ ‘‘ଝୁମରର ପ୍ରଧାନ ରସ ଶୃଙ୍ଗାର ।
train/img_05365.jpg,"ଏହି ନୃତ୍ୟରେ ପଖଉଜ, ବେହେଲା, ଗିନି, ଝାଞ୍ଜ, ବଂଶୀ ଇତ୍ୟାଦି ବାଦ୍ୟଯନ୍ତ୍ର ବ୍ୟବହାର କରାଯାଏ ।"
train/img_05366.jpg,"ଉଦୟପୁର ଉପବିଭାଗ, ଦକ୍ଷିଣ ତ୍ରିପୁରା ଜିଲ୍ଲା, ତ୍ରିପୁରା"
train/img_05367.jpg,"ବନୌଷଧି ବିଜ୍ଞାନ କୃଷ୍ଣବ୍ରହ୍ମା ଶତପଥି ଧର୍ମଗ୍ରନ୍ଥ ଷ୍ଟୋର, ଅଲିଶା ବଜାର, କଟକ"
train/img_05368.jpg,ଏହା ଚାରି ଚକିଆ ଶଗଡି ସଦୃଶ୍ୟ ହେଉଥିଲା ।
train/img_05369.jpg,"ଯଥା ୧ ଅନ୍ତର୍ବେଦୀ, ୨ ମହାବେଦୀ ମହୋତ୍ସବ, ୩ ଆଡ଼ପ ଉତ୍ସବ, ୪ ଦକ୍ଷିଣାମୁଖୀ ଉତ୍ସବ ଓ ୫ ନୀଳାଦ୍ରି ବିଜେ ।"
train/img_05370.jpg,ସମ୍ବର ହେଉଛି ଓଡ଼ିଶାର ରାଜ୍ୟ ପଶୁ
train/img_05371.jpg,କହୁଥିବା ଲୋକଙ୍କ ସଙ୍ଖ୍ୟା ଅନୁସାରେ ଭାରତୀୟ ଭାଷାର ତାଲିକା
train/img_05372.jpg,ଖ୍ରୀ ପୂ ୧୧୦୦-୧୫୦୦
train/img_05373.jpg,ବାରବାଟି ଷ୍ଟାଡ଼ିଅମ ( )
train/img_05374.jpg,"ପ୍ରଥମେ ଛଅଟି ଜିଲ୍ଲା କଟକ, ପୁରୀ, ବାଲେଶ୍ୱର, ସମ୍ବଲପୁର, କୋରାପୁଟ ଓ ଗଞ୍ଜାମକୁ ନେଇ ଓଡ଼ିଶା ଗଠନ କରାଯାଇଥିଲା ।"
train/img_05375.jpg,ଯୌବନ କାନନାଙ୍ଗନେ ଶିକାରି ସାଜିଲରେ
train/img_05376.jpg,ପୂର୍ବରେ ନୟାଗଡ଼ ଜିଲ୍ଲା
train/img_05377.jpg,"ଏହାପରେ ପତ୍ରିବଡ଼ୁ, ସୁଆରବଡ଼ୁ ଓ ଗରାବଡ଼ୁ ପାଳିଆ ସେବକ ତିନି ରଥରେ ପୂଜା ଠା' କରନ୍ତି।"
train/img_05378.jpg,: : (୪୦ )
train/img_05379.jpg,ହରିପୂର ରୋଡ - ଲୁଗାପଟା
train/img_05380.jpg,ଓଡ଼ିଶା ଉଚ୍ଚ ନ୍ୟାୟାଳୟ ଓଡ଼ିଶାର କଟକରେ ଅବସ୍ଥିତ ଏକ ଭାରତୀୟ ରାଜ୍ୟସ୍ତରୀୟ ଉଚ୍ଚନ୍ୟାୟାଳୟ ।
train/img_05381.jpg,"ବିଶ୍ୱମ୍ଭର ବିଦ୍ୟାପୀଠ,ପୁରୀ"
train/img_05382.jpg,ଏବେକାର ଅବସ୍ଥା
train/img_05383.jpg,ଲୋକ ସଭା ସାଂସଦ
train/img_05384.jpg,ଲୁଣା
train/img_05385.jpg,"ଇଂଲିଶ, ଇର୍ରିସ(ଆୟରଲ୍ୟାଣ୍ଡ), ସ୍କୋଟିଷ୍(ସ୍କଟ୍ ଲ୍ୟାଣ୍ଡ)ଗୀତ ଟାଗୋରଙ୍କୁ ଉଲ୍ଲସିତ ଓ ଗଭୀର ପ୍ରଭାବ ପକାଇଥିଲା ।"
train/img_05386.jpg,ବଡ଼ ଡାକ୍ତରଖାନା ଛଡା କଟକ ସହରରେ ଆହୁରି ବହୁତ ବିଶେଷ ଚିକିତ୍ସା କେନ୍ଦ୍ରମାନ ଆଛି।
train/img_05387.jpg,ଆଦି ବ୍ରହ୍ମ ପୁରାଣ ମତରେ ଏଇଠି ସୂର୍ଯ୍ୟ ଯନ୍ତ୍ର ସ୍ଥାପିତ ହୋଇଛି ଓ ସୂର୍ଯ୍ୟ ପୂଜା ପାଇଁ ଏହା ହିଁ ଉଦ୍ଦିଷ୍ଟ ।
train/img_05388.jpg,ଏହି ଭାଷାଗୁଡ଼ିକର ଶବ୍ଦରୁ ଦିଆଯାଇଥିବା ତଥ୍ୟର ପୃଷ୍ଠସ୍ତରୀୟ ପର୍ଯ୍ୟବେକ୍ଷଣରୁ ମଧ୍ୟ ସମାନତାଗୁଡ଼ିକୁ ସହଜରେ ଚିହ୍ନିହେବ ।
train/img_05389.jpg,୨୦୧୪ ମସିହା ସାଧାରଣ ଲୋକ ସଭା ନିର୍ବାଚନ ପରଠାରୁ ବର୍ତ୍ତମାନ କେନ୍ଦ୍ରରେ ଭାରତୀୟ ଜନତା ପାର୍ଟି ଶାସନ କ୍ଷମତାରେ ରହିଛି ।
train/img_05390.jpg,"ଏହି ଉତ୍ସବ ସାବରଙ୍ଗ, ଚୁଡ଼ଙ୍ଗପୁରର ରଙ୍ଗଢ଼ାଉ, ବାସୁଦେବପୁର, କିସ୍ମତ କୃଷ୍ଣପୁର, ଧାମନଗର ଆଦି ଅଞ୍ଚଳରେ ଜାକଜମକରେ ପାଳିତ ହୋଇଥାଏ।"
train/img_05391.jpg,ଗୋଟିଏ ଦଳରେ ୪ରୁ ୧୦ଟି ସମ୍ବର ରହିଥାନ୍ତି।
train/img_05392.jpg,କରମା ଗୀତ ସମ୍ବଳିତ ଝୁମର ଏହି ଯୁଗୀୟ ରଚନା ।
train/img_05393.jpg,"ଜାତୀୟ ଚିହ୍ନ ଅଶୋକ ଚକ୍ର ସତ୍ୟମେବ ଜୟତେ, ସତ୍ୟର ଜୟ ହେଉ"
train/img_05394.jpg,ଏଥିରେ ୬ ଫୁଟ ୬ ଇଞ୍ଚ ଉଚ୍ଚତା ବିଶିଷ୍ଟ ୧୪ ଚକ ଲାଗିଥାଏ।
train/img_05395.jpg,: : (୨୧ )
train/img_05396.jpg,ଏହି ଉଦ୍ୟାନରେ ଚିତାବାଘ ଭଳି ପଶୁ ମଧ୍ୟ ମିଳିଯା'ନ୍ତି।
train/img_05397.jpg,"ଛେରା ଶବ୍ଦର ଅର୍ଥ ତରତଳା , ଯାହାକି ବହଳିଆ ଘୋରା ଚନ୍ଦନକୁ ବୁଝାଏ।"
train/img_05398.jpg,ଦଣ୍ଡାହଳିଆ ବା କାଠିନାଚ
train/img_05399.jpg,ହୁକିଟୋଲା ମହାକାଳପଡ଼ା
train/img_05400.jpg,"ସୂର୍ଯ୍ୟନାରାୟଣ ପାତ୍ର: ଖାଦ୍ୟ ଯୋଗାଣ ଓ ଖାଉଟି, ସମବାୟ"
train/img_05401.jpg,କେବଳ କୁଡ଼ୁମି ସଂପ୍ରଦାୟ କାହିଁକି ଏହା ଏକ ଜାତି ଓ ଦେଶର ସାଂସ୍କୃତିକ ପରମ୍ପରା ଓ ଅମୂଲ୍ୟ ସଂପଦ ଭାବରେ ପରିଚୟ ଲାଭ କରିଛି ।
train/img_05402.jpg,ଓଡ଼ିଶାରେ ଟସର ଚାଷ ଏକ ପୁରୁଣା ପରମ୍ପରା।
train/img_05403.jpg,ଏଥିସହିତ ସିଲିଗୁଡ଼ି ପଥ ଦେଇ ପଶ୍ଚିମରେ ପଶ୍ଚିମବଙ୍ଗ ରହିଛି ଏବଂ ଏହି - -ଚଉଡ଼ା ( ) ୨୨ କିଲୋମିଟର ଚଉଡ଼ା (୧୪ ମାଇଲ) ଭୂମିଟି ରାଜ୍ୟକୁ ବାକି ଭାରତ ସହ ଯୋଡ଼ିଥାଏ ।
train/img_05404.jpg,"ମହିଳା: ୭,୨୨,୧୯୬"
train/img_05405.jpg,ମାହାରୀମାନେ ନିଜ ଜୀବନ ଭଗବାନଙ୍କ ପାଖରେ ଅର୍ପଣ କରି ମନ୍ଦିର ଭିତରେ ନୃତ୍ୟ ପ୍ରଦର୍ଶନ କରିବା ଆରମ୍ଭ କରିଥିବାର ଓଡ଼ିଶାର ମନ୍ଦିର ଗାତ୍ରରେ ଥିବା ମୂର୍ତ୍ତିରୁ ଜଣାପଡ଼େ ।
train/img_05406.jpg,ମହିଳା: ୮୦ ୮୮
train/img_05407.jpg,ବୌଦ୍ଧ ଯୁଗରେ ବାଲେଶ୍ୱରକୁ “କୋଶାମ୍ବ” ବା “କୋସାମ୍ବ” କୁହାଯାଉଥିଲା ।
train/img_05408.jpg,"ଏଥିମଧ୍ୟରୁ ଗ୍ରାମାଞ୍ଚଳରେ ୧୧,୩୧,୦୫୭ ଓ ସହରାଞ୍ଚଳରେ ୮୭,୭୦୫ ଲୋକ ବାସ କରନ୍ତି ।"
train/img_05409.jpg,ରାଜା ଭୋଜ ନିଜ ସମୟରେ ସେ ସ୍ଥାନରେ ମିଳୁଥିବା କାଠ ବ୍ୟବହାର କରି ଅନେକ ବୋଇତ ନିର୍ମାଣ କରାଇଥିଲେ ବୋଲି ମାଦଳାପାଞ୍ଜିରେ ଉଲ୍ଲିଖିତ ।
train/img_05410.jpg,ଜ୍ଞାନପୀଠ ପୁରସ୍କାରରେ ସମ୍ମାନିତ ସଚି ରାଉତରାୟ ସାହିତ୍ୟରେ ମୁକ୍ତଛନ୍ଦ ପ୍ରୟୋଗ କରି ଆଧୁନିକ କବିତାରେ ଏକ ନୂଆଯୁଗ ସୃଷ୍ଟି କରିଯାଇଛନ୍ତି ।
train/img_05411.jpg,ସମ୍ବଲପୁରୀ ଓଡ଼ିଆ ବକ୍ତାମାନେ ମଧ୍ୟ ପଡ଼ୋଶୀ ଛତିଶଗଡ଼ ଓ ଝାଡ଼ଖଣ୍ଡର କେତେକ ଅଞ୍ଚଳରେ ବସବାସ କରିଥାନ୍ତି ।
train/img_05412.jpg,ଖାରବେଳଙ୍କ ସମୟରେ ଅଙ୍କାଯାଇଥିବା ଉଦୟଗିରିର ମଞ୍ଚପୁରୀ ଗୁମ୍ଫାରେ ସବୁଠୁ ପୁରୁଣା ଓଡ଼ିଶୀ ନାଚର ଖୋଦିତ ହୋଇଥିବା ଦେଖିବାକୁ ମିଳିଥାଏ ।
train/img_05413.jpg,ଶ୍ରୀଗୁଣ୍ଡିଚା ଦିନ ସକାଳ ଧୂପରେ ମଠର ଖେଚୁଡି଼ ଭୋଗ ହୋଇଥାଏ।
train/img_05414.jpg,ଏହି ଗ୍ରନ୍ଥ ଆଜି ଓଡ଼ିଆ ସାହିତ୍ୟର ବାଣୀ ଭଣ୍ଡାରକୁ ସମୃଦ୍ଧ କରିଛି ।
train/img_05415.jpg,ଏତଦବ୍ୟତୀତ ପାରାଭାଡ଼ି ନିର୍ମାଣ ସମୟରେ ପୋଟଳ ଉପରେ ବାଗିଆ ବାଡେଇଥାନ୍ତି।
train/img_05416.jpg,"କେନ୍ଦୁଝର ଜିଲ୍ଲାର ପୂର୍ବରେ ମୟୂରଭଞ୍ଜ ଓ ଭଦ୍ରକ, ଦକ୍ଷିଣରେ ଯାଜପୁର, ପଶ୍ଚିମରେ ଢେଙ୍କାନାଳ ଓ ସୁନ୍ଦରଗଡ଼ ଏବଂ ଉତ୍ତରରେ ଝାଡ଼ଖଣ୍ଡର ପୂର୍ବ ସିଂହଭୂମ ଜିଲ୍ଲାମାନ ଅବସ୍ଥିତ ।"
train/img_05417.jpg,"ପୁରୁଷ: ୭,୬୦,୫୯୧"
train/img_05418.jpg,ଦୟାକରି ତୁ ଚାକରରେ
train/img_05419.jpg,ଅନ୍ୟ ଏକ ମତ ଅନୁଯାୟୀ କଳିଙ୍ଗ ଖ୍ରୀ ୮ମ ଶତାବ୍ଦୀରେ ବ୍ରହ୍ମଦେଶର ଦକ୍ଷିଣାଞ୍ଚଳ ଅଧିକାର କରିବା ପରେ ମାଳୟରେ ବୌଦ୍ଧ ଧର୍ମର ବିସ୍ତାର ହୋଇଥିଲା ।
train/img_05420.jpg,ସମ୍ବର ହେଉଛି ଓଡ଼ିଶାର ରାଜ୍ୟ ପଶୁ
train/img_05421.jpg,ଝାରସୁଗୁଡ଼ା ସହର ଏହି ଜିଲ୍ଲାର ପ୍ରଶାସନିକ ମୁଖ୍ୟ ସହର ।
train/img_05422.jpg,ଶ୍ରୀ ପ୍ରତାପ ବଳଭଦ୍ର ଭଞ୍ଜ (୧୭୬୪-୧୭୯୨ ଅଥବା ୧୭୬୨-୧୭୯୭)
train/img_05423.jpg,‘ଝୁମର’ କହିଲେ ଉତ୍ତର ଓଡ଼ିଶାର ପ୍ରସିଦ୍ଧ ଲୋକ ସଙ୍ଗୀତକୁ ହିଁ ବୁଝାଏ ।
train/img_05424.jpg,ପ୍ରାଚୀନ ଓଡ଼ିଶାର ଦକ୍ଷିଣ-ପୁର୍ବ ଏସିଆର ଦେଶ ମାନଙ୍କ ସହିତ ନୌବାଣିଜ୍ୟ ସମ୍ପର୍କ ରହିଥିଲା ।
train/img_05425.jpg,କାଇପଦର ପିର୍ ବାବା
train/img_05426.jpg,ଯୋଗୀ ଜନଚିତ୍ତ ଚଞ୍ଚଲ କରାୟ
train/img_05427.jpg,"ପିପିଲି ତନ୍ତୁବାୟ ସହଯୋଗ ସମିତି,ମୋଉଦ ବେଗ, ବଳଙ୍ଗା, ପୁରୀ"
train/img_05428.jpg,"ଯନ୍ତା ବସ୍ତ୍ରାଳୟ ତନ୍ତୁ ବାୟ ସହଯୋଗ ସମିତି,ବରପାଲି,ବରଗଡ"
train/img_05429.jpg,ଅସର: ଅପରାହ୍ନ ୩ଟାଠାରୁ ୪ଟା ମଧ୍ୟରେ
train/img_05430.jpg,ହାଇଦ୍ରାବାଦ ତେଲେଙ୍ଗାନା ଓ ଆନ୍ଧ୍ର ପ୍ରଦେଶର ରାଜଧାନୀ ଓ ଭାରତର ବଡ଼ ସହରମାନଙ୍କ ଭିତରୁ ଗୋଟିଏ ।
train/img_05431.jpg,ବଙ୍ଗର ମୁସଲିମ ଶାସକ ସୁଲେମାନ କରାଣୀ ତଥା ତାଙ୍କ ସେନାପତି 'କଳାପାହାଡ଼'ଦ୍ୱାରା ଓଡ଼ିଶା ଅଧିକୃତ ।
train/img_05432.jpg,ତେଣୁ ମନେ ରଖିବାର ସୁବିଧା ନିମନ୍ତେସବୁ କଥାକୁ ପଦ୍ୟର ରୂପ ଦେବା ଦରକାର ଥିଲା ।
train/img_05433.jpg,ନବରଙ୍ଗପୁର ଜିଲ୍ଲା ଓଡ଼ିଶାର ଏକ ପ୍ରଶାସନିକ ଜିଲ୍ଲା ।
train/img_05434.jpg,"ଯେଉଁ ସମୟରେ ମନୋରଞ୍ଜନ କରିବା ପାଇଁ ବିଶେଷ ସୁବିଧା ନଥିଲା ସେହି ସମୟରେ ପାଲା ଲୋକଙ୍କୁ ମନୋରଞ୍ଜନ କରିବା ସହ ସାହିତ୍ୟ, ସଂସ୍କୃତି ଓ କଳା ପ୍ରତି ପରିଚିତ କରାଉଥିଲା ।"
train/img_05435.jpg,୧୫୮୬ ମସିହାରେ ବଙ୍ଗର ମୁସଲମାନ ଶାସକ ସୁଲେମାନ୍ ଖାନ୍ କର୍ରଣି ଓଡ଼ିଶା ଅଧିକାର କରିବା ଫଳରେ ଓଡ଼ିଶାର ସ୍ୱାଧୀନତା କ୍ଷୁଣ୍ଣ ହେଲା ।
train/img_05436.jpg,୨୧/୧୨/୧୯୯୪ ତାରିଖରେ ବିଧାନ ସଭାରେ ସମସ୍ତ ସଦସ୍ୟ ଦଣ୍ଡାୟମାନ ହୋଇ ଏହାକୁ ଜାତୀୟ ସଙ୍ଗୀତ ପରି ସମ୍ମାନର ସହିତ ଗାନ କରିଥିଲେ ।
train/img_05437.jpg,ଆକାର
train/img_05438.jpg,ଏତଦବ୍ୟତୀତ କଟକ ଚଣ୍ଡୀ ମନ୍ଦିର ଓ ଭଟ୍ଟାରିକା ମନ୍ଦିର ମଧ୍ୟ କଟକର ଶୋଭା ବୃଦ୍ଧି କରୁଛନ୍ତି ।
train/img_05439.jpg,ମହାରାଜା ଶ୍ରୀ କୃଷ୍ଣଚନ୍ଦ୍ର ଗଜପତି ନାରାୟଣ ଦେବ
train/img_05440.jpg,ଏହା ଶିବସେନା ସରକାରରେ ଇଂରେଜମାନଙ୍କଦ୍ୱାରା ଦିଆଯାଇଥିବା ନାମଗୁଡିକୁ ଐତିହାସିକ ଓ ସ୍ଥାନୀୟ ଆଧାରରେ ପୁନଃ-ନାମକରଣ ହେଇଥିଲା।
train/img_05441.jpg,ଶ୍ରୀବିଗ୍ରହମାନଙ୍କ ଏହି ପହଣ୍ଡି ବିଜେରୁ ଉତ୍କଳୀୟ ସଂସ୍କୃତିର ମହାନତାର ପରିଚୟ ମିଳେ।
train/img_05442.jpg,ଏପରିକି ଅନଙ୍ଗଭୀନ ଦେବ ଓ ପୁରୁଷୋତ୍ତମ ଦେବ ଜଗନ୍ନାଥଙ୍କୁ ଓଡ଼ିଶାର ରାଜା ରୂପେ ମାନ୍ୟତା ପ୍ରଦାନ ପୂର୍ବକ ଉଭୟ ଦୁଇବର୍ଷ ଧରି ଅଭିଷେକ ହୋଇନଥିଲେ ।
train/img_05443.jpg,"ପୁରୀ, କୋଣାର୍କ ଓ ଭୁବନେଶ୍ୱରର ଐତିହ୍ୟସ୍ଥଳୀକୁ ପୂର୍ବ ଭାରତର ସୁବର୍ଣ୍ଣ ତ୍ରିଭୁଜ ବୋଲି କୁହାଯାଏ ।"
train/img_05444.jpg,ଏରେଇଁ ଗ୍ରାମ ପଞ୍ଚାୟତର କୁନ୍ତଳାଠାରେ ଏହା ମହାସମାରୋହରେ ପାଳନ କରାଯାଏ।
train/img_05445.jpg,"ତେଣୁ କୁହା ଯାଇପାରେ ଆସାମରେ ‘ବିହୁ’, ଉତ୍ତରପ୍ରଦେଶର ‘ଚୈତ୍ରୀ’ ଓ ‘କାଜ୍ ରୀ’, ଜମ୍ମୁ-କାଶ୍ମୀରର ‘ଭୋଗ୍ ରୀ’ ଭଳି ଓଡ଼ିଶା, ପଶ୍ଚିମବଙ୍ଗ, ଝାଡ଼ଖଣ୍ଡ, ବିହାରର ଲୋକଗୀତ ଭାବରେ ଝୁମର ବେଶ୍ ପ୍ରସଦ୍ଧି ଅର୍ଜନ କରିଛି ।"
train/img_05446.jpg,ସବୁଠାରୁ ଅଧିକ ସୁନାଗହଣା ହରିଶୟନ ଏକାଦଶୀ ତିଥିରେ ବ୍ୟବହାର ବ୍ୟବହାର ହୋଇଥାଏ ।
train/img_05447.jpg,"ଏହି ନୃତ୍ୟରେ ବିଭିନ୍ନ ଦେବାଦେବୀ, ଅସୁର, ପଶୁପକ୍ଷୀମାନଙ୍କ ମୁଖା ବ୍ୟବହାର କରାଯାଇଥାଏ ।"
train/img_05448.jpg,ଏହି ଜିଳ୍ଲାର ମୁଖ୍ୟ ଭାଗ ଗ୍ରାମାଞ୍ଚଳ ।
train/img_05449.jpg,"ଟାଗୋର ସାମ୍ରାଜ୍ୟବାଦକୁ ବିରୋଧ କରୁଥିଲେଓ ରାଷ୍ଟ୍ରୀୟବାଦକୁ ସମର୍ଥନ କରୁଥିଲେ,ଏ ସବୁ ମତପ୍ରକଟ କରିବା ପାଇଁ ସେ ମନସ୍ଥ କରିଥିଲେ,ତାହା ସେ ରେ ରଚିତ କରିଥିଲେ।ପ୍ରମାଣ ଅବଗତ କରାଇଥିଲେ ଯେତେବେଳେ ହିନ୍ଦୁ-ଜର୍ମାନୀ ଷଡଯନ୍ତ୍ରର ଅବଗତ କରିବା ପାଇଁ ବିଚାର କରିବ ପାଇଁ ସେ ଚିଠି ଲେଖିଥିଲେ,ସେ ଜାପାନର ପ୍ରଧାନମନ୍ତ୍ରୀ ଓ ପୂର୍ବ ପ୍ରଧାନମନ୍ତ୍ରୀ ଙ୍କ ଠୁ ସାହାଯ୍ୟ ମାଗିଥିଲେ।"
train/img_05450.jpg,"ବ୍ୟୁରୋର ଯୁକ୍ତରାଷ୍ଟ୍ରର ଜନସଂଖ୍ୟା ଘଣ୍ଟା ଅନୁଯାୟୀ, ୨୮ ଜାନୁୟାରୀ ୨୦୨୧ ସୁଦ୍ଧା, ଆମେରିକାର ଜନସଂଖ୍ୟା ପ୍ରତି ୧୦୦ ସେକେଣ୍ଡରେ ଜଣେ ବ୍ୟକ୍ତିଙ୍କ ମୋଟ ଲାଭ ଥିଲା।"
train/img_05451.jpg,ପୁରୁଷ: ୭୮ ୪୧
train/img_05452.jpg,ନୃବିଜ୍ଞାନୀଙ୍କ ମତରେ ଜିଲ୍ଲାର ପ୍ରକୃତ ଆଦିମ ଅଧିବାସୀ ହେଲେ ଜୁଆଙ୍ଗ ଓ ଭୂୟାଁ ସଂପ୍ରଦାୟର ଲୋକ ।
train/img_05453.jpg,ରଥ ଭୋଇ :ସେବା ନଂ ୯୭ରେ ରଥ ଭୋଇ ସେବା ସମ୍ପର୍କରେ ସବିଶେଷ ବିବରଣୀ ଲିପିବଦ୍ଧ ରହିଛି।
train/img_05454.jpg,ତେବେ ବି ତୋର ଦିନ କେଳେ କେଚେଗୋ
train/img_05455.jpg,ପଶ୍ଚ।ତ୍ୟ ଶିକ୍ଷା ଓ ସଭ୍ୟତାର ସମ୍ପର୍କରୁ ଓଡ଼ିଆ ସାହିତ୍ୟରେ ଆଧୁନିକତାର ଅଭୁ୍ଦୟ ଘଟିଥିଲା ।
train/img_05456.jpg,ଭାରତୀୟ କ୍ରୀଡ଼ା ପ୍ରାଧିକରଣ ଆଞ୍ଚଳିକ ବ୍ୟାଡ଼ମିଣ୍ଟନ୍ ଏକାଡ଼େମୀ
train/img_05457.jpg,ପୂର୍ବରେ : ବଲାଙ୍ଗୀର ଜିଲ୍ଲା
train/img_05458.jpg,ସେଠାରେ ପରମ୍ପରା ଅନୁଯାୟୀ ଶୟନ ନୀତି ଅନୁଷ୍ଠିତ ହୋଇଥାଏ।
train/img_05459.jpg,"ରାଜ୍ୟର ସର୍ବପୁରାତନ ପୌର ପରିଷଦ ବ୍ରହ୍ମପୁର, ୧୮୬୭ରେ ପ୍ରତିଷ୍ଠା ହେଇଥିଲା ।"
train/img_05460.jpg,ବିଜୁ ପଟ୍ଟନାୟକ ଉଦ୍ୟାନ
train/img_05461.jpg,ଛାଡ଼ ଅର୍ଥ ସମୟର ଅନ୍ତରାଳ ଓ ଖାଇ ଅର୍ଥ ଖାଇବା ।
train/img_05462.jpg,ଏହା ଗୁଣ୍ଡିଚା ମନ୍ଦିର ପାଖରେ ଅବସ୍ଥିତ ।
train/img_05463.jpg,ସେହିପରି ଜାନୁଗଞ୍ଜ ମରହଟ୍ଟା ଶାସକ ଜାନୋଜୀଙ୍କ ନାଁରୁ ଆସିଛି ବୋଲି କେତେକ ଗବେଷକ ମତ ଦିଅନ୍ତି।
train/img_05464.jpg,ଦକ୍ଷିଣରେ: ଗଞ୍ଜାମ ଜିଲ୍ଲା ଓ ଚିଲିକା ହ୍ରଦ ଅଛି୤
train/img_05465.jpg,ଅତୀତରେ ଓଡ଼ିଶାର ନଦୀ ଓ ସମୁଦ୍ର ପଥରେ ଦକ୍ଷିଣ ଏସିଆର ଇଣ୍ଡୋନେସିଆ ଓ ଅନ୍ୟାନ୍ୟ ଦେଶସମୂହ ସହ ବେପାର ବଣିଜ କାରବାର ପାଇଁ ଓଡ଼ିଶାର ସାଧବମାନେ ଏହି ସୁନା ରୂପାର ଅଳଙ୍କାର ନେଇ କଳିଙ୍ଗରୁ ଯାଉଥିଲେ ।
train/img_05466.jpg,ବସୁମତୀ ସ୍ନାନ ହେଉଛି ରଜ ପର୍ବର ଅନ୍ତିମ ଦିବସ ।
train/img_05467.jpg,ପଶ୍ଚିମରେ ଝାରସୁଗୁଡ଼ା ଜିଲ୍ଲା ଓ ବରଗଡ଼ ଜିଲ୍ଲା
train/img_05468.jpg,ଏହା ନୂଆପଡ଼ାଠାରୁ ୩୦କିମି ଦୂରରେ ଅବସ୍ଥିତ ।
train/img_05469.jpg,ଭାରତୀୟ ସମ୍ବିଧାନ ନ୍ୟାୟ ପାଳିକାକୁ ପୂର୍ଣ୍ଣ ସ୍ୱତନ୍ତ୍ରତା ଏବଂ ନିଷ୍ପକ୍ଷତା ପ୍ରଦାନ କରିଛି ।
train/img_05470.jpg,ଅଭିଧାନ
train/img_05471.jpg,"ଓଡ଼ିଶା ଏବଂ ତତ୍ ସଂଲଗ୍ନ ଝାଡ଼ଖଣ୍ଡ, ପଶ୍ଚିମବଙ୍ଗ, ବିହାର, ମଧ୍ୟପ୍ରଦେଶ, ଆସାମ ଆଦି ପ୍ରଦେଶମାନଙ୍କରେ ଭିନ୍ନ ଭିନ୍ନ ରୂପରେ ପ୍ରଚଳିତ ଏହି ଲୋକ ସଂଗୀତର ଆବେଦନ ଓ ଆକର୍ଷଣ ଅଧୁନା ପ୍ରମୁଖ ଚର୍ଚ୍ଚାର କାରଣ ସାଜିଛି ।"
train/img_05472.jpg,ଏହ ନୂଆପଡ଼ାଠାରୁ ୭୦ କିମି ଦୂରରେ ଅବସ୍ଥିତ ।
train/img_05473.jpg,"ଅସହଯୋଗ ଆନ୍ଦୋଳନ, ଲବଣ ସତ୍ୟାଗ୍ରହ ଓ ଅସ୍ପୃଶ୍ୟତା ନିବାରଣ ଆଦି କ୍ଷେତ୍ରରେ ଅଳକାଶ୍ରମ ମୁଖ୍ୟ ଭୂମିକା ନିର୍ବାହ କରୁଥିଲା।"
train/img_05474.jpg,ନିକଟବର୍ତ୍ତି ମୀନଝୋଲାର ତିନିଟି ନଦୀର ସଙ୍ଗମ ସ୍ଥଳରେ ଥିବା ଶିବ ମନ୍ଦିର
train/img_05475.jpg,""" ଦିଶୁ ଥିସୀ କାଳିଆ ତାର୍ ତାର୍"
train/img_05476.jpg,ଏହାର ବାନ୍ଧ କଳା ବିଶ୍ୱ ପ୍ରସିଦ୍ଧ ।
train/img_05477.jpg,"ଆଷାଢ଼ ଶୁକ୍ଳ ଏକାଦଶୀ ଦିନ ରଥ ରଥ ଉପରେ ଠାକୁରମାନଙ୍କ ପ୍ରସିଦ୍ଧ ସୁନାବେଶ ଅବକାଶରେ ମଠ ପକ୍ଷରୁ ପୁରି, ସୋଲା,ମହନ ଭୋଗ ଇତ୍ୟାଦି ଭୋଗ ହୋଇଥାଏ।"
train/img_05478.jpg,ଗୋପବନ୍ଧୁ ଚୌଧୁରୀଙ୍କ ଉଦ୍ୟମରେ ଏଭଳି ଏକ ଆଦର୍ଶ ଅନୁଷ୍ଠାନ ଗଢ଼ି ଉଠିଥିଲା ।
train/img_05479.jpg,"ତୃତୀୟେ ଲିଖନ କଲି ଶିରୀ ଭାଗବତ"""
train/img_05480.jpg,ଅନେକ ଟଙ୍କା ନେଇ ବୁଢ଼ା କଥାରେ ରାଜି ହୋଇଗଲେ ।
train/img_05481.jpg,ରାଘବ ଦାସ ମଠ ଦେଇଥିବା ଶୁକ୍ଳ ସଜକୁ ଦଇତା ସେବକମାନେ ଠାକୁରମାନଙ୍କୁ ଲାଗି କରାଇଥାନ୍ତି।
train/img_05482.jpg,ଧବଳେଶ୍ୱର ମନ୍ଦିର
train/img_05483.jpg,"ଏ ଭବ ନଦୀ ଆର ମାଝେ,ଦୁଇ ରଙ୍ଗେର ଜଲେ ଆଛେ"
train/img_05484.jpg,ଓଡ଼ିଶାର ପ୍ରଧାନମନ୍ତ୍ରୀଗଣ
train/img_05485.jpg,ଚିଲିକା (୧୧୮)
train/img_05486.jpg,କଟକ ଜିଲ୍ଲାର ଭୌଗୋଳିକ ଅବସ୍ଥିତି ହେଉଛି ୨୦ ୩ରୁ ୨୦ ୪୦ ଉ ୮୪ ୫୮ରୁ ୮୬ ୨୦ ପୂ ସମୁଦ୍ର ପତ୍ତନରୁ ଏହାର ହାରାହାରି ଉଚ୍ଚତା ୩୭ ମିଟର (୧୨୧ ଫୁଟ୍) ।
train/img_05487.jpg,ବାୟାବାବା ଗାଦି ।
train/img_05488.jpg,"କଥିତ ଶିଳାଲେଖଟି ପ୍ରଥମେ ୧୮୨୦ ମସିହାରେ ଏ ଷ୍ଟର୍ଲିଙ୍ଗଦ୍ୱାରା ଆବିଷ୍କୃତ ହୋଇଥିଲା ଯାହାକି ସେ ""ଏସିଆଟିକ ରିସର୍ଚ୍ଚ""ର ୧୫ତମ ସଂଖ୍ୟା ତଥା ତାଙ୍କରି ବହି ""ଆନ ଏକାଉଣ୍ଟ, ଜିଓଗ୍ରାଫିକାଲ, ଷ୍ଟାଟିଷ୍ଟିକାଲ ଏଣ୍ଡ ହିଷ୍ଟୋରିକାଲ ଅଫ ଓରିସା ଅର କଟକ""ରେ ପ୍ରକାଶ କରିଥିଲେ।"
train/img_05489.jpg,ବଙ୍ଗୋପସାଗର ବେଷ୍ଟୀତ ଏହି ଅଞ୍ଚଳ ସର୍ବଦା ବାତ୍ୟା ଓ ବନ୍ୟା ପ୍ରପିଡିତ ।
train/img_05490.jpg,ବୈଦ୍ୟରାଜ ଶ୍ରୀ କୃଷ୍ଣବ୍ରହ୍ମା ଶତପଥିଙ୍କ ବନୌଷଧି ବିଜ୍ଞାନ ।
train/img_05491.jpg,ଦିଲ୍ଲୀପ ଖୁଣ୍ଟିଆ: ବ୍ୟଙ୍ଗଚିତ୍ର ଶିଳ୍ପୀ
train/img_05492.jpg,ଏହା ଭୁବନେଶ୍ୱରଠାରେ ଅବସ୍ଥିତ ଓ ଏହାର ସଭ୍ୟସଂଖ୍ୟା ୧୪୭ ।
train/img_05493.jpg,"ବିଧାନସଭାରେ ସଂଖ୍ୟାଗରିଷ୍ଠତା ଥିବା ଦଳ କିମ୍ବା ମେଣ୍ଟର ନେତାଙ୍କୁ ରାଜ୍ୟପାଳ ମୁଖ୍ୟମନ୍ତ୍ରୀ ଭାବରେ ନିଯୁକ୍ତ କରନ୍ତି, ଏବଂ ମୁଖ୍ୟମନ୍ତ୍ରୀଙ୍କ ପରାମର୍ଶରେ ରାଜ୍ୟପାଳ ମନ୍ତ୍ରୀ ପରିଷଦକୁ ନିଯୁକ୍ତ କରନ୍ତି ।"
train/img_05494.jpg,ଏହାଛଡା ଅନ୍ୟାନ୍ୟ ହିନ୍ଦୁ ପର୍ବପର୍ବାଣି ମଧ୍ୟ କଟକରେ ବେଶ୍ ଆଡମ୍ବର ସହ ପାଳିତ ହୁଏ ।
train/img_05495.jpg,"ସେଗୁଡିକ ହେଲା ବରଗଡ଼, ବରପାଲି, ଅତାବିରା, ଭେଡେନ, ସୋହେଲା, ବିଜେପୁର, ପଦମପୁର୍, ଗାଇସିଲେଟ, ପାଈକମାଲ, ଝାରବନ୍ଧ, ଆମ୍ବାଭୋନା ଏବଂ ଭଟଲି ।"
train/img_05496.jpg,ସେଲସେଟ ଦ୍ୱୀପର ପୂର୍ବଭାଗ ଅତି ସନ୍ତସନ୍ତିଆ ଯାହାକି ଜୈବବିଭିନ୍ନତାରେ ପରିପୂର୍ଣ୍ଣ।
train/img_05497.jpg,"ମୁମ୍ବାଇ ସହରରେ ବିଦ୍ୟୁତ ସରବରାହ ବେଷ୍ଟ, ରିଲାଏନ୍ସ ଏନର୍ଜି, ଟାଟା ପାଉଆର ଓ ମହାବିତରଣ (ମହାରାଷ୍ଟ୍ର ରାଜ୍ୟ ବିଦ୍ୟୁତ ବିତରଣ କମ୍ପାନୀ ଲି ) କରିଥାନ୍ତି।"
train/img_05498.jpg,ଯୌବନ କାନନାଙ୍ଗନେ ଶିକାରି ସାଜିଲରେ
train/img_05499.jpg,ଭଦ୍ରକରେ ୪୮୦୦ କୋଟି ଟଙ୍କାର ୧୧୦୦ ମେଗାୱାଟ୍ ଶକ୍ତି ସମ୍ପନ୍ନ କାରଖାନା ପ୍ରସ୍ତୁତି ପାଇଁ ବିଶାଖା ପ୍ରସ୍ତାବ ଦେଇଛି।
train/img_05500.jpg,ସେତେବେଳେ ଆର୍ଯ୍ୟମାନଙ୍କ ଓଡ଼ିଶା ଆଗମନ ହେତୁ ଅନେକ ଓଡ଼ିଆ ଶବ୍ଦ ସଂସ୍କୃତ ଦେଇ ପ୍ରଭାବିତ ହେଲା ଓ ଶବ୍ଦ ଗଢଣରେ ବଦଳ ଆସିଲା ।
train/img_05501.jpg,ସ୍ୱାଧୀନତା ପରର ସାହିତ୍ୟ
train/img_05502.jpg,"ଆମେରିକାର ସର୍ବପ୍ରଥମ ରଚନାମାନଙ୍କ ମଧ୍ୟରେ ୱିଲିୟମ୍ ବିଲିଙ୍ଗସ୍ ନାମକ ଜଣେ ବ୍ୟକ୍ତି ଥିଲେ, ଯିଏ ବୋଷ୍ଟନରେ ଜନ୍ମଗ୍ରହଣ କରିଥିଲେ, ୧୭୭୦ ଦଶକରେ ଦେଶଭକ୍ତ ଭଜନ ରଚନା କରିଥିଲେ; ଗୃହଯୁଦ୍ଧ ପୂର୍ବରୁ ଆନ୍ଥୋନୀ ହେନ୍ରିଚ୍ ସବୁଠାରୁ ବିଶିଷ୍ଟ ରଚନା କରିଥିଲେ।"
train/img_05503.jpg,"ତେଲୁଗୁର ଏକ ହଜାର ବର୍ଷରୁ ଅଧିକ ସମୟର ଏକ ଅଖଣ୍ଡ, ବିଶାଳ ଏବଂ ବିବିଧ ସାହିତ୍ୟ ପରମ୍ପରା ରହିଛି ।"
train/img_05504.jpg,ବାଲ୍ୟ ଜୀବନ (୧୮୬୧-୧୯୦୧)
train/img_05505.jpg,ରାମଚନ୍ଦ୍ର ତଥା ରାଧାକୃଷ୍ଣଙ୍କ ବିଗ୍ରହ ପାଦପଦ୍ମ ନିକଟରେ କ୍ଷୁଦ୍ର ମନ୍ଦିରର ପୂଜା ପାଆନ୍ତି।
train/img_05506.jpg,ଗୋପେଶ୍ୱର ମହାଶିବ ଓ ମହାବିଷ୍ଣୁଙ୍କ ସମାହାର ଅଟନ୍ତି ।
train/img_05507.jpg,"ଜବାହରଲାଲ ନେହରୂ ଇଣ୍ଡୋର ଷ୍ଟାଡିୟମ- ବ୍ଯାଡମିନ୍ଟନ, ଭଲି ବଲ, ଜିମ୍ନାଷ୍ଟିକ୍ସ ପ୍ରତିଯୋଗିତା ସ୍ଥଳ"
train/img_05508.jpg,"ଆନ୍ତର୍ଜାତୀୟ ମୁଦ୍ରାପାଣ୍ଠି ଅନୁଯାୟୀ, ୨୨ ୭ ଟ୍ରିଲିୟନ ଡଲାରର ମୋଟ ଘରୋଇ ଉତ୍ପାଦ (ଜିଡିପି) ବଜାର ବିନିମୟ ମୂଲ୍ୟରେ ମୋଟ ବିଶ୍ବ ଉତ୍ପାଦନର ୨୪ ଏବଂ କ୍ରୟଶକ୍ତି ପ୍ୟାରିଟି (ପିପିପି)ରେ ମୋଟ ବିଶ୍ବ ଉତ୍ପାଦନର ୧୬ ରୁ ଅଧିକ ଅଟେ।"
train/img_05509.jpg,କାନ୍ଦେ ପ୍ରାନ ନିଶି ବାସରେ
train/img_05510.jpg,ଆଜ୍ୟଧାରଯୁକ୍ତ ଅଷ୍ଟୋତ୍ତର ଶତ ଆହୁତି ଦେବେ।
train/img_05511.jpg,ଗଦବା
train/img_05512.jpg,"ଅପରପକ୍ଷରେ ଗବେଷକ ଡଃ ନୀଳକଣ୍ଠ ମିଶ୍ର ଉଲ୍ଲେଖ କରିଛନ୍ତି ଯେ, ଖ୍ରୀ ଅ ୧୨୭୦ରେ ମାଧବାଚାର୍ଯ୍ୟଙ୍କ ଶ୍ରୀକ୍ଷେତ୍ର ଆଗମନ କାଳରେ ଏକ ଯାତ୍ରାରେ ଦୁଇ ପ୍ରକାର ରଥ ବ୍ୟବହାର ଶାସ୍ତ୍ର ବିରୋଧୀ ବୋଲି ମତ ଦେଇ ମାଳିନୀ ନଦୀ ପୋତି ବଡ଼ଦାଣ୍ଡରେ ମାତ୍ର ତିନି ଗୋଟି ରଥରେ ରଥଯାତ୍ରା ସମ୍ପାଦନ କରିବାକୁ ପରାମର୍ଶ ଦେଇଥିଲେ ।"
train/img_05513.jpg,ରିଲାଏନ୍ସ୍ ଫାଉଣ୍ଡେସନ୍ ଓଡ଼ିଶା ଆଥଲେଟିକ୍ସ୍ ଉଚ୍ଚ ପ୍ରଦର୍ଶନ କେନ୍ଦ୍ର
train/img_05514.jpg,"ଏହି ମନ୍ଦିରମାନଙ୍କ ମଧ୍ୟରେ ଲିଙ୍ଗରାଜ ମନ୍ଦିର, ରାଜାରାଣୀ ମନ୍ଦିର, ମୁକ୍ତେଶ୍ୱର ଦେଉଳ ଆଦି ଦେଶ ବିଦେଶରେ ପରିଚିତ ।"
train/img_05515.jpg,ଗ୍ରାମ ପଞ୍ଚାୟତ: ୩୪୨
train/img_05516.jpg,ଗୁଣ୍ଡିଚା ଯାତ୍ରା ପରଦିନ ଅର୍ଥାତ ଆଡ଼ପ ବିଜେ ଦିନ ଏହିଠାରେ ମଠ ତରଫରୁ ପନ୍ତି ଭୋଗ ହୋଇଥାଏ।
train/img_05517.jpg,"ଆଧୁନିକ କବିତା ସାହିତ୍ୟ କ୍ଷେତ୍ରରେ ମାୟାଧର ମାନସିଂହ, ସଚି ରାଉତରାୟ, ସୀତାକାନ୍ତ ମହାପାତ୍ର, ରମାକାନ୍ତ ରଥ, ଦୀପକ ମିଶ୍ର, ରାଜେନ୍ଦ୍ର କିଶୋର ପଣ୍ଡା, ବ୍ରଜନାଥ ରଥ, ସୌଭାଗ୍ୟ କୁମାର ମିଶ୍ର ଆଦିଙ୍କ ରଚନାବଳି ବିଶେଷ ପ୍ରଭାବିତ କରିଛି ।"
train/img_05518.jpg,ଓଡ଼ିଆ ଓଡ଼ିଶାର ସରକାରୀ ଓ ବହୁଳତମ କଥିତ ଭାଷା ଏବଂ ୨୦୦୧ ଜନଗଣନା ଅନୁସାରେ ୩ ୩୨ କୋଟି (୩୩ ୨ ନିୟୁତ) ଲୋକ ଏଥିରେ କଥାହୁଅନ୍ତି ।
train/img_05519.jpg,କନକ ମୁଣ୍ଡାଇରେ ରତ୍ନ ଚାନ୍ଦୁଆ ଟଣା ହେଉଥିଲା।
train/img_05520.jpg,ସହରଠାରୁ ୧୪ କି ମି ଦୂରରେ ବିରିବାତିଠାରେ ଅବସ୍ଥିତ ପରମହଂସନାଥ ମନ୍ଦିର କଟକର ସର୍ବୋଚ୍ଚ ମନ୍ଦିର ।
train/img_05521.jpg,"ଏହାର ଉତ୍ତରରେ ଉଚ୍ଚ ଏବଂ ବହୁଦୂର ଯାଏ ଲମ୍ବିଥିବା ହିମାଳୟ, ଦକ୍ଷିଣରେ ଭାରତ ମହାସାଗର, ପୂର୍ବରେ ବଙ୍ଗୋପସାଗର ଓ ପଶ୍ଚିମରେ ଆରବସାଗର ରହିଛି ।"
train/img_05522.jpg,"କୋଇଲି ଚଉତିଶା, କାଦମ୍ବିନୀ ଚଉତିଶା ଓ ଚିଟାଉ ଚଉତିଶା (ଉପେନ୍ଦ୍ର ଭଞ୍ଜ) ଆଦି ଏଥିମଧ୍ୟରୁ ପ୍ରଧାନ ।"
train/img_05523.jpg,"ଅରୁଆ ଚାଉଳ, ମୁଗ ଡାଲି ଓ ପରିବାକୁ ମିଶାଇ ଅକଟା ଅଫୁଟା ହବିଷ୍ୟାନ୍ନ ପ୍ରସ୍ତୁତ କରାଯାଏ ଯାହା କାଳୀଙ୍କ ପାଖରେ ଭୋଗ ଲଗାଯିବା ପରେ ମଧ୍ୟରାତ୍ରରେ ଦଣ୍ଡୁଆମାନେ ଢୋଲ, ଝାଞ୍ଜରର ତାଳେ ତାଳେ ଭୋଜନ କରନ୍ତି।"
train/img_05524.jpg,ସମ୍ବଲପୁରୀ ହସ୍ତତନ୍ତ ବସ୍ତ୍ର
train/img_05525.jpg,ଏହାର ଉଚ୍ଚତା ୩୦ ମିଟର ।
train/img_05526.jpg,ଏଠାରେ ଚିରସ୍ରୋତା ଝରଣାଟିଏ ରହିଛି ଓ ଏଠାକାର ପ୍ରାକୃତିକ ପରିବେଶ ଅତ୍ୟନ୍ତ ମନୋରମ।
train/img_05527.jpg,"ସଂସ୍କୃତ ହିନ୍ଦୁ ଧର୍ମର ପବିତ୍ର ଭାଷା ଓ ଶାସ୍ତ୍ରୀୟ ହିନ୍ଦୁ ଦର୍ଶନ ଶାସ୍ତ୍ରରେ, ବୌଦ୍ଧ ଏବଂ ଜୈନ ଧର୍ମର ଐତିହାସିକ ପାଠ୍ୟରେ ବ୍ୟବହାର ହୋଇଥିଲା ।"
train/img_05528.jpg,କିଛି ବର୍ଷ ପରେ ସେ କହିଥିଲେ ଯେ ଉଚିତ ଶିକ୍ଷା କିଛି ବ୍ୟାଖ୍ୟା ନକରି ଜିଜ୍ଞାସାକୁ ରୋକିଥାଏ ।
train/img_05529.jpg,ବିରଞ୍ଚି ନାରାୟଣ ମନ୍ଦିର ପରିସରରେ ଅଗ୍ନିପୂର୍ଣ୍ଣିମା ଦିନ ଆୟୋଜିତ ଗୁଣ୍ଡୁଣିଯାତ୍ରା ଏକ ଭିନ୍ନ ମେଳା।
train/img_05530.jpg,୧୪୯୮ ଖ୍ରୀଷ୍ଟାବ୍ଦରେ ଦେବୀ ପୂଜା ପାଇବା ଉଲ୍ଲେଖ ରହିଛି ।
train/img_05531.jpg,ପୁରୀ ସମ୍ବଲପୁର ବୁଲାଇ ଆରିଲି
train/img_05532.jpg,ଟମାଟୋ ଚଟଣୀ
train/img_05533.jpg,ହିନ୍ଦୁ ଧର୍ମର ଇତିହାସ ବହୁତ ପ୍ରାଚୀନ।
train/img_05534.jpg,ଏହାର ଦ୍ୱିତୀୟ ଦିନରେ ମିଥୁନ ମାସର ଆରମ୍ଭ ଓ ଏହା ପରେ ବର୍ଷା ଋତୁ ଆରମ୍ଭ ହୁଏ ।
train/img_05535.jpg,ଏହି ସମୟରେ ଉତ୍କଳ ଭୌମକର ବଂଶଦ୍ୱାରା ଶାସିତ ହେଉଥିଲା ।
train/img_05536.jpg,ଠିକ ସେହିପରି କୋଣାର୍କର ସୂର୍ଯ୍ୟ ମନ୍ଦିର ପୃଥିବୀ ପ୍ରସିଦ୍ଧ ।
train/img_05537.jpg,ମଙ୍ଗେଇ ଗମାଙ୍ଗ
train/img_05538.jpg,"ଏହା ମଧ୍ୟରେ ବୋଡ଼ୋ, କୋକବୋରୋକ, ଡିମାସା, ରାଭା, ଆଟୋଙ୍ଗ, ଟିୱା ଏବଂ କୋଚ ଭଳି ଭାଷା ରହିଛି ।"
train/img_05539.jpg,"୨୦୦୧ ମସିହାର ଭାରତୀୟ ଜନଗଣନା ଅନୁସାରେ, ଜାମସେଦପୁର ସହରର ମୋଟ ଜନସଂଖ୍ୟା ୫୭୦୩୪୯ ଅଟେ ।"
train/img_05540.jpg,ଏ ଅଞ୍ଚଳର ନୌବାଣିଜ୍ୟ ଭିତ୍ତିଭୂମିକୁ ଆଧାର କରି ଗଢ଼ି ଉଠିଛି ପାରାଦୀପ ବନ୍ଦର ।
train/img_05541.jpg,ବିଶେଷକରି ଜଗନ୍ନାଥ ମହାପ୍ରଭୁଙ୍କର ରଥ ଓ ବାହୁଡା଼ ଯାତ୍ରାରେ କେତେକ ନିର୍ଦ୍ଦିଷ୍ଟ ମଠମାନଙ୍କର ସେବା ଓ ଦ୍ରବ୍ୟ ଯୋଗାଣ ଅତ୍ୟନ୍ତ ଗୁରୁତ୍ୱପୂର୍ଣ୍ଣ ।
train/img_05542.jpg,୧୭୫୧ରେ ମରାଠାମାନେ ମୋଗଲମାନଙ୍କୁ ହଟାଇ ବାଲେଶ୍ୱର ଦାଖଲ କରିଥିଲେ ।
train/img_05543.jpg,"ଚତୁର୍ଦ୍ଧାମୂର୍ତ୍ତି ସାତ ପାହାଚ ଉପରକୁ ପରମ୍ପରା କ୍ରମେ ବିଜେ ହୋଇ ଆସିବା କ୍ଷଣି ରାଘବଦାସ ମଠ ପକ୍ଷରୁ ଯୋଗାଇ ଦିଆଯାଇଥିବା ସୋଲ, ଜରି, ତୁଳସୀ, ଫୁଲ ଓ ବାଉଁଶ ପାତିଆରେ ସ୍ୱତନ୍ତ୍ର ଶୈଳୀରେ ନିର୍ମିତ ଟାହିୟା ଠାକୁରମାନଙ୍କ ଶ୍ରୀମସ୍ତକରେ ଲାଗି କରାଯାଏ ଓ ଏହି ସମୟରେ କେତେକ ନିର୍ଦ୍ଦିଷ୍ଟ ମଠମାନଙ୍କ ପକ୍ଷରୁ ପନ୍ତି ଭୋଗ ତଥା ଚାମର, ଆଲଟ ସେବା କରାଯାଏ।"
train/img_05544.jpg,ଉତ୍ତରରେ : ସୁନ୍ଦରଗଡ଼ ଜିଲ୍ଲା
train/img_05545.jpg,ରସ ଭାଷ ସର ରସ ଶୋଭା ସର ।
train/img_05546.jpg,"ଓଡ଼ିଶାର ପ୍ରାୟ ୩୪ ଭୂମି ଅରଣ୍ୟ ଆଚ୍ଛାଦିତ, କିନ୍ତୁ ବିଭିନ୍ନ କାରଣମାନଙ୍କ ହେତୁ ଏହା କ୍ରମାଗତ ଭାବେ ହ୍ରାସ ପା ଇ ଚାଲିଛି ।"
train/img_05547.jpg,ଏହି ଜିଲ୍ଲାର ବାଲେଶ୍ୱର ସହର ଉପକଣ୍ଠରେ ଏକ କଳା ମହାବିଦ୍ୟାଳୟ କଳାକ୍ଷେତ୍ର କଳା ଶିକ୍ଷା କ୍ଷେତ୍ରରେ ଏକ ପ୍ରମୁଖ ଶିକ୍ଷାନୁଷ୍ଠାନ ।
train/img_05548.jpg,ଗୁଣ୍ଡିଚାଘାଇ ଜଳପ୍ରପାତ
train/img_05549.jpg,"ଭୁବନେଶ୍ୱର ଏକ ବାହ୍ୟ ଶିଳ୍ପ କ୍ଷେତ୍ର ସହିତ ଏକ ଆବାସିକ ସହର ଭାବରେ ପରିକଳ୍ପନା କରାଯାଇଥିଲା ୧୯୯୦ ଦଶକ ପର୍ଯ୍ୟନ୍ତ ଅର୍ଥନୀତିରେ କିଛି ପ୍ରମୁଖ ଖେଳାଳି ରହିଥିଲେ ଏବଂ ଖୁଚୁରା ଏବଂ କ୍ଷୁଦ୍ର ଉତ୍ପାଦନଦ୍ୱାରା ପ୍ରାଧାନ୍ୟ ବିସ୍ତାର କରିଥିଲେ ୧୯୯୦ ଦଶକରେ ଭାରତ ସରକାର ଗ୍ରହଣ କରିଥିବା ଆର୍ଥିକ ଉଦାରିକରଣ ନୀତି ସହିତ ଭୁବନେଶ୍ୱର ଟେଲି ଯୋଗାଯୋଗ, ସୂଚନା ପ୍ରଯୁକ୍ତିବିଦ୍ୟା (ଆଇଟି) ଏବଂ ଉଚ୍ଚଶିକ୍ଷାରେ ପୁଞ୍ଜି ବିନିଯୋଗ କରିଥିଲା।"
train/img_05550.jpg,ଏହି ସମୟର ଗାଥା କବି ହେଲେ ରାଧାମୋହନ ଗଡ଼ନାୟକ ଓ କୃଷ୍ଣଚନ୍ଦ୍ର ତ୍ରିପାଠୀ ।
train/img_05551.jpg,"ଏହି ସହରରେ ସୁନ୍ଦର ଗୋଲକଣ୍ଡା ଦୁର୍ଗ, ଚାରମିନାର, ରାମୋଜି ଫିଲମ ସିଟି ଓ ଆହୁରି ଅନେକ ଦେଖିଲା ଭଳିଆ ଜାଗାସବୁ ଅଛି ।"
train/img_05552.jpg,"ଏହାର ଆନୁମାନିକ ଜନସଂଖ୍ୟା ୩ କୋଟି ୨୧ ଲକ୍ଷ, ଯାହାକି ଦେଶର ସର୍ବାଧିକ ଜନସଂଖ୍ୟା ଥିବା ସହର ।"
train/img_05553.jpg,"ପୂର୍ବେ ଓ ଟି ଏମ୍ ମିଲରୁ ଆସୁଥିବା ଏହି କନା ମୂଖ୍ୟତଃ ନଲି,ହଳଦିଆ,ନେଳି ଓ କଳା ରଙ୍ଗର ଅଟେ।"
train/img_05554.jpg,ବାରକୋଟ
train/img_05555.jpg,ସେ ନିଜ ନାମ (ନାଭି ବା ଅଜନାଭ) ସହିତ ରାଜ୍ୟର ନାମକୁ ଯୋଡ଼ି ଅଜନାଭବର୍ଷ ନାମରେ ପ୍ରଚାର କଲେ।
train/img_05556.jpg,ଭାରତୀୟ ସମ୍ବିଧାନରେ ଆଦିବାସୀ ଶବ୍ଦ ବ୍ୟବହାର କରାଯାଇନାହିଁ ଏବଂ ଅନୁସୂଚିତ ଜାତି ଓ ଜନଜାତି ନାମ ଉଲ୍ଲେଖ କରାଯାଇଛି ।
train/img_05557.jpg,ମହାନ ଭାରତୀୟ
train/img_05558.jpg,"କଳିଙ୍ଗର ବ୍ୟବସାୟୀମାନେ ମଲମଲ ବସ୍ତ୍ର, ଜରୀ ବସ୍ତ୍ର, ଗାଲିଚା, ଅସ୍ତ୍ରଶସ୍ତ୍ର, ସୁନା ଓ ଗହଣାମାନ ବାଲିକୁ ରପ୍ତାନୀ କରୁଥିଲେ ।"
train/img_05559.jpg,ଏଥକୁ ମୁକ୍ତି ପାଇବାକୁ ସେମାନେ ମହାଦେବ ଶିବଙ୍କ କୃପାପ୍ରାର୍ଥୀ ହେଲେ।
train/img_05560.jpg,ଉନ୍ନବିଂଶ ଶତାବ୍ଦୀ ପରଠାରୁ ଓଡ଼ିଆ ଭାଷାର କ୍ରମନ୍ୱୟ ପ୍ରଗତି ଘଟିଥିଲେ ମଧ୍ୟ ଏହା ଭାରତର ଅନ୍ୟାନ୍ୟ ଆଞ୍ଚଳିକ ଭାଷାର ପ୍ରଗତି ତୁଳନାରେ ଗୌଣ ।
train/img_05561.jpg,ଏହା ବିଶ୍ୱାସ କରାଯାଏ ଯେ କଦମ ରସୁଲର ମନିଷୀ ମହମ୍ମଦଙ୍କ ପଦଚିହ୍ନ ରହିଛି ।
train/img_05562.jpg,ତେରୁ ପ୍ରାଚୀନ କାବ୍ୟଶାସ୍ତ୍ରରେ ରସକୁ କାବ୍ୟର ଆତ୍ମାଭାବରେ ସ୍ୱୀକୃତି ମିଳିଛି ।
train/img_05563.jpg,ହିଲିଡ଼ଲି ନୌକାଇଁ ପାନି ସାମଇରେ ।
train/img_05564.jpg,"ପ୍ରତାପ ଜେନା: ସ୍ୱାସ୍ଥ୍ୟ, ପରିବାର କଲ୍ୟାଣ, ଆଇନ"
train/img_05565.jpg,ଏହାକୁ ରାଣୀ ତଲାୱ କୁହାଯାଉଥିଲା।
train/img_05566.jpg,"ଭଦ୍ରକର ଭଦ୍ରକାଳୀ ମନ୍ଦିର, ଭଦ୍ରକର ମୁଖ୍ୟ ଶକ୍ତିପୀଠ।"
train/img_05567.jpg,ବର୍ତ୍ତମାନ ମୋ ମୁଣି ଖାଲି ମୁଁ ସବୁ କିଛି ଦେଇ ସାରିଛି ଯାହା ଦରକାର ଥିଲା ।
train/img_05568.jpg,"ଇନ୍ଦ୍ରେଶ୍ୱର ମହାଦେବ,ଓଲ୍ଲ ଓ ଅନ୍ୟାନ୍ୟ ମଠ ମନ୍ଦିର ।"
train/img_05569.jpg,ଉଦିତ ମୁଦିତ କିବା ବାଲରବି
train/img_05570.jpg,ଶିଳାଧା(୧୮୭୮-୧୯୦୧)
train/img_05571.jpg,ଦକ୍ଷିଣରେ: ଆନ୍ଧ୍ର ପ୍ରଦେଶ ରାଜ୍ୟ ଅଛି ।
train/img_05572.jpg,ଢେଙ୍କାନାଳ ଜିଲ୍ଲାର ଉତ୍ତାର-ପୂର୍ବାଂଶରେ ପର୍ବତଶ୍ରେଣୀ ରହିଛି ।
train/img_05573.jpg,ସେହି ବିଶ୍ୱାସରେ ବ୍ରହ୍ମଲୀଳା ସମ୍ପନ୍ନ ହୋଇଥିଲା ।
train/img_05574.jpg,"ଜାତୀୟ ନ୍ୟାୟିକ ତଥ୍ୟ ଭଣ୍ଡାର( - )ଦ୍ୱାରା ସୃଷ୍ଟି ହୋଇଥିବା ତଥ୍ୟଭଣ୍ଡାରକୁ କାର୍ଯ୍ୟକ୍ଷମ ଭାବରେ ବ୍ୟବହାର କରିବା ଏବଂ ଏହାକୁ ସାଧାରଣ ଲୋକଙ୍କ ପାଇଁ ଉପଲବ୍ଧ କରାଇବା ପାଇଁ, ପ୍ରଦର୍ଶନୀ ସନ୍ଦେଶ ସାଇନ୍ ବୋର୍ଡ୍ ବା ନ୍ୟାୟ ଘଡ଼ି ସ୍ଥାପିତ ହୋଇଛି ।"
train/img_05575.jpg,ପାରାଦୀପ ଫସଫେଟ୍ ଲିମିଟେଡ୍ ଏନେଇ ୨୫ ଲକ୍ଷ ଟଙ୍କା ଦେଇ ପୁଣି ଫେରାଇ ନେଇଥିବା ସୂଚନା ମିଳିଛି।
train/img_05576.jpg,"କଳିଙ୍ଗର ବ୍ୟବସାୟୀମାନେ ମଲମଲ ବସ୍ତ୍ର, ଜରୀ ବସ୍ତ୍ର, ଗାଲିଚା, ଅସ୍ତ୍ରଶସ୍ତ୍ର, ସୁନା ଓ ଗହଣାମାନ ବାଲିକୁ ରପ୍ତାନୀ କରୁଥିଲେ ।"
train/img_05577.jpg,"ଜଗନ୍ନାଥ ଦାସଙ୍କ ଓଡ଼ିଆ ଭାଗବତ, ବଳରାମଙ୍କ ଜଗମୋହନ ରାମାୟଣ, ଅଚ୍ୟୁତାନନ୍ଦଙ୍କ ହରିବଂଶ ଓ ମାଳିକା ଏହି ଯୁଗର କେତୋଟି ଅମୂଲ୍ୟ ରଚନା ।"
train/img_05578.jpg,ଏହି ନଦୀବନ୍ଧ ଯୋଜନାଦ୍ୱାରା ୨୨ ହଜାର ୨୬୬ ହେକ୍ଟର ଜମି ଜଳ ସେଚିତ ହୋଇପାରୁଛି।
train/img_05579.jpg,କି ବୋଲବ ଭାଇ ହାଁସିର କଥା
train/img_05580.jpg,"୨୦୧୧ ଜନଗଣନା ଅନୁସାରେ, କେନ୍ଦ୍ରାପଡ଼ା ଜିଲ୍ଲାର ମୋଟ ଲୋକସଂଖ୍ୟା ୧୪,୩୯,୮୯୧ ।"
train/img_05581.jpg,କେନ୍ଦ୍ରାପଡ଼ା ଅନ୍ତର୍ଗତ ତତ୍କାଳୀନ କନିକା ରାଜ୍ୟର ‘ମାଈପୁର’ ବା ସାଂପ୍ରତିକ ‘ମୟୁରୀ ଗାଁକୁ ଐତିହାସିକ ଟଲେମୀ ‘ମୟୀଡ଼େରା’ ବନ୍ଦର ଭାବରେ ଚିତ୍ରଣ କରି ଅଛନ୍ତି ।
train/img_05582.jpg,ଗ୍ରାମ ପଞ୍ଚାୟତ: ୧୫୨
train/img_05583.jpg,"ଶ୍ରୀମନ୍ଦିର ପ୍ରଶାସନ ପକ୍ଷରୁ ପ୍ରଦତ୍ତ ଲୁହା ରଡ଼୍ ଓ ପ୍ଲେଟରେ ଓଝା ମହାରଣା ସେବକମାନେ ପ୍ରତିରଥର ଅଖ ଓ ଦଣ୍ଡାରେ କଣ୍ଡା ଲଗାଯିବା ଉଦ୍ଦେଶ୍ୟରେ ଯଥାକ୍ରମେ ନନ୍ଦିଘୋଷ ରଥ ପାଇଁ ୧୦ ଗଣ୍ଡା, ତାଳଧ୍ୱଜ ରଥ ପାଇଁ ୯ ଗଣ୍ଡା ୨ଟା ଓ ଦେବଦଳ୍ନ ରଥ ପାଇଁ ୭ ଗଣ୍ଡା ୨ଟା ବିଡିଆ କଣ୍ଟା ଶାଳ ପ୍ରସ୍ତୁତ କରିଥାନ୍ତି।"
train/img_05584.jpg,"ସୁନ୍ଦରଶାଳି-ସୁଶୋଭିତ-କ୍ଷେତ୍ର,"
train/img_05585.jpg,"ରାଧାନାଥ ରାୟ,"
train/img_05586.jpg,ଏହି ନଦୀବନ୍ଧ ଯୋଜନାଦ୍ୱାରା ୨୨ ହଜାର ୨୬୬ ହେକ୍ଟର ଜମି ଜଳ ସେଚିତ ହୋଇପାରୁଛି।
train/img_05587.jpg,ଧାମନଗରସ୍ଥିତ ହୋଜୁର ମୋଜାହିଦ୍-ଏ-ମିଲ୍ଲତ ବାବା (ଖାନକା ସରିଫ ପୀଠ)
train/img_05588.jpg,: : - (୧୪୯ )
train/img_05589.jpg,ପଶ୍ଚିମରେ: ରାୟଗଡ଼ା ଜିଲ୍ଲା ଅଛି।
train/img_05590.jpg,"ଏହାଛଡା ବର୍ମା, ଶ୍ରୀଲଙ୍କା ଓ ଫିଲିପାଇନସରେ ମଧ୍ୟ ଏମାନେ ଦେଖିବାକୁ ମିଳନ୍ତି ।"
train/img_05591.jpg,"ସହରାଞ୍ଚଳ: ୧୫,୫୩୭"
train/img_05592.jpg,ଧାରଣା ବାହି ଉପରେ ଜିଆ ୮ ଚଉଠରେ ନାଇକା ବିନ୍ଧ କରିବ।
train/img_05593.jpg,ଏତଦ୍ ବ୍ୟତୀତ କଟକ ଚଣ୍ଡୀ ମନ୍ଦିର ଓ ଭଟ୍ଟାରିକା ମନ୍ଦିର ମଧ୍ୟ କଟକର ଶୋଭା ବୃଦ୍ଧି କରୁଛନ୍ତି ।
train/img_05594.jpg,ପ୍ରତି ରଥ ଉପରେ ଶ୍ରୀମନ୍ଦିର ପୋଲିସ କର୍ମଚାରୀ (ବରକନ୍ଦାଜ) ଏକ ନାଲି ରଙ୍ଗର ପତାକା ଧରି ରଥଟଣା ସମୟରେ ଭକ୍ତମାନଙ୍କୁ ଦିଗ ନିର୍ଦ୍ଦେଶ ଦେବା ସହିତ ରଥ ଘେର ମଧ୍ୟରେ ଜଣେ ସରକାରୀ ପୋଲିସ ବିଗୁଲ ଓ ନାଲି ରଙ୍ଗର ଏକ ପତାକା ଧରି ରଥଟଣାର ନିୟନ୍ତ୍ରଣରେ ସାହାହର୍ଯ୍ୟ କରିଥାନ୍ତି ।
train/img_05595.jpg,କାରଣ ସେମାନେ ମଧ୍ଯ ସେହି ଏକ ଏବଂ ଅଦ୍ୱିତୀୟ ଆଲ୍ଲାଙ୍କୁ ନିଜର ସର୍ବସ୍ବ ସମର୍ପଣ କରିଥିଲେ ତଥା ସେହି ଆଲ୍ଲାଙ୍କ ପ୍ରଦର୍ଶିତ ମାର୍ଗରେ ନିଜେ ଚାଲିଥିଲେ ଏବଂ ଅନ୍ଯକୁ ଚଳାଇଥିଲେ ।
train/img_05596.jpg,ଉତ୍କଳୀୟ ପର୍ବପର୍ବାଣି ଗୁଡ଼ିକୁ ଚାରୋଟି ମୁଖ୍ୟ ଭାଗରେ ବିଭକ୍ତ କରାଯାଇପରେ ଯଥା ।
train/img_05597.jpg,"ବ୍ଳକ: (୧୧): ୧ ରାୟଗଡ଼, ୨ କାଶୀପୁର, ୩ କୋଲୋନରା, ୪ କଲ୍ୟାଣସିଂହପୁର, ୫ ଗୁଣୁପୁର, ୬ ଗୁଡ଼ାରୀ, ୭ ପଦ୍ମପୁର, ୮ ରାମନଗୁଡ଼ା, ୯ ବିଷମକଟକ, ୧୦ ମୁନିଗୁଡ଼ା ଓ ୧୧ ଚନ୍ଦ୍ରପୁର ।"
train/img_05598.jpg,ପ୍ରାୟତଃ ଭାରତୀୟ ସହର ଗୁଡ଼ିକ ଗ୍ରୀଷ୍ମ ମଣ୍ଡଳୀୟ ହୋଇଥାନ୍ତି ।
train/img_05599.jpg,କେବେ ବି ନାମ ଧରି ଡ଼କାଡ଼କି ହୁଅନ୍ତି ନାହିଁ ।’’ (୨) କେହି କେହି ଏହି କୁଡ଼ୁମିମାନଙ୍କୁ ଖଣ୍ଡାୟତ ସଂପ୍ରଦାୟଭୁକ୍ତ କରିଥାନ୍ତି ।
train/img_05600.jpg,"କଳ କଳ ମୁଖରିତ ଚାରୁ ବିହଙ୍ଗେ,"
train/img_05601.jpg,"ତୋ ମନର ଅଭିଳାଷ, ଦେଇଣ ବିଳାସ"
train/img_05602.jpg,୨୦୧୨ରେ ସଂସ୍କୃତି ମନ୍ତ୍ରୀ ମହେଶ୍ୱର ମହାନ୍ତିଙ୍କ ଅଧ୍ୟକ୍ଷତାରେ ଏକ ବୈଠକରେ ଏହାକୁ ରାଜ୍ୟ ସଙ୍ଗୀତ ମାନ୍ୟତ ଦିଆଯିବାକୁ ନିଷ୍ପତି ନିଆଗଲା ଓ ଗୃହ ବିଭାଗ ଅନୁମୋଦନ ପାଇଁ ପ୍ରସ୍ତାବ ପଠାଯାଇଥିଲା ।
train/img_05603.jpg,"ଏହା ମଧ୍ୟରେ ବୋଡ଼ୋ, କୋକବୋରୋକ, ଡିମାସା, ରାଭା, ଆଟୋଙ୍ଗ, ଟିୱା ଏବଂ କୋଚ ଭଳି ଭାଷା ରହିଛି ।"
train/img_05604.jpg,ଏହି ମନ୍ଦିରର ସ୍ଥାପତ୍ୟ ମଧ୍ୟ ଆକର୍ଷଣୀୟ ।
train/img_05605.jpg,ବୁଦ୍ଧଦେବ ସେମାନଙ୍କୁ ଶିଷ୍ୟ ଭାବରେ ଗ୍ରହଣ କରିଥିଲେ ।
train/img_05606.jpg,ଶ୍ରଦ୍ଧାଳୁମାନେ ସେଥିପାଇଁ ନିଜ ନିଜ ପିଲାମାନଙ୍କର ଆୟୁଷ ବୃଦ୍ଧି ନିମନ୍ତେ ବାଇଶି ପାହାଚରେ ଗଡ଼ାଇ ଦେଇଥାନ୍ତି ।
train/img_05607.jpg,୧୯୫୦ ମସିହାରେ ଏହା ଭାରତ ସହିତ ମିଶିଥିଲା ।
train/img_05608.jpg,"ପ୍ରମୁଖ ମନ୍ଦିରଗୁଡ଼ିକର ଗଠନ ଶୈଳୀ ସ୍ୱତନ୍ତ୍ର ଓ ""କଳିଙ୍ଗ ଶୈଳୀ"" ନାମରେ ଖ୍ୟାତ ।"
train/img_05609.jpg,"ତେଲୁଗୁ ଭାଷା କର୍ଣ୍ଣାଟକ, ତାମିଲନାଡୁ, ମହାରାଷ୍ଟ୍ର, ଛତିଶଗଡ଼ ଏବଂ କେନ୍ଦ୍ର ଶାସିତ ଅଞ୍ଚଳ ପୁଡୁଚେରୀ ଏବଂ ଆଣ୍ଡାମାନ ଓ ନିକୋବର ଦ୍ୱୀପପୁଞ୍ଜରେ ମଧ୍ୟ କହାଯାଏ ।"
train/img_05610.jpg,ଟ୍ରାଫିକ ନିୟନ୍ତ୍ରଣ ରକ୍ଷା କରିବା ପାଇଁ ଭୁବନେଶ୍ୱରର ବିଭିନ୍ନ ସ୍ଥାନରେ ନିୟନ୍ତ୍ରଣ କେନ୍ଦ୍ର ରହିଛି ।
train/img_05611.jpg,ମନ୍ତ୍ରଣାଳୟର ପ୍ରଧାନ ଜଣେ କେନ୍ଦ୍ର ସ୍ତରୀୟ ମନ୍ତ୍ରୀ ହୋଇଥାନ୍ତି ।
train/img_05612.jpg,ପ୍ରାଚୀନ କାଳରୁ ହିନ୍ଦୁ ଧର୍ମକୁ ସନାତନ ଧର୍ମ ମଧ୍ୟ କୁହାଯାଉଛି।
train/img_05613.jpg,"ସାହିତ୍ୟର କେତେଜଣ ମହନୀୟ ସ୍ରଷ୍ଟା ସାରଳା ଦାସ, ଜାତୀୟ କବି ବୀରକିଶୋର, ଗୋପାଳ ଛୋଟରାୟ, ପ୍ରତିଭା ରାୟ, ବିଭୂତି ପଟ୍ଟନାୟକ ଏଠାରେ ଜନ୍ମ ନେଇଥିଲେ ।"
train/img_05614.jpg,କଞ୍ଚା କଦଳୀ ଚଟଣୀ
train/img_05615.jpg,"ଆନ୍ଧ୍ର ପ୍ରଦେଶ, ଭାରତର ଏକ ରାଜ୍ୟ ।"
train/img_05616.jpg,ଡାଲଖାଇ ପଶ୍ଚିମ ଓଡ଼ିଶାର ସର୍ବାଧିକ ଲୋକପ୍ରିୟ ନୃତ୍ୟ ।
train/img_05617.jpg,ଜଗମୋହନର ଉଚ୍ଚତା ୧୦୦ ଫୁଟ।
train/img_05618.jpg,ଏହା ଏକ ରାଜ୍ୟସ୍ତରୀୟ ମହୋତ୍ସବ ଓ ଏହା ନଭେମ୍ବର ୧୬ ତାରିଖରୁ ୧୮ ତାରିଖ ଭିତରେ ଅନୁଷ୍ଠିତ ହୋଇଥାଏ ।
train/img_05619.jpg,ଏହା ଭାରତୀୟ ରାଜ୍ୟ ଗୁଜରାଟର ଅଧିବାସୀ ଏବଂ ପ୍ରଧାନତଃ ଗୁଜରାଟୀ ଭାଷାଭାଷୀଙ୍କଦ୍ୱାରା କଥିତ ।
train/img_05620.jpg,ସ୍ୱରବର୍ଣ୍ଣ
train/img_05621.jpg,ଦଶହରାରେ ଶକ୍ତି ରୂପିଣୀ ଦେବୀ ଦୁର୍ଗାଙ୍କ ପୂଜା କରାଯାଏ।
train/img_05622.jpg,ଧବଳେଶ୍ୱର ମନ୍ଦିର
train/img_05623.jpg,ଖ୍ରୀ ପୂ ପ୍ରଥମ ଶତାବ୍ଦୀରେ କଳିଙ୍ଗ ରାଜା ଖାରବେଳ ଜୈନ ଧର୍ମର ପୃଷ୍ଠପୋଷକତା କରିବା ସହିତ ଏହାର ପ୍ରସାର ଘଟାଇଥିଲେ ।
train/img_05624.jpg,ଗୁଣ
train/img_05625.jpg,"ରଥଯାତ୍ରା, ବାହୁଡା଼ ଯାତ୍ରା ଓ ନୀଳାଦ୍ରି ବିଜେ ଦିନ ଏହି ମଠର ବିଜେସ୍ଥଳୀଠାରେ ଠାକୁରମାନଙ୍କ ପହଣ୍ଡି ସମୟରେ ପନ୍ତି ଭୋଗ କରାଯାଇଥାଏ।"
train/img_05626.jpg,"ଅସହଯୋଗ ଆନ୍ଦୋଳନ, ଲବଣ ସତ୍ୟାଗ୍ରହ ଓ ଅସ୍ପୃଶ୍ୟତା ନିବାରଣ ଆଦି କ୍ଷେତ୍ରରେ ଅଳକାଶ୍ରମ ମୁଖ୍ୟ ଭୂମିକା ନିର୍ବାହ କରୁଥିଲା।"
train/img_05627.jpg,ଏହା ବିଶ୍ୱର ବୃହତ୍ତମ ଗଣତନ୍ତ୍ର ରୁପରେ ପରିଚିତ ।
train/img_05628.jpg,"ଏ ନବଯୌବନ ଯମ, କରିଅଛି କାମ"
train/img_05629.jpg,"ଏ ସି ସି ସିମେନ୍ଟ,, ବରଗଡ"
train/img_05630.jpg,"କେବଳ ମହାଭାରତ, କେତେକ ପୁରାଣ ଓ ମହା ଗୋବିନ୍ଦ ସୁତ୍ତ ପ୍ରଭୁତି ଗ୍ରନ୍ଥମାନଙ୍କରେ ଏହାର ଉଲ୍ଲେଖ ଦେଖିବାକୁ ମିଳେ ।"
train/img_05631.jpg,ଉପରୋକ୍ତ ନୀତି ଶେଷ ହେବାପରେ ଲକ୍ଷ୍ମୀଙ୍କ ବିମାନ ଜଗନ୍ନାଥଙ୍କ ରଥ ପାଖକୁ ନିଆଯାଇ ରଥ କାଠ ଖଣ୍ଡିଏ ଭାଙ୍ଗି ଦିଆଯିବା ପରେ ହେରା ଗୋହିରୀ ସାହି ବାଟେ ଲକ୍ଷ୍ମୀଙ୍କୁ ବଡ଼ ଦେଉଳକୁ ବାହୁଡା଼ ବିଜେରେ ଅଣାଯାଏ।
train/img_05632.jpg,"୧୯୯୦ ପର୍ଯ୍ୟନ୍ତ ସମୟକୁ ଓଡ଼ିଆ ଚଳଚ୍ଚିତ୍ରର ""ସୁବର୍ଣ୍ଣ ଯୁଗ"" ବୋଲି କୁହଯାଏ।"
train/img_05633.jpg,ଯଦି ଆପଣ ତଳେ ଥିବା ଏବେକାର କିଛି ପ୍ରକଳ୍ପରେ ଭାଗନେବାକୁ ଚାହାନ୍ତି ତେବେ ଏଠାରେ ନିଜର ନାମ ଲେଖାନ୍ତୁ ।
train/img_05634.jpg,ପୁରୀ ସମ୍ବଲପୁର ବୁଲାଇ ଆରିଲି
train/img_05635.jpg,"ଅନୁବାଦରେ ତାଙ୍କ କବିତା ଅଧ୍ୟତ୍ମିକ ଓ ସୁଲଳିତ ଥିଲା,କିନ୍ତୁ ତାଙ୍କର ରୁଚିପୂର୍ଣ ଗଳ୍ପ ଓ ସୁମଧୁର କବିତା ବହୁତ ସମୟ ପର୍ଯ୍ୟନ୍ତ ବଙ୍ଗଳା ବାହାରେ ଜଣା ନ ଥିଲା ।୧୮୭୭ ମସିହାରେ ସେ ନିଜେ ଛୋଟ ଗଳ୍ପ ଓ ନାଟକ ନିଜ ନାମରେ ପ୍ରକାଶନ କରି ଥିଲେ ।"
train/img_05636.jpg,ହୁକିଟୋଲା ମହାକାଳପଡ଼ା
train/img_05637.jpg,ଓଡ଼ିଶାର ସର୍ବୋଚ୍ଚ ପର୍ବତ ଶୃଙ୍ଗ ହେଉଛି ଦେଓମାଳୀ (୧୬୭୨ ମି ) ଯାହାକି ଦକ୍ଷିଣ ଓଡ଼ିଶାର କୋରାପୁଟ ଜିଲ୍ଲାରେ ଅବସ୍ଥିତ ଏବଂ ଚନ୍ଦ୍ରଗିରି-ପଟ୍ଟାଙ୍ଗୀ ପର୍ବତମାଳାର ଅନ୍ତର୍ଗତ ।
train/img_05638.jpg,ଡାହୁକ ରଥ ଉପରେ ଠିଆ ହୋଇ ଯୋଡ଼ି ଲମ୍ବା ବେତ ଧରି ରଥ ବୋଲି ଗୀତ ଗାଇ ଭକ୍ତଜନଙ୍କୁ ଆମୋଦିତ କରିଥାନ୍ତି ।
train/img_05639.jpg,ସେସବୁର ବ୍ୟାପକ ଆଲୋଚନା ଏଠାରେ ସମ୍ଭବ ନୁହେଁ ।
train/img_05640.jpg,ସ୍ଥାନେ ସ୍ଥାନେ କରୁଣ ଓ ଶାନ୍ତିରସର ପ୍ରୟୋଗ ମଧ୍ୟ ଦେଖାଯାଏ ।
train/img_05641.jpg,"ଏହି ଭାଷାରେ ଲିଖିତ କିଛି ପ୍ରସ୍ତର ଖୋଦନ, ତାମ୍ର ଫଳକ କିମ୍ବା ତାଳପତ୍ର ଲିଖନ ଅଦ୍ୟାବଧି ମିଳିନାହିଁ ।"
train/img_05642.jpg,"ମୁସଲମାନ ଶାସକ ଓ ଧର୍ମପ୍ରଚାରକମାନେ କାଳକ୍ରମେ ହିନ୍ଦୁମାନଙ୍କ ଯୋଗ ଓ ବେଦାନ୍ତ ପ୍ରଭୃତି ଦର୍ଶନଶାସ୍ତ୍ର, ଚିକିତ୍ସାଶାସ୍ତ୍ର ଓ ଜ୍ୟୋତିଷଶାସ୍ତ୍ର ଅଧ୍ୟୟନ ପ୍ରତି ଆକୃଷ୍ଟ ହୋଇଥିଲେ ।"
train/img_05643.jpg,"ଯୁକ୍ତରାଷ୍ଟ୍ର ଆମେରିକା ଏହାର ବୃହତ ଆକାର ଏବଂ ଭୌଗୋଳିକ ବିବିଧତା ଯୋଗୁ ଅନେକ ପ୍ରକାରର ଜଳବାୟୁ ଅନ୍ତର୍ଭୁକ୍ତ କରେ ୧୦୦ତମ ମେରିଡିଆନ୍ର ପୂର୍ବରେ, ଜଳବାୟୁ ପରିସର ଉତ୍ତରରେ ଆର୍ଦ୍ର ମାଳଦ୍ୱୀପିୟଠାରୁ ଦକ୍ଷିଣରେ ଆର୍ଦ୍ର ସବଟ୍ରୋପିକାଲ୍ ପର୍ଯ୍ୟନ୍ତ ଅନ୍ତର୍ଭୁକ୍ତ"
train/img_05644.jpg,ତ୍ରୟୋଦଶ ଶତାବ୍ଦୀରେ ନିର୍ମିତ କୋଣାର୍କରେ ଏକ ପ୍ରସ୍ତର ଖୋଦିତ ଚିତ୍ରରେ ଡଙ୍ଗା ଉପରେ ଏକ ଜିରାଫର ଚିତ୍ର ଅଛି ।
train/img_05645.jpg,ପହଣ୍ଡି ଶେଷ ହେବାପରେ ପୁଷ୍ପାଳକ ମହାଜନମାନେ ମଦନମୋହନଙ୍କୁ ଜଗନ୍ନାଥ ରଥରେ ଓ ରାମକୃଷ୍ଣ ବିଗ୍ରହ ଦ୍ୱୟଙ୍କୁ ବଳଭଦ୍ରଙ୍କ ରଥରେ ବିଜେ କରାଇଥାନ୍ତି।
train/img_05646.jpg,ନୂଆଗଡ଼ ତହସିଲ ଅଧିନରେ: ୧୯ଟି
train/img_05647.jpg,କିନ୍ତୁ ସମୟ ଅଭାବରୁ ଏହା ଏକାଦଶୀ ଦିନ ଅନୁଷ୍ଠିତ ହୋଇଥାଏ।
train/img_05648.jpg,ବିସ୍ୱାଶ କରଯାଏ ଯେ ରାମଚନ୍ଦ୍ରଙ୍କର ବନବାସ ବେଳେ ଏହିଠାରେ ଦେବି ସିତାଙ୍କୁ ଶୋଶ ଲାଗିଲା ଆଖପାଖରେ କୌଣସି ଜଳର ସ୍ରୋତନଥିବରୁ ନିଜେ ଧନୁତିର ମାରି ଗଙ୍ଗାଙ୍କୁ ଆଣୀଥିଲେ ସେଇଦିନଠାରୁ ଏହା ପାତାଳଗଙ୍ଗା ନାମରେ ନାମିତ।
train/img_05649.jpg,: : (୨୧ )
train/img_05650.jpg,ଏଥି ମଧ୍ୟରୁ ପୂର୍ବ ପାର୍ଶ୍ୱଗଢା ଭୈରବୀ କୁତାମଚଣ୍ଡୀ ରୂପେ ସର୍ବଜନ ପରିଚିତା ଓ ଆରାଧିତା ଅଟନ୍ତି ।
train/img_05651.jpg,"ଜଳସେଚନ ପ୍ରକଳ୍ପ- (ବୃହତ୍-୧ଟି, ମଧ୍ୟମ-୨ଟି, କ୍ଷୁଦ୍ର-୧୫୧ଟି )"
train/img_05652.jpg,"ତନ୍ମଧ୍ୟରେ ବିମାନର ଉତ୍ତରରେ କଳା ମୁଗୁନି ପ୍ରସ୍ତର ନିର୍ମିତ ବାମନ ବା ତ୍ରିବିକ୍ରମ, ଦକ୍ଷିଣରେ ବରାହ ଓ ପଶ୍ଚିମରେ ନୃସିଂହ ରହିଛନ୍ତି ।"
train/img_05653.jpg,"ଏହି ଦିନ ପୋଡ଼ ପିଠା, ଚକୁଳି ପିଠା ଆଦି ଖିଆଯାଇ ଥାଏ ।"
train/img_05654.jpg,ଓଡ଼ିଶା ଗଭର୍ନମେନ୍ଟ ପ୍ରେସ- ସରକାରୀ ଛାପାକଳ
train/img_05655.jpg,ଏହି ଜିଲାର ଇଷ୍ଟଦେବୀ ତଥା ବାକଦେବୀ ।
train/img_05656.jpg,ବଳଭଦ୍ର ଓ ସୁଭଦ୍ରା ଦେବୀଙ୍କ ରଥଟଣା ହୋଇ ସିଂହଦ୍ୱାରକୁ ଆସିଥାଏ।
train/img_05657.jpg,ଭୁବନେଶ୍ୱର ସହରର ଉଭୟ ପୁରାତନ ଏବଂ ଆଧୁନିକ ଇତିହାସ ରହିଛି ।
train/img_05658.jpg,'ବ୍ରାହ୍ମଣ'
train/img_05659.jpg,ଅନ୍ୟ କେତେକ ଗବେଷକଙ୍କ ମତରେ ସପ୍ତମ ଶତାବ୍ଦୀ ବେଳର କଂଗୋଦ ଶବ୍ଦରୁ ଗଞ୍ଜାମ ହୋଇଛି ।
train/img_05660.jpg,ଏହା ପ୍ରାଚୀନ କାଳରୁ ଭିନ୍ନ ଭିନ୍ନ ମତ ଓ ବିଶ୍ୱାସରୁ ଉତ୍ପନ୍ନ ହୋଇଛି।
train/img_05661.jpg,"ବାଲିଆପାଳ ଅନ୍ୟ ଏକ ସହର, ଏହାକୁ ପାନ, ଧାନ ଓ ମୀନର ସହର କୁହାଯାଏ ।"
train/img_05662.jpg,ରୌଦ୍ରରସକୁ ବାଦ୍ ଦେଲେ ଅନ୍ୟ ସମସ୍ତ ରସର ପ୍ରୟୋଗ ଏହି ସମୟରେ ସୁଲଭ୍ୟ ହୋଇଛି ।
train/img_05663.jpg,ଶ୍ରୀକୃଷ୍ଣଙ୍କର ଅର୍ଦ୍ଧଦଗ୍ଧ ପିଣ୍ଡ ଦାରୁରୂପରେ ବାଙ୍କୀ ମୁହାଣରେ ଆବିର୍ଭାବ ହେଲା ।
train/img_05664.jpg,"ଓଡ଼ିଶା ବିଧାନ ସଭାରେ କଟକ ନଗର ୩ଟି ସିଟରେ ଯଥା ବାରବାଟି-କଟକ, ଚୌଦ୍ୱାର-କଟକ ଓ କଟକ ସଦରରେ ଭାଗ କରା ଯାଇଛି ।"
train/img_05665.jpg,ଡେରାବିଶି
train/img_05666.jpg,"ବିହାର ହ୍ରଦ, ବଇତରଣା, ଉପର ବଇତରଣା, ତୁଳସୀ, ତଂସ ଓ ପଉଅଇ।"
train/img_05667.jpg,ପ୍ରଶାସନିକ ବିଭାଗ
train/img_05668.jpg,ସାଙ୍ଗୀତିକ ଏବଂ ସାହିତ୍ୟିକ ଦୃଷ୍ଟିକୋଣରୁ ଏହା କୌଣସି ଗୁଣରେ ନ୍ୟୁନ ବୋଲି ମନେହୁଏ ନାହିଁ ।
train/img_05669.jpg,"ତୋବିନେ ମଦନ କରୁଛି ଛେଦନ, କହିବି ବେଦନ କାହାରେ"
train/img_05670.jpg,"ପ୍ରମୁଖ ଶିଳ୍ପଗୁଡ଼ିକରେ ବୈଦ୍ୟୁତିକ ଉପକରଣ, ଉପାଦାନ, କମ୍ପ୍ୟୁଟର ଉପାଦାନ ଏବଂ ଯାନ ଅନ୍ତର୍ଭୁକ୍ତ ୧୯୯୭ ୧୯୯୮ ଏସୀୟ ଆର୍ଥିକ ସଙ୍କଟରୁ ଥାଇଲ୍ୟାଣ୍ଡର ପୁନରୁଦ୍ଧାର ମୁଖ୍ୟତଃ ଅନ୍ୟ ରପ୍ତାନି ଉପରେ ନିର୍ଭରଶୀଳ ଥିଲା ୨୦୧୨ ସୁଦ୍ଧା, ଥାଇ ଅଟୋମୋବାଇଲ୍ ଶିଳ୍ପ ଦକ୍ଷିଣ ପୂର୍ବ ଏସିଆର ବୃହତ୍ତମ ଏବଂ ବିଶ୍ବର ୨ୟ ବୃହତ୍ତମ ରାଷ୍ଟ୍ର ଥିଲା।"
train/img_05671.jpg,ଖ୍ରୀ ପୂ ତୃତୀୟ ଶତାବ୍ଦୀରେ ଏହା ମୌର୍ଯ୍ୟ ସାମ୍ରାଜ୍ୟର ଅଂଶ ଥିଲା ଯେତେବେଳେ ଏହାର ଶାସକ ସମ୍ରାଟ ଅଶୋକ ଥିଲେ।
train/img_05672.jpg,ଆମିଷ
train/img_05673.jpg,ଭୁବନେଶ୍ୱର ଖୋର୍ଦ୍ଧା ଜିଲ୍ଲାରେ ଅବସ୍ଥିତ ।
train/img_05674.jpg,"(୧) ଝୁମର ଓ ଝୁମରଦେଶ (ସଂକ) ଗିରୀଶ ଚନ୍ଦ୍ର ମହାନ୍ତ, କୋଣାର୍କ, ପବ୍ଲିଶର୍ସ, କଟକ, ୧ମ ପ୍ର-୧୯୯୩ ।"
train/img_05675.jpg,ଏହା ଉତ୍ତର ରୁ ’ ଅକ୍ଷାଂଶ ଏବଂ ’ ପୂର୍ବ ଦ୍ରାଘିମାଙ୍କ ମଧ୍ୟରେ ଅବସ୍ଥିତ ।
train/img_05676.jpg,"ଧଉଳି, ଓଡ଼ିଶା"
train/img_05677.jpg,ମହାନଦୀ
train/img_05678.jpg,ଦଶହରାର ଆଡ଼ମ୍ବର ବ୍ୟତୀତ କଟକ ମଧ୍ୟ ଚାନ୍ଦି ମେଢ଼ ଲାଗି ପ୍ରସିଦ୍ଧ ।
train/img_05679.jpg,ନାଟକ
train/img_05680.jpg,"୧୭୦୦ ଖ୍ରୀଷ୍ଟାବ୍ଦରେ ଏହି ଭୁବନେଶ୍ୱରୀ ମା'ଙ୍କ ମନ୍ଦିର ପ୍ରତିଷ୍ଠା ହୋଇଥିଲା।ଏହି ୩୫ ଫୁଟ୍ ଉଚ୍ଚତା ବିଶିଷ୍ଟ ମନ୍ଦିରରେ ମା' ଭୁବନେଶ୍ୱରୀଙ୍କ ବିଗ୍ରହ ୫ ଫୁଟ୍ ଉଚ୍ଚତା ବିଶିଷ୍ଟ ।ମା'ଭୁବନେଶ୍ୱରୀ ୧୦ ମହାବିଦ୍ୟାରୁ ଅନ୍ୟତମା।ଚତୁର୍ଭୁଜ ବିଶିଷ୍ଟ ପାଶ ଅଙ୍କୁଶ, ଅଭୟ ଓ ବରଦା ମୁଦ୍ରାରେ ସୁଶୋଭିତା।"
train/img_05681.jpg,ଉପ-ବିଭାଗୀୟ ମୁଖ୍ୟ ଡାକ୍ତରଖାନା ( )- ୪ଟି
train/img_05682.jpg,ପୃଥିବୀର ବୃହତ୍ତମ ମହାଦେଶ ଏସିଆର ଦକ୍ଷିଣାଂଶର କେନ୍ଦ୍ରସ୍ଥଳୀରେ ଭାରତବର୍ଷ ଅବସ୍ଥିତ ।
train/img_05683.jpg,ବିଶ୍ୱବ୍ୟାପୀ ମୋଟ ପ୍ରାୟ ୨୫୦ ୩୦୦ ମିଲିୟନ ଭାଷାଭାଷୀଙ୍କଦ୍ୱାରା କଥିତ ବଙ୍ଗଳା ଜନସଂଖ୍ୟା ଅନୁସାରେ ବିଶ୍ୱର ସପ୍ତମ ଅଧିକ କଥିତ ଭାଷା ।
train/img_05684.jpg,ନବରତ୍ନନିଉଜ - -
train/img_05685.jpg,କଣ୍ଢେଇରେ କଳାସୂତା ଲଗାଇ ଆଙ୍ଗୁଳି ଚାଳନାଦ୍ୱାରା ଅନେକ ପ୍ରକାରର ପ୍ରସଙ୍ଗକୁ ଚିତ୍ରଣ କରାଯାଏ।
train/img_05686.jpg,ଶ୍ରୀମନ୍ଦିର ଭିତର ବେଢା଼ରେ ଥିବା ସମସ୍ତ ଗଣେଶଙ୍କ ମଧ୍ୟରେ ବଟ ଗଣେଶ ପ୍ରଥମ ଓ ମୂଖ୍ୟ ଅଟନ୍ତି ।
train/img_05687.jpg,"ଗୁରୁପଦ ପାବାର ଆଶେ, ବସେ, ଆଛି ନଦୀର ଘାଟେ"
train/img_05688.jpg,"୩,୮୫୦ ବର୍ଗ କିଲୋମିଟର କ୍ଷେତ୍ରଫଳରେ ଗଜପତି ଜିଲ୍ଲା ରହିଛି ଓ ଏହା ୧୮ ଡିଗ୍ରୀ ୪୪ ମିନିଟରୁ ୧୯ ଡିଗ୍ରୀ ୩୦ ମିନିଟ ଉତ୍ତର ଅକ୍ଷାଂଶ ଏବଂ ୮୩ ଡିଗ୍ରୀ ୪୮ ମିନିଟରୁ ୮୪ ଡିଗ୍ରୀ ୦୮ ମିନିଟ ପୂର୍ବ ଦ୍ରାଘିମାରେ ଅବସ୍ଥିତ ।"
train/img_05689.jpg,"ରାଜ୍ୟର ବିଧାନ ସଭାର ଆସନ ସଂଖ୍ୟା ଯେତିକି, ସେତିକି ସମାନ ସଂଖ୍ୟକ ଏକ-ସଭ୍ୟ ବିଶିଷ୍ଟ ଆଞ୍ଚଳିକ ନିର୍ବାଚନ ମଣ୍ଡଳୀରେ ପ୍ରତିରାଜ୍ୟକୁ ବିଭକ୍ତ କରାଯାଇଥାଏ ।"
train/img_05690.jpg,"ଓଡ଼ିଶାର ଅଧିକାଂଶ ପ୍ରମୁଖ ନଦୀ ପୂର୍ବ ଦିଗକୁ ପ୍ରବାହିତ ହୁଏ ଏବଂ ଶେଷରେ ବଙ୍ଗୋପସାଗରରେ ଖାଲି ହୁଏ ତଥାପି, ଉତ୍ସ ଉପରେ ନିର୍ଭର କରି ସେମାନଙ୍କୁ ଚାରୋଟି ଗୋଷ୍ଠୀରେ ପୃଥକ କରାଯାଇପାରିବ:"
train/img_05691.jpg,ଏସବୁର ମୂଲ୍ୟ ସାହିତ୍ୟ ଓ ଭାଷା ପାଇଁ ଖୁବ ବେଶୀ ।
train/img_05692.jpg,"କେବଳ ମହାଭାରତ, କେତେକ ପୁରାଣ ଓ ମହା ଗୋବିନ୍ଦ ସୁତ୍ତ ପ୍ରଭୁତି ଗ୍ରନ୍ଥମାନଙ୍କରେ ଏହାର ଉଲ୍ଲେଖ ଦେଖିବାକୁ ମିଳେ ।"
train/img_05693.jpg,"ସୋଲଂକୀ ଶାସନ ତେରଶହ ଶତାବ୍ଦୀ ଯାଏଁ ହୋଇଥିଲା, ମୋଗଲମାନେ ତେରଶହ ଶତାବ୍ଦୀର ଶେଷ ଭାଗରେ ଗୁଜରାଟ ଉପରେ ନିଜର ଆଧିପତ୍ୟ ବିସ୍ତାର କଲେ ।"
train/img_05694.jpg,ଉତ୍ତରରେ ମହାନଦୀ ଓ ଅନୁଗୋଳ ଜିଲ୍ଲା
train/img_05695.jpg,ରାଜା ନାଭିଙ୍କ ଶତପୁତ୍ରଙ୍କ ଭିତରେ ଜ୍ୟେଷ୍ଠ ଓ ଉତ୍ତମ ଥିଲେ ଋଷଭଦେବ।
train/img_05696.jpg,ସିଦ୍ଧେଶ୍ୱର ମନ୍ଦିର
train/img_05697.jpg,ପରବର୍ତ୍ତୀ ସମୟରେ ତାହା ଭଦ୍ରକ ଜିଲ୍ଲା ସ୍କୁଲରେ ପରିଣତ ହୋଇଛି।
train/img_05698.jpg,ପୁରୁଷ: ୧୩୩୯୧୫୩
train/img_05699.jpg,ଲିଙ୍ଗରାଜ ମନ୍ଦିର ରୋଡ଼ ରେଳଷ୍ଟେସନ
train/img_05700.jpg,ଏହା ୫୦ତମ ବୃହତ୍ତମ ଦେଶ
train/img_05701.jpg,ଏହା ଏକ ରାଜ୍ୟସ୍ତରୀୟ ମହୋତ୍ସବ ଓ ଏହା ନଭେମ୍ବର ୧୬ ତାରିଖରୁ ୧୮ ତାରିଖ ଭିତରେ ଅନୁଷ୍ଠିତ ହୋଇଥାଏ ।
train/img_05702.jpg,"ଉଇକିପ୍ରକଳ୍ପ ଓଡ଼ିଆ ଉଇକିପିଡ଼ିଆ ଭିତରେ ନୂଆ ନୂଆ ପ୍ରକଳ୍ପ ମାଧ୍ୟମରେ ଏକ ନିର୍ଦ୍ଦିଷ୍ଟ ବିଭାଗରେ ଲେଖା, ଛବି ତଥା ଅନ୍ୟାନ୍ୟ ମାଧ୍ୟମକୁ ଆଣିବାର ଏକ ପ୍ରଚେଷ୍ଟା ।"
train/img_05703.jpg,ଓଜନ ୩୦୦ କିଲୋଗ୍ରାମ।
train/img_05704.jpg,"ଫକୀର ମୋହନ ସେନାପତି,"
train/img_05705.jpg,ସହରଠାରୁ ୧୪ କି ମି ଦୂରରେ ବାରବାଟିଠାରେ ଅବସ୍ଥିତ ପରମହଂସନାଥ ମନ୍ଦିର କଟକର ସର୍ବୋଚ୍ଚ ମନ୍ଦିର ।
train/img_05706.jpg,ସମଗ୍ର ଭାରତରେ ଏମିତି ମନ୍ଦିର ବିରଳ।
train/img_05707.jpg,ଏହିଠାରେ ସ୍ୱର୍ଗତ ବିଜୁ ପଟ୍ଟନାୟକ ଓଡ଼ିଶା ଲୁଗାକଳ (ଓ ଟି ଏମ )ସ୍ଥାପନ କରିଥିଲେ।
train/img_05708.jpg,ଓଡ଼ିଶା ଭାରତର ପୂର୍ବାଭାଗରେ ଅଛି ।
train/img_05709.jpg,ହାତକାମ
train/img_05710.jpg,"ଭାରତ ମଧ୍ୟରେ ପଶ୍ଚିମବଙ୍ଗ, ତ୍ରିପୁରା ଓ ଆସାମର ବରାକ ଉପତ୍ୟକାରେ ବଙ୍ଗଳା ସରକାରୀ ଭାଷା ।"
train/img_05711.jpg,ସ୍ୱାଧୀନତା ସଂଗ୍ରାମୀଙ୍କ ଅନ୍ତୁଡ଼ିଶାଳ
train/img_05712.jpg,ରେଳ ପଥ
train/img_05713.jpg,ବାଣୀକଣ୍ଠ ଥିଲେ ଗୋକୁଳ ଚନ୍ଦ୍ର ଶ୍ରୀଚନ୍ଦନଙ୍କ ପୁତୁରା ଓ ବୃନ୍ଦାବନ ହରିଚନ୍ଦନଙ୍କ ପୁତ୍ର ଓ ପୁରୀ ବାଳକଟୀ ଗ୍ରାମର ବାଳକୃଷ୍ଣ ଦାସ ଥିଲେ ଗୋକୁଳ ଶ୍ରୀଚନ୍ଦଙ୍କର ଶିଷ୍ୟ ।ବିଂଶ ଶତାବ୍ଦୀର ଇତିହାସ ପୃଷ୍ଠାରେ କେନ୍ଦ୍ରାପଡ଼ା ସ୍ୱତନ୍ତ୍ର ସ୍ଥାନ ଅଧିକାର କରିଅଛି ।
train/img_05714.jpg,ଏମାନେ ଜଙ୍ଗଲର ଏକ ନିର୍ଦ୍ଦିଷ୍ଟ ଇଲାକାରେ ରହିଥାନ୍ତି।
train/img_05715.jpg,"୨୦୧୧ ଜନଗଣନା ଅନୁଯାୟୀ , ଭାରତରେ ୩୭ ୫୨ ନିୟୁତ ଓଡ଼ିଆ ଭାଷାଭାଷୀ ଅଛନ୍ତି , ଯାହା ଦେଶର ଜନସଂଖ୍ୟାର ୩ ୧ ।"
train/img_05716.jpg,ଅତୀତରେ ଓଡ଼ିଶାର ନଦୀ ଓ ସମୁଦ୍ର ପଥରେ ଦକ୍ଷିଣ ଏସିଆର ଇଣ୍ଡୋନେସିଆ ଓ ଅନ୍ୟାନ୍ୟ ଦେଶସମୂହ ସହ ବେପାର ବଣିଜ କାରବାର ପାଇଁ ଓଡ଼ିଶାର ସାଧବମାନେ ଏହି ସୁନା ରୂପାର ଅଳଙ୍କାର ନେଇ କଳିଙ୍ଗରୁ ଯାଉଥିଲେ ।
train/img_05717.jpg,ପଶ୍ଚିମରେ: କଳାହାଣ୍ଡି ଜିଲ୍ଲା
train/img_05718.jpg,ଲାଲା କିଶୋର ରାଜଙ୍କ ନାମ ଅନୁସାରେ ବାରବାଟି ଓ ଲାଲା ବଜାର ହୋଇଥିଲା ।
train/img_05719.jpg,ଏମାନଙ୍କ ଦୃଷ୍ଟି ଶକ୍ତି କମ୍ କିନ୍ତୁ ଶ୍ରବଣ ଓ ଘ୍ରାଣ ଶକ୍ତି ପ୍ରଖର।
train/img_05720.jpg,"(୭) ଝୁମର ରସ ମଞ୍ଜୁଷା ଗିରୀଶ ଚନ୍ଦ୍ର ମହାନ୍ତ, ରାଇରଙ୍ଗପୁର, ପୃ-୨ ।"
train/img_05721.jpg,"ରଜ ଶବ୍ଦର ଆକ୍ଷରିକ ଅର୍ଥ ରଜବତୀ ହେବା, ଯାହା ପୃଥିବୀକୁ ମାତା ଭାବରେ ବିବେଚନା କରି ବର୍ଷାର ଆଗମନରେ ସେ ରଜସ୍ୱଳା ହେବାର ଓ ନୂଆ ଶସ୍ୟ ଜନ୍ମ ହେବାର ସାଙ୍କେତିକ ଭାବ ବହନ କରିଥାଏ ।"
train/img_05722.jpg,"ପ୍ରତି ବର୍ଷ ହରିଶୟନ ଏକାଦଶୀ ତିଥିରେ ରଥ ଉପରେ ସୁନାବେଶ ବେଲେ, ଦୋଳପୂର୍ଣ୍ଣିମା, ବିଜୟାଦଶମୀ, ପୌଷ ପୂର୍ଣ୍ଣିମା ଏବଂ କାର୍ତ୍ତିକ ପୂର୍ଣ୍ଣିମା ଭଳି ତିଥିମାନଙ୍କରେ ରତ୍ନସିଂହାସନ ଉପରେ ଜଗନ୍ନାଥଙ୍କୁ ସୁନାବେଶ ବା ରାଜରାଜେଶ୍ୱର ବେଶ କରାଯାଏ ।"
train/img_05723.jpg,ବାହାର ଲିଙ୍କ
train/img_05724.jpg,କାହିଁକି ଅନ୍ୟର ଦେଖି ବିବାହ କଲି ?
train/img_05725.jpg,ଏହା ବ୍ରାହ୍ମୀ ଲିପିରୁ ତିଆରି ହୋଇଛି ଓ ତାହା ପୁରାତନ ଲିପି ସହ ପାଖାପାଖି ସମାନ ।
train/img_05726.jpg,ଅଧିକାଂଶ ମୁସଲମାନ ମହମ୍ମଦଙ୍କ ଜୀବନଶୈଳୀ ସୁନାଃ ତଥା ହଦିଥ (କିମ୍ବଦନ୍ତୀ) ମଧ୍ଯ ଅନୁସରଣ କରିଥାନ୍ତି ।
train/img_05727.jpg,ଏଠାରେ ଯୋଗେଶ୍ୱର ମହାଦେବ ମନ୍ଦିର ଅବସ୍ଥିତ ।
train/img_05728.jpg,ମଙ୍ଗେଇ ଗମାଙ୍ଗ
train/img_05729.jpg,ତୋଦରମଲ୍ଲ ଭଦ୍ରକରେ ଛାଉଣି ପକାଇ ବନ୍ଦୋବସ୍ତ କାର୍ଯ୍ୟ ଚଳାଇଥିଲେ।
train/img_05730.jpg,ରାଜକନିକା
train/img_05731.jpg,ନ୍ୟାୟପାଳିକା କଟକରେ ଅବସ୍ଥିତ ଓଡ଼ିଶା ଉଚ୍ଚ ନ୍ୟାୟାଳୟ ଏବଂ ନିମ୍ନ ଅଦାଲତଗୁଡ଼ିକର ଏକ ବ୍ୟବସ୍ଥାକୁ ନେଇ ଗଠିତ ।
train/img_05732.jpg,ସରକାର ସୟଦ ଓସିମ୍ ଅଖତର କାଦରୀ ସାନ ସରକାର ବାବା ବଡ଼ ସରକାର ବାବାଙ୍କ ସାନ ଭାଇଙ୍କୁ ସମସ୍ତେ ସାନ ସରକାର ବାବା ବୋଲି ସମ୍ବୋଧିତ କରୁଥିଲେ।
train/img_05733.jpg,ବଲସକୁମ୍ପା
train/img_05734.jpg,"ପୁଣି ସାଇକେଲ ଯେପରି ଚୋରି ନ ହେବ, ସେଭଳି ତାହା ତିଆରି ହୋଇଛି ଅର୍ଥାତ୍ ଛ’ଜଣ ତାକୁ ଜଗିଛନ୍ତି ।"
train/img_05735.jpg,ଏହାକୁ ମହାପ୍ରଭୁଙ୍କୁ ସମର୍ପଣ କରିଥିବା ନେଇ ଜୟବିଜୟ ଦ୍ୱାରସ୍ଥିତ ଶିଳାଲେଖରେ ସୂଚନା ରହିଛି ।
train/img_05736.jpg,ଗୁମ୍ମା ତହସିଲ ଅଧିନରେ: ୨୦ଟି
train/img_05737.jpg,ସେହିମାନଙ୍କର ପ୍ରଚେଷ୍ଠାରେ ପ୍ରଥମେ କଟକରେ ଆଧୁନିକ ସ୍କୁଲ ଖ୍ରୀ ୧୮୨୨ରେ ପ୍ରତିଷ୍ଠା ହେଲା ।
train/img_05738.jpg,ନାଟ ଗଣେଶ/ନୃତ୍ୟ ଗଣେଶ
train/img_05739.jpg,କୁର୍ମ ବେଢାର ଉତ୍ତର ପାର୍ଶ୍ୱ ଦ୍ୱାର ନିକଟରେ ପଶ୍ଚିମ ଦିଗକୁ ପୂର୍ବାଭିମୁଖୀ ହୋଇ ବଳୀ ପାତାଳ ମନ୍ଦିର ରହିଛି।ଏହି ମନ୍ଦିରକୁ ଶ୍ରୀପାତାଳେଶ୍ୱର ମନ୍ଦିର ବୋଲି ମଧ୍ୟ କୁହାଯାଇଥାଏ।ଏହା ବେଢାର ପତନଠାରୁ ଅଧେ ଅଂଶ ପୋତି ହୋଇ ରହିଲା ପରି ଲାଗୁଛି।ଏହି ମନ୍ଦିରଟି ରାଜା ଅନଙ୍ଗ ଭୀମ ଦେବ ନିର୍ମାଣ କରିଥିଲେ।ଏହି ମନ୍ଦିରଟି କେବଳ ଗର୍ଭ ଗୃହ ବା ବିମାନ ସମ୍ବଳିତ ମନ୍ଦିର ।ଭଗବାନ ବିଷ୍ଣୁ ବାମନ ଅବତାର ଧାରଣ କରି ନିଜ ପାଦରେ ଚାପି ଦେଇଥିବା ବଳୀ ଏଠାରେ ପାତାଳେଶ୍ୱର ନାମରେ ରହିଛନ୍ତି ଓ ନୀଳଚକ୍ର ପତିତପାବନକୁ ଚାହିଁ ଶ୍ରୀବିଷ୍ଣୁଙ୍କ ସାନିଧ୍ୟ ପାଇଛନ୍ତି ବୋଲି ଲୋକେ ବିଶ୍ୱାସ କରୁଛନ୍ତି।
train/img_05740.jpg,ବାହାର ଲିଙ୍କ
train/img_05741.jpg,ଲକ୍ଷ୍ମଣକୁମାର ପାଲା: ବିନାୟକ ଦେଶର ଶିଲପ ରାଜାଙ୍କ ଗଳ୍ପ
train/img_05742.jpg,ଦୂରରୁ ଦେଖିଲେ ଚକଚକ ନୀଳବର୍ଣ୍ଣର ଦେଖାଯାଏ।
train/img_05743.jpg,ବିଗତ କିଛି ସମୟ ଧରି ଭାରତୀୟ ପ୍ରତ୍ନତାତ୍ତ୍ୱିକ ବିଭାଗ ( )ଦ୍ୱାରା ଉତ୍ ଖନନ କାର୍ଯ୍ୟ ଚାଲୁ ରହିଛି ।
train/img_05744.jpg,ସମ୍ଭୋଗ ଓ ବିପ୍ରଲମ୍ଭ ଶୃଙ୍ଗାରର ପ୍ରୟୋଗେ ଝୁମର ଗୀତର ବିଶେଷ ସ୍ୱାତନ୍ତ୍ର୍ୟ ପରିଲକ୍ଷିତ ହୋଇଥାଏ ।
train/img_05745.jpg,ଚଳଚ୍ଚିତ୍ର ନାଟକ
train/img_05746.jpg,"ରାଣୀଗୁଡା ନିକଟସ୍ଥ ମା ମଙ୍ଗଳା ମା ମନ୍ଦିର, ରାୟଗଡ଼ା,"
train/img_05747.jpg,ଭାରତୀୟ ସଂସ୍କୃତି ବିଶ୍ୱର ଅନେକ ପୁରାତନ ସଂସ୍କୃତି ମାନଂକ ମଧ୍ୟରେ ଅନ୍ୟତମ ।
train/img_05748.jpg,"ବଳଦେବଙ୍କ ରଥର ୧୪ (ଚଉଦ)ଟି ଚକ, ବେଦୀ ଉପରୁ ରଥର ଉଚ୍ଚତା ୨୨ (ବାଇଶ) ହାତ।"
train/img_05749.jpg,ଉକ୍ତ ପାବଚ୍ଛ ଶ୍ରେଣୀର ଉଭୟ ପାର୍ଶ୍ୱରେ ଦୁଇଟି ସିଂହମୂର୍ତ୍ତି ବିଦ୍ୟମାନ ।
train/img_05750.jpg,ଏକଦା ଅଳକାଶ୍ରମ ।
train/img_05751.jpg,ରାମାଭିଷେକ
train/img_05752.jpg,ମେଫେୟାର ହୋଟେଲ ଏବଂ ରେସର୍ଟ
train/img_05753.jpg,ଏହା ଦେବୀଙ୍କର ବାହାନ କୁକୁର ହୋଇ କୁତ୍ତାମ ଚଣ୍ଡୀଙ୍କୁ ପ୍ରଣିପାତ କରି ରହିଛି ।
train/img_05754.jpg,ଏହା ସାହାଯ୍ୟରେ ଲୁଗା ବୁଣାବୁଣା ଯାଇଥାଏ ।
train/img_05755.jpg,ଏହା ଅନୁସାରେ ସରକାରୀ ସ୍ତରରେ ସମସ୍ତ କାର୍ଯ୍ୟ ଓଡ଼ିଆରେ ହେବାପାଇଁ ସ୍ଥିରୀକୃତ ହୋଇଥିଲା ।
train/img_05756.jpg,ଦେଓମାଳୀ
train/img_05757.jpg,ଓଡ଼ିଆ ଗଦ୍ୟ ରଚନାରେ ନାରାୟଣାନନ୍ଦ ଅବଧୂତ ସ୍ୱାମୀଙ୍କ ରଚିତ ରୁଦ୍ର ସୁଧାନିଧି ଏକ ଅମୂଲ୍ୟ ଗ୍ରନ୍ଥ ।
train/img_05758.jpg,କାଶୀ ବିଶ୍ୱନାଥ ଲିଙ୍ଗର ଉଚ୍ଚତା ପ୍ରାୟ ୧୦ଇଞ୍ଚ ଓ ଶକ୍ତି ଉତ୍ତର ଦିଗାଭିମୁଖୀ ।
train/img_05759.jpg,ସେଥି ମଧ୍ୟରୁ ୫୫ ୮୭ ଜଣ ପରୁଷ ହୋଇଥିବା ବେଳେ ୪୪ ୧୩ ଜଣ ନାରୀ ଅଟନ୍ତି ।
train/img_05760.jpg,"ସେଥିମଧ୍ୟରେ ମୋଟର ସାଇକେଲ, ସ୍କୁଟି, ମୋପେଜ୍ ।"
train/img_05761.jpg,ଚିତ୍ରକଳା
train/img_05762.jpg,କମ୍ପାନୀକୁ ଦ୍ୱୀପପୁଞ୍ଜର ପୂର୍ବପଟେ ଗଭୀର ପୋତାଶ୍ରୟ ମିଳିଲା ଯାହାକି ଉପମହାଦ୍ୱୀପରେ ପ୍ରଥମ ବନ୍ଦର ସ୍ଥାପନ ପାଇଁ ସର୍ବୋତ୍ତମ ଥିଲା।
train/img_05763.jpg,ଆଜିର ବାଲିଘାଟ ବନ୍ଦର ଓ ପରମିଟ ଘାଟରୁ ୧୬୯୦ ବେଳକୁ ଆଉରଙ୍ଗଜେବ ବାଲେଶ୍ୱରରେ ବେପାର ବଣିଜ କରିବା ପାଇଁ ଇଂରେଜମାନଙ୍କୁ ସନନ୍ଦ ଦେଇଥିଲେ ।
train/img_05764.jpg,ଦେବଗଡ଼ ସହର ଏହି ଜିଲ୍ଲାର ପ୍ରଶାସନିକ ମୁଖ୍ୟ ସହର ।
train/img_05765.jpg,ଅନେକ ଅଳଙ୍କାର ସମୟକ୍ରମେ ରକ୍ଷନାବେକ୍ଷଣା ବିନା ଭାଙ୍ଗିରୁଜି ଯାଇଛି ।
train/img_05766.jpg,ହାତ ଓ ପାଦ
train/img_05767.jpg,ଏତଦବ୍ୟତୀତ ବାହୁଡା଼ ଦିନ ଗୁଣ୍ଡିଚା ମନ୍ଦିରରେ ଠାକୁରମାନେ ପହଣ୍ଡି ବିଜେରେ ଭିତର ବେଢାରେ ପହଞ୍ଚିବା ପରେ ମୁକ୍ତି ମଣ୍ଡପ ପକ୍ଷରୁ ଏକ ପନ୍ତି ଭୋଗ ହୋଇଥାଏ ଓ ରାଘବ ଦାସ ମଠ ପ୍ରଦତ୍ତ ଫୁଲ ଟାହିୟା ଲାଗି ହୋଇଥାଏ।
train/img_05768.jpg,ସହରରେ ଅନୁଭୂତ ସର୍ବୋଚ୍ଚ ତାପମାତ୍ରା ୫୦ ସେ ହୋ ଇଥିବା ବେଳେ ସର୍ବନିମ୍ନ ତାପମାତ୍ରା ୧୦ ସେ ।
train/img_05769.jpg,ସରଫଗଡ ଡ୍ୟାମ ଏବଂ ଉଦ୍ୟାନ
train/img_05770.jpg,"ଉତ୍କଳ ପ୍ରସଂଗ, ଜାନୁଆରୀ ୨୦୦୫-‘ଭଦଭଦଳିଆ ପକ୍ଷୀ’-ଡଃ ପ୍ରଫୁଲ୍ଲ କୁମାର ମହାନ୍ତି"
train/img_05771.jpg,ଜନ୍ମଦିନମାନଙ୍କରେ ମା' ଷଷ୍ଠୀ ଦେବୀଙ୍କଠାରେ ପିଲାମାନଙ୍କର ଦୀର୍ଘାୟୁ ଏବଂ ସର୍ବ କୁଶଳ ପାଇଁ କାମନା କରି ପୂଜାର୍ଚ୍ଚନା କରାଯାଇଥାଏ।ମା' ଷଷ୍ଠୀ ଦେବୀ ତ୍ରିଭୂଜା ଅଟନ୍ତି।ତାଙ୍କ ବାମ କୋଳରେ ଦିବ୍ୟ ଶିଶୁ ଆତ୍ମ ସୁଖ ଲାଭ କରୁଛନ୍ତି।
train/img_05772.jpg,ସେହିପରି କେତକ ରାଜ୍ୟର ବିଧାୟିକା ମଧ୍ୟ ଦୁଇ ଭାଗରେ ବିଭକ୍ତ ବିଧାନ ସଭା ଓ ବିଧାନ ପରିଷଦ ।
train/img_05773.jpg,ଏହା ବ୍ରିଟିଶ ସରକାରଙ୍କ ଲୁଗା ଫାକ୍ଟସ୍ଥାପନ ହୋଇଥିବା ଫିରିଙ୍ଗି କୁଦ ଉପରେ ଛିଡା ହୋଇଛି ।
train/img_05774.jpg,ସେଦିନ ବିଷ୍ଣୁଙ୍କର ପାଲିତ ଦକ୍ଷିଣାମୁଖୀ ଯାତ୍ରା ଅତ୍ୟନ୍ତ ଦୁର୍ଲଭ ।
train/img_05775.jpg,ଦୁଇଦଳ ପ୍ରତିଦ୍ୱନ୍ଦୀ ହୋଇ ପାଲା ଅଭିନୟ କଲେ ତାକୁ 'ଜାଉଁଳି ପାଲା' ବା ' ଜାଉଳି ପୂଜା' କହନ୍ତି ।
train/img_05776.jpg,ଏହି ପାଇକମାନଙ୍କୁ ନେତୃତ୍ୱ ଦେଉଥିବା ନିର୍ଦ୍ଦିଷ୍ଟ କ୍ଷତ୍ରୀୟ ଜାତିର ଲୋକ ଯାହାଙ୍କୁ ଖଣ୍ଡାୟତ କୁହାଯାଉଥିଲା ।
train/img_05777.jpg,ଉତ୍ତର ଆମେରିକାର କାନାଡ଼ା ଏବଂ ଯୁକ୍ତରାଷ୍ଟ୍ର ଆମେରିକାରେ ଏହା କ୍ରମବର୍ଦ୍ଧମାନ ଏବଂ ସର୍ବାଧିକ ବହୁଳ ବ୍ୟବହୃତ ଭାରତୀୟ ଭାଷାଗୁଡ଼ିକ ମଧ୍ୟରୁ ଏକ ।
train/img_05778.jpg,ମହାନଦୀ ହେଉଛି ଓଡ଼ିଶାର ବୃହତ୍ତମ ନଦୀ ଏବଂ ଭାରତର ଷଷ୍ଠ ବୃହତ୍ତମ ନଦୀ ଏହାର ପ୍ରକୃତ ଉତ୍ପତ୍ତି ଜଣା ପଡିନାହିଁ କିନ୍ତୁ ଛତିଶଗଡର ଧାମଟାରୀ ଜିଲ୍ଲାର ବସ୍ତର ମାଳଭୂମିର ସିହାୱା ପାହାଡରେ ଦୂରତମ ଜଳରାଶି ମିଳିପାରିବ।
train/img_05779.jpg,୧୭୧୯ରେ ଫରାସି ବଣିକମାନେ ଫରାସି ଡିଙ୍ଗାରେ ବାଣିଜ୍ୟ କୋଠିମାନ ସ୍ଥାପନା କରିଥିଲେ ।
train/img_05780.jpg,ଗୁଣ୍ଡିଚା ଘରେ ଷଷ୍ଠୀ ଦିନ ସର୍ବାଙ୍ଗ ନୀତି ନିମନ୍ତେ ଆବଶ୍ୟକୀୟ ଚନ୍ଦନ ଇତ୍ୟାଦି ସାମଗ୍ରୀ ବଡ଼ ଓଡ଼ିଆ ମଠ ଯୋଗାଇଥାଏ।
train/img_05781.jpg,ତୀର୍ଥଙ୍କର
train/img_05782.jpg,"ରାଜ୍ୟ ଯୋଜନା ବୋର୍ଡ ଉପାଧ୍ୟକ୍ଷ ବିଷ୍ଣୁ ଦାସ, ଜିଲ୍ଲା ଯୋଜନା କମିଟି ।"
train/img_05783.jpg,:ଛାଞ୍ଚ:
train/img_05784.jpg,ହଳଧର ନାଗ (ଜନ୍ମ: ୩୧ ମାର୍ଚ୍ଚ ୧୯୫୦) - ସମ୍ବଲପୁରୀ ଭାଷାକୁ ସେ ବରଦାନ ସଦୃଶ ।
train/img_05785.jpg,"ମୈଥିଳୀ ଭାଷା କହୁଥିବା ମୂଳ ଅଧିବାସି ବିହାର, ଝାଡ଼ଖଣ୍ଡ, ପଶ୍ଚିମବଙ୍ଗ ଓ ନେପାଳର ଦକ୍ଷିଣ-ପଶ୍ଚିମ ଭାଗରେ ରହିଥାନ୍ତି ।"
train/img_05786.jpg,ବଳୀ ପାତାଳ ମନ୍ଦିର
train/img_05787.jpg,"ପୂର୍ବରୁ ଏହି ସହରଟି ବହୁ ଲୁଗାକଳ ଓ ବୟନଶିଳ୍ପ ପାଇଁ ପ୍ରସିଦ୍ଧ ଥିଲା, ତେଣୁ ବ୍ରିଟିଶମାନେ ଏହାକୁ ""ମାଞ୍ଚେଷ୍ଟର ଅଫ ଇଷ୍ଟ"" ବୋଲି ନା ଦେଇଥିଲେ ।"
train/img_05788.jpg,ଜାନୁଆରୀ ମଧ୍ୟରୁ ମାର୍ଚ୍ଚ ମଧ୍ୟଭାଗ ଯାଏଁ ବସନ୍ତ ଋତୁର ପ୍ରଭାବ ଦେଖାଯାଏ ଓ ତାପମାତ୍ରା ସର୍ବୋଚ୍ଚ ୩୩ ୪ ସେ ରୁ ୨୨ ୨ ସେ ମଧ୍ୟରେ ରହେ ।
train/img_05789.jpg,"ବଳଦେବଜୀଉ ମନ୍ଦିର, ଇଚ୍ଛାପୁର"
train/img_05790.jpg,ଜଗନ୍ନାଥ ମନ୍ଦିରରେ ଠାକୁରମାନଙ୍କୁ ପିନ୍ଧାଯିବା ସକାଶେ ବିଭିନ୍ନ ଅଳଙ୍କାର ରଖିବା ପାଇଁ ଦେଉଳ ତୋଳା ହେବା ବେଳେ ଏକ ରତ୍ନଭଣ୍ଡାରର ନିର୍ମାଣ କରାଯାଇଥିଲା ।
train/img_05791.jpg,ମୟୁରଭଞ୍ଜରର ବୋଲିରେ ସେଠାକାର ଆଦିବାସୀମାନଙ୍କ ଭାଷାର ଉଚ୍ଚାରଣର ପ୍ରଭାବ ପଡ଼ିଥିଲା ବେଳେ ଉତ୍ତର ବାଲେଶ୍ୱରର ଉଚ୍ଚାରଣ ଭିନ୍ନ ପ୍ରକାରର ।
train/img_05792.jpg,ଏହି ଭାଷାଗୁଡ଼ିକର ଶବ୍ଦରୁ ଦିଆଯାଇଥିବା ତଥ୍ୟର ପୃଷ୍ଠସ୍ତରୀୟ ପର୍ଯ୍ୟବେକ୍ଷଣରୁ ମଧ୍ୟ ସମାନତାଗୁଡ଼ିକୁ ସହଜରେ ଚିହ୍ନିହେବ ।
train/img_05793.jpg,ଡିସେମ୍ବରରୁ ମାର୍ଚ୍ଚ ମାସ ପର୍ଯ୍ୟନ୍ତ ପ୍ରତ୍ୟାବର୍ତ୍ତନ କରୁଥିବା ମୌସୁମୀ ବାୟୁ ବିପରୀତ ଦିଗରେ ପ୍ରବାହିତ ହୋଇଥାଏ ।
train/img_05794.jpg,କନ୍ଦା ଓ ବାଲିଆ ପଥର ବ୍ୟବହାର କରି ଅଠର ନଳା ତିଆରି କରାଯାଇଛି ।
train/img_05795.jpg,ଶ୍ରୀଜଗନ୍ନାଥଙ୍କ ଘୋଷଯାତ୍ରା ମଧ୍ୟ ଜ୍ୟୋତିଷିକ ଦୃଷ୍ଟିକୋଣରୁ ଗୁରୁତ୍ୱପୂର୍ଣ୍ଣ ।
train/img_05796.jpg,ଉନ୍ନତ ଭିତରେ ଗୋପାଳସାଗର (୩୫ ଡେସିମିଲ) ଓ ମାଧପୁର ମୌଜାର ରାଧାମାଧବଜୀଉ (୨୦ ଡେସିମିଲ) ପୋଖରୀ ଅନ୍ତର୍ଭୁକ୍ତ ।
train/img_05797.jpg,ଏହି ମଠର ମହନ୍ତ ରଥଯାତ୍ରା ଓ ବାହୁଡା଼ ଯାତ୍ରା ସମୟରେ ଚାମର ଓ ଆଲଟ ସେବା କରିବାର ଅଧିକାର ରହିଛି।
train/img_05798.jpg,ପାଇକା
train/img_05799.jpg,ଭାରତର ସବୁଠୁ ପୁରୁଣା ଭାଷା ପାଳିରୁ ଓଡ଼ିଆର ତିଆରି ।
train/img_05800.jpg,ଏହା ଆନ୍ଧ୍ର ପ୍ରଦେଶର ସୀମାକୁ ଲାଗିଛି ।
train/img_05801.jpg,ଥେରବାଦ
train/img_05802.jpg,"ସନ ୧୦୦୬ରେ ରାଜା ମର୍କତ କେଶରୀଙ୍କ ଶାସନ କାଳରେ ମହାନଦୀ ଉପରେ ପଥର ବନ୍ଧ ତିଆରି ହୋଇଥିଲା, ଆଉ ଲୋକଙ୍କୁ ବନ୍ୟା ଦାଉରୁ ବଞ୍ଚାଇବା ପାଇଁ ଏହି ପଥରବନ୍ଧ ତିଆରି ପଛରେ ଥିଲେ ସେକାଳର କୁଶଳୀ ବିନ୍ଧାଣି ବାଇଧର ମୁଣ୍ଡି (ଲୋକତୁଣ୍ଡରେ ବାଇମୁଣ୍ଡି ନାମରେ ଜଣାଶୁଣା) ।"
train/img_05803.jpg,ଜକାତ
train/img_05804.jpg,"ମହିଳା: ୬୩,୯୨୧ (୭୧ ୦୮ )"
train/img_05805.jpg,ମରାଠାମାନେ ଜଳେଶ୍ୱରରେ ଥିବା ରାଇବଣିଆ ଦୁର୍ଗଠାରେ ଥିଲେ ।
train/img_05806.jpg,"ନୀଳମାଧବଙ୍କ ଡାହାଣରେ କଳା ମୁଗୁନି ପ୍ରସ୍ତରରେ ନିର୍ମିତ ୧ଫୁଟର ବଂଶୀଧାରୀ ଶ୍ରୀକୃଷ୍ଣ ରହିଛନ୍ତି।ବାମ ପଟେ ୨ ଫୁଟ୍ ଉଚ୍ଚତାର ଦାରୁ ବିଗ୍ରହ ଶ୍ରୀଜଗନ୍ନାଥଙ୍କର ପୂଜା ପାଉଛନ୍ତି।ଶ୍ରୀକୃଷ୍ଣ,ନୀଳମାଧବ ଓ ଶ୍ରୀଜଗନ୍ନାଥ ତ୍ରିଦେବ ହିଁ ନୀଳମାଧବ ନାମରେ ପୂଜା ପାଉଛନ୍ତି।"
train/img_05807.jpg,ଯାନବାହନ
train/img_05808.jpg,ପଞ୍ଚଦଶ ଶତାବ୍ଦୀର ସାରଳା ଦାସ ଓଡ଼ିଆ ସାହିତ୍ୟର ଆଦିକବି ରୂପେ ସ୍ୱୀକୃତ ।
train/img_05809.jpg,ବିମାନ (ମୁଖ୍ୟ ମନ୍ଦିର ବା ଗର୍ଭଗୃହ)
train/img_05810.jpg,"ଇଂରାଜୀ ଓ ହିନ୍ଦୀରେ ""ଓଡ଼ିଶା"" ଓ ""ଓଡ଼ିଆ""କୁ ଓ ତଥା ଓ ଭାବେ ସମ୍ବିଧାନରେ ତଥା ସାଧାରଣରେ ବ୍ୟବହାର କରାଯାଉଥିଲା ।"
train/img_05811.jpg,ଓଡ଼ିଆରେ ଚଳଚ୍ଚିତ୍ର ଶିଳ୍ପ ଆରମ୍ଭ ହେବ ପରେ ପରେ ଅନେକ ପ୍ରଥିତଯଶା କଥାକାରଙ୍କ ଉପନ୍ୟାସ ଓ ନାଟକ ଚଳଚ୍ଚିତ୍ରରେ ସ୍ଥାନ ପାଇବା ଆରମ୍ଭ କଲା ।
train/img_05812.jpg,"ତିନୋଟି ଛୋଟ ନଦୀ ଦହିସର, ପୋଇସର ଓ ଓହିଉଆଡା (ବା ଆଶୀଉଆଡା) ଉଦ୍ୟାନ ଭିତରୁ ବାହାରିଛି, ଯେବେକି ମିଠା ନଦୀ (ମିଠି ନଦୀ) ତୁଳସୀ ହ୍ରଦରୁ ବାହାରିଅଛି ଓ ପଉଅଇ ଏବଂ ବିହାର ହ୍ରଦର ବନ୍ୟାଜଳ ନିଜ ଭିତରକୁ ନେଇଥାଏ।"
train/img_05813.jpg,ଦୀର୍ଘ ୧୯ ବର୍ଷ ପରେ ସାନ୍ତାଳୀ ଭାଷାର ନେତୃତ୍ୱ ମଣ୍ଡଳୀ
train/img_05814.jpg,ଶ୍ରୀ ଐଶାନେଶ୍ୱର ମହାଦେବ
train/img_05815.jpg,"ଶ୍ରୀଲଙ୍କା (ସିଂହଳ), ଜାଭା(ଜବ ଦ୍ୱୀପ), ସୁମାତ୍ରା, ବାଲି, ମିଆଁମାର (ବ୍ରହ୍ମଦେଶ), ଥାଇଲାଣ୍ଡ (ସାମ), କାମ୍ବୋଡ଼ିଆ(କମ୍ବୋଜ), ଭିଏତନାମ (ଚମ୍ପା)), ଚୀନ, ଜାପାନ, କୋରିଆ (କୁକୁଟ), ମେକ୍ସିକୋ (ମକ୍କସିଖ), ଇଜିପ୍ଟ (ମିସର), ଆରବ (ସିମିଳି), ଇରାକ (ବାବିଲନ) ପ୍ରଭୃତି ସ୍ଥାନରେ କଳିଙ୍ଗ ସହ ନିର୍ମାଣ-କଳା ଓ ବାଣିଜ୍ୟ-ସଂସ୍କୃତି-ଇତିହାସ ଆଦି ସମ୍ବନ୍ଧ ଦେଖିବାକୁ ମିଳିଥାଏ ।"
train/img_05816.jpg,ଦାସକାଠିଆ ଏକ ପାରମ୍ପାରିକ ଓଡ଼ିଆ ସଙ୍ଗୀତ-ନାଟ କଳା ।
train/img_05817.jpg,ମାଣିକମୋଡ଼ା
train/img_05818.jpg,ଶ୍ରୀହରି ହେରିନାମ ଯମୁନାୟ
train/img_05819.jpg,ଏତଦବ୍ୟତୀତ ଅଣସର ସମୟରେ ଅଣସର ଗୃହକୁ ଯିବା ନିମନ୍ତେ ସହସ୍ର (ଲୁହାରେ ନିର୍ମିତ ଏକ ଅସ୍ତ୍ର) ନିର୍ମିତ କରି ପତନି ଶାଢ଼ୀ଼ରେ ବାନ୍ଧି ଦଇତାପତିଙ୍କ ଜିମାରେ ଦେଇଥାନ୍ତି।
train/img_05820.jpg,ପଞ୍ଚାୟତ ସମିତିସବୁର ନାମ:
train/img_05821.jpg,ନୂତନ ବିଧାନ ସଭା ବିଧିବଦ୍ଧ ଭାବରେ ଗଠିତ ହୋଇ ନୂତନ ବାଚସ୍ପତି ନିର୍ବାଚିତ ହେବା ପର୍ଯ୍ୟନ୍ତ ବାଚସ୍ପତି ନିଜ ଦାୟିତ୍ୱରେ ରହନ୍ତି ।
train/img_05822.jpg,"ଏକ ସଂସଦୀୟ ଲୋକତନ୍ତ୍ର ହିସାବରେ, ଏହା ୬ ଗୋଟି ସ୍ୱୀକୃତିପ୍ରାପ୍ତ ଜାତୀୟ ରାଜନୈତିକ ଦଳକୁ ନେଇ ଗଠିତ ।"
train/img_05823.jpg,୪) କେବଳ ରାଜ୍ୟ ସଂସ୍କୃତି ଓ ଲୋକସମ୍ପର୍କ ବିଭାଗ ଏହି ସଙ୍ଗୀତକୁ ରେକର୍ଡ଼ କରିପାରିବେ ।
train/img_05824.jpg,ସେ ଯେ ଲଗାଇଲା ହାୟ
train/img_05825.jpg,ସଂସ୍କୃତ ସାହିତ୍ୟକୁ ଓଡ଼ିଶାର ଗୁରୁତ୍ୱପୂର୍ଣ୍ଣ ଅବଦାନ ରହିଛି ।
train/img_05826.jpg,ଭାଜପା- ୧ ବିଜଦ-୯
train/img_05827.jpg,"ଯେଉଁଠାରେ ନାମ ସଙ୍କୀର୍ତ୍ତନ ହୁଏ, ତାହା ପ୍ରଧାନତମ ତୀର୍ଥ ଏବଂ ଯେଉଁଠି ସଙ୍କୀର୍ତ୍ତନକାରୀଙ୍କର ପାଦ ପଡ଼େ ସେହି ସ୍ଥାନ ପବିତ୍ରତମ ।"
train/img_05828.jpg,ସେହିମାନଙ୍କର ପ୍ରଚେଷ୍ଠାରେ ପ୍ରଥମେ କଟକରେ ଆଧୁନିକ ସ୍କୁଲ ଖ୍ରୀ ୧୮୨୨ରେ ପ୍ରତିଷ୍ଠା ହେଲା ।
train/img_05829.jpg,"ପାଲାବାଲାମାନେ ନାନାପ୍ରକାର ବେଶରେ (ଅର୍ଥାତ୍ ମୁଣ୍ଡରେ ପଗଡ଼ି, ଦେହରେ ଚପ୍କନ୍ ପରି ବଡ଼ କୁର୍ତ୍ତା ଅଣ୍ଟାରେ ଘାଗରା ଓ ଗୋଡ଼ରେ ବଳା ବା ଘାଙ୍ଗୁର ପିନ୍ଧି ନାଚିଥାନ୍ତି ।"
train/img_05830.jpg,ବୌଦ୍ଧ ଯୁଗ
train/img_05831.jpg,ନବରଙ୍ଗପୁର ସହର ଏହାର ପ୍ରଶାସନିକ ମୁଖ୍ୟ ସହର ।
train/img_05832.jpg,ଟାଗୋରଙ୍କ ବଡ଼ ଭାଇ ଦ୍ୱିଜେନ୍ଦ୍ରନାଥ ଜଣେ ଦାର୍ଶନିକ ଓ କବି ଥିଲେ ।
train/img_05833.jpg,ଚିଲିକା ହ୍ରଦ
train/img_05834.jpg,"ପ୍ରିନସେପଙ୍କ ଅନୁସାରେ, ଶିଳାଲେଖରେ ଐର ନାମକ ବ୍ୟକ୍ତିଙ୍କ ଉଲ୍ଲେଖ ରହିଛି ।"
train/img_05835.jpg,ଏଠାରେ ନୀଳ ନାମକ ତନ୍ତ୍ର ମାର୍ଗର କେନ୍ଦ୍ର ଥିଲା ।
train/img_05836.jpg,ପ୍ରାୟ ଖ୍ରୀଷ୍ଟପୂର୍ବ ୩୦୦ରୁ ଖ୍ରୀଷ୍ଟାବ୍ଦ ୪୦୦ ପର୍ଯ୍ୟନ୍ତ ଶିଶୁପାଳଗଡ ତୋଷାଳି ନାମରେ ଓ ଖ୍ରୀଷ୍ଟପୂର୍ବ ପ୍ରଥମ ଶତାବ୍ଦୀର ଅଳ୍ପ ସମୟ ପାଇଁ କଳିଙ୍ଗନଗର ନାମରେ ଅଭିହିତ ହେଉଥିଲା ବୋଲି କେତେକ ଐତିହାସିକ ମତ ପୋଷଣ କରିଛନ୍ତି ।
train/img_05837.jpg,ତଥାପି ପ୍ରତ୍ୟେକ ପ୍ରଦେଶରେ ସେଗୁଡ଼ିକର ସ୍ୱାତନ୍ତ୍ର୍ୟ ଅଲଗା ।
train/img_05838.jpg,ମହାପ୍ରଭୁମାନଙ୍କ ପହଣ୍ଡି ପୂର୍ବରୁ ଶ୍ରୀମନ୍ଦିରର କୋଠ ସୁଆଁସିଆ ସେବକମାନେ ଗୁଣ୍ଡିଚା ମନ୍ଦିର ରତ୍ନ ସିଂହାସନ ଏବଂ ସ୍ନାନ ପୂର୍ଣ୍ଣିମାରେ ଶ୍ରୀମନ୍ଦିରସ୍ଥ ରତ୍ନ ସିଂହାସନଠାରେ ଚାରମାଳ ବାନ୍ଧିଥାନ୍ତି।
train/img_05839.jpg,ଭଦ୍ରକ ଜିଲ୍ଲାର ଉପଭାଷାରେ ମାନକ ଓଡ଼ିଆ ସହ ଅଧିକ ସାମଞ୍ଜସ୍ୟ ରହିଛି ।
train/img_05840.jpg,"ବିଧାନ ସଭା ପାଞ୍ଚ ବର୍ଷର ସମୟସୀମା ପୂର୍ବରୁ ଭାଙ୍ଗିଗଲେ , ବାଚସ୍ପତି ପଦ ଶୂନ୍ୟ ରହେନାହିଁ ।"
train/img_05841.jpg,"ଗୋଆଲପଡ଼ା ଜିଲ୍ଲା, କାମରୂପ ଜିଲ୍ଲା, ଶିବସାଗର, କାର୍ବି ଆଙ୍ଗଲଙ୍ଗ ଜିଲ୍ଲା, ପଶ୍ଚିମ ଆସାମ"
train/img_05842.jpg,"ଓଡ଼ିଆ ଉପନ୍ୟାସକୁ କାହ୍ନୁଚରଣ ମହାନ୍ତି, ସୁରେନ୍ଦ୍ର ମହାନ୍ତି, ପ୍ରତିଭା ରାୟ, ସଚି ରାଉତରାୟ,ମନୋଜ ଦାସ, ରାମଚନ୍ଦ୍ର ବେହେରା, ଶାନ୍ତନୁ ଆଚାର୍ଯ୍ୟ, ବିଭୂତି ପଟ୍ଟନାୟକଙ୍କ ଉପନ୍ୟାସସବୁ ବହୁ ଭାବରେ ଉତ୍କୃଷ୍ଟ କରିଛନ୍ତି ।"
train/img_05843.jpg,"ଅର୍ଜୁନ ଦାସ, ଦେବଦୁର୍ଲଭ ଦାସ, ନରସିଂହ ସେଣ, ପାର୍ଥ ଶ୍ରୀଚନ୍ଦନ ପ୍ରତାପରାୟ, ବିଷ୍ଣୁ ଦାସ, ଧନଞ୍ଜୟ, ରଘୁନାଥ ହରିଚନ୍ଦନ, ଉପେନ୍ଦ୍ର ଭଞ୍ଜ, ଦୀନକୃଷ୍ଣ ଦାସ, ଅଭିମନ୍ୟୁ ସାମନ୍ତସିଂହାର, ବ୍ରଜନାଥ ବଡ଼ଜେନା ଓ ଯଦୁମଣି ପ୍ରମୁଖ ଏହି କାଳର କବି ।"
train/img_05844.jpg,ଏହି ବ୍ରାହ୍ମଣ ଓ କରଣମାନେ ଆସି ସେହି ଶ୍ରେବହରଣକୋର ଦେଉଳକରଣଙ୍କୁ ଜଣାଉଥଲେ ।
train/img_05845.jpg,"ଚାହିଁ ଶୋଭାବନ ଯିବକି ଜୀବନ, ହେଉ ତୋ ଯୌବନ ସାହାରେ ।।"
train/img_05846.jpg,କାମାକ୍ଷାନଗର: ୨୦ଟି ପଞ୍ଚାୟତ
train/img_05847.jpg,ସମ୍ବର ହେଉଛି ଓଡ଼ିଶାର ରାଜ୍ୟ ପଶୁ
train/img_05848.jpg,"ଟୋଲେମିଙ୍କ ଲେଖାରେ କିନ୍ତୁ ଅନେକ ମୂଖ୍ୟ ବନ୍ଦର ଯଥା ମାଣିକପାଟଣା, କଳିଙ୍ଗପାଟଣା, ପାଲୁର, ପିଥୁଣ୍ଡ, ଚେଲିତାଲୋ, ଖଳକଟ୍ଟପାଟଣା ଆଦିର ଉଲ୍ଲେଖ ନାହିଁ ।"
train/img_05849.jpg,ଏଥି ଉପରେ ଛନ୍ଦା ପକାଇବ।
train/img_05850.jpg,ଶ୍ରୀଚୈତନ୍ୟଙ୍କ ପାଦୁକା ନିକଟସ୍ଥ କୁଆଁସ ଗ୍ରାମରେ ଏବେ ବି ପୂଜା ପାଉଛି।
train/img_05851.jpg,ତ୍ରୟୋଦଶ ଶତାଦ୍ଦୀ ପୂର୍ବରୁ ରଚିତ ସ୍କନ୍ଧ ପୁରାଣ ଉତ୍କଳ ଖଣ୍ଡର ପୁରୁଷୋତ୍ତମ ମାହାତ୍ମ୍ୟରେ ରଥଯାତ୍ରାର ସବିଶେଷ ବିବରଣୀ ବର୍ଣ୍ଣନା ରହିଛି।
train/img_05852.jpg,ନବୀନ ମେଘେତ ଯେନ ଦିଜଲି ବିରାଜେ ।
train/img_05853.jpg,କୋରାପୁଟ ଜିଲ୍ଲାର
train/img_05854.jpg,ମହନଦୀ କୂଳରେ ଥିବା ଶ୍ରୀ ରାମଚନ୍ଦ୍ର ଭଞ୍ଜ ଭେଷଜ ମହାବିଦ୍ୟାଳୟ ଓ ଡାକ୍ତରଖାନା ଓଡ଼ିଶାର ସର୍ବ ପୁରାତନ ଓ ସର୍ବବୃହତ ଅଟେ।
train/img_05855.jpg,ଏଠାରେ ଆବିଷ୍କୃତ ପୁରାତନ ଉପକରଣରୁ ଜଣାପଡେ ଯେ ଏହା ଏକ ପ୍ରାଚୀନ ବୋଇତ ନିର୍ମାଣ କେନ୍ଦ୍ର ଥିଲା ।
train/img_05856.jpg,ଯୁକ୍ତରାଷ୍ଟ୍ର ଆମେରିକା ହେଉଛି ଏକ ଫେଡେରାଲ୍ ରିପବ୍ଲିକ୍ ଯେଉଁଥିରେ ଦ୍ୱିପାକ୍ଷିକ ବିଧାନ ସଭା ଅନ୍ତର୍ଭୁକ୍ତ।
train/img_05857.jpg,ସେ ୧୧୯ଟି କବିତା ସହ ଏକ ସଂକ୍ଷିପ୍ତ ସମ୍ବଲପୁରୀ ବ୍ୟାକରଣ ପୁସ୍ତକ ପ୍ରକାଶ କରିଥିଲେ ।
train/img_05858.jpg,ଧାର୍ମିକ ଯୋଗ୍ୟତା
train/img_05859.jpg,"ଷୋହଳ ବର୍ଷ ବୟସରେ, ସେ ଭାନୁସିଂହ ନାମକ ଛଦ୍ମ ନାମ ଉପଯୋଗ କରି ନିଜର କବିତାକୁ ଉନ୍ମୋଚନ କରିଥିଲେ ।"
train/img_05860.jpg,"ପୁରୁଷ: ୭,୪୮,୩୩୨"
train/img_05861.jpg,ମହିମା ଧର୍ମ
train/img_05862.jpg,"କେତେଜଣ ଜଣାଶୁଣା ବିଜ୍ଞାନ କାହାଣୀ ଲେଖକଙ୍କ ଭିତରେ ଗୋକୁଳାନନ୍ଦ ମହାପାତ୍ର, ଜଗନ୍ନାଥ ମହାନ୍ତି, ରମେଶ ଚନ୍ଦ୍ର ପରିଡା, ମାୟାଧାର ସ୍ୱାଇଁ, ହିମାଂଶୁ ଶେଖର ଫତେସିଂହ, ନିତ୍ୟାନନ୍ଦ ସ୍ୱାଇଁ, ଦେବକାନ୍ତ ମିଶ୍ର, ବସନ୍ତ କୁମାର ଦାସ ଆଦି ଅନ୍ୟତମ ।"
train/img_05863.jpg,"ନାଟୁଆମାନେ ମୁହଁରେ ମଧ୍ୟ ଶୃଙ୍ଗାର କରିଥାନ୍ତି, ଆଖିରେ ସୁରମା ଓ ମୁହଁରେ କୁଙ୍କୁମରେ ଚିତା ଆଙ୍କିଥାନ୍ତି ।"
train/img_05864.jpg,ସେ ତାଳପତ୍ର ପୋଥିରେ ୧୮ ଖଣ୍ଡ ମହାଭାରତ ଲେଖିଥିଲେ ।
train/img_05865.jpg,ପ୍ରତ୍ୟେକ ଚକର ଉଚ୍ଚତା ୬ ଫୁଟ ୬ ଇଞ୍ଚ।
train/img_05866.jpg,ଓଡ଼ିଶାରେ ଦଣ୍ଡ ନାଟ - -
train/img_05867.jpg,ଏହା ସହିତ ଜଡ଼ିତ ସଙ୍ଗୀତକୁ ପାନ୍ତାଶାଲିଆ ଝୁମର କୁହାଯାଏ ।
train/img_05868.jpg,କହିଛେ ବୁଧ ସାଧୁ ଜନା
train/img_05869.jpg,ତରକାରୀ
train/img_05870.jpg,ଏହି ଅଞ୍ଚଳଗୁଡ଼ିକ ତତ୍କାଳୀନ ‘ଅଳତୀ ପ୍ରଗଣା’ ଭୁକ୍ତ ହୋଇଥିଲା ।
train/img_05871.jpg,ଉଭୟ ବାଚସ୍ପତି ଓ ଉପବାଚସ୍ପତି ଗୃହର ସଦସ୍ୟମାନଙ୍କଦ୍ୱାରା ନିର୍ବାଚିତ ଓ ବହିଷୃତ ହୁଅନ୍ତି ।
train/img_05872.jpg,"କପିଳେଶ୍ୱର ଶିଳାଲିପିରୁ ଏହା ସୁସ୍ପଷ୍ଟ ଯେ ଶାକ୍ୟ ମୁନି ବୁଦ୍ଧଙ୍କ ଜନ୍ମସ୍ଥଳୀ, କର୍ମସ୍ଥଳୀ, ବୌଦ୍ଧ ସଂସ୍କୃତିର ଅଭିବୃଦ୍ଧି, ପ୍ରମୁଖ ପ୍ରଚାର, ପ୍ରସାରର ସ୍ଥଳୀ କଳିଙ୍ଗ ହିଁ ଥିଲା ।"
train/img_05873.jpg,"ଏହି ଆଦି ମାତୃକାମାନେ ହେଲେ:-୧) ଦେବୀ ସରସ୍ୱତୀ,୨) ଦେବୀ ଗାୟତ୍ରୀ, ୩) ଦେବୀ ସାବିତ୍ରୀ, ୪) ଷଷ୍ଠୀ ଓ ୫) ଭୁବନେଶ୍ୱରୀଦେବୀ।ଏହି ପଞ୍ଚ ମାତୃକା ଆଦି ଲୋକ ମାତୃକା ରୂପେ ବେଶ୍ ପରିଚିତ ଓ ପୂଜିତା।"
train/img_05874.jpg,ସର୍ବାଧିକ ବୃଷ୍ଟି ବହୁଳ ଅଞ୍ଚଳ ଚେରାପୁଞ୍ଜି
train/img_05875.jpg,ପୁରୁଣା ଗୁଜରାଟୀ
train/img_05876.jpg,ଭୁଜାର ମଜା ରସୁନ୍ ପେଆଜ୍
train/img_05877.jpg,"ସେଥି ମଧ୍ୟରୁ ୧,୮୫,୫୮୪ (୫୨ ୧୫ ) ଜଣ ପୁରୁଷ ହୋଇଥିବା ବେଳେ ୧,୭୦,୨୩୯ (୪୭ ୮୫ ) ଜଣ ନାରୀ ଅଟନ୍ତି ।"
train/img_05878.jpg,ଶେଷ ଦିନରେ ବରହମପୁରା ମନ୍ଦିରର ମହାପୁରୁ ରାଜ୍ୟ ଅଭିଷେକ ଅବତାରରେ ଧାରଣ କରନ୍ତି ।
train/img_05879.jpg,ପ୍ରତି ବର୍ଷ ପ୍ରଶାସନ ପକ୍ଷରୁ ଓଝା ମହାରଣାଙ୍କୁ ଏକ ନିର୍ଦ୍ଦିଷ୍ଟ ପରିମାଣର ଅର୍ଥ ପାରିଶ୍ରମିକ ରୂପେ ପ୍ରଦାନ କରାଯାଇଥାଏ।
train/img_05880.jpg,ଦେବୀ ସର୍ବମଙ୍ଗଳା ଚତୁର୍ଭୁଜା ଓ ତ୍ରିନେତ୍ରୀ ଅଟନ୍ତି ।
train/img_05881.jpg,ବଙ୍ଗଳାଦେଶ ବିଶ୍ୱର ତୃତୀୟ ବୃହତ୍ତମ ମୁସଲମାନ ଦେଶ ଭାବରେ ପରିଗଣିତ ।
train/img_05882.jpg,ସରକାରୀ ଗୃହ ପୃଷ୍ଠା
train/img_05883.jpg,ଏହାର ସୀମାରେଖା ମଧ୍ୟ ଅନେକ ସମୟରେ ପରିବର୍ତ୍ତିତ ହୋଇଛି ।
train/img_05884.jpg,ଏ ଅଞ୍ଚଳର ନୌବାଣିଜ୍ୟ ଭିତ୍ତିଭୂମିକୁ ଆଧାର କରି ଗଢ଼ି ଉଠିଛି ପାରାଦୀପ ବନ୍ଦର ।
train/img_05885.jpg,କଟକର ଚୌଦ୍ୱାରଠାରେ ଦେଶର ସର୍ବବୃହତ୍ ଫେରୋ ଆଲୟ ଉତ୍ପାଦକ ଇମ୍ଫା ( - )ର କାରଖାନା ରହିଛି
train/img_05886.jpg,"‘‘ହାତେ ମାରିଲେ ସହିନେଲି, ଭାତେ ମାରିଲେ ସହିନେଲି"
train/img_05887.jpg,ଗୌତମ ବୁଦ୍ଧ
train/img_05888.jpg,ଜାଗାର ନାମକରଣ
train/img_05889.jpg,ସୁଦୂର ଅତୀତରେ ଲିପିର ଅଭାବ ହେତୁ ମୁଖସ୍ଥ କରିବା ଥିଲା ସାହିତ୍ୟକୁ ବଞ୍ଚାଇ ରଖିବାର ଏକ ମାତ୍ର ଉପାୟ ।
train/img_05890.jpg,ଇତିହାସ
train/img_05891.jpg,ଛବି ସଂକଳନ
train/img_05892.jpg,"ଏହି ସୁନାବେଶ ପ୍ରଚଳନର ଇତିହାସ ସମ୍ପର୍କରେ ଜଣାଯାଏ ଯେ, ଓଡ଼ିଆ ଜାତିର ପରମାରାଧ୍ୟ ଶ୍ରୀଜଗନ୍ନାଥଙ୍କୁ ରାଷ୍ଟ୍ର ଦେବତା ରୂପେ ସ୍ୱୀକାର କରି ଏ ରାଜ୍ୟର ରାଜା ମହାରାଜାମାନେ ସ୍ୱୟଂ ରାଉତ ବା ଆଦେଶ ବାହକ ରୂପେ ମହାପ୍ରଭୁଙ୍କ ସେବା ନିର୍ବାହ କରିଥିବା ପ୍ରମାଣ ଶିଳାଲେଖରୁ ମିଳୁଅଛି।"
train/img_05893.jpg,ସେ ସମୟରେ ଓଡ଼ିଶାର ଜଣାଶୁଣା ପଣ୍ଡିତ ଜ୍ଞାନୀ ଦେଶଭକ୍ତମାନେ ଏହି ବିଦ୍ୟାଳୟର ଶିକ୍ଷକ ଥିଲେ ।
train/img_05894.jpg,ମାତ୍ର ଝୁମର କହିଲେ ଶୃଙ୍ଗାର ରସର ଏକ ଆଧାର ବୋଲି ବୁଝାଯାଏ ।’’ କେତେଗୋଟି ଉଦାହରଣ ଏହି ପରିପ୍ରେକ୍ଷୀରେ-
train/img_05895.jpg,ସ୍ୱର୍ଗତଃ କୋହ୍ଲ ଚରଣ ସାହୁଙ୍କଦ୍ୱାରା ପରିଚାଳିତ ରାବଣଛାୟା ଆଜି ସାରା ପୃଥିବୀରେ ପରିଚିତ ।
train/img_05896.jpg,ଭୂଗୋଳ
train/img_05897.jpg,ଧଉଳି ପାହାଡ଼ରେ ଥିବା ଅଶୋକଙ୍କ ସ୍ୱତନ୍ତ୍ର କଳିଙ୍ଗ ଶିଳାଲିପି ନିକଟରେ ପଥର କାନ୍ଥରେ ଖୋଦିତ ହାତୀର ସମ୍ମୁଖ ଭାଗ ଓଡ଼ିଶାର ସର୍ବପ୍ରାଚୀନ ପ୍ରସ୍ତର କଳାକୃତି ମଧ୍ୟରୁ ଅନ୍ୟତମ ।
train/img_05898.jpg,ସହରର ଶିକ୍ଷା ବିଷୟକୁ ବିଚାରକୁ ନେଲେ ବିଶ୍ୱ ପ୍ରସିଦ୍ଧ ଲିଙ୍ଗରାଜ ମନ୍ଦିରକୁ ଲାଗି ୧୯୪୦ ମସିହାରୁ ଭକ୍ତ କବି ମଧୁସୂଦନ ବିଦ୍ୟାପୀଠ ନାମରେ ଏକ ଉଚ୍ଚ ବିଦ୍ୟାଳୟ ଏଠାରେ ସ୍ଥାପିତା ପରେ ପରେ ୧୯୭୦ ମସିହାରେ ରାଜଧାନୀରେ ସର୍ବପ୍ରଥମ ଉଚ୍ଚ ବିଦ୍ୟାଳୟ ୟୁନିଟ-୨ ସର୍ଦ୍ଦାର ପଟେଲ ହଲ ସନ୍ନିକଟରେ ସ୍ଥାପିତ ହୋଇଥିଲା ।
train/img_05899.jpg,ଶ୍ରୀ କପାଳ ମୋଚନ
train/img_05900.jpg,କଟକଠାରେ ଓଡ଼ିଶାର ଉଚ୍ଚ ନ୍ୟାୟାଳୟ ଅବସ୍ଥିତ ।
train/img_05901.jpg,ଭଗବାନ ନରନାରାୟଣ ସତ୍ୟଯୁଗରେ ବଦ୍ରିକାଶ୍ରମରେ ତପସ୍ୟା କରି ତାକୁ ତପୋଭୂମି ରୂପରେ ସତ୍ୟଯୁଗର ଧାମ ରୂପରେ ପ୍ରତିଷ୍ଠା କରିଲେ ।
train/img_05902.jpg,ଆଧୁନିକ ଥାଇଲ୍ୟାଣ୍ଡର କିଛି ଭାଗ ସେହି ଅଞ୍ଚଳଗୁଡ଼ିକୁ ନେଇ ଗଠିତ
train/img_05903.jpg,ଦଣ୍ଡାହଳିଆ ବା କାଠିନାଚ
train/img_05904.jpg,ଉତ୍ତରରେ : କନ୍ଧମାଳ ଜିଲ୍ଲା
train/img_05905.jpg,"ଖଣ୍ଡଗିରିର ଗୁମ୍ଫାଗୁଡ଼ିକ ମଧ୍ୟରୁ ଅନନ୍ତଗୁମ୍ଫା, ନବମୁନି ଗୁମ୍ଫା, ବାରଭୁଜି ଗୁମ୍ଫା ଓ ଲଲାଟେନ୍ଦୁକେଶରୀ ଗୁମ୍ଫା ଦଶମ-ଏକାଦଶ ଶତାବ୍ଦୀରେ ଖୋଦିତ ହୋଇଥିବା ପ୍ରମାଣ ମିଳେ ।"
train/img_05906.jpg,ପଶ୍ଚିମରେ: କଳାହାଣ୍ଡି ଜିଲ୍ଲା
train/img_05907.jpg,ବାଲେଶ୍ୱର କଲେଜ ଅଫ ଇଞ୍ଜିନିଅରିଙ୍ଗ ଆଣ୍ଡ ଟେକନୋଲୋଜି
train/img_05908.jpg,ଶିଳ୍ପ ବିକାଶ
train/img_05909.jpg,ଏହି ସହର ଦୟାନଦୀ ଏବଂ କୁଆଖାଇ ନଦୀ ମଧ୍ୟରେ ଅବସ୍ଥିତ ।
train/img_05910.jpg,ଗ୍ୟାଲେରି ଓ ତଥ୍ୟ
train/img_05911.jpg,"ପରମ୍ପରା ମୁତାବକ ନାଲି ଚାରୋଟି ଘୋଡ଼ା (ରୋଚିକା, ମୋଚିକା, ଜିତା, ଅପରାଜିତା) ସ୍ଥାପନ କରାଯାଏ ।"
train/img_05912.jpg,ନିକଟତମ ବିମାନଘାଟି: ଭୁବନେଶ୍ୱର (୧୯୧ କି ମି ) ଓ କଲିକତା ଯାହାକି ଏଠାରୁ ପ୍ରାୟ ସାଢେ ୩ ଘଣ୍ଟାର ବାଟ ।
train/img_05913.jpg,ଏହି ସବୁ ପର୍ବପର୍ବାଣି ଓ ଓଷା ବ୍ରତ ଜନଜୀବନରେ ଧର୍ମୀୟ ଚେତନା ଦୃଢିଭୂତ କରିବାରେ ସହାୟକ ହୋଇଥାଏ ।
train/img_05914.jpg,ତୁଳସୀ ଓ ବିହାର ହ୍ରଦ ବୋରିବଲି ଜାତୀୟ ଉଦ୍ୟାନରେ ସହର ନଗର ପାଳିକାର ସୀମା ମଧ୍ୟରେ ଅବସ୍ଥିତ।
train/img_05915.jpg,"ତାଙ୍କ ଲେଖାଗୁଡ଼ିକ ଏକାଠି ଗୁନ୍ଥାଯାଇ ""ଲୋକକବି ହଳଧର ଗ୍ରନ୍ଥାବଳୀ"" ଏବଂ ""ସୁରାଟ"" ପ୍ରସ୍ତୁତ କରାଯାଇଛି ।"
train/img_05916.jpg,ଭୂଟାନରେ ମଧ୍ୟ କିଛିସଂଖ୍ଯକ ଅସମୀୟା ଭାଷୀ ଲୋକ ଅଛନ୍ତି ।
train/img_05917.jpg,ନିକଟସ୍ଥ ଭୀମପୁରରେ ଥିବା ଭୀମଶଙ୍କର ଜ୍ୟୋତିର୍ଲିଙ୍ଗ(ଡାକିନ୍ୟାଂ) ମନ୍ଦିର ।
train/img_05918.jpg,ଏତଦବ୍ୟତୀତ କଟକ ଚଣ୍ଡୀ ମନ୍ଦିର ଓ ଭଟ୍ଟାରିକା ମନ୍ଦିର ମଧ୍ୟ କଟକର ଶୋଭା ବୃଦ୍ଧି କରୁଛନ୍ତି ।
train/img_05919.jpg,୧୬ଶ-୧୭ଶ ଶତାବ୍ଦୀ
train/img_05920.jpg,"ମହାବିଦ୍ୟାଳୟ ଓ ସ୍ୱାସ୍ଥକେନ୍ଦ୍ର, ପୁରୀ"
train/img_05921.jpg,ପୁରୀ ସମ୍ବଲପୁର ବୁଲାଇ ଆରିଲି
train/img_05922.jpg,କନ୍ଧମାଳ ଜିଲା ଓଡ଼ିଶାର ମଧ୍ୟ ଭାଗରେ ଅବସ୍ଥିତ ଏକ ଜିଲ୍ଲା ।
train/img_05923.jpg,"ଜଣାଗଲା ଏବେ, ତୋର ସବୁ ଛଳନା ।"
train/img_05924.jpg,ଭାରତର ଭାଷା ସମୂହ
train/img_05925.jpg,ଫେକର: ଏହା ଦେଶର ଏକ ପ୍ରମୁଖ ଫେରୋକ୍ରୋମ ଉତ୍ପାଦନ କରୁଥିବା କାରଖାନା।
train/img_05926.jpg,ତା ପରେ ରାଜା ପ୍ରତାପ ବଳଭଦ୍ର ଭଞ୍ଜଙ୍କ (୧୭୬୪-୧୭୯୨) ସମୟରେ ଟିଲୋ ଓ ଯୁଝପଡ଼ା ଅଞ୍ଚଳ ଦୁଇଟିକୁକଣ୍ଟାଝରି ଜମିଦାରୀରୁ କିଣାଯାଇ ରାଜ୍ୟରେ ମିଶାଗଲା ।
train/img_05927.jpg,୧୫୭୫ ଖ୍ରୀଷ୍ଟାବ୍ଦ ଅପ୍ରେଲ ୧୨ ତାରିଖରେ ଆକବର ଭଦ୍ରକକୁ ଏକ ସ୍ୱତନ୍ତ୍ର ଡିଭିଜନ (ସର୍କାର) ହିସାବରେ ଘୋଷଣା କରିଥିଲେ।
train/img_05928.jpg,ଏହାର ପତ୍ର ଗୁଡ଼ିକ କେନ୍ଦୁ ପତ୍ର ପରି ଦିଶେ ।
train/img_05929.jpg,"ଏଠାରେ ପତିମହାପାତ୍ର ପ୍ରସାଦ ଲାଗି, ବନ୍ଦାପନା, ଚାମର ଆଲଟ,ଘସା ବିଡିଆ ଓ ହଦି ପଟି ମଣୋହି କରନ୍ତି।"
train/img_05930.jpg,"ପଞ୍ଜାବୀ (ସାମୁଖୀ: : : / : ( ); ଗୁରୁମୁଖୀ: ) ହେଉଛି ଏକ ଇଣ୍ଡୋ-ଆର୍ଯ୍ୟ ଭାଷା, ଯାହା ବିଶ୍ୱବ୍ୟାପୀ ୧୧୦ ନିୟୁତ ସ୍ଥାନୀୟ ଲୋକଙ୍କଦ୍ୱାରା କୁହାଯାଇଥାଏ, ଯାହା ଏହାକୁ ପୃଥିବୀରେ ୧୦ମ ଅଧିକ କୁହାଯାଉଥିବା ଭାଷା (୨୦୧୫))ରେ ପରିଣତ କରିଛି ।"
train/img_05931.jpg,"୧୯୧୯ ମସିହାରେ, ପ୍ୟାରିସ୍ ଶାନ୍ତି ସମ୍ମିଳନୀରେ ରାଷ୍ଟ୍ରପତି ୱଡ୍ରୋ ୱିଲସନ ଏକ ଅଗ୍ରଣୀ କୂଟନୈତିକ ଭୂମିକା ଗ୍ରହଣ କରିଥିଲେ ଏବଂ ଲିଗ୍ ଅଫ୍ ନେସନ୍ସରେ ଯୋଗଦେବା ପାଇଁ ଆମେରିକାର ଦୃଢ଼ ସମର୍ଥନ କରିଥିଲେ।"
train/img_05932.jpg,"୧) ସଙ୍ଗୀତର ପ୍ରଥମ, ଚତୁର୍ଥ ଓ ଶେଷ ପଦକୁ ରାଜ୍ୟ ସଙ୍ଗୀତ ଭାବରେ ଗାନ କରାଯିବ ।"
train/img_05933.jpg,ବୌଦ୍ଧ (୦୮୬)
train/img_05934.jpg,ନାଲି ଓ ହଳଦିଆ ରଙ୍ଗର କପଡ଼ାରେ ରଥାବରଣ କରାଯାଏ ।
train/img_05935.jpg,"ପାତାଳୀ ଶ୍ରୀକ୍ଷେତ୍ର, କୋଟସମଲାଏ: କୋଟ ସମଲାଏ: କୋଟସମଲାଏ ପାହାଡ଼ ଉପରେ ଥିବା ଏକ ସୁନ୍ଦର ଜଗନ୍ନାଥ ମନ୍ଦିର ।"
train/img_05936.jpg,"ଅଷ୍ଟାଦଶ ଶତାବ୍ଦୀଠାରୁ ଓଡ଼ିଶାରେ ଖ୍ରୀଷ୍ଟିଆନ ଧର୍ମଯାଜକମାନଙ୍କ ଆଗମନ ଘଟି ରୋମାନ କ୍ୟାଥଲିକ, ପ୍ରୋଟେଷ୍ଟାଣ୍ଟ ଓ ବାପଟିଷ୍ଟ୍ ପ୍ରଭୃତି ଖ୍ରୀଷ୍ଟିଆନ ସଂପ୍ରଦାୟମାନଙ୍କ ସୃଷ୍ଟି ହେଲା ।"
train/img_05937.jpg,"-ପଡ଼ା / ପଦା - ଅମଲାପଡ଼ା , କେନ୍ଦ୍ରାପଡ଼ା , ଭାଟପଡ଼ା , ବାରିପଦା ଇତ୍ୟାଦି"
train/img_05938.jpg,"ବଡ଼ ଦେଉଳର ଉତ୍ତର ପଶ୍ଚିମ ଦିଗରେ ମାର୍କଣ୍ଡେଶ୍ୱର ସାହି ରହିଛି।ଏହା ପୁରୀର ଏକ ସର୍ବ ପୁରାତନ ସାହିମାନଙ୍କ ମଧ୍ୟରୁ ଗୋଟିଏ।ଏହି ସାହିର ଶେଷରେ ମାର୍କଣ୍ଡେଶ୍ୱର ସରୋବର ଏବଂ ସରୋବର କୂଳରେ ମାର୍କଣ୍ଡେଶ୍ୱର ମହାଦେବ ମନ୍ଦିର ବିଦ୍ୟମାନ।ଏଠାରେ ଆଗରୁ ସପ୍ତ ମାତୃକା ମୂର୍ତ୍ତି ପୂଜା ପାଉଥିଲେ।କାଳକ୍ରମେ ଶାକ୍ତମାନଙ୍କ ପୂଜା ଉପାସନା ସହ ଶିବ ଉପସକମାନଙ୍କ ପୂଜା ଉପାସନା ଯୋଡ଼ି ହୋଇ ବର୍ତ୍ତମାନ ଶିବ ଶାକ୍ତ ଉପାସନା ସ୍ଥଳୀ ରୂପେ ଏହା ପ୍ରସିଦ୍ଧି ଲାଭ କରିଛି।ମାର୍କଣ୍ଡେଶ୍ୱର ଜଳାଶୟ ବହୁ ପୁରାତନ ଓ ଏକ ତୀର୍ଥକ୍ଷେତ୍ର ମଧ୍ୟ ।ଐତିହାସିକମାନେ ମତ ଦିଅନ୍ତି ଯେ, ଏହି ଜଳାଶୟ ଏକାଦଶ ଶତାବ୍ଦୀର ମଧ୍ୟ ଭାଗରେ ଚୋଡ଼ଗଙ୍ଗ ଦେବ ଖନନ କରାଇଥିଲେ।ଶ୍ରୀକ୍ଷେତ୍ରାଗତ ଶ୍ରଦ୍ଧାଳୁମାନେ ଏହି ପବିତ୍ର ଜଳାଶୟରେ ବୁଡ଼ ପକାଇ ମାର୍କଣ୍ଡେଶ୍ୱର ପ୍ରଭୁଙ୍କୁ ଦର୍ଶନ କରି ଶ୍ରୀମନ୍ଦିର ଯାଉଥିଲେ।ଏହିଠାରେ ଶ୍ରୀମନ୍ଦିରର କାଳୀୟଦଳନ ନୀତି ଓ ବଳଭଦ୍ରଙ୍କ ଜନ୍ମନୀତି ଅନୁଷ୍ଠିତ ହେଉଅଛି।"
train/img_05939.jpg,"କିଛି ଐତିହାସିକମାନଙ୍କ ମତରେ, ଛାଡ଼ଖାଇରୁ ଶୀତ ଋତୁର ମାତ୍ରା ପ୍ରବଳ ହୋଇଯାଏ ।"
train/img_05940.jpg,ଏଥି ଉପରେ ପାରାଭାଡି ଭୂଇଁ ୩ ଚଉଠ ୮ଅଙ୍ଗୁଳରେ ଚଉତାଳ କରି ବସାଇବ।
train/img_05941.jpg,ଏହି ସହର ଦୟାନଦୀ ଏବଂ କୁଆଖାଇ ନଦୀ ମଧ୍ୟରେ ଅବସ୍ଥିତ ।
train/img_05942.jpg,ଦୈନିକ ନମାଜ ପଢ଼ିବା ଛଡ଼ା ସପ୍ତାହ ମଧ୍ୟରେ ପ୍ରତି ଶୁକ୍ରବାର ଦିନ ମସଜିଦରେ ମୁସଲମାନମାନେ ଏକତ୍ର ହୋଇ ଆଲ୍ଲାଙ୍କୁ ଉପାସନା କରନ୍ତି ।
train/img_05943.jpg,୮ମ-୯ମ ଶତାବ୍ଦୀ
train/img_05944.jpg,ନିମ୍ନରେ ସେହି ବିବରଣୀର ସାରମର୍ମ ଉଲ୍ଲେଖ କରାଯାଇଛି -
train/img_05945.jpg,"ପ୍ରାୟ ଏକ ହଜାର ମିଟରରୁ ଉର୍ଦ୍ଧ କନା ତିନି ରଥର ମଣ୍ଡଣି,ଘେର,ଚାନ୍ଦୁଆ ନିମନ୍ତେ ଆବଶ୍ୟକ ହୋଇଥାଏ।"
train/img_05946.jpg,"ଟାଗୋର ବହୁତ ପରିମାଣରେ ବିଦ୍ୟାଳୟଠାରୁ, ଶିକ୍ଷାଠୁ ଦୂରରେ ରହୁଥିଲେ, ଓ ସେ ତାଙ୍କ ପରିବାର ସହ ବୋଲପୁର ଏବଂ ପାନୀହାତ ବୁଲିବା ପସନ୍ଦ କରୁଥିଲେ ।"
train/img_05947.jpg,ଅଧୁନା କଟକ ନଗରରେ ୨୦ଟି ପୁଲିସ ଥାନା ଅଛି ।
train/img_05948.jpg,"ବାଲିର ଡାଲଚିନି, ଲମ୍ବା ଗୋଲମରିଚ, ଧଳା ଗୋଲମରିଚ, ଅଳେଇଚ, ମୁକ୍ତା ଓ ମୂଲ୍ୟବାନ୍ ପଥର, ରେଶମ, ଗନ୍ଧକର୍ପୁର, ମହୁମାଛି ଫେଣାର ମହମ ଓ ଚନ୍ଦନ କାଠ କଳିଙ୍ଗର ବ୍ୟବସାୟୀମାନଙ୍କୁ ଆକୃଷ୍ଟ କରୁଥିଲା ।"
train/img_05949.jpg,"ତିନୋଟି ରାଜ୍ୟ ଏବଂ ଚାରିଟି ଆମେରିକୀୟ ଅଞ୍ଚଳ ହାୱାଇ (ହାୱାଇ), ଆଲାସ୍କା (କୋଡ଼ିଏଟି ଦେଶୀୟ ଭାଷା), ଦକ୍ଷିଣ ଡାକୋଟା (ସିଓକ୍ସ) ଇଂରାଜୀ ବ୍ୟତୀତ ସ୍ଥାନୀୟ କିମ୍ବା ସ୍ୱଦେଶୀ ଭାଷାକୁ ସ୍ୱୀକୃତି ଦେଇଛନ୍ତି ପୁଏର୍ତୋ ରିକୋ (ସ୍ପାନିଶ୍), ଗୁଆମ୍ (ଚାମୋରୋ), ଏବଂ ଉତ୍ତର ମାରିଆନା ଦ୍ୱୀପପୁଞ୍ଜ (କାରୋଲିନିଆନ୍ ଏବଂ ଚାମୋରୋ) ଭାଷାକୁ ସ୍ୱୀକୃତି ଦେଇଛନ୍ତି ପୁଏର୍ତୋ ରିକୋରେ ଇଂରାଜୀ ଅପେକ୍ଷା ସ୍ପାନିଶ୍ ଅଧିକ କଥିତ ନିମ୍ନ ସାରଣୀରେ କିଛି ମୁଖ୍ୟ ଭାଷାର ବ୍ୟବହାରକାରୀ ସଂଖ୍ୟା ଦିଆଗଲା।"
train/img_05950.jpg,ନୃତ୍ୟ ଆରମ୍ଭରେ ନର୍ତ୍ତକୀ ଶ୍ରୀଜଗନ୍ନାଥଙ୍କୁ ପୁଷ୍ପାଞ୍ଜଳୀଦ୍ୱାରା ପ୍ରଣାମ ନିବେଦନ କରି ଶେଷରେ ମୋକ୍ଷ ଲାଭ କାମନା କରି ପ୍ରଣତି ଜଣାଇଥାନ୍ତି ।
train/img_05951.jpg,ଲଙ୍କା ପୋଡ଼ି: ଭାଦ୍ରବ ମାସର ସପ୍ତପୁରୀ ଅମାବାସ୍ୟା ଅବସରରେ ଲଙ୍କା ପୋଡ଼ି ଉତ୍ସବ ପାଳନ କରାଯାଇଥାଏ ।
train/img_05952.jpg,ରୀତିଯୁଗ (୧୮୫୦-୧୯୫୦) : ଏହି ସମୟ ଝୁମର ଇତିହାସର ମହତ୍ତ୍ୱପୂର୍ଣ୍ଣ କାଳ ।
train/img_05953.jpg,"ପୁରାଣରୁ ଜଣାଯାଏ , ପ୍ରାଚୀନ କାଳରେ ପୃଥିବୀ ସାତଟି ଦ୍ୱୀପରେ ବିଭକ୍ତ ଥିଲା ।"
train/img_05954.jpg,ପ୍ରତିବର୍ଷ ଶ୍ରୀଜଗନ୍ନାଥ ମହାପ୍ରଭୁଙ୍କ ପ୍ରସିଦ୍ଧ ରଥଯାତ୍ରା ଉପଲକ୍ଷେ ତିନୋଟି ରଥ ପରମ୍ପରା ପ୍ରକାରେ ନିର୍ମିତ ହୋଇ ଆସୁଅଛି।
train/img_05955.jpg,ଧ୍ୱଜପମୂର୍ତ୍ତି: ପଞ୍ଚମୁଖୀ ହନୁମାନ ।
train/img_05956.jpg,ଚିତ୍ତ ରଞ୍ଜନ ମିତ୍ର ଏହାର ନିର୍ଦ୍ଦେଶନା ଦେଇଥିଲେ।
train/img_05957.jpg,"ଏଠାକାର ନାଚ ବଲାଙ୍ଗିର ଜିଲ୍ଲା ଓ ସମ୍ବଲପୁର ଜିଲ୍ଲାରେ ଦେଖାଯାଉଥିବା ଡାଲଖାଇ, ଜାଇଫୁଲ, ରସରକେଳି, ସଜନୀ ଆଦି ନାଚ ସହ ସାମଞ୍ଜସ୍ୟ ଦେଖିବାକୁ ମିଳିଥାଏ ।"
train/img_05958.jpg,"ଏଠାରେ ଉଲ୍ଲେଖଯୋଗ୍ୟ ଯେ, ଏହି ଗୋଟିଏ ଦିନ ଶ୍ରୀମନ୍ଦିର ଭିତରେ ଜଗନ୍ନାଥ ମହାପ୍ରଭୁଙ୍କ ରସଗୋଲା ଭୋଗ ହୋଇଥାଏ।"
train/img_05959.jpg,ଧରାସନେ ଆଲିଙ୍ଗନେ ମାତିଲ କାନାଇ
train/img_05960.jpg,କଟକ ନଗରର ଆଇନ ଓ ବ୍ୟବସ୍ଥା ଏବେ ଭୁବନେଶ୍ୱର ଓ କଟକ ପୁଲିସ କମିସନରେଟ ଉପରେ ନ୍ୟସ୍ତ।
train/img_05961.jpg,ସାଧାରଣ ଓଡ଼ିଆ ରାନ୍ଧଣା
train/img_05962.jpg,ବୃକ୍ଷର ପ୍ରୀତି ପାଇଁ ଶ୍ହେ ଦୁଗ୍ଧାନ୍ନ ଆହୁତି ଦେବେ ।
train/img_05963.jpg,"(ମୂଳ ଆଲେଖ୍ୟ: ""ଝୁମର : ଏକ ଉତ୍କୃଷ୍ଟ ଲୋକକଳା""!"
train/img_05964.jpg,କପିଳାସ ଅଭୟାରଣ୍ୟ: ଢେଙ୍କାନାଳ ଜିଲ୍ଲାର କପିଳାସ ସଂରକ୍ଷିତ ଜଙ୍ଗଲକୁ ୨୦୧୧ ଅପ୍ରେଲ ୨ତାରିଖରେ ଅଭୟାରଣ୍ୟ ଭାବେ ୱାଇଲ୍ଡ ଲାଇଫ ପକ୍ଷରୁ ଘୋଷଣା କରାଯାଇଛି ।
train/img_05965.jpg,ମାୟାଜାଲେ ପଡ଼େ ଏଖନ ଭୁଲେଛି ଆପନ ଜନହେ
train/img_05966.jpg,"ଗ୍ରାମ: ୧,୯୯୭"
train/img_05967.jpg,"୨୨ ପାହାଚ ତଳକୁ ଗଲେ ୨୦ ଫୁଟ ତଳେ ପାତାଳେଶ୍ୱର ମହାଦେବ ବିଦ୍ୟମାନ ଅଟନ୍ତି।ପୋଖରିଆର ମଧ୍ୟରେ ଅଢ଼େଇ ଫୁଟ୍ ବ୍ୟାସ ବିଶିଷ୍ଟ ଶିବଲିଙ୍ଗ, ଶକ୍ତି ଓ ଶକ୍ତିଙ୍କ ଉପରେ ପାଞ୍ଚଟି ତମ୍ବା ନିର୍ମିତ ସର୍ପ ପୂଜା ପାଉଛନ୍ତି।ଗମ୍ଭୀରାର ପଶ୍ଚିମ କାନ୍ଥକୁ ଲାଗି ୩ ଫୁଟ ଉଚ୍ଚତାର ବଳୀ ମହାରାଜ, ଦେଢ଼ ଫୁଟ୍ ଉଚ୍ଚତାର ଏକ ଭଗ୍ନ ଗଣେଶ ଓ ୨ ଫୁଟ୍ ଉଚ୍ଚତାର କାଳୀୟ ଦଳନ ମୂର୍ତ୍ତି , ଖିଲାଣ ଉପରେ ନବଗ୍ରହ, ରାହୁ ଓ ଶଙ୍କରାଚାର୍ଯ୍ୟ ଆଦିଙ୍କ ମୂର୍ତ୍ତି ଓ ରାମନନ୍ଦୀ ଚିତା ରହିଛି।ଏହାର ବାମରେ କ୍ଷୁଦ୍ର ବୃଷଭ ରହିଛି।ଏହାର ଦୁଇ ପାର୍ଶ୍ୱର କାନ୍ଥରେ ଗଙ୍ଗବଂଶୀ ରାଜା ଅନଙ୍ଗଭୀମ ଦେବଙ୍କ ସାତଟି ଶିଳାଲେଖ ଉଦ୍ଧାର ହୋଇଛି।"
train/img_05968.jpg,ଇତିହାସ
train/img_05969.jpg,"ମାଝି ନାକର ବ୍ୟଞ୍ଜନ ବର୍ଣ୍ଣ / / ଓ / /କୁ ଧରି ରଖିଥାଏ ଯାହାକୁ, / / ଓ / / ଯଥାକ୍ରମେ ଚାପି ରଖିଥାଆନ୍ତି ।"
train/img_05970.jpg,ସରକାରୀ ତନ୍ତ୍ରର ଢାଞ୍ଚା ଭାରତରେ କେନ୍ଦ୍ର ଓ ରାଜ୍ୟ ସ୍ତରରେ ଏକା ପ୍ରକାର ହୋଇଥାଏ ।
train/img_05971.jpg,ବଟକୃଷ୍ଣ
train/img_05972.jpg,ରେ ନୂଆପଡ଼ା ଜିଲ୍ଲା - -
train/img_05973.jpg,"ଏହି ନୃତ୍ୟରେ ବିଭିନ୍ନ ଦେବାଦେବୀ, ଅସୁର, ପଶୁପକ୍ଷୀମାନଙ୍କ ମୁଖା ବ୍ୟବହାର କରାଯାଇଥାଏ ।"
train/img_05974.jpg,"ଏହାବାଦ୍ ଜିଲା ମହୋତ୍ସବ କଲ୍ଲୋଳ, ପୁସ୍ତକ ମେଳାରେ ବହୁ ଜନସମାଗମ ହୋଇଥାଏ ।ଓଡ଼ିଶାର ପୂର୍ବ ଭାଗରେ ଅବସ୍ଥିତ ଜଗତସିଂହପୁର ଜିଲ୍ଲାର ଆୟତନ ୧,୭୫୯ବର୍ଗ କିମି୤"
train/img_05975.jpg,ଏହା ସାହାଯ୍ୟରେ ଲୁଗା ବୁଣାବୁଣା ଯାଇଥାଏ ।
train/img_05976.jpg,ଏହି କରମା ଡାଳକୁ କରମଶୁଣି ଦେବୀ ଭାବରେ ପୂଜା କରାଯାଏ ।
train/img_05977.jpg,ରାଜ୍ୟର ମୋଟ ଘରୋଇ ଉତ୍ପାଦରେ ପ୍ରଭାବଶାଳୀ ଅଭିବୃଦ୍ଧି ପରିସଂଖ୍ୟାନ ଏବଂ କାର୍ଯ୍ୟକ୍ରମ କାର୍ଯ୍ୟାନ୍ୱୟନ ମନ୍ତ୍ରଣାଳୟ ରିପୋର୍ଟ କରିଛନ୍ତି ।
train/img_05978.jpg,ନ୍ୟାୟିକ ଅଭିଲେଖାଗାର
train/img_05979.jpg,"ଓଡ଼ିଶାର କୈଳାଶ କପିଳାସ , ଯୋରନ୍ଦା ର ମହିମା ଧର୍ମ ର ଶୂନ୍ୟ ମନ୍ଦିର ଢେଙ୍କାନାଳ ଜିଲ୍ଲା ର ଶୋଭା ମଣ୍ଡନ କରୁଛନ୍ତି ।"
train/img_05980.jpg,ଖେଳ
train/img_05981.jpg,"ଉଗ୍ରତାରା କାଳୀ ମନ୍ଦିର, ସମଯାଜପୂର ।"
train/img_05982.jpg,"ଏହି ପ୍ରକାରର ସିଲ୍କଗୁଡ଼ିକ ଆକାର, ଓଜନ, ଆଦ୍ରତା, ରଙ୍ଗ, ଦକ୍ଷତାରେ ଭିନ୍ନ ।"
train/img_05983.jpg,ଗଞ୍ଜାମୀ ଓ ମାନକ ଓଡ଼ିଆ ମଧ୍ୟରେ ସାଧାରଣ (କିନ୍ତୁ ସମ୍ପୂର୍ଣ୍ଣ ନୁହେଁ) ପାର୍ଥକ୍ୟର ଏକ ତାଲିକା:
train/img_05984.jpg,କଟକର ଚୌଦ୍ୱାରଠାରେ ଦେଶର ସର୍ବବୃହତ୍ ଫେରୋ ଆଲୟ ଉତ୍ପାଦକ ଇମ୍ଫା ( - )ର କାରଖାନା ରହିଛି
train/img_05985.jpg,ଶାନ୍ତ କୋଳାହଳ ଶୂନ୍ୟ ପଡ଼ିଆ ଏମାନଙ୍କର ପ୍ରିୟ ସ୍ଥାନ ।
train/img_05986.jpg,ଏହି ତ୍ରୈଧ୍ୱନିରୁ ଇସଲାମ ଶବ୍ଦ ମଧ୍ଯ ତିଆରି ହୋଇଛି ।
train/img_05987.jpg,କେତେଗୁଡ଼ିକ ମର୍ମସ୍ପର୍ଶୀ ଜୀବନ ଦର୍ଶନ ଧର୍ମୀ ଝୁମର ଗୀତକୁ ଏଠାରେ ଉଦାହରଣ ଭାବରେ ଲକ୍ଷ୍ୟ କରାଯାଇପାରେ ।
train/img_05988.jpg,"ମୁସଲିମ ଶବ୍ଦଟି (ଆରବୀୟ: ; ଇଂରାଜୀ: ମୁସଲିମ, ମୋସ୍ଲେମ୍) ଆରବୀ ତ୍ରୈଧ୍ୱନି ସ-ଲ-ମରୁ (ଅର୍ଥାତ ସମ୍ପୂର୍ଣ୍ଣ ଥିବା) ଆନୀତ ।"
train/img_05989.jpg,(ଡ଼ମକଚ:ନାଗପୁରିଆ)
train/img_05990.jpg,ପାଞ୍ଚଟି ହେଣ୍ଡେଲ ତାର ଉପରି
train/img_05991.jpg,ଅଧୁନା ଭାରତର ବିଭିନ୍ନ ଭାଷାରେ ଅସଂଖ୍ୟ ଝୁମର ପରିଲକ୍ଷିତ ହୋଇଥାଏ ।
train/img_05992.jpg,"ସ୍ଥାନବାଚକ - 'ର' ବଦଳରେ 'ରେ', ଉତ୍ତରରେ - ଜବାବର ( ), ଜଙ୍ଗଲରେ - ବଣର ( )"
train/img_05993.jpg,ଲାଲରାଜ୍ୟ ରାଢ଼ (ପଶ୍ଚିମବଙ୍ଗ) ବା ଲାଟ (ଗୁଜରାଟ) ବୋଲି ଅନୁମାନ କରାଯାଏ ।
train/img_05994.jpg,ଓଡ଼ିଆ ଉଇକିପିଡ଼ିଆରେ ୧୦୦୦ଟି ଲେଖାର ମେଳା
train/img_05995.jpg,ଉଷୁନାଧାନ ଗଜା ହୁଏ
train/img_05996.jpg,ଦିଲ୍ଲୀପ ଖୁଣ୍ଟିଆ: ବ୍ୟଙ୍ଗଚିତ୍ର ଶିଳ୍ପୀ
train/img_05997.jpg,"ଝାରସୁଗୁଡ଼ା ଜିଲ୍ଲାର ମୁଖ୍ୟ ଶିକ୍ଷାନୁଷ୍ଠାନ ମଧ୍ୟରେ ଲକ୍ଷ୍ମୀନାରାୟଣ ମହାବିଦ୍ୟାଳୟ(୧୯୬୯ରେ ସ୍ଥାପିତ), ବ୍ରଜରାଜନଗର କଲେଜ(୧୯୭୮ରେ ସ୍ଥାପିତ), ଝାରସୁଗୁଡା ସରକାରୀ ଇଂଜିନିଯରିଂ ସ୍କୁଲ, ବେଲପାହାଡ କଲେଜ, ବ୍ଲାକ ଡାୟମଣ୍ଡ ଇଂଜିନିଯରିଂ କଲେଜ ଓ ଅନ୍ୟାନ୍ୟ କଲେଜ ସବୁ ଅଛି ।"
train/img_05998.jpg,"ଏହି ସମୟରେ ସର୍ବନିମ୍ନ ତାପମାତ୍ରା ସାଧାରଣତଃ ୧୧ ୭ ଡିଗ୍ରୀ ସେ ରହିଥାଏ, କେବେକେବେ ଏହା ୭ ଡିଗ୍ରୀ ସେ ଯାଏ ଖସି ଆସିଥାଏ ।"
train/img_05999.jpg,"ଇଂଲଣ୍ଡ,( ( )) ହେଉଛି ଏକ ରାଷ୍ଟ୍ର ଯାହାକି ଯୁକ୍ତରାଜ୍ୟର ଏକ ଅଂଶ ଅଟେ ।"
train/img_06000.jpg,"କଳାକାର ଉପାଧିପ୍ରାପ୍ତ ପାଲାଗାୟକ : ଅନିରୁଦ୍ଧ ପାଣିଗ୍ରାହୀ, ଭଣ୍ଡାରୀପୋଖରୀ, ଗାୟକ ଭୂଷଣ କରୁଣାସିନ୍ଧୁ ନାୟକ, ଧୁଷୁରୀ, ଯିଏ ଓଡ଼ିଶା ଓ ଓଡ଼ିଶା ବାହାରେ ପାଲା ପରିବେଷଣ କରିଛନ୍ତି।"
train/img_06001.jpg,"ତେଲୁଗୁ ଭାଷା କର୍ଣ୍ଣାଟକ, ତାମିଲନାଡୁ, ମହାରାଷ୍ଟ୍ର, ଛତିଶଗଡ଼ ଏବଂ କେନ୍ଦ୍ର ଶାସିତ ଅଞ୍ଚଳ ପୁଡୁଚେରୀ ଏବଂ ଆଣ୍ଡାମାନ ଓ ନିକୋବର ଦ୍ୱୀପପୁଞ୍ଜରେ ମଧ୍ୟ କହାଯାଏ ।"
train/img_06002.jpg,"ତାହାର ଏକ ଅଂଶ ଏହିପରି ,"
train/img_06003.jpg,ଅର୍ଥାତ ନବମ ଦିବସରେ ଦେବତାମାନଙ୍କୁ ରଥରେ ଅଧିଷ୍ଠିତ କରାଇବେ।
train/img_06004.jpg,ଏମାନଙ୍କ ଦୃଷ୍ଟି ଶକ୍ତି କମ୍ କିନ୍ତୁ ଶ୍ରବଣ ଓ ଘ୍ରାଣ ଶକ୍ତି ପ୍ରଖର।
train/img_06005.jpg,ଗୋଷାଣି (ପାରଳାଖେମୁଣ୍ଡି) ତହସିଲ ଅଧିନରେ: ୨୧ଟି
train/img_06006.jpg,"ସେତେବେଳେ ପ୍ରସ୍ତୁତ କରାଯାଇଥିବା ନକ୍ସା ଅନୁଯାୟୀ, ପ୍ରଥମ ଦଶ ବର୍ଷ ମଧ୍ୟରେ ଭୁବନେଶ୍ୱର ଜନସଂଖ୍ୟା ପନ୍ଦର ହଜାରରୁ ବଢ଼ି ଚାଳିଶ ହଜାର ଓ ସହରର କ୍ଷେତ୍ରଫଳ ଶହେ ବତିଶ ବର୍ଗ କିଲୋମିଟର ହେବ ବୋଲି ଆକଳନ କରାଯାଇଥିଲା ।"
train/img_06007.jpg,ବିଦେଶୀ ଦେଶ
train/img_06008.jpg,"ବ୍ରାହ୍ମଣୀ ଓ କିମିରିଆ ନଦୀ କୁଳରେ ଥିବା ""ଦେଉଳି ପାହାଡ଼""ର ଗୁମ୍ଫା ଭିତରେ ପଥର ଖୋଦା ବୌଦ୍ଧ ବିହାରସବୁ ଅଛି ।"
train/img_06009.jpg,ଜୀବନେ ମାରଲାଇ ମୁଜାରାଇଁ ।
train/img_06010.jpg,ଦୁଇଦଳ ପ୍ରତିଦ୍ୱନ୍ଦୀ ହୋଇ ପାଲା ଅଭିନୟ କଲେ ତାକୁ 'ଜାଉଁଳି ପାଲା' ବା ' ଜାଉଳି ପୂଜା' କହନ୍ତି ।
train/img_06011.jpg,୧୯୯୨ ମସିହାର ଅକ୍ଟୋବର ୨ ତାରିଖରୁ ଗଜପତି ଜିଲ୍ଲା ଗଞ୍ଜାମ ଜିଲ୍ଲାଠାରୁ ସ୍ୱତନ୍ତ୍ର ଭାବରେ ଜିଲ୍ଲାର ମାନ୍ୟତା ହାସଲ କରିଥିଲା ।
train/img_06012.jpg,ବିଦ୍ଯା୍ୟଧର ପାଲା: ଭୈରବ ଦେଶର ନୃସିଂହ ରାଜାଙ୍କ ଗଳ୍ପ
train/img_06013.jpg,ଏହାର ଜନସଂଖ୍ୟା ପ୍ରାୟ ୧ ନିୟୁତ ।
train/img_06014.jpg,ରେଭେନ୍ ସା କଲିଜିଏଟ ସ୍କୁଲ
train/img_06015.jpg,ସମଗ୍ର ଭାରତରେ ଏମିତି ମନ୍ଦିର ବିରଳ।
train/img_06016.jpg,ଦାମନଯୋଡ଼ି: ଏହା ଏସିଆ ମହାଦେଶର ଏକ ବୃହତ୍ତମ ବକ୍ସାଇଟ ଖଣିମାନଙ୍କ ଭିତରୁ ଅନ୍ୟତମ ।
train/img_06017.jpg,ମର ମର ଧର ସଖୀ ମୋର ଅପଘନିଆଁ
train/img_06018.jpg,"ରାଜା-ଜମିଦାରମାନଙ୍କ ପୃଷ୍ଠପୋଷକତା କାରଣରୁ ଏଥିରେ (ସଙ୍ଗୀତ, ନୃତ୍ୟ, ସାହିତ୍ୟ) ବହୁ ପରିବର୍ତ୍ତନ ମଧ୍ୟ ସଂଗଠିତ ହୋଇଛି ।"
train/img_06019.jpg,ରଥଯାତ୍ରାର ଅୟମାରମ୍ଭ ପୂର୍ବରୁ ଶ୍ରୀମନ୍ଦିରର ଅଣସର ପିଣ୍ଡିରେ ଗୋଟିଏ କାଠର କନକମୁଣ୍ଡି ଓ ପ୍ରଭା ଏହି ମଠ ଯୋଗାଇଥାଏ।
train/img_06020.jpg,"ପ୍ରଥମେ ଆକାଶବାଣୀ କଲିକତା ଓ ପରେ ଆକାଶବାଣୀ କଟକର ଉଦଯୋଗରୁ କାଳକ୍ରମେ ବହୁସଙ୍ଖ୍ଯକ ନୂଆ ଓ ପୁରୁଣା ନାଟ୍ୟକାର ଲୋକପ୍ରିୟତା ଲାଭ କଲେ ଯଥା କାଳୀଚରଣ ପଟ୍ଟନାୟକ, କାଳିନ୍ଦୀ ଚରଣ ପାଣିଗ୍ରାହୀ, ଲକ୍ଷ୍ମୀକାନ୍ତ ମହାପାତ୍ର, ହରେକୃଷ୍ଣ ମହତାବ, ମାୟାଧର ମାନସିଂହ, ଅଶ୍ୱିନୀ କୁମାର ଘୋଷ, ଭଞ୍ଜକିଶୋର ପଟ୍ଟନାୟକ, ଉଦୟନାଥ ମିଶ୍ର, ନଗେନ୍ଦ୍ର କୁମାର ରାୟ, ରାଜକିଶୋର ରାୟ, ଗୋପାଳ ଛୋଟରାୟ, ସରଳା ଦେବୀ, ବସନ୍ତ କୁମାରୀ ଦେବୀ, ବସନ୍ତ ଶତପଥୀ, ନବ କୁମାର ଦାସ, ସୁବୋଧ ଦାସ, ରଘୁନାଥ ଦାସ, ଯତୀନ ଦାସ, ସୁରେନ ମହାନ୍ତି, ନୟନ କିଶୋର ମହାନ୍ତି, ହିମାଂଶୁ ଭୂଷଣ ସାବତ, ନରସିଂହ ମହାପାତ୍ର, ସାମୁଏଲ ନାୟକ, ଧର୍ମାନନ୍ଦ ନାୟକ, ଅଦୈତ ଚରଣ ମହାନ୍ତି, ଯଦୁମଣି କାନୁନଗୋ, ମନୋରଞ୍ଜନ ଦାସ, ରତ୍ନାକର ଚଇନି, ଓ ରାମଚନ୍ଦ୍ର ମିଶ୍ର।"
train/img_06021.jpg,ବିଜୁ ପଟ୍ଟନାୟକ ଅନ୍ତର୍ଜାତୀୟ ବିମାନ ବନ୍ଦରଟି ଓଡ଼ିଶାର ସର୍ବବୃହତ ବିମାନ ବନ୍ଦର ।
train/img_06022.jpg,"ଯେପରି ଆଷାଢ଼ ଶୁକ୍ଳ, ମୁନିବାର ବାଣୀ ଆଦି, କିନ୍ତୁ ଏହିସବୁ ରଚନା ଆଜି ଯାଏଁ ମିଳିନାହିଁ ।"
train/img_06023.jpg,ଏହି ପୌରସଂସ୍ଥା ଓଡ଼ିଶାର ସର୍ବପ୍ରଚୀନ ଓ ସର୍ବପ୍ରଥମ ପୌରସଂସ୍ଥା ଭାବରେ ନମିତା ହୋଇଛି ।
train/img_06024.jpg,ମୁଖ୍ୟ ମନ୍ଦିର ସାମନାରେ ଜଗମୋହନ ଓ ମଝିରେ ପବିତ୍ର କଳାଘାଟ ଦ୍ୱାର ।
train/img_06025.jpg,୧୯୨୧ରେ ମହାତ୍ମା ଗାନ୍ଧୀଙ୍କ ଆସିବା କାଳରେ ଏଠାରେ ସ୍ୱାଧୀନତା ଆନ୍ଦୋଳନ ଆରମ୍ଭ ହୋଇଥିଲା ।
train/img_06026.jpg,"ଆଉ କେତେକ ଯୁଦ୍ଧ କୌଶଳକୁ ମଧ୍ୟ ଖେଳ ଭାବରେ ଖେଳାଯାଉଥିଲା ଯେପରିକିକଳରିପୟୁଟୁ, ମୁଷ୍ଟି ଯୁଦ୍ଦ, ସିଲାମ୍ବ୍ମମ ଓ ମର୍ଦମି, ।"
train/img_06027.jpg,ଝୁମର ଗୀତରେ ‘ରସ’
train/img_06028.jpg,ରାଜ୍ୟପାଳଙ୍କୁ ଭାରତର ରାଷ୍ଟ୍ରପତି ନିଯୁକ୍ତ କରନ୍ତି ।
train/img_06029.jpg,"ମହାରାଜା କୃଷ୍ଣ ଚନ୍ଦ୍ର ଗଜପତି ଭେଷଜ ମହାବିଦ୍ୟାଳୟ,ବ୍ରହ୍ମପୁର"
train/img_06030.jpg,ବତୀଘର ମହାକାଳପଡ଼ା
train/img_06031.jpg,"ବିଶେଷ ଭାବେ ବ୍ରହ୍ମ ପୁରାଣ, ନାରଦ ପୁରାଣ, ନୀଳାଦ୍ରି ମହୋଦୟ, କପିଳ ସଂହିତା, ଜଗନ୍ନାଥ ପୁରାଣ, ଯାତ୍ରା ଭାଗବତ, ପଦ୍ମ ପୁରାଣ, ଚୈତନ୍ୟ ଚରିତାମୃତ, ବାମଦେବ ସଂହିତା, ଶାରଦା ପୁରାଣ ପ୍ରଭୃତି ଉଲ୍ଲେଖଯୋଗ୍ୟ।"
train/img_06032.jpg,"ଏହା ଓଡ଼ିଶାର ନୁହେଁ ମାତ୍ର ପ୍ରାୟ୧୨ଟି ଜିଲ୍ଲା ଯଥା ଗଜପତି,ରାୟଗଡା,କୋରାପୁଟ,ଫୁଲବାଣୀ,କଳାହାଣ୍ତି,ସୋନପୁର ଇତ୍ୟାଦିରେ ଚାଷ କରାଯାଇଥାଏ।ଏଥିରୁ ବର୍ଷକୁ ପ୍ରାୟ ଚାଳିଶି ହଜାର କେଜି ରେଶମ ପୋକ ଉତ୍ପାଦନ କରାଯାଉଛି।"
train/img_06033.jpg,ଉଭୟ ଦକ୍ଷିଣ-ପଶ୍ଚିମ ଏବଂ ଉତ୍ତର-ପୂର୍ବ ମୋୖସୁମୀ ଥାଇଲ୍ୟାଣ୍ଡର ଋତୁକୁ ପ୍ରଭବିତ କରିଥାନ୍ତି ।
train/img_06034.jpg,ଝାରସୁଗୁଡ଼ା ଜିଲା ସରକାରୀ ପୃଷ୍ଠା
train/img_06035.jpg,ଗୁଣ୍ଡିଚା ମନ୍ଦିର ।
train/img_06036.jpg,ଗାୟକରତ୍ନ ବୈଦ୍ୟନାଥ ଶର୍ମ୍ମା ଦାସକାଠିଆର ଉଲ୍ଲେଖଯୋଗ୍ୟ କଳାକାରମାନଙ୍କ ମଧ୍ୟରୁ ଅନ୍ୟତମ ।
train/img_06037.jpg,ଯଜ୍ଞ ଶ୍ରୀନୃସିଂହ ମନ୍ଦିର
train/img_06038.jpg,"ରାଧାକୃଷ୍ଣଙ୍କ ପ୍ରେମ, ମିଳନ, ବିଚ୍ଛେଦର କାହାଣୀ ଏଥିରେ ପ୍ରମୁଖ ପ୍ରସଙ୍ଗ ହୋଇଛି ।"
train/img_06039.jpg,କାଶୀ ବିଶ୍ୱନାଥ ଲିଙ୍ଗର ଉଚ୍ଚତା ପ୍ରାୟ ୧୦ଇଞ୍ଚ ଓ ଶକ୍ତି ଉତ୍ତର ଦିଗାଭିମୁଖୀ ।
train/img_06040.jpg,ମୟୂରଭଞ୍ଜର ଏକ ପୂର୍ବତନ ରାଜବଂଶର ଉପାଧି ଥିଲା ମୟୂରଧ୍ୱଜ ।
train/img_06041.jpg,ସାକ୍ଷରତା ହାର ୮୩ ୨୫
train/img_06042.jpg,"ନବ ଯୌବନ ଦର୍ଶନ (ନେତ୍ରୋତ୍ସବ) : ଚକା ଅପସର, ମଙ୍ଗଳ ଆରତି, ମଇଲମ, ଅବକାଶ, ଦଶ ଅବତାର ଦିଅଁ ବାହୁଡା଼ ବିଜେ, ତାଟି ଫିଟିବା, ପରିମାଣିକ ଦର୍ଶନ, ସର୍ବ ସାଧାରଣ ଦର୍ଶନ, ଦଇତାପତି ସର୍ବାଙ୍ଗ, ବନ୍ଦାପନ, ରୋଷ ହୋମ, ରାଜନୀତି, ଯାତ୍ରାଙ୍ଗୀ, ମହାସ୍ନାନ, ଘଣ୍ଟଛତା ସର୍ବାଙ୍ଗ, ସୂର୍ଯ୍ୟପୂଜା, ଦ୍ୱାରପାଳ ପୂଜା, ବେଶ ଶେଷ, ଗୋପାଳବଲ୍ଲଭ ଓ ଘଣ୍ଟଛତା, ସକାଳ ଧୂପ (କେବଳ କୋଠ ଭୋଗ), ଭୋଗ ମଣ୍ଡପ ଆରମ୍ଭ, ରଥ ଆଜ୍ଞାମାଳ ବିଜେ, ଭୋଗ ମଣ୍ଡପ ପୂଜା ଶେଷ, ମଧ୍ୟାହ୍ନ ଧୂପ (କେବଳ କୋଠ ଭୋଗ), ଅଙ୍କୁରାରୋପଣ ଓ ଆବଶ୍ୟକ ହେଲେ ୩ୟ ଭୋଗ ମଣ୍ଡପ, ଚନ୍ଦନ ଲାଗି, ବଡ଼ସିଂହାର ବେଶ, ବଡ଼ସିଂହାର ଭୋଗ,ପହୁଡ଼ ଆଳତି, ଶ୍ରୀମୁଖ ଖଣ୍ଡୁଆ, ବାହୁଟ କଣ୍ଟ (ଗୁପ୍ତ ନୀତି), ସେନାପଟା ଲାଗି (ଗୁପ୍ତ ନୀତି) ।"
train/img_06043.jpg,ଅତୀତରେ ଶ୍ରୀକ୍ଷେତ୍ରରେ ପାଳିତ ରଥଯାତ୍ରାରେ ଗଜପତି ମହାରାଜାମାନେ ଛେରା ପହଁରା ନିମିତ୍ତ ବହୁ ଆଡ଼ମ୍ବରପୂର୍ଣ୍ଣ ଶୋଭାଯାତ୍ରାରେ ବାହାରୁଥିଲେ ।
train/img_06044.jpg,୧୨ଶ ଓ ୧୩ଶ ଶତାବ୍ଦୀ ବେଳକୁ ଓଡ଼ିଆ ସାହିତ୍ୟରେ ଏହି ସିଦ୍ଧସାହିତ୍ୟର ବିକାଶ କିଛି ହୋଇଥିଲା ।
train/img_06045.jpg,"ରଜପାନରେ ଗୁଆ, ଅଳେଇଚ, ଗୁଜୁରାତି, ଭଜା ଧଣିଆ, ଚାଉଳ ଓ ନଡିଆ ଖଣ୍ଡ, ଚେରି, ଲବଙ୍ଗ, କବାବଚିନି, ଚୁଆ, ପାନ ମହୁରି, ସୁବାସିତ ଜାଫ୍ରାନ କେଶର, ଖଇର ପରି ୧୦ରୁ ୧୨ ପ୍ରକାର ମସଲା ବ୍ୟବହୃତ ହୁଏ ।"
train/img_06046.jpg,ଲୋକନାଟକ ଗୁଡିକର ବର୍ହିଲକ୍ଷ୍ୟ ଓ ଅନ୍ତର୍ଲକ୍ଷ୍ୟ ହେଉଛି ଶିକ୍ଷା ପ୍ରଦାନ ।
train/img_06047.jpg,ଖାରବେଳଙ୍କର ଅନେକ ରାଣୀ ଥିଲେ ।
train/img_06048.jpg,"ପିପିଲି ତନ୍ତୁବାୟ ସହଯୋଗ ସମିତି,ମୋଉଦ ବେଗ, ବଳଙ୍ଗା, ପୁରୀ"
train/img_06049.jpg,"ଧର୍ମଯାଜକମାନେ ସ୍କୁଲ, ଡାକ୍ତରଖାନା ଇତ୍ୟାଦି ମଧ୍ୟ ସ୍ଥାପନା କଲେ ।"
train/img_06050.jpg,ଏହା ତିନିଦିନ ଧରି ପାଳନ କରାଯାଇଥାଏ ।
train/img_06051.jpg,"ଭାରତକୁ ୧୯୫୦ ମସିହାରେ ଏକ ଗଣତନ୍ତ୍ର ରାଷ୍ଟ୍ର ଭାବେ ଘୋଷଣା କରିବା ପରଠାରୁ ନେଇ ୧୯୮୦ ମସିହା ପର୍ଯ୍ୟନ୍ତ, ଭାରତୀୟ ଜାତୀୟ କଂଗ୍ରେସ ଦଳ ସଂସଦରେ ଏକମାତ୍ର ଦଳ ହିସାବରେ ପୂର୍ଣ୍ଣବହୁମତ ହାସିଲ କରି ଆସୁଥିଲା ।"
train/img_06052.jpg,୨୦୧୫ଠାରୁ ଭୁବନେଶ୍ୱରର ଭାରତୀୟ ବୈଷୟିକ ଅନୁଷ୍ଠାନର ଇଞ୍ଜିନିୟରିଂରେ ସ୍ନାତକ ପାଠ୍ୟକ୍ରମରେ ଓଡ଼ିଶୀ ଅନ୍ତର୍ଭୁକ୍ତ ହୋଇଛି ।
train/img_06053.jpg,"ଅନ୍ୟାନ୍ୟ ଲୁହାରେ ନିର୍ମିତ କଣ୍ଟା ମଧ୍ୟରେ ତାଗକଣ୍ଟା, ତାର ପରିଚ୍ଛା କଣ୍ଟା, ଦୁଆର ବେଢା଼ କଣ୍ଟା, ବେଢା଼ କଣ୍ଟା, ଜଙ୍ଘା ଓ ନାରାଜ କଣ୍ଟା, ଗୋଡି଼ଛାଲ ଇତ୍ୟାଦି ବିଭିନ୍ନ କିସମର କଣ୍ଟା ଏକ ସ୍ୱତନ୍ତ୍ର ଶୈଳୀରେ ଓଝା ମହାରଣାଙ୍କଦ୍ୱାରା ନିର୍ମିତ ହୋଇଥାଏ।"
train/img_06054.jpg,ତେବେ ଅନ୍ୟାନ୍ୟ ଭାଷାନୁସାରେ କିଛି ଉଲ୍ଲେଖଯୋଗ୍ୟ ନାମଗୁଡ଼ିକ ହେଲା:
train/img_06055.jpg,ଏ ସଂପର୍କରେ ମୟୁରଭଞ୍ଜର ‘ଆମ୍ବେଦକର ସାହିତ୍ୟ ପରିଷଦ’ର ଭୂମିକା ଅତ୍ୟନ୍ତ ମହତ୍ତ୍ୱପୂର୍ଣ୍ଣ ।
train/img_06056.jpg,ଏହି ଗୀତରେ କବି କହୁଛନ୍ତି- ସାଧାରଣତଃ କୋଳଥଫଳ ଦେଖିବାକୁ ବଙ୍କା ।
train/img_06057.jpg,ମୁଖ୍ୟମନ୍ତ୍ରୀ ହେଉଛନ୍ତି ସରକାରର ମୁଖ୍ୟ ଏବଂ ଅଧିକାଂଶ କାର୍ଯ୍ୟନିର୍ବାହୀ କ୍ଷମତା ତାଙ୍କ ଉପରେ ନ୍ୟସ୍ତ ।
train/img_06058.jpg,ଉଛ ମାଧ୍ୟମିକ ବିଦ୍ୟାଳୟ-୧୩୧
train/img_06059.jpg,"ଏଗୁଡ଼ିକ ପ୍ରାଚୀନ ଏକାମ୍ରକ୍ଷେତ୍ର (ଆଧୁନିକ ଭୁବନେଶ୍ୱର ନଗର), ଶଙ୍ଖକ୍ଷେତ୍ର (ଆଧୁନିକ ପୁରୀ), ଅର୍କକ୍ଷେତ୍ର (ଆଧୁନିକ କୋଣାର୍କ), ବିରଜାକ୍ଷେତ୍ର (ଆଧୁନିକ ଯାଜପୁର), ଖିଂଚି, ବୌଦ୍ଧ, ଗନ୍ଧରାଡ଼ି, ରାଣୀପୁର ଝରିଆଲ, ନୃସିଂହନାଥ, କୂଆଳ, ବରଗାଁ, ଚଉରାଶି, ନିଆଳି ଏବଂ ପାପଡାହାଣ୍ଡିଠାରେ ଦେଖିବାକୁ ମିଳେ ।"
train/img_06060.jpg,"ଜନ୍ମପାଲା: ଏକ ବାଦଶାହଙ୍କ ପତ୍ନୀଙ୍କ ଗର୍ଭରେ ସତ୍ୟପୀରଙ୍କର, ଅବତାର ମୃତ ବାଳକର ପୁନର୍ଜନ୍ମ ଲାଭ"
train/img_06061.jpg,ପୁଷ୍ପଗିରି ମହାବିହାର (ପୁଫଗିରି ମହାବିହାର ନାମରେ ମଧ୍ୟ ଜଣା) ଓଡ଼ିଶାର ଯାଜପୁର ଜିଲ୍ଲାରେ ଥିବା ଏକ ପୁରାତନ ଓ ପ୍ରମୁଖ ବୌଦ୍ଧ ମହାବିହାର ଥିଲା ଯାହା ଭାରତୀୟ ଉପମହାଦେଶର ଏକ ମୁଖ୍ୟ ମହାବିହାର ଭାବରେ ୧୧ଶ ଶତାବ୍ଦୀ ଯାଏଁ କାର୍ଯ୍ୟକ୍ଷମ ଥିଲା ।
train/img_06062.jpg,"ପୂର୍ବରୁ ଏହି ସହରଟି ବହୁ ଲୁଗାକଳ ଓ ବୟନଶିଳ୍ପ ପାଇଁ ପ୍ରସିଦ୍ଧ ଥିଲା, ତେଣୁ ବ୍ରିଟିଶମାନେ ଏହାକୁ ""ମାଞ୍ଚେଷ୍ଟର ଅଫ ଇଷ୍ଟ"" ବୋଲି ନା ଦେଇଥିଲେ ।"
train/img_06063.jpg,କେନ୍ଦ୍ର ସ୍ତରର ମନ୍ତ୍ରୀ
train/img_06064.jpg,କି ବୋଲବ ଭାଇ ହାଁସିର କଥା
train/img_06065.jpg,ମୁଖ୍ୟ ସ୍ରୋତ ଆମେରିକୀୟ ସଂସ୍କୃତି ହେଉଛି ଏକ ପାଶ୍ଚାତ୍ୟ ସଂସ୍କୃତି ଯାହା ମୁଖ୍ୟତଃ ୟୁରୋପୀୟ ପ୍ରବାସୀମାନଙ୍କ ପରମ୍ପରାରୁ ଆସିଛି ଏବଂ ଅନ୍ୟାନ୍ୟ ଉତ୍ସରୁ ପ୍ରଭାବିତ ହୋଇଛି
train/img_06066.jpg,କଳ୍ପବଟ ସମ୍ମୁଖରେ ମନ୍ଦିରଟି ରହିଛି ।
train/img_06067.jpg,ପ୍ରତ୍ୟେକ ଠାକୁରଙ୍କ ସମ୍ମୁଖରେ ରଥ ଉପରେ ଭୋଗ ହେଉଥିବା ସ୍ଥାନରେ ମହାପ୍ରଭୁମାନଙ୍କର ଶ୍ରୀଅଧର ଉଚ୍ଚ ଥିବା ତୁମ୍ବ ଆକୃତି ଭଳି ମାଟିର ତିନୋଟି ହାଣ୍ଡି ରଖାଯାଏ ।
train/img_06068.jpg,"ଛ ବର୍ଷରୁ କମ: ୨,୧୫,୫୧୮"
train/img_06069.jpg,ପରବର୍ତ୍ତୀ କାଳରେ ଏହି ନୃତ୍ୟ ଦେବଦାସୀ ନୃତ୍ୟ (ମାହାରୀ) ଓ ଗୋଟିପୁଅ ଆଦି ନୃତ୍ୟ ପରମ୍ପରାଦ୍ୱାରା ପରିବେଷିତ ହୋଇଆସୁଛି ।
train/img_06070.jpg,ଅଶୋକ ପଣ୍ଡା: ସଂସ୍କୃତି ଓ ପର୍ଯ୍ୟଟନ ବିଭାଗ
train/img_06071.jpg,"କିସାନ ଲୋକମାନେ ମୁଖ୍ୟତଃ ସୁନ୍ଦରଗଡ଼, ସମ୍ବଲପୁର ଓ କେନ୍ଦୁଝର ଜିଲ୍ଲାର ବାସିନ୍ଦା ଅଟନ୍ତି ।"
train/img_06072.jpg,ପ୍ରତ୍ୟେକ ଚକର ଉଚ୍ଚତା ୬ ଫୁଟ ।
train/img_06073.jpg,"ଛ ବର୍ଷରୁ କମ: ୧,୦୫,୬୩୬"
train/img_06074.jpg,ଦଶହରାର ଆଡ଼ମ୍ବର ବ୍ୟତୀତ କଟକ ମଧ୍ୟ ଚାନ୍ଦି ମେଢ଼ ଲାଗି ପ୍ରସିଦ୍ଧ ।
train/img_06075.jpg,୧୫୦ ସଦସ୍ୟ ବିଶିଷ୍ଟ ଉପର ଗୃହ ସିନେଟ ଏବଂ ୩୫୦ ସଦସ୍ୟ ବିଶିଷ୍ଟ ନିମ୍ନ ଗୃହ ପ୍ରତିନିଧି ସଭା ।
train/img_06076.jpg,ପ୍ରାଚୀନ ଭାରତ ବହୁ ବୈଦେଶିକ ବ୍ୟବସାୟୀଙ୍କ ମୁଖ୍ୟ ଆକର୍ଷଣ ଥିଲା ।
train/img_06077.jpg,ବୌଦ୍ଧ ଧର୍ମ
train/img_06078.jpg,"ବହୁଡା ବିଜେ ସମୟରେ ପତି ମହାପାତ୍ର ସେବକଙ୍କଦ୍ୱାରା ଶ୍ରୀବିଗ୍ରହମାନଙ୍କୁ ଘଷା, ଧଣ୍ଡି, ବିଡି଼ଆ ଆଦି ଅର୍ପଣ କରାଯାଏ।"
train/img_06079.jpg,ଅଗ୍ନିଦଣ୍ଡ
train/img_06080.jpg,ଏହି ଯୁଗକୁ ସିଦ୍ଧସାହିତ୍ୟର ଯୁଗ ବା ଚରିଜାଗିତିର ଯୁଗ କୁହାଯାଏ ।
train/img_06081.jpg,"ମୋଗଲ ତାମସା: ଏଥିରେ ମୋଗଲମାନଙ୍କର ଶୋଷଣ, ଅତ୍ୟାଚାର, ବିଳାସ ବ୍ୟସନର ଚିତ୍ରଣ ହୋଇଛି।"
train/img_06082.jpg,ଶିଳ୍ପ ଶାସ୍ତ୍ରାନୁଯାୟୀ ରଥର ଅଙ୍ଗ ଗୁଡିକୁ ସାଧାରଣତଃ ୧୩ଟି ମୂଖ୍ୟ ଅଙ୍ଗରେ ବିଭକ୍ତ କରାୟାଇଛି।
train/img_06083.jpg,ରାମକୃଷ୍ଣ ମିଶନ: ଏହା ୧୯୨୫ ମସିହାରେ ପ୍ରତିଷ୍ଠା ହୋଇଥିଲା ।
train/img_06084.jpg,ବାସୋପଯୋଗୀ ଗ୍ରାମ- ୨୧୩୨ଟି
train/img_06085.jpg,"ଏକାମ୍ର କ୍ଷେତ୍ର, କପିଳେଶ୍ୱର ଆଦି ମୁଖ୍ୟସ୍ଥାନ ସମୂହ ଲୁମ୍ବାଇ ପ୍ରଗଣା ରୂପେ ପ୍ରସିଦ୍ଧି ଲାଭ କରିଥିଲା ।"
train/img_06086.jpg,ଶିକ୍ଷାନୁଷ୍ଠାନ
train/img_06087.jpg,"ଶେଷରେ ଅଟଳ ବିହାରୀ ବାଜପେୟୀଙ୍କ ପ୍ରଧାନମନ୍ତ୍ରୀତ୍ୱ କାଳରେ ୨୦୦୩ମସିହା ଡିସେମ୍ବର ୨୨ ତାରିଖରେ ମୈଥିଳୀ, ବୋଡ଼ୋ, ଡୋଗ୍ରୀ ଓ ସାନ୍ତାଳ ଏପରି ୪ଟି ଭାଷାକୁ ଏକକାଳୀନ ସରକାରୀ ସ୍ୱୀକୃତି ମିଳିଥିଲା ।"
train/img_06088.jpg,ଗୁଣ୍ଡିଚା ମନ୍ଦିରରେ ଶ୍ରୀଜଗନ୍ନାଥ ସାତଦିନ ରହନ୍ତି ଏବଂ ସପ୍ତାହର ପ୍ରତ୍ୟେକ ବାରକୁ ଆବୃତ୍ତ କରନ୍ତି ।
train/img_06089.jpg,ପୁତ୍ରର ଅଳ୍ପାୟୁ ବାବଦରେ ଅବଗତ ହୋଇ ରାଜା ଭାନୁଦେବ ପୁନଶ୍ଚ ଜମ୍ବେଶ୍ୱରଙ୍କୁ ଆରାଧନା କଲେ।
train/img_06090.jpg,ସେଥି ମଧ୍ୟରୁ ଜବାହରଲାଲ ନେହରୂ ଇଣ୍ଡୋର ଷ୍ଟାଡିୟମ ଅନ୍ୟତମ।
train/img_06091.jpg,ରାଣୀଡୁଡୁମା : ନନ୍ଦପୁର ବ୍ଲକ ଅନ୍ତର୍ଗତ କୁଟୁଣିମାଳ ପାହାଡ଼ ନିକଟସ୍ଥ ଏକ ଛୋଟ ଜଳପ୍ରପାତ।
train/img_06092.jpg,ରଜପର୍ବର ବିଧିବିଧାନକୁ ସେମାନେ ନିଜେ ପାଳନ କରି ଜଣେ ମାତାର କର୍ତ୍ତବ୍ୟକୁ ସୁଚାରୁରୂପେ ତୁଲାଇପାରିବେ ଏବଂ ଭବିଷ୍ୟତରେ ନିଜ ଝିଅମାନଙ୍କୁ ସ୍ୱଅନୁଭୂତିରୁ ଶିଖି ସଂସାର ନିୟମ ଶିଖାଇବେ ।
train/img_06093.jpg,ସାଂସଦ
train/img_06094.jpg,ଲସି
train/img_06095.jpg,"ସିଆମ୍ ଏବଂ ଥାଇଲ୍ୟାଣ୍ଡର ବୈଦେଶିକ ସମ୍ପର୍କର ପଦ୍ଧତିକୁ ବହୁ ପୂର୍ବରୁ ""ପବନ ସହିତ ବାଉଁଶ ନଇଁବା"" ଭାବରେ ବର୍ଣ୍ଣନା କରାଯାଇଛି, ଯାହାର ଅର୍ଥ ହେଉଛି ଅନୁକୂଳ ଏବଂ ବ୍ୟବହାରିକ ସ୍ୱାଧୀନତା ହାସଲ କରିବାକୁ, ଏହା ଅନ୍ୟମାନଙ୍କ ବିରୁଦ୍ଧରେ ଗୋଟିଏ ମହାନ ଶକ୍ତି ପକାଇବାକୁ ଚେଷ୍ଟା କଲା ଯାହାଦ୍ୱାରା ଏହା କୌଣସି ବ୍ୟକ୍ତିଙ୍କ ଉପରେ ପ୍ରାଧାନ୍ୟ ବିସ୍ତାର କରିବ ନାହିଁ।"
train/img_06096.jpg,ବଳଭଦ୍ର ଓ ସୁଭଦ୍ରା ଦେବୀଙ୍କ ରଥଟଣା ହୋଇ ସିଂହଦ୍ୱାରକୁ ଆସିଥାଏ।
train/img_06097.jpg,ସେ ମଧ୍ୟ କାଳୀଦାସ ଙ୍କ ବିଷୟରେ ପଢ଼ୁଥିଲେ ।
train/img_06098.jpg,"ଇଂରାଜୀ ଓ ହିନ୍ଦୀରେ ""ଓଡ଼ିଶା"" ଓ ""ଓଡ଼ିଆ""କୁ ଓ ତଥା ଓ ଭାବେ ସମ୍ବିଧାନରେ ତଥା ସାଧାରଣରେ ବ୍ୟବହାର କରାଯାଉଥିଲା ।"
train/img_06099.jpg,ବୌଦ୍ଧ ସହର ଏହି ଜିଲ୍ଲାର ପ୍ରଶାସନିକ ମୁଖ୍ୟ ସହର ।
train/img_06100.jpg,ଜେ ପି ଏମ ରୋଟାରୀ ଚକ୍ଷୁ ଚିକିତ୍ସାଳୟ
train/img_06101.jpg,ଏହା ସହରର ପୁରାତନ ଓ ସମୃଦ୍ଧ ସାହିତ୍ୟାନୁଷ୍ଠାନ।
train/img_06102.jpg,ଭଣ୍ଡାରୀପୋଖରୀର କୁମ୍ଭାରିଆ ଆଶ୍ରମ
train/img_06103.jpg,ହିନ୍ଦୁ ଶବ୍ଦଟି ସିନ୍ଧୁ ନଦୀରୁ ଆସିଅଛି ।
train/img_06104.jpg,ଧାରଣା ବାହି ଉପରେ ଜିଆ ୮ ଚଉଠରେ ନାଇକା ବିନ୍ଧ କରିବ।
train/img_06105.jpg,"ମୁମ୍ବାଇର ବ୍ଯବସାୟିକ ସୁଯୋଗ ଓ ଉତ୍କୃଷ୍ଟ ଜୀବନ ଧାରଣ ମାନକ ଭାରତବର୍ଷର ଲୋକମାନଙ୍କୁ ଆକର୍ଷିତ କରେ, ଯାହାଫଳରେ ଏହି ସହରରେ ବିଭିନ୍ନ ସମାଜ ଓ ସଂସ୍କୃତିର ମିଶ୍ରଣ ଘଟିଛି।"
train/img_06106.jpg,"ଯେଉଁ ସମୟରେ ମନୋରଞ୍ଜନ କରିବା ପାଇଁ ବିଶେଷ ସୁବିଧା ନଥିଲା ସେହି ସମୟରେ ପାଲା ଲୋକଙ୍କୁ ମନୋରଞ୍ଜନ କରିବା ସହ ସାହିତ୍ୟ, ସଂସ୍କୃତି ଓ କଳା ପ୍ରତି ପରିଚିତ କରାଉଥିଲା ।"
train/img_06107.jpg,ଏହା ଆନ୍ଧ୍ର ପ୍ରଦେଶର ସୀମାକୁ ଲାଗିଛି ।
train/img_06108.jpg,: : (୨୧ )
train/img_06109.jpg,"ଏହା ମଧ୍ୟ ବିଭିନ୍ନ ନାମରେ ଯଥା ଅଗ୍ନି ପାଟୁଆ, କଣ୍ଟାପାଟୁଆ, ଖଣ୍ଡା ପାଟୁଆ, ଝୁଲା ପାଟୁଆ ଓ ଫୋଡ଼ ପାଟୁଆ ଆଦି ନାମରେ ଜଣା ।"
train/img_06110.jpg,ଉକ୍ତ ମନ୍ଦିରର କଳା ଓ ଭାସ୍କର୍ଯ୍ୟ ଖ୍ରୀଷ୍ଟୀୟ ଦ୍ୱିତୀୟ କିମ୍ବା ତୃତୀୟ ଶତକର ବୋଲି କେହି କେହି ପ୍ରତ୍ନତାତ୍ତ୍ୱିକ ପରିଦୃଶ୍ୟମାନ ଭଗ୍ନ ମନ୍ଦିରର ମୂଳଭିତ୍ତିରୁ ଅନୁମାନ କରନ୍ତି ।
train/img_06111.jpg,ସେମାନଙ୍କ ଅଞ୍ଚଳ ପ୍ରାକୃତିକ ସୌନ୍ଦର୍ଯ୍ୟରେ ପରିପୂର୍ଣ୍ଣ ।
train/img_06112.jpg,ହିମାଳୟ ପର୍ବତ ଏକ ପ୍ରାଚୀର ସଦୃଶ ।
train/img_06113.jpg,"ଭୁବନେଶ୍ୱରର ଲିଙ୍ଗରାଜ ମନ୍ଦିରର ଉଚ୍ଚତା ୧୮୦ ଫୁଟ ଏବଂ ପୁରୀର ଜଗନ୍ନାଥ ମନ୍ଦିରର ଉଚ୍ଚତା ୨୧୪ ଫୁଟ, ଯାହାକି ଓଡ଼ିଶାର ସବୁଠାରୁୁ ଉଚ୍ଚତମ ମନ୍ଦିର ।"
train/img_06114.jpg,ତାଙ୍କର ଲୀଳାରେ ଶ୍ରୀକ୍ଷେତ୍ର ବାହାରେ ନଈରୀଠାରେ ଗୋଟିଏ ଥର ରଥଯାତ୍ରା ହୋଇଥିଲା ।
train/img_06115.jpg,ସେଠାରେ ଦେଉଳର ସବୁ ହିସାବନିକାଶ କରାଯାଉଥିଲା ।
train/img_06116.jpg,ଏହା ବ୍ରିଟିଶ ସରକାରଙ୍କ ଲୁଗା ଫାକ୍ଟସ୍ଥାପନ ହୋଇଥିବା ଫିରିଙ୍ଗି କୁଦ ଉପରେ ଛିଡା ହୋଇଛି ।
train/img_06117.jpg,ଜାନେ ସର୍ବଜନ
train/img_06118.jpg,"ଆଚାର୍ଯ୍ୟ, ଥିଲା ସାରା ଦେଶର ସ୍ୱାଧୀନତା ସଂଗ୍ରାମୀଙ୍କ ଅନ୍ତୁଡ଼ିଶାଳ।"
train/img_06119.jpg,"ଏଣୁ ଏ ସଂମ୍ପର୍କରେ କୁହାଯାଏ ‘‘ନୃତ୍ୟ ଜଗତରେ ‘ଛଉନାଚ’ ଯେପରି ଏକ ବିଶିଷ୍ଟ ସମ୍ପଦ, ସଙ୍ଗୀତ ରାଜ୍ୟରେ ‘ଝୁମର’ ମଧ୍ୟ ଏକ ବିଶ୍ୱସ୍ତ ସମ୍ପଦ ।"
train/img_06120.jpg,ପ୍ରଶାସନିକ ବ୍ୟବସ୍ଥା
train/img_06121.jpg,ଭୁବନେଶ୍ଵର ଏହାର ରାଜଧାନୀ ଓ ଓଡ଼ିଆ ଏହି ରାଜ୍ୟର ସରକାରୀ ଓ ମୁଖ୍ୟ ଭାଷା ।
train/img_06122.jpg,ଏବେ ଋଷଭନାଥଙ୍କ ମୂର୍ତ୍ତୀକୁ ଭୈରବନାଥ ରୂପେ ସ୍ଥାନୀୟ ଲୋକେ ପୂଜା କରି ଆସୁଛନ୍ତି।
train/img_06123.jpg,"ଏହା ଅନେକ ପର୍ବପର୍ବାଣି ଯଥା:- ଭାଇ ଜିଉନ୍ତିଆ, ପୁଷପୁନି, ନୂଆଖାଇ ଇତ୍ୟାଦି ପର୍ବପର୍ବାଣିରେ ଏହି ନୃତ୍ୟ କରାଯାଏ ।"
train/img_06124.jpg,ଏବେକାର ଅବସ୍ଥା
train/img_06125.jpg,ବାର୍ଷିକ ଆୟରୁ ହଜାରକେ ୨୫ଟଙ୍କା ହିସାବରେ ଆଲ୍ଲାଙ୍କ ଉପସନା ଓ ଦାନ ପାଇଁ ଉତ୍ସର୍ଗୀକୃତ ଧନ ।
train/img_06126.jpg,ଏହାର ନାମ ଭଦ୍ରକ ସହରକୁ ନେଇ ନାମିତ ହୋଇଛି ।
train/img_06127.jpg,ପଞ୍ଚସଖାଙ୍କ ଯୁଗ ଥିଲା ପୁରାଣ ଓ ଭକ୍ତିଯୁଗ ।
train/img_06128.jpg,"ଫକୀରମୋହନ ସେନାପତି ""ଉତ୍କଳ ଭ୍ରମଣଂ"" କାବ୍ୟରେ ଉତ୍କଳର ବିଭିନ୍ନ ସ୍ଥାନର ବର୍ଣ୍ଣନା କରିଛନ୍ତି ।"
train/img_06129.jpg,ସ୍ୱାଧୀନତା ସମୟରୁ କଟକ ସ୍ୱାସ୍ଥ୍ୟ ସେବା କ୍ଷେତ୍ରରେ ଓଡ଼ିଶାର ମୁଖ୍ୟ କେନ୍ଦ୍ର ରହି ଆସିଛି।
train/img_06130.jpg,ମଗାଇ ମାଝି
train/img_06131.jpg,ଜଗମୋହନଠାରେ ମଧ୍ୟ ଏହି ନୀତି ପାଳିତ ହୋଇଥାଏ।
train/img_06132.jpg,ଚୈତନ୍ୟ
train/img_06133.jpg,"ଏହିପରି ଏହି ସେବା ନିର୍ବାହ ନିମନ୍ତେ ସମ୍ପୃକ୍ତ ମଠର ମହନ୍ତମାନଙ୍କୁ ତତ୍କାଳୀନ ରାଜା ମହାରାଜାମାନେ ଶ୍ରୀମନ୍ଦିର ସରଘର, ରୋଷରେ ଚୁଲା, ଶ୍ରୀମନ୍ଦିରକୁ ମହନ୍ତାଇ ଶାଢ଼ୀ଼ ବନ୍ଧାଇବା ଇତ୍ୟାଦି ପ୍ରଦାନ କରିଥିବାର ବହୁତ ପ୍ରମାଣ ରହିଛି।"
train/img_06134.jpg,ସେଠାରେ ସେ ବହୁତ ପ୍ରକାର ଗଛ ଲଗାଇ ସୁନ୍ଦର ବଗିଚା ତିଆରି କରିଥିଲେ ।
train/img_06135.jpg,ଏହାକୁ ସ୍କୁଲ ପାଠ୍ୟକ୍ରମରେ ମଧ୍ୟ ଅନ୍ତର୍ଭୁକ୍ତ କରାଯିବା ସ୍କୁଲ ଛୁଟି ପୂର୍ବରୁ ସମସ୍ତ ଛାତ୍ରଛାତ୍ରୀ ଏହି ସଙ୍ଗୀତ ଗାନ କରିବା ପାଇଁ ସରକାରୀ ନିର୍ଦ୍ଦେଶ ରହିଛି ।
train/img_06136.jpg,"ବାଲୁ ବଜାର- ବହି ପତ୍ର ପ୍ରକାଶନ ସଂସ୍ଥା, ଅଳଙ୍କାର"
train/img_06137.jpg,ଭାରତ ସ୍ୱାଧୀନ ହେବା ପରେ ଏହି ନୃତ୍ୟ ପରମ୍ପରାର ପୁନରୁଦ୍ଧାର କରାଯାଇ ଏହାକୁ ଓଡ଼ିଶୀ ନାମରେ ନାମିତ କରାଗଲା ଓ ପରେ ଏହା ଶାସ୍ତ୍ରୀୟ ନୃତ୍ୟର ମର୍ଯ୍ୟାଦା ଲାଭ କଲା ।
train/img_06138.jpg,"ସେମାନେ ସ୍ପେସ୍ ରେସରେ ମଧ୍ୟ ପ୍ରତିଦ୍ୱନ୍ଦ୍ୱିତା କରିଥିଲେ, ଯାହା ୧୯୬୯ ଆମେରିକୀୟ ସ୍ପେସ୍ ଫ୍ଲାଇଟ ରେ ଶେଷ ହୋଇଥିଲା ଯାହାକି ପ୍ରଥମେ ମନୁଷ୍ୟମାନଙ୍କୁ ଚନ୍ଦ୍ରରେ ଅବତରଣ କରେଇଥିଲା ଏକାସାଙ୍ଗରେ, ନାଗରିକ ଅଧିକାର ଆନ୍ଦୋଳନ (୧୯୫୪ ୧୯୬୮) ରାଜ୍ୟ ତଥା ସ୍ଥାନୀୟ ଜିମ କ୍ରୋ ଆଇନ ଏବଂ ଆଫ୍ରିକୀୟ ଆମେରିକୀୟଙ୍କ ବିରୁଦ୍ଧରେ ଜାତିଗତ ଭେଦଭାବକୁ ରଦ୍ଦ କରିଦେଲା ୧୯୯୧ରେ ସୋଭିଏତ୍ ୟୁନିଅନର ବିଲୋପ ଶୀତଳ ଯୁଦ୍ଧକୁ ସମାପ୍ତ କରି ଆମେରିକାକୁ ବିଶ୍ୱର ଏକମାତ୍ର ମହାଶକ୍ତି ଭାବରେ ଛାଡି ଦେଇଥିଲା।"
train/img_06139.jpg,"ସମ୍ଭବତଃ ଜୈନଧର୍ମ ହିଁ ବୈଦିକ କର୍ମକାଣ୍ଡ, ଜୀବହତ୍ୟା, ବ୍ୟୟସାପେକ୍ଷ ଯଜ୍ଞାନୁଷ୍ଠାନ , ଜାତିପ୍ରଥା ଆଦିର ବିରୋଧ କରିଥିଲା ।"
train/img_06140.jpg,ମହା ବଜ୍ରେଶ୍ୱରୀ/ଇନ୍ଦ୍ରାଣୀ
train/img_06141.jpg,ରାଜକନିକା
train/img_06142.jpg,ଭୁବନେଶ୍ୱର ସହରର ଉଭୟ ପୁରାତନ ଏବଂ ଆଧୁନିକ ଇତିହାସ ରହିଛି ।
train/img_06143.jpg,ପ୍ରସ୍ତର ନିର୍ମିତ ହର ପାର୍ବତୀ ମୂର୍ତ୍ତି ୧୦ଇଞ୍ଚ ଉଚ୍ଚତା ବିଶିଷ୍ଟ ପୂଜିତ।
train/img_06144.jpg,୭ ମଇ ୨୦୧୭ର ଅଦଳବଦଳ ପରେ ପୁନର୍ଗଠିତ ମନ୍ତ୍ରୀମଣ୍ଡଳ ଓ ସେମାନେ ଦାୟିତ୍ୱ ଗ୍ରହଣ କରିଥିବା ବିଭିନ୍ନ ବିଭାଗ ।
train/img_06145.jpg,ଏଠାରେ ଏବେ ମଧ୍ୟ ଆତଙ୍କବଦୀମାନଙ୍କଦ୍ୱାରା ଆକ୍ରମଣ ସମୟ ସମୟରେ କରାଯାଉଛି।
train/img_06146.jpg,ପଞ୍ଚୁପାଣ୍ଡବ ମନ୍ଦିର ସମୂହ ।
train/img_06147.jpg,"କୋହିମା ଜିଲ୍ଲା, ନାଗାଲ୍ୟାଣ୍ଡ"
train/img_06148.jpg,ପର୍ଯ୍ୟଟନ ସ୍ଥଳ
train/img_06149.jpg,"ଶ୍ରୀମନ୍ଦିରସ୍ଥ ରତ୍ନସିଂହାସନ ଉପରେ ଶ୍ରୀବିଗ୍ରହମାନେ ବିଭିନ୍ନ ତିଥିରେ ଯଥା : କାର୍ତ୍ତିକ ପୂର୍ଣ୍ଣିମା, କୁମାର ପୂର୍ଣ୍ଣିମା, ଦୋଳ ପୂର୍ଣ୍ଣିମା, ଦଶହରା ପ୍ରଭୃତି ଦିବସମାନଙ୍କରେ ରାଜବେଶ, ରାଜା ରାଜେଶ୍ୱର ଇତ୍ୟାଦି ସୁନାବେଶରେ ସଜ୍ଜିତ ହେଉଥିଲେ ହେଁ ଶ୍ରୀଗୁଣ୍ଡିଚା ରଥଯାତ୍ରାର ଅନ୍ତିମ ପର୍ଯ୍ୟାୟରେ ଅର୍ଥାତ ଆଷାଢ଼ ଶୁକ୍ଲ ଏକାଦଶୀ ଦିନ ସିଂହଦ୍ୱାରଠାରେ ଦଣ୍ଡାୟମାନ ଥିବା ତ୍ରିରଥ ଉପରେ ଆକର୍ଷଣୀୟ ସୁନାବେଶ ହୋଇ ଲକ୍ଷ ଲକ୍ଷ ଭକ୍ତଙ୍କ ସମ୍ମୁଖରେ ଦର୍ଶନ ଦେଇଥାନ୍ତି ।"
train/img_06150.jpg,ପାଟଣା ଶିବ ମନ୍ଦିର
train/img_06151.jpg,ହରେକୃଷ୍ଣ ବେହେରା
train/img_06152.jpg,ଏହାଛଡ଼ା ଓଡ଼ିଶାରେ ଅନେକ ପର୍ଯ୍ୟଟନ ସ୍ଥଳୀ ରହିଛି ।
train/img_06153.jpg,ଝୁମର ଗୀତରେ ସାମାଜିକ ଜୀବନ ଚିତ୍ର
train/img_06154.jpg,ଆକାର
train/img_06155.jpg,ପରମ୍ପରା ଅନୁଯାୟୀ ଗୁଣ୍ଡିଚା ଘରଠାରେ ପନ୍ତି ଚାଳି କରିବା ପାଇଁ ଏହି ମଠକୁ ମନ୍ଦିର କାର୍ଯ୍ୟାଳୟ ତରଫରୁଅନୁମତି ଦିଆଯାଏ।
train/img_06156.jpg,୨ୟ ବର୍ଷ
train/img_06157.jpg,ହୁକିଟୋଲା ମହାକାଳପଡ଼ା
train/img_06158.jpg,ଭାରତୀୟ ସଂସ୍କୃତି ବିଶ୍ୱରେ ଅନନ୍ୟ ।
train/img_06159.jpg,ଶ୍ରୀ ଗଣେଶଙ୍କ ଏହି ବଟ ଗଣେଶ ମନ୍ଦିର ଶ୍ରୀଜଗନ୍ନାଥଙ୍କ ମନ୍ଦିରଠାରୁ ପ୍ରାଚୀନ ।
train/img_06160.jpg,ରଜପର୍ବର ବିଧିବିଧାନକୁ ସେମାନେ ନିଜେ ପାଳନ କରି ଜଣେ ମାତାର କର୍ତ୍ତବ୍ୟକୁ ସୁଚାରୁରୂପେ ତୁଲାଇପାରିବେ ଏବଂ ଭବିଷ୍ୟତରେ ନିଜ ଝିଅମାନଙ୍କୁ ସ୍ୱଅନୁଭୂତିରୁ ଶିଖି ସଂସାର ନିୟମ ଶିଖାଇବେ ।
train/img_06161.jpg,ପ୍ରଥମ ଥର ପାଇଁ ଦୁଇଟି ଆଦିବାସୀ ଭାଷା ଭାବେ ସାନ୍ତାଳୀ ଓ ବୋଡ଼ୋ ଭାଷା ୨୦୦୩ ମସିହା ଡିସେମ୍ବର ୨୨ତାରିଖରେ ଭାରତ ସମ୍ବିଧାନର ଅଷ୍ଟମ ସୂଚୀରେ ସ୍ଥାନିତ ହୋଇଥିଲା ।
train/img_06162.jpg,ଲୁଣା
train/img_06163.jpg,ଗୋଟିଏ ସାଇକେଲରେ ତିନୋଟି ଚକା ରହିଛି ଏବଂ ଦଶଗୋଟି ଫ୍ରେମ୍ ରହିଛି ।
train/img_06164.jpg,"ରଥରେ ଚାଉଳ, ନଡିଆ ଖଣ୍ଡ ପଡି ଭୋଗ ଲାଗୁଥିଲା ।"
train/img_06165.jpg,କାଳିଦାସ ସଂସ୍କୃତ ଭାଷାର ସର୍ବଶ୍ରେଷ୍ଠ ନାଟ୍ୟକାର ଓ ସେ ଶାସ୍ତ୍ରୀୟ ସଂସ୍କୃତରେ ଲେଖୁଥିଲେ ।
train/img_06166.jpg,ତେବେ ବି ତୋର ଦିନ କେଳେ କେଚେଗୋ
train/img_06167.jpg,"ଶ୍ରୀମନ୍ଦିର ସ୍ୱତ୍ତ୍ୱଲିପିରେ ଉଲ୍ଲେଖ ଅଛି ଯେ, ରଥ ଉପରେ ପୂର୍ବରୁ ହେଉଥିବା ଭୋଗଗୁଡ଼ିକ ମଧ୍ୟରେ ବଡ଼ ସାନ ମନୋହର- ୧୬ ମୂର୍ତ୍ତି, ପଶୁପାଳନ କାକର - ୯ ମୂର୍ତ୍ତି, ତାଟ ବାବଦ ନାଡି- ୮ ମୂର୍ତ୍ତି, ଗଜା ବଡ଼ ସାନ - ୪ ମୂର୍ତ୍ତି, ଟାକୁଆ - ୨ ମୂର୍ତ୍ତି, ଫେଣି- ୧ ମୂର୍ତ୍ତି, କକରା - ୧୨ ମୂର୍ତ୍ତି,ଡାଳିମ୍ବ- ୩୦ ମୂର୍ତ୍ତି, ଟାକୁଆ ସାନ ସରା- ୪ ମୂର୍ତ୍ତି, ଗଜା- ୧୫ ମୂର୍ତ୍ତି, ସୁଆର ନଡୁ- ୧୪ ମୂର୍ତ୍ତି ଓ କାକରା - ୫ ମୂର୍ତ୍ତି ଅନ୍ତର୍ଭୁକ୍ତ ।"
train/img_06168.jpg,କିଶୋରୀ ଶରୀ ଜାଇଲ ।
train/img_06169.jpg,ଭୈରବୀ ମନ୍ଦିର
train/img_06170.jpg,ଅନଗ୍ରସର କ୍ଷେତ୍ର ଅନୁଦାନ ନିଧି କାର୍ଯ୍ୟକ୍ରମ ( ) ଜରିଆରେ ଓଡ଼ିଶାର ଯେଉଁ ୧୯ଟି ଜିଲ୍ଲାକୁ ଆର୍ଥିକ ଅନୁଦାନ ମିଳୁଛି ସେମାନଙ୍କ ମଧ୍ୟରୁ ଏହା ଗୋଟିଏ ।
train/img_06171.jpg,ରୋଲାଣ୍ଡ ଇନଷ୍ଟିଚ୍ୟୁଟ୍ ଅଫ୍ ଟେକ୍ନୋଲୋଜି
train/img_06172.jpg,"ଅହମଦାବାଦ ଗୁଜରାଟର ପୁରୁଣା ରାଜଧାନୀ ଥିଲା, ଯାହା ଏବେ ୩୨କିମି ଦୂର ଗାନ୍ଧୀନଗରକୁ ସ୍ଥାନାନ୍ତରିତ ହେଇଯାଇଛି ।"
train/img_06173.jpg,ତେବେ ସଂସ୍କୃତରେ ରଚିତ ଦୁଇ ପ୍ରମୁଖ ମହାକାବ୍ୟ ମହାଭାରତ ଏବଂ ରାମୟଣ ବିଭିନ୍ନ ମୌଖିକ କାହାଣୀ ବର୍ଣ୍ଣନା ଶୈଳୀରେ ରଚିତ ଓ ଏହି ସଂସ୍କୃତକୁ ମହାକାବ୍ୟ ସଂସ୍କୃତ କୁହାଯାଉଥିଲା ।
train/img_06174.jpg,ଏରେଇଁ ଗ୍ରାମ ପଞ୍ଚାୟତର କୁନ୍ତଳାଠାରେ ଏହା ମହାସମାରୋହରେ ପାଳନ କରାଯାଏ।
train/img_06175.jpg,"ଏହି ଯୁଦ୍ଧର ଭୟାଭୟତା ତାଙ୍କୁ ଏତେ ପରିମାଣରେ ପ୍ରଭାବିତ କରିଥିଲା ଯେ, ସେ ଯୁଦ୍ଧ ତ୍ୟାଗ କରି ଅହିଂସାର ପଥିକ ହୋଇଥିଲେ ।"
train/img_06176.jpg,ଏହା ବୁଦ୍ଧଙ୍କ ଜନ୍ମ ସମୟରେ ସୃଷ୍ଟି ହୋଇଥିଲା ।
train/img_06177.jpg,"ଏହି ବକ୍ତାମାନେ ମୁଖ୍ୟତଃ ବରଗଡ଼ (୧୧,୩୦,୦୦୦), ସୁବର୍ଣ୍ଣପୁର (୩,୬୪,୦୦୦), ବଲାଙ୍ଗୀର (୩,୩୫,୦୦୦), ସମ୍ବଲପୁର (୨,୭୫,୦୦୦), ଝାରସୁଗୁଡା (୨,୪୫,୦୦୦), ନୁଆପଡା (୧,୪୫,୦୦୦), ବୌଦ୍ଧ (୯୦,୭୦୦), ସୁନ୍ଦରଗଡ଼ (୪୨,୭୦୦) ଏବଂ କଳାହାଣ୍ଡି ( ୧୧,୫୪୫ ) ଜିଲ୍ଲାରେ ବସବାସ କରିଥାନ୍ତି ।"
train/img_06178.jpg,"ପରମ୍ପରା ଅନୁଯାୟୀ ନନ୍ଦିଘୋଷ ରଥ ପାଇଁ ନାଲି ଓ ହଳଦିଆ କନା, ତାଳଧ୍ୱଜ ରଥ ପାଇଁ ନାଲି ଓ ନେଳି କନା ଓ ଦର୍ପଦଳନ ରଥ ପାଇଁ ନାଲି ଓ କଳା କନା ବ୍ୟବହାର ହୋଇଥାଏ।"
train/img_06179.jpg,"ପୁରୀ, କୋଣାର୍କ ଓ ଭୁବନେଶ୍ୱରର ଐତିହ୍ୟସ୍ଥଳୀକୁ ପୂର୍ବ ଭାରତର ସୁବର୍ଣ୍ଣ ତ୍ରିଭୁଜ ବୋଲି କୁହାଯାଏ ।"
train/img_06180.jpg,ରେ ନୂଆପଡ଼ା ଜିଲ୍ଲା - -
train/img_06181.jpg,ସେତିକିବେଳେ ମହାପ୍ରଭୁଙ୍କୁ ଭାର୍ଗବୀ ନଦୀର ଦୋବନ୍ଧା ପେଣ୍ଠରୁ ବଡ଼ ପରୀକ୍ଷା ପରମାନନ୍ଦ କୁଅଁର ମହାପାତ୍ର ଓ ସାନ ପରୀକ୍ଷା ବିଷ୍ଣୁ ପଶ୍ଚିମ କବାଟ ଚିଲିକା ବାଟଦେଇ ନଈରୀ ଗ୍ରାମର ମଣ୍ଡପରେ ଗୋପନରେ ବିଜେ କରାଇଥିଲେ ।
train/img_06182.jpg,"ସଂସ୍କୃତ (, -, -, ସାଧାରଣତଃ , ) ବିଶ୍ବର ଏକ ପୁରାତନ ତଥା ଭାରତରେ ପ୍ରଚଳିତ ଏକ ଶାସ୍ତ୍ରୀୟ ଭାଷା ।"
train/img_06183.jpg,ସାଧନା ମାର୍ଗଥିଲା ।
train/img_06184.jpg,ଶିକ୍ଷା କ୍ଷେତ୍ରରେ କେନ୍ଦ୍ରାପଡ଼ା ଅନ୍ୟାନ୍ୟ ଜିଲ୍ଲା ତୁଳନାରେ ଅନେକ ଆଗରେ ରହିଛି ।
train/img_06185.jpg,ବାଲେଶ୍ୱରରେ ଅନେକ ଜଙ୍ଗଲ ଓ ଖଣିମାନ ରହିଛି ।
train/img_06186.jpg,ଘୁମୁରା ନାଚ ଏକ ଭାରତୀୟ ଲୋକନୃତ୍ୟ ।
train/img_06187.jpg,୨୦୦୦ ମସିହାରୁ ନବୀନ ପଟ୍ଟନାୟକ ଓଡ଼ିଶାର ୧୪ତମ ମୁଖ୍ଯମନ୍ତ୍ରୀ ହେଲେ ।
train/img_06188.jpg,ଓଡ଼ିଶା ଭାରତର ପୂର୍ବାଭାଗରେ ଅଛି ।
train/img_06189.jpg,"ମୁକ୍ତି ମଣ୍ଡପର ପୂର୍ବ ଦିଗରେ ପ୍ରତିଷ୍ଠିତ କ୍ଷେତ୍ରପାଳ ମନ୍ଦିରର ପୂର୍ବ ପଟ କାନ୍ଥ ସଂଲଗ୍ନ ଏକ କୁକୁର (କୁତ୍ତା) ଉପରେ ବିରାଜିତ ପ୍ରସ୍ତର ନିର୍ମିତ ଦେବୀ ବିଗ୍ରହ ""କୁତ୍ତାମ ଚଣ୍ଡୀ"" ରୂପରେ ପୂଜିତା।ଅନନ୍ତ ବାସୁଦେବ ମନ୍ଦିରର ଉତ୍ତର ପାର୍ଶ୍ୱ କାନ୍ଥରେ (ଜଗମୋହନ ଆଡ଼କୁ ମୁହଁ କରି) ଏକ କୁକୁର ମୂର୍ତ୍ତି ପୂଜା ପାଉଛନ୍ତି ।"
train/img_06190.jpg,ସେ ସମୟର ପ୍ରସିଦ୍ଧ ବୌଦ୍ଧପୀଠର ଖଡ଼ିଆଳ ଅଞ୍ଚଳରୁ ସଂଗୃହିତ ବିଶାଳ ବୁଦ୍ଧମୂର୍ତ୍ତି ଏବେ ଓଡ଼ିଶା ରାଜ୍ୟ ସଂଗ୍ରହାଳୟରେ ରହିଛି।
train/img_06191.jpg,ଭଦ୍ରକରେ ୪୮୦୦ କୋଟି ଟଙ୍କାର ୧୧୦୦ ମେଗାୱାଟ୍ ଶକ୍ତି ସମ୍ପନ୍ନ କାରଖାନା ପ୍ରସ୍ତୁତି ପାଇଁ ବିଶାଖା ପ୍ରସ୍ତାବ ଦେଇଛି।
train/img_06192.jpg,ଏହି ଜିଲାର ପ୍ରଶାସନିକ ମୁଖ୍ୟ ଜାଗା ହେଲା ଛତ୍ରପୁର ।
train/img_06193.jpg,କେଶରୀ ବଂଶର ରାଜା ନୃପ କେଶରୀଙ୍କଦ୍ୱାରା ୯୮୯ ଖ୍ରୀ ଅ ରେ ଏକ ସେନା ଛାଉଣି ଭାବରେ କଟକର ପ୍ରତିଷ୍ଠା ହୋ ଇଥିଲା ।
train/img_06194.jpg,"ଆଦିବାସୀମାନଙ୍କ କରମା ଗୀତ, ପାଲା ଓ ଦାସକାଠିଆ ସଙ୍ଗୀତ, ବାଲେଶ୍ୱରର ଚଢ଼େଇଆ ସଙ୍ଗୀତ ଆଦିସବୁ ଏହି ଶ୍ରେଣୀର ।"
train/img_06195.jpg,ପୁରୀରେ ଆଷାଢ଼ ଶୁକ୍ଳ ଦ୍ୱିତୀୟା ଦିନ ଜଗନ୍ନାଥ ମହାପ୍ରଭୁ କାଷ୍ଠ ନିର୍ମିତ ରଥରେ ବାହାରି ଶୀକ୍ଷେତ୍ରର ବଡ଼ଦାଣ୍ଡ ଅତିକ୍ରମ କରି ଗୁଣ୍ଡିଚା ମନ୍ଦିରଠାରେ ପହଞ୍ଚନ୍ତି ଏବଂ ସେଠାରେ ୭ଦିନ ରହି ପୁଣି ଶୁକ୍ଳ ଦଶମୀ ଦିନ ଶ୍ରୀମନ୍ଦିରରକୁ ବାହୁଡା ବିଜେରେ ଫେରିଥାନ୍ତି ।
train/img_06196.jpg,କାଶୀ ବିଶ୍ୱନାଥ
train/img_06197.jpg,ପରବର୍ତ୍ତୀ ସମୟରେ ଏ ଅଞ୍ଚଳକୁ ପାରସ୍ୟ ଭାଷାରେ ଗଂଜ୍-ଇ-ଆମ୍ (ସାଧାରଣ ବଜାର ସ୍ଥଳ) ନାମରେ ନାମିତ କରାଯାଇଥିଲା ।
train/img_06198.jpg,ସତ୍ୟନାରାୟଣ ପାଲା
train/img_06199.jpg,ପ୍ରତିବର୍ଷ ଶ୍ରୀଜଗନ୍ନାଥ ମହାପ୍ରଭୁଙ୍କ ପ୍ରସିଦ୍ଧ ରଥଯାତ୍ରା ଉପଲକ୍ଷେ ତିନୋଟି ରଥ ପରମ୍ପରା ପ୍ରକାରେ ନିର୍ମିତ ହୋଇ ଆସୁଅଛି।
train/img_06200.jpg,ମୁସଲମାନ ଜମିଦାର ମିଆଁ ମୁନ୍ସୀ ଶେଖ ଅବଦୁଲ ଗନୀ ଓରଫ ପଞ୍ଚୁମଆଙ୍କ ତତ୍ତ୍ୱାବଧାନରେ ଭଦ୍ରକ ପୁରୁଣାବଜାରସ୍ଥିତ ନିଜ ଉଆସରେ ଏକ ମାଇନର ସ୍କୁଲ ସ୍ଥାପନ କରିଥିଲେ।
train/img_06201.jpg,ଥାଇଲ୍ୟାଣ୍ଡର ଜଳବାୟୁ ମୋୖସୁମୀ ବାୟୁଦ୍ୱାରା ପ୍ରଭାବିତ ହୋଇଥାଏ ।
train/img_06202.jpg,"ଏହି ରଥରେ ୧୬ଟି ଚକ (ବିଷ୍ଣୁସିଦ୍ଧ, ବିଭୂତି, ଅଣିମା, ପ୍ରଜ୍ଞା, ଧୀ, ଜ୍ଞାନ, ପ୍ରେମ, ଆଶକ୍ତ, ରତି, କେଳି, ସତ୍ୟ, ସୁଷ୍ୱସ୍ତି, ଜାଗୃତି, ତୁରୀୟ, ଆମ, ନିର୍ବାଣ) ସଂଯୁକ୍ତ ହୋଇଥାଏ ।"
train/img_06203.jpg,ଉନ୍ନବିଂଶ ଶତାବ୍ଦୀର ଓଡ଼ିଶା ଇତିହାସ ପୃଷ୍ଠାରେ କେନ୍ଦ୍ରାପଡ଼ା ସ୍ୱତନ୍ତ୍ର ସ୍ଥାନ ଅଧିକାର କରିଅଛି ।
train/img_06204.jpg,ଜୁନାଗଡ଼
train/img_06205.jpg,"ଜଳେଶ୍ୱର, ବାଲେଶ୍ୱର ଓ ଅଭଣାରୁ ମିଳିଥିବା ମହାବୀର ଜୈନଙ୍କ ୧୦ମ-୧୧ଶ ଶତାବ୍ଦୀରେ ତିଆରି ମୂର୍ତ୍ତି ଏଠାରେ ଜୈନ ଧର୍ମ ଥିବାର ମଧ୍ୟ ପ୍ରମାଣ ଦେଇଥାଏ ।"
train/img_06206.jpg,"ସବଡ଼ିଭିଜନ- ୩ଟି; କେନ୍ଦୁଝର, ଆନନ୍ଦପୁର, ଚମ୍ପୁଆ"
train/img_06207.jpg,ରାଜା ନାଭିଙ୍କ ଶତପୁତ୍ରଙ୍କ ଭିତରେ ଜ୍ୟେଷ୍ଠ ଓ ଉତ୍ତମ ଥିଲେ ଋଷଭଦେବ।
train/img_06208.jpg,"୧୯୮୩ରୁ ୨୦୦୮ମସିହା ପର୍ଯ୍ୟନ୍ତ, ଆମେରିକାର ପ୍ରକୃତ ଯୌଗିକ ବାର୍ଷିକ ଜିଡିପି ଅଭିବୃଦ୍ଧି ୩ ୩ ଥିଲା, ବାକି ପାଇଁ ୨ ୩ ଓଜନ ବିଶିଷ୍ଟ ହାରାହାରି ତୁଳନାରେ ମୁଣ୍ଡପିଛା ଜିଡିପିରେ ଦେଶ ବିଶ୍ବର ପଞ୍ଚମ ସ୍ଥାନରେ ରହିଛି ଏବଂ ପିପିପିରେ ମୁଣ୍ଡପିଛା ଜିଡିପିରେ ସପ୍ତମ ସ୍ଥାନରେ ରହିଛି ।"
train/img_06209.jpg,କଳିଙ୍ଗର ରାଜକୁମାର ମାଘ ୨୪୦୦୦ ସୈନ୍ୟବିଶିଷ୍ଟ ନୌସେନା ନେଇ ସିଂହଳକୁ ଆକ୍ରମଣ କରିଥିଲେ ଓ ଖ୍ରୀ ୧୨୧୪ରୁ ୧୨୩୫ ପର୍ଯ୍ୟନ୍ତ ଏହି ଦ୍ୱୀପ ଉପରେ ରାଜୁତି କରିଥିଲେ ।
train/img_06210.jpg,ମାତ୍ର ଆଲୋଚନାରୁ ଜଣାଯାଏ ଯେ ଝୁମର ସଙ୍ଗୀତର ମୂଳଭାଷା ହେଉଛି ମୈଥିଳୀ ।
train/img_06211.jpg,"ଶିବ, ଦୁର୍ଗା, ବିଷ୍ଣୁ, ଗଣେଶ, କାର୍ତ୍ତିକେୟ, ବରାହ, ନୃସିଂହ ଓ ବାମନ ପ୍ରଭୃତି ଦେବଦେବୀମାନେ ଏହି ମନ୍ଦିରଗୁଡ଼ିକର ଅଭ୍ୟନ୍ତରରେ ତଥା ପାର୍ଶ୍ୱରେ ପୂଜା ପାଇଲେ ।"
train/img_06212.jpg,"ବାଉଁଶ ପାତିଆ , ସୋଲ, ବିଭିନ୍ନ ପୁଷ୍ପ, ତୁଳସୀ , ଦୁବ ଇତ୍ୟାଦି ସାମଗ୍ରୀରେ ଏକ ସ୍ୱତନ୍ତ୍ର ଶୈଳୀରେ ନିର୍ମିତ ୪ ଗୋଟି ବଡ଼ ଟାହିୟା ମଠ ଯୋଗାଇଥାନ୍ତି।"
train/img_06213.jpg,ଏହି ମଧ୍ୟରୁ ଓଡ଼ିଶୀ ଓଡ୍ରମାଗଧୀ ଧାରା ଅଟେ ।
train/img_06214.jpg,"ତନ୍ମଧ୍ୟରୁ ଚଇତି ପର୍ବ, ଗହ୍ମା ପୂର୍ଣ୍ଣିମା, ଦଶହରା, ମକର ସଂକ୍ରାନ୍ତି, ଦୋଳଯାତ୍ରା, ଟୁସୁ ପରବ ଇତ୍ୟାଦି ପ୍ରଧାନ ।"
train/img_06215.jpg,ହର ସନ୍ତାପ ମୋହରରେ
train/img_06216.jpg,"ଟ୍ରାନ୍ସ ଲିଟେରେସନ୍: ,"
train/img_06217.jpg,ବାନ୍ଧିଲ ନିଜ କରେ ଦିନମନି
train/img_06218.jpg,ପ୍ରିୟବ୍ରତଙ୍କର ଦଶପୁତ୍ର ଥିଲେ ।
train/img_06219.jpg,ପୃଥିବୀର ବୃହତ୍ତମ ମହାଦେଶ ଏସିଆର ଦକ୍ଷିଣାଂଶର କେନ୍ଦ୍ରସ୍ଥଳୀରେ ଭାରତବର୍ଷ ଅବସ୍ଥିତ ।
train/img_06220.jpg,ଶ୍ରୀମନ୍ଦିରରେ ପାଳିତ ମୁଖ୍ୟ ଯାତ୍ରା ମଧ୍ୟରେ ରଥଯାତ୍ରା ଅନ୍ୟତମ ।
train/img_06221.jpg,ଏହାର କାର୍ଯ୍ୟ ହେଉଛି ସିଲ୍କ ଉତ୍ପାଦାନ କରିବା।
train/img_06222.jpg,ପୁରୀ ଶ୍ରୀଜଗନ୍ନାଥ ମନ୍ଦିର ନବୀକରଣ ପ୍ରାରମ୍ଭ ।
train/img_06223.jpg,ତେଲନଦୀ
train/img_06224.jpg,ଯୁଦ୍ଧ ବିରତି ସମୟରେ ସେନାଛାଉଣୀରେ ମନୋରଞ୍ଜନ ଲାଗି ରସଧର୍ମୀ ଘୁମୁରା ନୃତ୍ୟ ଓ ବାଦ୍ୟ ପରିବେଷଣ ମଧ୍ୟ କରାଯାଉଥିଲା ।
train/img_06225.jpg,"ଆଷାଢ଼ ଶୁକ୍ଳ ଏକାଦଶୀ ଦିନ ରଥ ରଥ ଉପରେ ଠାକୁରମାନଙ୍କ ପ୍ରସିଦ୍ଧ ସୁନାବେଶ ଅବକାଶରେ ମଠ ପକ୍ଷରୁ ପୁରି, ସୋଲା,ମହନ ଭୋଗ ଇତ୍ୟାଦି ଭୋଗ ହୋଇଥାଏ।"
train/img_06226.jpg,ସ୍ଥାନ
train/img_06227.jpg,"ପାନ ହେଉଛି ମୁଖବାସ, ପରିତୋଷ ।"
train/img_06228.jpg,"ରାଧାକୃଷ୍ଣଙ୍କ ପ୍ରେମ, ମିଳନ, ବିଚ୍ଛେଦର କାହାଣୀ ଏଥିରେ ପ୍ରମୁଖ ପ୍ରସଙ୍ଗ ହୋଇଛି ।"
train/img_06229.jpg,"ସେଥିମଧ୍ୟରୁ ଲିପି, ଆକୃତି ଆଦି ପୂର୍ବରୁ ଥିବା ବେଳେ ମାଇକ୍ରୋସଫ୍ଟଦ୍ୱାରା ଇଣ୍ଡିକ ଇନ୍ପୁଟ ଭାରତୀୟ ଭାଷାରେ ଉପଲବ୍ଧ, ଯାହାଦ୍ୱାରା ଓଡ଼ିଆ ଲିପିରେ ସହଜରେ ଯେ କୌଣଶି ଆପ୍ଲିକେସନରେ ଓଡ଼ିଆରେ ଟାଇପ କରାଯାଇ ପାରୁଛି।"
train/img_06230.jpg,ଓଡ଼ିଶା ସରକାର ପାନ୍ଥନିବାସ
train/img_06231.jpg,ପିନ୍ଧା ଲୁଗା
train/img_06232.jpg,ଓଡ଼ିଶାର ବୟନ ଶିଳ୍ପରେ ଟାଏ ଡାଏ ପ୍ରଣାଳୀରେ ରଙ୍ଗ ବ୍ୟବହାର କରାଯାଇ ଥାଏ।
train/img_06233.jpg,"ସେଥିପାଇଁ ନିଜର ମନ,ବଚନ ଓ କର୍ମଦ୍ୱାରା ହିଂସାଠାରୁ ଦୂରେଇ ରହୁଥିବା ମଣିଷକୁ ହିନ୍ଦୁ କୁହାଯାଏ।"
train/img_06234.jpg,ଏହା ଏକ ପ୍ରସିଦ୍ଧ ଚଣ୍ଡୀ ମନ୍ଦିର ଓ ଉତ୍ତର ଓଡି଼ଶାର ଏକ ପ୍ରମୁଖ ଶାକ୍ତ ପୀଠ ।
train/img_06235.jpg,ତାଳଧ୍ୱଜ ରଥର ଦୈର୍ଘ୍ୟ ପ୍ରସ୍ଥ ୩୩ ଫୁଟ ଲେଖାଏଁ ଓ ଉଚ୍ଚତା ୪୫ ଫୁଟ ।
train/img_06236.jpg,"ଏହା ଓଡ଼ିଶାର ଦକ୍ଷିଣ-ପଶ୍ଚିମ ଭାଗରେ, କୋରାପୁଟ ଜିଲ୍ଲା ନିକଟରେ ୧୯ ୧୪' ଉତ୍ତର ଅକ୍ଷାଂଶ ଓ ୮୨ ୩୨ ପୂର୍ବ ଦ୍ରାଘିମାରେ ଅବସ୍ଥିତ ।"
train/img_06237.jpg,୧୯୩୬ ଏପ୍ରିଲ ପହିଲାରେ ଓଡ଼ିଶା ଏକ ସ୍ୱତନ୍ତ୍ର ପ୍ରଦେଶ ହେବା ସତ୍ତ୍ୱେ ଓଡ଼ିଶାରେ ଏକ ଉଚ୍ଚ ନ୍ୟାୟାଳୟର ବ୍ୟବସ୍ଥା ନ ଥିଲା ।
train/img_06238.jpg,"ବିମାନ ଗବେଷଣା କେନ୍ଦ୍ର , ଚରବାଟିଆ"
train/img_06239.jpg,ଖୋର୍ଦ୍ଧା ସହର ଏହି ଜିଲ୍ଲାର ପ୍ରଶାସନିକ ମୁଖ୍ୟସ୍ଥଳ ଯେଉଁଠି ସବୁ ସରକାରୀ ଅଫିସ ଆଉ ବେସରକାରି କମ୍ପାନୀର ପ୍ରଧାନ ଅଫିସସବୁ ଅଛି ।
train/img_06240.jpg,"ନନ୍ଦିଘୋଷରେ ହରିହର, ପଣ୍ଡୁ ନୃସିଂହ, ଗିରିଧର, ଷଡ଼ଭୁଜ ଚିନ୍ତାମଣି କୃଷ୍ଣ, ଚତୁର୍ଭୁଜ ନାରାୟଣ, ସପ୍ତଫେଣ ସର୍ପରେ ଆସୀନ ମଧୁସୂଦନ ବା ବିଷ୍ଣୁ, ଲକ୍ଷ୍ମଣ, ପଞ୍ଚମୁଖୀ ମହାବୀର ପାର୍ଶ୍ୱଦେବ/ଦେବୀ ଭାବେ ଅବସ୍ଥାନ କରିଥାନ୍ତି ।"
train/img_06241.jpg,ଚୈତନ୍ୟ ଚରିତାମୃତ
train/img_06242.jpg,"୩ ଏପ୍ରିଲ ୧୯୯୩ରେ ବାଲେଶ୍ୱର ଜିଲ୍ଲାରର ସଦର ମହକୁମା ଭଦ୍ରକ, ବାଲେଶ୍ୱରରୁ ଅଲଗା ହୋଇ ଭଦ୍ରକ ଜିଲ୍ଲାରେ ପରିଣତ ହୋଇଥିଲା ।"
train/img_06243.jpg,"‘‘ହାତ ଦାଁତକେ କାଁକୟା ସୁରଙ୍ଗିକା ତେଲ, ମଚିଆଇଁ ବସିଏ ବିରୁନ୍ ଝାଡ଼େ"
train/img_06244.jpg,"ପ୍ରମୁଖ ଶିଳ୍ପଗୁଡ଼ିକରେ ବୈଦ୍ୟୁତିକ ଉପକରଣ, ଉପାଦାନ, କମ୍ପ୍ୟୁଟର ଉପାଦାନ ଏବଂ ଯାନ ଅନ୍ତର୍ଭୁକ୍ତ ୧୯୯୭ ୧୯୯୮ ଏସୀୟ ଆର୍ଥିକ ସଙ୍କଟରୁ ଥାଇଲ୍ୟାଣ୍ଡର ପୁନରୁଦ୍ଧାର ମୁଖ୍ୟତଃ ଅନ୍ୟ ରପ୍ତାନି ଉପରେ ନିର୍ଭରଶୀଳ ଥିଲା ୨୦୧୨ ସୁଦ୍ଧା, ଥାଇ ଅଟୋମୋବାଇଲ୍ ଶିଳ୍ପ ଦକ୍ଷିଣ ପୂର୍ବ ଏସିଆର ବୃହତ୍ତମ ଏବଂ ବିଶ୍ବର ୨ୟ ବୃହତ୍ତମ ରାଷ୍ଟ୍ର ଥିଲା।"
train/img_06245.jpg,ବିଶେଷକରି ନେପାଳ ରାଜଦରବାରରୁ ସଂଗୃହୀତ ବୌଦ୍ଧ ଆଚାର୍ଯ୍ୟଙ୍କଦ୍ୱାରା ରଚିତ ଚର୍ଯ୍ୟାସାହିତ୍ୟ ହେଉଛି ପ୍ରାଚୀନ ଓଡ଼ିଆ ଶବ୍ଦାବଳୀର ଗନ୍ତାଘର।
train/img_06246.jpg,ଏଥିରେ ମାନକ ଓଡ଼ିଆ ସହିତ ଭାଷାଗତ ଭିନ୍ନତା ରହିଛି ।
train/img_06247.jpg,ନିରଞ୍ଜନ ପୂଜାରୀ: ଶିଳ୍ପ ଓ ନଗର ଉନ୍ନୟନ ବିଭାଗ
train/img_06248.jpg,"ଏହି ରାଜ୍ୟର ଉତ୍ତରରେ ଭୁଟାନ ଓ ଅରୁଣାଚଳ ପ୍ରଦେଶ; ପୂର୍ବରେ ନାଗାଲ୍ୟାଣ୍ଡ ଓ ମଣିପୁର; ଦକ୍ଷିଣରେ ମେଘାଳୟ, ତ୍ରିପୁରା, ମିଜୋରାମ ଓ ବଙ୍ଗଳାଦେଶ ରହିଛି ।"
train/img_06249.jpg,ପୂର୍ବେ ଦେବଦାସୀମାନଙ୍କଦ୍ୱାରା ପୁରୀ ଜଗନ୍ନାଥ ମନ୍ଦିରରେ ମାହାରୀ ନୃତ୍ୟ ପ୍ରଦର୍ଶନ କରାଯାଉଥିଲା।
train/img_06250.jpg,ଦୂତିକି କହନ୍ତି ରାଧା ପାଇଣ ମଦନବାଧା
train/img_06251.jpg,ଏହି ସବୁ ପର୍ବପର୍ବାଣି ଓ ଓଷା ବ୍ରତ ଜନଜୀବନରେ ଧର୍ମୀୟ ଚେତନା ଦୃଢିଭୂତ କରିବାରେ ସହାୟକ ହୋଇଥାଏ ।
train/img_06252.jpg,ଧାମନଗରସ୍ଥିତ ହୋଜୁର ମୋଜାହିଦ୍-ଏ-ମିଲ୍ଲତ ବାବା (ଖାନକା ସରିଫ ପୀଠ)
train/img_06253.jpg,"ସେ ମଧ୍ୟ ଭାରତୀୟ ଉପମହାଦେଶରେ ଜୈନ ଧର୍ମର ଅଭ୍ୟୁତ୍ଥାନରେ ମୁଖ୍ୟ ଭୂମିକା ଗ୍ରହଣ କରିଥିଲେ, କିନ୍ତୁ ତାହାଙ୍କୁ ଭାରତ ଇତିହାସରେ ସେତେ ଗୁରୁତ୍ୱ ଦିଆଯାଇନାହିଁ ।"
train/img_06254.jpg,"ପୁରୀର ଜଗନ୍ନାଥ ମନ୍ଦିର, କୋଣାର୍କର ସୂର୍ଯ୍ୟ ମନ୍ଦିର, ଭୁବନେଶ୍ୱରର ଲିଙ୍ଗରାଜ ମନ୍ଦିର, ଖଣ୍ଡଗିରି ଓ ଉଦୟଗିରି ଗୁମ୍ଫା, ସମ୍ରାଟ ଖାରବେଳଙ୍କ ଶିଳାଲେଖ, ଧଉଳିଗିରି, ଜଉଗଡ଼ଠାରେ ଅଶୋକଙ୍କ ପ୍ରସିଦ୍ଧ ଶିଳାଲେଖ ଏବଂ କଟକର ବାରବାଟି ଦୁର୍ଗ, ଆଠମଲ୍ଲିକ ର ଦେଉଳଝରୀ ଇତ୍ୟାଦି ଏହି ରାଜ୍ୟରେ ଥିବା ମୁଖ୍ୟ ଐତିହାସିକ କିର୍ତ୍ତୀ ।"
train/img_06255.jpg,ଓଡ଼ିଶା ୧ ଅପ୍ରେଲ ୧୯୩୬ରେ ଏକ ସ୍ୱତନ୍ତ୍ର ପ୍ରଦେଶ ଭାବରେ ନବଗଠିତ ହୋଇଥିଲା ।
train/img_06256.jpg,"ସେହିପରି ଙ ଓ ଣ ବଦଳରେ ନ, ଛ ବଦଳରେ କ୍ଷ, ଖ, ଞ ବଦଳରେ ଛ ବ୍ୟବହାର ହୋଇଥାଏ ।"
train/img_06257.jpg,"ଶାସ୍ତ୍ରରେ ଉଲ୍ଲେଖ ଅଛି ସତ୍ୟ ଯୁଗରେ ତୀର୍ଥ, ତ୍ରେତୟାରେ ଯଜ୍ଞ, ଦ୍ୱାପରରେ ଦାନ ଏବଂ କଳି ଯୁଗରେ ନାମ ସଙ୍କୀର୍ତ୍ତନ ହିଁ ଯୁଗଧର୍ମ ।"
train/img_06258.jpg,"ମାତ୍ର ୩୦,୦୦୦ ଟଙ୍କାରେ ତିଆରି ଏହି କଥାଚିତ୍ରରେ ୧୪ଟି ଗୀତ ଥିଲା ।"
train/img_06259.jpg,ଲୋକ ନାଟକର ସୃଷ୍ଟି ଉତ୍ସ ସମ୍ପର୍କରେ କେତେଗୁଡିଏ ତଥ୍ୟ ହେଲା ।
train/img_06260.jpg,"ମଧ୍ଯପ୍ରାଚ୍ଯ-ଉତ୍ତର ଆଫ୍ରିକାରେ ୯୧ , ମଧ୍ଯ ଏସିଆରେ ୮୧ , କକସସରେ ୬୫"
train/img_06261.jpg,"ରଜ ସଂକ୍ରାନ୍ତିର ପୂର୍ବଦିନ ପହିଲି ରଜ, ଦ୍ୱିତୀୟ ଦିବସ ହେଉଛି ରଜ ସଂକ୍ରାନ୍ତି, ତୃତୀୟ ଦିବସ ହେଉଛି ଭୂମିଦାହ ବା ଭୂମି ଦହନ, ଚତୁର୍ଥ ତଥା ଅନ୍ତିମ ଦିବସ ହେଉଛି ବସୁମତୀ ସ୍ନାନ ।"
train/img_06262.jpg,ଜୈବ ବିବିଧତା ଏବଂ ସଂରକ୍ଷଣ
train/img_06263.jpg,୧୪୩୫-୧୫୪୧ ଖ୍ରୀ - ଗଜପତି ରାଜବଂଶ ।
train/img_06264.jpg,"ଦେବଗଡ଼ ଜିଲ୍ଲାର ଆୟତନ ୨,୭୮୨ ବର୍ଗ କିମି୤"
train/img_06265.jpg,ସେହିପରି ଜାନୁଗଞ୍ଜ ମରହଟ୍ଟା ଶାସକ ଜାନୋଜୀଙ୍କ ନାଁରୁ ଆସିଛି ବୋଲି କେତେକ ଗବେଷକ ମତ ଦିଅନ୍ତି।
train/img_06266.jpg,ପରିବେଶବିତମାନେ ଜୈବ ବିବିଧତା ନଷ୍ଟ ଆଳରେ ବିରୋଧ କରୁଛନ୍ତି ।
train/img_06267.jpg,ଶ୍ରୀଚୈତନ୍ୟ ସେତେବେଳେ ରଥ ଆଗରେ ଭାବ ବିହ୍ୱଳିତ ନୃତ୍ୟ ଓ ସଂକୀର୍ତ୍ତନ କରୁଥିଲେ ।
train/img_06268.jpg,ୱେଲସ୍ପନ ପାୱାର ଏଣ୍ଡ ଷ୍ଟିଲ୍ ଲିଃ ଧାମରାଠାରେ ଏକ ଲୌହ ପରିଶୋଧନ କେନ୍ଦ୍ର ପ୍ରତିଷ୍ଠା କରିବାର ପ୍ରସ୍ତାବ ଦେିଇଛନ୍ତି।
train/img_06269.jpg,ହରପ୍ପାର ସଭ୍ୟତା ୨୭୦୦ ଖ୍ରୀ ପୂ
train/img_06270.jpg,ସ୍ତ୍ରୀ ରୋଗରେ ଅଶୋକଗଛ ମୂଳର ଛେଲିକୁ ପାଣିରେ ସିଝାଇ ବ୍ୟବହାର କରାଯାଏ।
train/img_06271.jpg,ଶ୍ରୀ ସାକ୍ଷୀଗୋପାଳ
train/img_06272.jpg,ଏହି ବିଷୟ ବାମଦେବ ସଂହିତାରେ ବର୍ଣ୍ଣନା ହୋଇଛି।
train/img_06273.jpg,କଢେଲ ଜଗନ୍ନାଥ ମନ୍ଦିର
train/img_06274.jpg,"ଏହି ସହର ପାଖରେ ଭୁବନେଶ୍ୱର, ପୁରୀ ଓ କୋଣାର୍କର ଅଛି ।"
train/img_06275.jpg,ପଟେଲ ସାହିତ୍ୟ ସଂସଦ
train/img_06276.jpg,ଶ୍ରୀମହାଲକ୍ଷ୍ମୀ
train/img_06277.jpg,ଖ୍ରୀ ପୂ ପ୍ରଥମ ଶତାବ୍ଦୀରେ କଳିଙ୍ଗ ରାଜା ଖାରବେଳ ଜୈନ ଧର୍ମର ପୃଷ୍ଠପୋଷକତା କରିବା ସହିତ ଏହାର ପ୍ରସାର ଘଟାଇଥିଲେ ।
train/img_06278.jpg,ଅମଙ୍ଗଳ ଦୂର ହେବ ବୋଲି ଆଶାକରି ଅନେକ ଲୋକ ଏହି ଗଛ ମୂଳରେ ପ୍ରତ୍ୟହ ଧୂପ ଓ ଦୀପ ପ୍ରଦାନ କରିଥାନ୍ତି ।
train/img_06279.jpg,ସ୍ଥାନ
train/img_06280.jpg,"କରମା ନାଚ ଏକ ଭାରତୀୟ ଆଦିବାସୀ ଲୋକନୃତ୍ୟ ଓ ପ୍ରାୟତଃ ଓଡ଼ିଶାର ସମ୍ବଲପୁର, ମୟୂରଭଞ୍ଜ, ଢେଙ୍କାନାଳ ଏବଂ ସୁନ୍ଦରଗଡ଼ ଜିଲ୍ଲାରେ ପାଳନ କରାଯାଏ ।"
train/img_06281.jpg,ମହାନ ଭାରତୀୟ
train/img_06282.jpg,ଗୁଣ୍ଡିଚା ଘରେ ଷଷ୍ଠୀ ଦିନ ସର୍ବାଙ୍ଗ ନୀତି ନିମନ୍ତେ ଆବଶ୍ୟକୀୟ ଚନ୍ଦନ ଇତ୍ୟାଦି ସାମଗ୍ରୀ ବଡ଼ ଓଡ଼ିଆ ମଠ ଯୋଗାଇଥାଏ।
train/img_06283.jpg,"ହିନ୍ଦୁଧର୍ମର ମୂଳସତ୍ତ୍ୱ - ସତ୍ୟ,ଅହିଂସା,ଦୟା,କ୍ଷମା ଓ ଦାନ।"
train/img_06284.jpg,"ଶ୍ରୀମନ୍ଦିର ପ୍ରଶାସନ ପକ୍ଷରୁ ପ୍ରଦତ୍ତ ଲୁହା ରଡ଼୍ ଓ ପ୍ଲେଟରେ ଓଝା ମହାରଣା ସେବକମାନେ ପ୍ରତିରଥର ଅଖ ଓ ଦଣ୍ଡାରେ କଣ୍ଡା ଲଗାଯିବା ଉଦ୍ଦେଶ୍ୟରେ ଯଥାକ୍ରମେ ନନ୍ଦିଘୋଷ ରଥ ପାଇଁ ୧୦ ଗଣ୍ଡା, ତାଳଧ୍ୱଜ ରଥ ପାଇଁ ୯ ଗଣ୍ଡା ୨ଟା ଓ ଦେବଦଳ୍ନ ରଥ ପାଇଁ ୭ ଗଣ୍ଡା ୨ଟା ବିଡିଆ କଣ୍ଟା ଶାଳ ପ୍ରସ୍ତୁତ କରିଥାନ୍ତି।"
train/img_06285.jpg,ଇସଲାମ ଧର୍ମାବଲମ୍ବୀ ନିଜ ରୋଜଗାର ଅନୁସାରେ ଜକାତ (ଦାନ) ଦେବା ।
train/img_06286.jpg,"ବିଶେଷତଃ ପର୍ବପର୍ବାଣି, ଓଷାବ୍ରତ ଓ ଯାନିଯାତ୍ରା ଗୁଡ଼ିକ ତିଥି, ବାର, ନକ୍ଷତ୍ର, କୃଷିକର୍ମ, ଦେବଦେବୀ, ଶାସ୍ତ୍ରୀୟ କାହାଣୀ, ଲୋକକଥା, ଆନନ୍ଦମହୋତ୍ସବ ପାଇଁ ପାଳିତ ହୋଇଥାଏ ।"
train/img_06287.jpg,୨୦୧୩ ମସିହା ଜୁଲାଇ ୨୩ ତାରିଖରେ ଭାଷାବିଶେଷଜ୍ଞ କମିଟି ଓଡ଼ିଆକୁ ଶାସ୍ତ୍ରୀୟ ମାନ୍ୟତା ପ୍ରଦାନପାଇଁ କେନ୍ଦ୍ର ସରକାରଙ୍କୁ ସୁପାରିଶ କରିଥିଲେ।
train/img_06288.jpg,ଏହି ଶେଷଦିନକୁ ମେରୁ ପୂଜା କୁହାଯାଏ ।
train/img_06289.jpg,ନଗରର ପରିମଳ ବ୍ୟବସ୍ଥା କଟକ ମହାନଗର ନିଗମ ଉପରେ ନ୍ୟାସ୍ତ।
train/img_06290.jpg,ଏହା ଭୌଗୋଳିକ ଆୟତନ ଅନୁସାରେ ବିଶ୍ୱର ସପ୍ତମ ଓ ଜନସଂଖ୍ୟା ଅନୁସାରେ ବିଶ୍ୱର ପ୍ରଥମ ବୃହତ୍ତମ ଦେଶ ।
train/img_06291.jpg,"ଭିତରକନିକା ଜାତୀୟ ଉଦ୍ୟାନ, ରାଜନଗର"
train/img_06292.jpg,"ଏହି ସମୟରେ ସର୍ବନିମ୍ନ ତାପମାତ୍ରା ସାଧାରଣତଃ ୧୧ ୭ ଡିଗ୍ରୀ ସେ ରହିଥାଏ, କେବେକେବେ ଏହା ୭ ଡିଗ୍ରୀ ସେ ଯାଏ ଖସି ଆସିଥାଏ ।"
train/img_06293.jpg,"ସେହି କାଳରୁ ବୁଦ୍ଧଙ୍କର ଜନ୍ମଜାତକ (ବୁଦ୍ଧଜାତକ), ବାଣୀ ତ୍ରିପିଟକ ଭାବରେ ଓ ବୌଦ୍ଧ ସାଧୁ ସନ୍ଥମାନଙ୍କ ଲେଖା ଚର୍ଯ୍ୟଗୀତିକା ଓଡ଼ିଆ ସାହିତ୍ୟର ଆରମ୍ଭ ।"
train/img_06294.jpg,୧ ବିଧାୟିକା
train/img_06295.jpg,ତେଣୁ ସମାଜର ସକଳ ରୂପଛବି ଝୁମର ଗୀତରେ ପ୍ରସ୍ଫୁଟିତ ଏବଂ ଏହି ସମସ୍ତ ଗୀତ ମଧ୍ୟ ସମାଜରେ ବେଶ୍ ଆଦୃତ ।
train/img_06296.jpg,ଚିତ୍ରଶିଳ୍ପୀ
train/img_06297.jpg,ଲାଙ୍ଗୁଡ଼ିକୁ ଜାତୀୟ ରାଜପଥ ୫ରୁ ଜାରକା ଓ ଚଣ୍ଡିଖୋଲ ଦେଇ ଯାଇହେବ ।
train/img_06298.jpg,"ମା'ଟିଏ ଯେମିତି ପ୍ରଜନନ ପୂର୍ବରୁ ବିଶ୍ରାମ ଆବଶ୍ୟକ କରେ, ସେମିତି ପ୍ରଜନନକ୍ଷମ ହେବାକୁ ଯାଉଥିବା ମାଟି ମା'କୁ ରଜ ତିନିଦିନ ବିଶ୍ରାମ ଦିଆଯାଏ ବୋଲି ବିଶ୍ୱାସ ଅଛି ।"
train/img_06299.jpg,"ଏହି ନୃତ୍ୟରେ ବିଭିନ୍ନ ଦେବାଦେବୀ, ଅସୁର, ପଶୁପକ୍ଷୀମାନଙ୍କ ମୁଖା ବ୍ୟବହାର କରାଯାଇଥାଏ ।"
train/img_06300.jpg,ବୌଦ୍ଧ ଧର୍ମ
train/img_06301.jpg,(ଡ଼ମକଚ:ନାଗପୁରିଆ)
train/img_06302.jpg,ଦେଖି ଦେଖି ହେଲି ବିଷ ପିତା ।
train/img_06303.jpg,ରଥଯାତ୍ରା ବହୁ ପ୍ରାଚୀନ ବୋଲି ଗବେଷକମାନେ ମତ ପ୍ରଦାନ କରିଛନ୍ତି ।
train/img_06304.jpg,ଖ୍ରୀ ପୂ ୩୬୦-୨୬୦ - ନନ୍ଦ-ସାମ୍ରାଜ୍ୟରେ ଓଡ଼ିଶାର ଏକ ବଡ଼ ଭାଗ ଅନ୍ତର୍ଭୁକ୍ତ ।
train/img_06305.jpg,ରଥ ଯାତ୍ରା ପ୍ରତିଶବ୍ଦ
train/img_06306.jpg,ଶ୍ରୀ ବଳଦେବ ମହାପ୍ରଭୁଙ୍କୁ ବାଦ ଦେଲାପରେ କେନ୍ଦ୍ରାପଡ଼ା ଥିଲା ପ୍ରାଚୀନ ନୌବାଣିଜ୍ୟର ଗନ୍ତାଘର ।
train/img_06307.jpg,୮-ମହଡ଼ା ନାଚିଆ ଝୁମର : ‘ମହଡ଼ା’ ଅର୍ଥ ହେଉଛି ମୁଖା ।
train/img_06308.jpg,"ଆଚାର୍ଯ୍ୟ ହରିହର, ପଣ୍ଡିତ କୃପାସିନ୍ଧୁ ପ୍ରମୁଖ ସତ୍ୟବାଦୀ ଗୋଷ୍ଠୀର ରଚନାରେ ଆମ ଦେଶର ଚଳଣି ଜାତୀୟତାବାଦର ସ୍ୱର ଦେଖିବାକୁ ମିଳିଥାଏ ।"
train/img_06309.jpg,ଟସର
train/img_06310.jpg,ମେଫେୟାର ହୋଟେଲ ଏବଂ ରେସର୍ଟ
train/img_06311.jpg,"ବିଶ୍ବଭୂମଣ୍ଡଳ-କୃତବର-ସ୍ନେହା,"
train/img_06312.jpg,"ଖୋର୍ଦ୍ଧା ତନ୍ତୁବାୟ ସହଯୋଗ ସମିତି ,ସାମନ୍ତରାପୁର,ଖୋର୍ଦ୍ଧା"
train/img_06313.jpg,"୧ମ ଅର୍ଥ: (ବନ ଅର୍ଥରେ) ଶ୍ରୀରାମଚନ୍ଦ୍ର ବା ଶ୍ରୀକୃଷ୍ଣ ନିଜ ପ୍ରେୟସୀକୁ ନ ଦେଖି ହରିତ୍ ବର୍ଣ୍ଣର ବଣକୁ ଅବଲୋକନ କରି ନିଜର ସଖାମାନଙ୍କୁ ଶୋକେ ଆକୁଳ ହୋଇ କହୁଛନ୍ତି, ‘ମୁଁ ଏହି ସୁରମ୍ୟ ବନକୁ ଦେଖି କିପରି ବଞ୍ଚି ରହିବି ?"
train/img_06314.jpg,୧୨ ୫୨ ଲୋକ ସେଠାରେ ୬ ବର୍ଷ ବୟସରୁ କମ ବୟସ୍କ ଅଟନ୍ତି ।
train/img_06315.jpg,ତେଣୁ ପୂର୍ବ ଉପକୂଳରେ ବାଣିଜ୍ୟକେନ୍ଦ୍ର ଖୋଲିବାକୁ ଚିନ୍ତା କରିଥିଲେ ।
train/img_06316.jpg,"ପଞ୍ଜାବୀ (ସାମୁଖୀ: : : / : ( ); ଗୁରୁମୁଖୀ: ) ହେଉଛି ଏକ ଇଣ୍ଡୋ-ଆର୍ଯ୍ୟ ଭାଷା, ଯାହା ବିଶ୍ୱବ୍ୟାପୀ ୧୧୦ ନିୟୁତ ସ୍ଥାନୀୟ ଲୋକଙ୍କଦ୍ୱାରା କୁହାଯାଇଥାଏ, ଯାହା ଏହାକୁ ପୃଥିବୀରେ ୧୦ମ ଅଧିକ କୁହାଯାଉଥିବା ଭାଷା (୨୦୧୫))ରେ ପରିଣତ କରିଛି ।"
train/img_06317.jpg,ସୁଗନ୍ଧେ ଜନମନ ହରେ
train/img_06318.jpg,ଯଶରହୁ ଭୂମଣ୍ଡଳରେ ।
train/img_06319.jpg,"ଶାସ୍ତ୍ରରେ ଉଲ୍ଲେଖ ଅଛି ସତ୍ୟ ଯୁଗରେ ତୀର୍ଥ, ତ୍ରେତୟାରେ ଯଜ୍ଞ, ଦ୍ୱାପରରେ ଦାନ ଏବଂ କଳି ଯୁଗରେ ନାମ ସଙ୍କୀର୍ତ୍ତନ ହିଁ ଯୁଗଧର୍ମ ।"
train/img_06320.jpg,"୨୦୧୧ ଜନଗଣନା ଅନୁସାରେ, ଗଞ୍ଜାମ ଜିଲ୍ଲାର ମୋଟ ଲୋକସଂଖ୍ୟା ୩୫,୨୦,୧୫୧ ।"
train/img_06321.jpg,ଉପଖଣ୍ଡ (ସବ୍ ଡିଭିଜନ): (୨) ୧ ରାୟଗଡ଼ ଓ ୨ ଗୁଣୁପୁର
train/img_06322.jpg,ଏହି ଜିଲ୍ଲାରେ ମୃତ୍ତିକା କୃଷ୍ଣ-କାର୍ପାସ ଶ୍ରେଣୀୟ ଏବଂ ମାଟିର ରଙ୍ଗ କଳା ।
train/img_06323.jpg,"ଲଳିତଗିରି, ଯାଜପୁର"
train/img_06324.jpg,"ଏଥିମଧ୍ୟରୁ ଗ୍ରାମାଞ୍ଚଳରେ ୧୧,୫୧,୫୨୮ ଓ ସହରାଞ୍ଚଳରେ ୨,୨୫,୪୦୬ ଲୋକ ବାସ କରନ୍ତି ।"
train/img_06325.jpg,ଉପକ୍ରମ
train/img_06326.jpg,"ଧର୍ମଯାଜକମାନେ ସ୍କୁଲ, ଡାକ୍ତରଖାନା ଇତ୍ୟାଦି ମଧ୍ୟ ସ୍ଥାପନା କଲେ ।"
train/img_06327.jpg,(ଙ) ଗୋମୂତ୍ର ଛନ୍ଦ:
train/img_06328.jpg,ଝୁରରରେ ପରିଲକ୍ଷିତ ଅଳଙ୍କାରଗୁଡ଼ିକୁ ଅବଲୋକ କଲେ ଭଞ୍ଜୀୟ କାବ୍ୟାଳଙ୍କାର ସ୍ୱତ ଆଖି ଆଗରେ ଝଲସି ଉଠା ।
train/img_06329.jpg,"ସୁବର୍ଣପୁରର ବୀର ମହାରାଜପୁର,ଉଲୁଣ୍ତା,ବିନିକା ଓ ଯୟପୁରର ରସୁଲପୁର ଇତ୍ୟାଦି ।"
train/img_06330.jpg,ବ୍ରିଟିଶ ଶାସନ କାଳରେ ଅର୍ଥାତ୍ ଉନବିଂଶ ଶତାବ୍ଦୀର ଦ୍ୱିତୀୟାର୍ଦ୍ଧରେ ସରକାରୀ କାଗଜପତ୍ରରେ ହରିହରପୁର ସ୍ଥାନରେ ଜଗତ୍ ସିଂହପୁର ନାମଟି ଦରଜ କରାଯାଇଥିଲା ।
train/img_06331.jpg,ଏଠାରେ ଏବେ ମଧ୍ୟ ଆତଙ୍କବଦୀମାନଙ୍କଦ୍ୱାରା ଆକ୍ରମଣ ସମୟ ସମୟରେ କରାଯାଉଛି।
train/img_06332.jpg,ଅଟ୍ରି ଉଷ୍ଣପ୍ରସ୍ରବଣ
train/img_06333.jpg,"ଗୋଳବାଇ ଶାସନରେ ହୋଇଥିବା ପ୍ରତ୍ନତାତ୍ତ୍ୱିକ ଖନନରୁ ପ୍ରସ୍ତର ଯୁଗ (ପ୍ରାୟ ଖ୍ରୀଷ୍ଟପୂର୍ବ ୨୩୦୦), ତା’ ପରବର୍ତ୍ତୀ ସମୟ ବା ତାମ୍ରଯୁଗ ଓ ତା’ ପରବର୍ତ୍ତୀ ଲୌହଯୁଗ (ପ୍ରାୟ ଖ୍ରୀଷ୍ଟପୂର୍ବ ୯୦୦) ସମୟର ଅନେକ ଅବଶେଷାଂଶ ପ୍ରାପ୍ତ ହୋଇଛି ।"
train/img_06334.jpg,ପୁରୀରେ ଆଷାଢ଼ ଶୁକ୍ଳ ଦ୍ୱିତୀୟା ଦିନ ଜଗନ୍ନାଥ ମହାପ୍ରଭୁ କାଷ୍ଠ ନିର୍ମିତ ରଥରେ ବାହାରି ଶୀକ୍ଷେତ୍ରର ବଡ଼ଦାଣ୍ଡ ଅତିକ୍ରମ କରି ଗୁଣ୍ଡିଚା ମନ୍ଦିରଠାରେ ପହଞ୍ଚନ୍ତି ଏବଂ ସେଠାରେ ୭ଦିନ ରହି ପୁଣି ଶୁକ୍ଳ ଦଶମୀ ଦିନ ଶ୍ରୀମନ୍ଦିରରକୁ ବାହୁଡା ବିଜେରେ ଫେରିଥାନ୍ତି ।
train/img_06335.jpg,ଓମ ଅୟେଲ ଆଣ୍ଡ ଫ୍ଲୋର ମିଲ- ରୁଚି ବ୍ରାଣ୍ଡର ମସଲା ଓ ଖାଦ୍ୟ ସାମଗ୍ରୀ
train/img_06336.jpg,ବ୍ରହ୍ମା ଏହି ଦଣ୍ଡ-ଘଡ଼ି ପୂଜା କରିବାକୁ ଚଢ଼େଇଆକୁ ଦେଲେ।
train/img_06337.jpg,ଓଡ଼ିଶା ଭାରତର ପୂର୍ବ ଉପକୂଳରେ ଅବସ୍ଥିତ (୧୫୫୭୦୭ ବର୍ଗ କି ମି) ।
train/img_06338.jpg,"ସେ ହେଉଛନ୍ତି କୁର୍ମବେଢ଼ାର ପ୍ରତିପାଳକ, ରକ୍ଷକ ଓ ରୋଷର ବିଶୋଧକ ।"
train/img_06339.jpg,ମୋଟ ୭୧୧ଖଣ୍ଡ କାଠରେ ତିଆରି ଏହି ରଥର ଉଚ୍ଚତା ୪୪ଫୁଟ ୬ ଇଞ୍ଚ ଅଟେ ।
train/img_06340.jpg,"ଯଥା- (୧) ଚକ୍ରପୀଠ, (୨) ଅରଦଣ୍ଡା,(୩)ଗଗରା,(୪) ମୂଳନାଭ,(୫) ବରାଣ୍ଡି,(୬) ହଂସପଟା, (୭) ରଥଗର୍ଭ,(୮) ପାରାଭାଡି,(୯) କଳସ ପୀଠ, (୧୦) ଦଧିନଉତି, (୧୧) କର୍ଣ୍ଣଅଳା,(୧୨) ଧାତୁ କଳସ ଓ (୧୩) ଆୟୁଧ ଧ୍ୱଜା।"
train/img_06341.jpg,ଏଥିରେ ବିଦେଶୀମାନେ ହିଁ ଲାଭବାନ ହେଉଥିଲେ ।
train/img_06342.jpg,"ଏହି ପୁଷ୍କରିଣୀ ତୀରରେ ମାର୍କଣ୍ଡେଶ୍ୱର ମନ୍ଦିର, ମୃତ୍ୟୁଞ୍ଜୟ ଲିଙ୍ଗ, ପଞ୍ଚପାଣ୍ଡବ ଓ କାଳୀୟଦଳନ ମୂର୍ତ୍ତୀ ରହିଛି।"
train/img_06343.jpg,"କବିକର୍ଣ୍ଣଙ୍କ ବିରଚିତ ପାଲା ବଙ୍ଗାଳା ଓ ଉର୍ଦ୍ଦୁ ଭାଷାର 'ଖେଚାଡ଼ି'; ତାହା ପୁଣି ବଙ୍ଗଳା ଅନଭିଜ୍ଞ ଓଡ଼ିଆଙ୍କ ମୁହଁରେ ବଙ୍ଗଳା, ଉର୍ଦ୍ଦୁ ଓ ଓଡ଼ିଆ ମିଶା 'ପଲାଉ' ହୁଏ ତହିଁରୁ କେତେକଗୁଡ଼ିଏ ଧାଡ଼ିର ଉଦାହରଣ ନିମ୍ନରେ ଲିଖିତ:"
train/img_06344.jpg,ଜଗନ୍ନାଥ ମନ୍ଦିରରେ ଠାକୁରମାନଙ୍କୁ ପିନ୍ଧାଯିବା ସକାଶେ ବିଭିନ୍ନ ଅଳଙ୍କାର ରଖିବା ପାଇଁ ଦେଉଳ ତୋଳା ହେବା ବେଳେ ଏକ ରତ୍ନଭଣ୍ଡାରର ନିର୍ମାଣ କରାଯାଇଥିଲା ।
train/img_06345.jpg,ଚାରୋଟି ଜିଲ୍ଲାରେ କଥିତ ପ୍ରକାରକୁ ଭିତ୍ତିକରି ୨୦୦୬ ମସିହାରେ କରାଯାଇଥିବା ଏକ ସର୍ବେକ୍ଷଣ ଅନୁସାରେ ସମ୍ବଲପୁରୀ ଓଡ଼ିଆରେ ତିନି-ଚତୁର୍ଥାଂଶ ଶବ୍ଦ ମାନକ ଓଡ଼ିଆ ସହ ସମାନ ।
train/img_06346.jpg,ଧୂଳି ଦଣ୍ଡ ପରେ ଆରମ୍ଭ ହୁଏ ପୋଖରୀ କିମ୍ବା ନଦୀରେ ପାଣି ଦଣ୍ଡ।
train/img_06347.jpg,"ମହିଳା: ୧,୫୪,୧୪୭"
train/img_06348.jpg,ଭରତଙ୍କ ନାଟ୍ୟଶାସ୍ତ୍ରରେ କଳିଙ୍ଗ ନୃତ୍ୟ ଶୈଳୀ ଉଲ୍ଲିଖିତ ।
train/img_06349.jpg,"ମନ୍ମଥ ଦାସ,"
train/img_06350.jpg,ସେହିଭଳି ନୃତ୍ୟଭିତ୍ତିରେ ମଧ୍ୟ ଝୁମରର ବହୁ ବିଭାଗ ଦେଖିବାକୁ ମିଳିଥାଏ ।
train/img_06351.jpg,"ଗ୍ରାମ: ୧,୯୫୦"
train/img_06352.jpg,"ଅଧ୍ୟକ୍ଷ ପ୍ରଶାନ୍ତ ମୁଦୁଲି, ଭୁବନେଶ୍ୱରସ୍ଥିତ ଆଇଆଇଟିର ପୂର୍ବତନ ରେଜିଷ୍ଟ୍ରାର ବଟ ରାୟ, ଉତ୍କଳ ବିଶ୍ୱବିଦ୍ୟାଳୟ ପ୍ରଫେସର ବ୍ରହ୍ମାନନ୍ଦ ଶତପଥୀ ପ୍ରମୁଖ ଏଠାରୁ ଶିକ୍ଷାଲାଭ କରିଥିଲେ।"
train/img_06353.jpg,ଏହି ଦୃଷ୍ଟିରୁ ଆଲୋଚକମାନେ ଝୁମରର ଯୁଗବିଭାଜନ କରିଛନ୍ତି ।
train/img_06354.jpg,ଏଥି ମଧ୍ୟରୁ ପୂର୍ବ ପାର୍ଶ୍ୱଗଢା ଭୈରବୀ କୁତାମଚଣ୍ଡୀ ରୂପେ ସର୍ବଜନ ପରିଚିତା ଓ ଆରାଧିତା ଅଟନ୍ତି ।
train/img_06355.jpg,ଏହି ଶିଳାଲେଖଟି ଉଦୟଗିରି ପାହାଡ଼ରେ ଥିବା ହାତୀଗୁମ୍ଫା ନାମକ ଏକ ପ୍ରାକୃତିକ ଗୁମ୍ଫାରେ ବ୍ରାହ୍ମୀ ଲିପିରେ ପଥରେ ଖୋଦେଇ କରି ସତର ଧାଡ଼ିରେ ଲେଖା ହୋଇଛି ।
train/img_06356.jpg,୨୦୦୯ ମସିହାର ପରବର ଶୁଭ ଉଦ୍ଘାଟନ ଏଇଠାରୁ ହୋଇଥିଲା।
train/img_06357.jpg,ବୌଦ୍ଧରୁ ପ୍ରାପ୍ତ ଏକ ପୂର୍ଣ୍ଣାବୟବ ମୂର୍ତ୍ତି ମଧ୍ୟ ଏହି ଶ୍ରେଣୀଭୁକ୍ତ ।
train/img_06358.jpg,ଏଥିରେ ଲିଖିତ ଗୀତିକବିତା କେତେକ ମିଳିଅଛି ଯାହାକୁ ଚର୍ଯାଗୀତି ବା ଚର୍ଯାଗୀତିକା କୁହାଯାଏ ।
train/img_06359.jpg,"ତହସିଲ (୧୪): ଆଗଲପୁର, ଖପ୍ରାଖୋଲ, ଗୁଡ଼ଭେଲା, ଦେଓଗାଁ, ପାଟଣାଗଡ଼, ପୁଇଁତଳା, ବଙ୍ଗମୁଣ୍ଡା, ବଲାଙ୍ଗୀର, ବେଲପଡ଼ା, ଲୋଇସିଂହା, ମୁରିବାହାଲ, ସଇଁତଳା, ଟିଟିଲାଗଡ଼ ଓ ତୁସରା"
train/img_06360.jpg,୧୭ ଚଉଠ ୮ ଅଙ୍ଗୁଳରେ ବଡ଼ ଅଖ ଦୁଇ ଗୋଟି ପୁଡା ଡାଇ ହାଣିବ।
train/img_06361.jpg,ଧଧରା ଡ଼ଙ୍ଗା ବାହିକେ ଗଧରା ଗୋଡ଼ାଇଁରେ
train/img_06362.jpg,ପାରାଦୀପ ବନ୍ଦର
train/img_06363.jpg,"ଶ୍ରୀମନ୍ଦିର ପ୍ରଶାସନ ପକ୍ଷରୁ ପ୍ରଦତ୍ତ ଲୁହା ରଡ଼୍ ଓ ପ୍ଲେଟରେ ଓଝା ମହାରଣା ସେବକମାନେ ପ୍ରତିରଥର ଅଖ ଓ ଦଣ୍ଡାରେ କଣ୍ଡା ଲଗାଯିବା ଉଦ୍ଦେଶ୍ୟରେ ଯଥାକ୍ରମେ ନନ୍ଦିଘୋଷ ରଥ ପାଇଁ ୧୦ ଗଣ୍ଡା, ତାଳଧ୍ୱଜ ରଥ ପାଇଁ ୯ ଗଣ୍ଡା ୨ଟା ଓ ଦେବଦଳ୍ନ ରଥ ପାଇଁ ୭ ଗଣ୍ଡା ୨ଟା ବିଡିଆ କଣ୍ଟା ଶାଳ ପ୍ରସ୍ତୁତ କରିଥାନ୍ତି।"
train/img_06364.jpg,: : (୪୦ )
train/img_06365.jpg,"ଏତଦ୍ ବ୍ୟତୀତ ଜଗବନ୍ଧୁ ସିଂହ, ଗୌରୀଶଙ୍କର ରାୟ, ନୀଳମଣି ବିଦ୍ୟାରତ୍ନ, ବିଶ୍ୱନାଥ କର ପ୍ରଭୃତି ସାହିତ୍ୟିକ ଗଦ୍ୟ, ପ୍ରବନ୍ଧ, ଉପନ୍ୟାସ, କବିତା, ନାଟକ ଓ ସମ୍ବାଦ ମାଧ୍ୟମରେ ଓଡ଼ିଆ ସାହିତ୍ୟର ପ୍ରସାର କରିଥିଲେ ।"
train/img_06366.jpg,"ଢେଙ୍କାନାଳ ଜିଲ୍ଲା ବିଭିନ୍ନ ପ୍ରକାର ପ୍ରାକୃତିକ ସମ୍ପଦ, ପ୍ରାକୃତିକ ସୌନ୍ଦର୍ଯ୍ୟ ରେ ପରିପୂର୍ଣ୍ଣ।"
train/img_06367.jpg,ଗୋଟିଏ ପାଲାଦଳ ଦୁଇଟି ପଞ୍ଝାରେ ବିଭକ୍ତ ଗାୟକଙ୍କ ବୋଲିବା ଗୀତର ପାଳି ଧରିବାକୁ ୨ ଜଣ 'ପାଳିଆ' ଆଥାନ୍ତି ।
train/img_06368.jpg,"ଏଗୁଡିକ ମଧ୍ୟରୁ ଇଦୁଲ ଫିତର, ଇଦୁଲ ଜୁହା, ବଡ଼ଦିନ ଆଦି ପ୍ରଧାନ ।"
train/img_06369.jpg,ଏଯାବତ ଏହାର ସମ୍ଭାର କଳନା କରାଯାଇପାରିନାହିଁ ।
train/img_06370.jpg,"ହିନ୍ଦୁ, ବୌଦ୍ଧ, ଜୈନ ଓ ଶିଖ ଧର୍ମ ପରି ବିଶ୍ୱର ଚାରିଟି ପ୍ରଧାନ ଧର୍ମର ଉତ୍ପତ୍ତିସ୍ଥଳ ହେଉଛି ଏହି ଦେଶ ।"
train/img_06371.jpg,"ବଡ଼ ଦେଉଳର ଉତ୍ତର ପଶ୍ଚିମ ଦିଗରେ ମାର୍କଣ୍ଡେଶ୍ୱର ସାହି ରହିଛି।ଏହା ପୁରୀର ଏକ ସର୍ବ ପୁରାତନ ସାହିମାନଙ୍କ ମଧ୍ୟରୁ ଗୋଟିଏ।ଏହି ସାହିର ଶେଷରେ ମାର୍କଣ୍ଡେଶ୍ୱର ସରୋବର ଏବଂ ସରୋବର କୂଳରେ ମାର୍କଣ୍ଡେଶ୍ୱର ମହାଦେବ ମନ୍ଦିର ବିଦ୍ୟମାନ।ଏଠାରେ ଆଗରୁ ସପ୍ତ ମାତୃକା ମୂର୍ତ୍ତି ପୂଜା ପାଉଥିଲେ।କାଳକ୍ରମେ ଶାକ୍ତମାନଙ୍କ ପୂଜା ଉପାସନା ସହ ଶିବ ଉପସକମାନଙ୍କ ପୂଜା ଉପାସନା ଯୋଡ଼ି ହୋଇ ବର୍ତ୍ତମାନ ଶିବ ଶାକ୍ତ ଉପାସନା ସ୍ଥଳୀ ରୂପେ ଏହା ପ୍ରସିଦ୍ଧି ଲାଭ କରିଛି।ମାର୍କଣ୍ଡେଶ୍ୱର ଜଳାଶୟ ବହୁ ପୁରାତନ ଓ ଏକ ତୀର୍ଥକ୍ଷେତ୍ର ମଧ୍ୟ ।ଐତିହାସିକମାନେ ମତ ଦିଅନ୍ତି ଯେ, ଏହି ଜଳାଶୟ ଏକାଦଶ ଶତାବ୍ଦୀର ମଧ୍ୟ ଭାଗରେ ଚୋଡ଼ଗଙ୍ଗ ଦେବ ଖନନ କରାଇଥିଲେ।ଶ୍ରୀକ୍ଷେତ୍ରାଗତ ଶ୍ରଦ୍ଧାଳୁମାନେ ଏହି ପବିତ୍ର ଜଳାଶୟରେ ବୁଡ଼ ପକାଇ ମାର୍କଣ୍ଡେଶ୍ୱର ପ୍ରଭୁଙ୍କୁ ଦର୍ଶନ କରି ଶ୍ରୀମନ୍ଦିର ଯାଉଥିଲେ।ଏହିଠାରେ ଶ୍ରୀମନ୍ଦିରର କାଳୀୟଦଳନ ନୀତି ଓ ବଳଭଦ୍ରଙ୍କ ଜନ୍ମନୀତି ଅନୁଷ୍ଠିତ ହେଉଅଛି।"
train/img_06372.jpg,ଏହିଠାରେ ସ୍ୱର୍ଗତ ବିଜୁ ପଟ୍ଟନାୟକ ଓଡ଼ିଶା ଲୁଗାକଳ (ଓ ଟି ଏମ )ସ୍ଥାପନ କରିଥିଲେ।
train/img_06373.jpg,"; , ୨୦୨୬, ୨୦୨୭ ୨୦୨୮"
train/img_06374.jpg,ଦକ୍ଷିଣରେ: ଆନ୍ଧ୍ର ପ୍ରଦେଶ
train/img_06375.jpg,ସେଥି ମଧ୍ୟରୁ ୫୦ ୫୪ ଜଣ ପରୁଷ ହୋଇଥିବା ବେଳେ ୪୯ ୪୬ ଜଣ ନାରୀ ଅଟନ୍ତି ।
train/img_06376.jpg,ପ୍ରାବରଣ ଷଷ୍ଠୀ: ମାର୍ଗଶିର ଶୁକ୍ଳ ଷଷ୍ଠୀ: ଓଢ଼ଣ ଷଷ୍ଠୀ: ଏହିଦିନଠାରୁ ଶୀତ ବସ୍ତ୍ର ପରିଧାନ କରନ୍ତି ।
train/img_06377.jpg,ଏତଦବ୍ୟତୀତ ପାରାଭାଡ଼ି ନିର୍ମାଣ ସମୟରେ ପୋଟଳ ଉପରେ ବାଗିଆ ବାଡେଇଥାନ୍ତି।
train/img_06378.jpg,ନିମ୍ନରେ ଥିବା ତାଲିକାଗୁଡ଼ିକ ଆନ୍ତର୍ଜାତୀୟ ଉଚ୍ଚାରଣଗତ ଲିପି ( ବା ଆଇପିଏ) ଉଇକିପିଡ଼ିଆ ପ୍ରସଙ୍ଗରେ ଓଡ଼ିଆ ଭାଷାର ଉଚ୍ଚାରଣର ଉପାୟ ଦର୍ଶାଏ ।
train/img_06379.jpg,ଏହି ମାନ୍ୟତା ପାଇବାରେ ଓଡ଼ିଆ ହେଲା ଷଷ୍ଠ ଭାଷା ।
train/img_06380.jpg,ସେଥିରୁ ୪୨ ୬୦ ପ୍ରତିଶତ ପୁରୁଷ ଓ ୩୩ ୫୩ ନାରୀ ଅଟନ୍ତି ।
train/img_06381.jpg,"ରଥ ଉପରୁ ପହଣ୍ଡି ବିଜେ କରିବା ପୂର୍ବରୁ ରଥ ଉପରେ ଠାକୁରମାନଙ୍କ କେତେକ ବିଶେଷ ନୀତି ମୁଦିରସ୍ତ, ପତିମହାପାତ୍ର ସେବକମାନଙ୍କଦ୍ୱାରା ସମ୍ପାଦିତ ହୋଇଥାଏ।"
train/img_06382.jpg,"ମୋଗଲ ତାମସା: ଏଥିରେ ମୋଗଲମାନଙ୍କର ଶୋଷଣ, ଅତ୍ୟାଚାର, ବିଳାସ ବ୍ୟସନର ଚିତ୍ରଣ ହୋଇଛି।"
train/img_06383.jpg,ଭଦ୍ରକ ନିକଟସ୍ଥ ଏବେକାର ରାଣୀତାଲ ସେହି ରାଣୀତଲାୱରୁ ଆସିଛି।
train/img_06384.jpg,"ବୈଦିକ ଯୁଗରେ ଏହାକୁ ଆର୍ଯ୍ୟାବର୍ତ୍ତ, ଜମ୍ବୁଦ୍ୱୀପ ଓ ଅଜନାଭ ଦେଶ ବୋଲି ମଧ୍ୟ କୁହାଯାଇଛି।"
train/img_06385.jpg,ଶିଳ୍ପସାର ସଂଗ୍ରହ ପୋଥିରେ ୨ୟ ଖଣ୍ଡରେ ରଥର ମୂଳରୁ ଚୂଳ ପର୍ଯ୍ୟନ୍ତ ମୋଟ ୨୭ ଭାଗ କରାଯାଇଛି।
train/img_06386.jpg,"ଶାସ୍ତ୍ରରେ ଯଦି ଓ ଉଲ୍ଲେଖ ରହିଛି ଦ୍ୱାଦଶୀ ଦିନମହାପ୍ରଭୁ ନୀଳାଦ୍ରି ବିଜେ କରନ୍ତି, କିନ୍ତୁ ପ୍ରକୃତ ପକ୍ଷେ ଏକାଦଶୀ ଦିନ ସୁନାବେଶ, ଦ୍ୱାଦଶୀରେ ଅଧରପଣା ଓ ତ୍ରୋୟଦଶୀ ତିଥିରେ ନୀଳାଦ୍ରି ବିଜେ ହୋଇଥାଏ।"
train/img_06387.jpg,ଏହି ଦୃଷ୍ଟିରୁ ଆଲୋଚକମାନେ ଝୁମରର ଯୁଗବିଭାଜନ କରିଛନ୍ତି ।
train/img_06388.jpg,ବାଲେଶ୍ୱରଠାରେ ଅନେକ ଜଣାଶୁଣା ଚିତ୍ରକର ଓ ଶିଳ୍ପୀ ଜନ୍ମ ନେଇଛନ୍ତି ।
train/img_06389.jpg,"ଗ୍ରାମ: ୧,୯୯୭"
train/img_06390.jpg,ଶ୍ରୀଲଙ୍କା ଏସିଆ ମହାଦେଶ ଅନ୍ତର୍ଗତ ଏକ ଦେଶ ।
train/img_06391.jpg,ରାଜ୍ୟସଭା ସାଂସଦ (୨୦୨୪)
train/img_06392.jpg,ଭୁବନେଶ୍ୱରରେ ଛଅଟି ୟୁନିଟ ଓ ପୁରୁଣା ଭୁବନେଶ୍ୱର ଅଞ୍ଚଳରେ ଏକ ବିଜ୍ଞାପିତ ଅଞ୍ଚଳ ହେବା ମଧ୍ୟ ସେହି ନକ୍ସାରେ ଥିଲା ।
train/img_06393.jpg,ଶ୍ରୀ ଜଗନ୍ନାଥ ମନ୍ଦିର
train/img_06394.jpg,ମହାପ୍ରଭୁମାନଙ୍କ ପହଣ୍ଡି ପୂର୍ବରୁ ଶ୍ରୀମନ୍ଦିରର କୋଠ ସୁଆଁସିଆ ସେବକମାନେ ଗୁଣ୍ଡିଚା ମନ୍ଦିର ରତ୍ନ ସିଂହାସନ ଏବଂ ସ୍ନାନ ପୂର୍ଣ୍ଣିମାରେ ଶ୍ରୀମନ୍ଦିରସ୍ଥ ରତ୍ନ ସିଂହାସନଠାରେ ଚାରମାଳ ବାନ୍ଧିଥାନ୍ତି।
train/img_06395.jpg,ଉଭୟ ବାଚସ୍ପତି ଓ ଉପବାଚସ୍ପତି ଗୃହର ସଦସ୍ୟମାନଙ୍କଦ୍ୱାରା ନିର୍ବାଚିତ ଓ ବହିଷୃତ ହୁଅନ୍ତି ।
train/img_06396.jpg,କେଶରୀ ବଂଶ ପରେ କଟକ ୧୨୧୧ ଖ୍ରୀ ଅ ରେ ଗଙ୍ଗ ବଂଶଜ ଅନଙ୍ଗଭୀମଦେବଙ୍କ ସାମ୍ରାଜ୍ୟର ରାଜଧାନୀ ରୂପେ ରହିଥିଲା ।
train/img_06397.jpg,ପଶ୍ଚିମରେ: ନୟାଗଡ଼ ଜିଲ୍ଲା
train/img_06398.jpg,"ଏହା ପଶ୍ଚିମ ଓଡ଼ିଆ, କୋସଲି, ସମଲପୁରୀ ଓଡ଼ିଆ ଆଦି ନାମରେ ମଧ୍ୟ ଜଣା ।"
train/img_06399.jpg,ସରକାରୀ ତନ୍ତ୍ରକୁ ଠିକ୍ ଭାବେ ଚଳାଇବାପାଇଁ ସମସ୍ତ କାମକୁ ବିଭିନ୍ନ ଭାଗରେ ବଣ୍ଟା ଯାଇଥାଏ ।
train/img_06400.jpg,ଆଦିକବି ସାରଳା ଦାସ ମା' ଶାରଳାଙ୍କ ପୀଠ ନିକଟସ୍ଥ କାଳୀନାଗରେ ଜନ୍ମଗ୍ରହଣ କରିଥିଲେ।
train/img_06401.jpg,ଏହି ପବିତ୍ର ଦଉଡ଼ିକୁ ସ୍ପର୍ଶ କରିବା ସଙ୍ଗେ ସଙ୍ଗେ ରଥ ଟାଣି ଲକ୍ଷ ଲକ୍ଷ ଭକ୍ତ ନିଜକୁ ଧନ୍ୟ ମଣିଥାନ୍ତି।
train/img_06402.jpg,ସେ ସମୟରେ ମୋହନପୁର ଏବଂ ହରିହରପୁର (ବର୍ତ୍ତମାନର ଜଗତ୍ ସିଂହପୁର)ଠାରେ ଉତ୍କୃଷ୍ଟ ଧରଣର ସୂତାଲୁଗା ପ୍ରସ୍ତୁତ କରାଯାଉଥିଲା ।
train/img_06403.jpg,ପ୍ରିୟବ୍ରତଙ୍କର ଦଶପୁତ୍ର ଥିଲେ ।
train/img_06404.jpg,ପରେ ପରେ ଐରଖାରବେଳ ଭୁବନେଶ୍ୱରକୁ ନିଜ ରାଜଧାନୀ ରୂପେ ଗ୍ରହଣ କରି ନେଇଥିଲେ ।
train/img_06405.jpg,କାନ୍ଧଠାରେ ଏହା ପ୍ରାୟ ପାଞ୍ଚଫୁଟ ଉଚ୍ଚ।
train/img_06406.jpg,୧୯୪୮ ଖ୍ରୀ - ଭୁବନେଶ୍ୱର ନୂତନ ରାଜଧାନୀ (ଏପ୍ରିଲ୍ ୧୩) ।
train/img_06407.jpg,ଏହି ପୌରସଂସ୍ଥା ଓଡ଼ିଶାର ସର୍ବପ୍ରଚୀନ ଓ ସର୍ବପ୍ରଥମ ପୌରସଂସ୍ଥା ଭାବରେ ନମିତା ହୋଇଛି ।
train/img_06408.jpg,ମନ୍ତ୍ରୀମଣ୍ଡଳ
train/img_06409.jpg,ଏମିତି କରି ଦିନ୍ କାଟିବି କେତେ ଗୋ ।’’
train/img_06410.jpg,"ଏଥିମଧ୍ୟରୁ ଗ୍ରାମାଞ୍ଚଳରେ ୬,୫୯,୭୮୮ ଓ ସହରାଞ୍ଚଳରେ ୭୨,୧୬୪ ଲୋକ ବାସ କରନ୍ତି ।"
train/img_06411.jpg,ଜିଲ୍ଲାର ମଧ୍ୟଭାଗର ଉଚ୍ଚତା ସମୁଦ୍ରପତ୍ତନଠାରୁ ହାରାହାରି ୫୦୦ ମିଟର ।
train/img_06412.jpg,ଏଥି ଉପରେ ଛନ୍ଦା ପକାଇବ।
train/img_06413.jpg,ଓଡ଼ିଆ ସଂସ୍କୃତି ଅନୁଯାୟୀ କଟକରେ ମଧ୍ୟ ବାର ମାସରେ ତେର ପର୍ବ ପାଳିତ ହୁଏ ।
train/img_06414.jpg,ମୋହନା ତହସିଲ ଅଧିନରେ: ୩୯ଟି
train/img_06415.jpg,"ଏଣୁ ଏ ସଂମ୍ପର୍କରେ କୁହାଯାଏ ‘‘ନୃତ୍ୟ ଜଗତରେ ‘ଛଉନାଚ’ ଯେପରି ଏକ ବିଶିଷ୍ଟ ସମ୍ପଦ, ସଙ୍ଗୀତ ରାଜ୍ୟରେ ‘ଝୁମର’ ମଧ୍ୟ ଏକ ବିଶ୍ୱସ୍ତ ସମ୍ପଦ ।"
train/img_06416.jpg,ନମୁନା ଅକ୍ଷର
train/img_06417.jpg,ନ୍ୟାୟ ସଂଗ୍ରହାଳୟ
train/img_06418.jpg,"ଆରବର ଐତିହାସିକମାନେ ଖ୍ରୀ ୮ମ ଶତାବ୍ଦୀରେ ଜାଭାରେ ଶାସନ କରୁଥିବା ଓ କାମ୍ବୋଡିଆ, ଚମ୍ପାରେ ପ୍ରଭାବ ବିସ୍ତାର କରିଥିବା ଶୈଳେନ୍ଦ୍ର ବଂଶ କଳିଙ୍ଗରୁ ବୋଲି କହିଛନ୍ତି ।"
train/img_06419.jpg,କୃଷି ସେମାନଙ୍କର ଆୟର ମୂଖ୍ୟ ଉତ୍ସ ଥିଲା ।
train/img_06420.jpg,ଶେଷ ସ୍ୱାଧୀନ ରାଜା ଥିଲେ ମୁକୁନ୍ଦ ଦେବ।
train/img_06421.jpg,ଖାରବେଳ ତାଙ୍କ ସୈନ୍ୟ ବାହିନୀକୁ ପଠେଇଥିବା କଥା ବି ଉଲ୍ଲେଖ କରେ ।
train/img_06422.jpg,ସେହି କାଳରୁ କଟକ ବାଣିଜ୍ୟର ପେଣ୍ଠସ୍ଥଳ ରହି ଆସିଛି।
train/img_06423.jpg,ଏହି ପୌରସଂସ୍ଥା ଓଡ଼ିଶାର ସର୍ବପ୍ରଚୀନ ଓ ସର୍ବପ୍ରଥମ ପୌରସଂସ୍ଥା ଭାବରେ ନମିତା ହୋଇଛି ।
train/img_06424.jpg,ପୁଷ୍ପାଳକ ମହାଜନମାନେ ସର୍ବପ୍ରଥମେ ମଦନମୋହନ ଓ ରାମକୃଷ୍ଣ ବିଗ୍ରହଙ୍କୁ ହସ୍ତରେ ଧରି ଦକ୍ଷିଣି ଘରକୁ ବିଜେ କରାଇଥାନ୍ତି।
train/img_06425.jpg,ଇଞ୍ଜିନିୟରିଂ ଓ ପ୍ରତିରକ୍ଷା ଶିଳ୍ପ
train/img_06426.jpg,ସୁରେନ୍ଦ୍ର ମହାନ୍ତି: ୧୯୭୧
train/img_06427.jpg,ରିଆମାଳ ବ୍ଳକ ଅଧିନରେ: ୨୨ଟି
train/img_06428.jpg,ମଦ୍ୟପ ସ୍ୱାମୀର ଅତ୍ୟାଚାରରେ ସ୍ତ୍ରୀର ବକ୍ତବ୍ୟ ନିମ୍ନୋକ୍ତ ଝୁମରରେ-
train/img_06429.jpg,ସେରୀକଲଚର
train/img_06430.jpg,"ଏହାର ଦକ୍ଷିଣରେ ଆନ୍ଧ୍ର ପ୍ରଦେଶ, ପଶ୍ଚିମରେ ଛତିଶଗଡ଼, ଉତ୍ତରରେ ଝାଡ଼ଖଣ୍ଡ ଓ ପଶ୍ଚିମବଙ୍ଗ ଏବଂ ପୂର୍ବରେ ବଙ୍ଗୋପ ସାଗର ରହିଛି ।"
train/img_06431.jpg,"(ଝୁମର ସଂଗୀତରେ ମୟୂରଭଞ୍ଜ ସଂସ୍କୃତି- ‘‘ଝଉମର ସମୀକ୍ଷା’’ ଡଃ ଆଦିକନ୍ଦ ମହାନ୍ତ, ପୃ-୧୨) ।"
train/img_06432.jpg,ରାସଲୀଳା ଓ ନାବକେଳି ଆଦି ଏଇ ଯାତ୍ରାର ମୁଖ୍ୟ ଅଙ୍ଗ।
train/img_06433.jpg,ଅର୍ଥାତ ନବମ ଦିବସରେ ଦେବତାମାନଙ୍କୁ ରଥରେ ଅଧିଷ୍ଠିତ କରାଇବେ।
train/img_06434.jpg,"ସେହିପରି ମାନସିଂହ ନାମାନୁସାରେ ମାନସିଂହ ବଜାର ଓ ଅନ୍ୟାନ୍ୟ ମୋଗଲ ସର୍ଦାରଙ୍କ ନାମରୁ ବାଇରମ ନଗର, ମିର୍ଜା ପୋଖରୀ, ଦର୍ଜି ପୋଖରୀ, ଆଜିମାବାଦ, ପଠାଣ ମହଲା ନାମକରଣ ହୋଇଥିଲା ।"
train/img_06435.jpg,ଓଡ଼ିଆ ସାହିତ୍ୟ ଓଡ଼ିଆ ଭାଷାରେ ଲିଖିତ ସାହିତ୍ୟର ନାନା ବିଭବକୁ ବୁଝାଇଥାଏ ।
train/img_06436.jpg,ଦାଁଡ଼ାୟକି ଲତା ହରେ - ତରୁର ପତନ ?
train/img_06437.jpg,ପରେ ୧୯୬୯ରେ ମାଡ୍ରାସ ଷ୍ଟେଟ ତାମିଲନାଡୁ ରାଜ୍ୟରେ ସାମିଲ ହୋଇଥିଲା।
train/img_06438.jpg,ନିକଟ ଅତୀତରେ ଦିବାରାତ୍ରି ଖେଳମାନଙ୍କ ଲାଗି ଏଠାରେ ଫ୍ଲଡ୍ ଲାଇଟ୍ ମଧ୍ୟ ଖଞ୍ଜା ଯାଇଛି ।
train/img_06439.jpg,ଶୀତକାଳରେ ଜିଲ୍ଲାର ଜଳବାୟୁ ଶୀତଳ ଏବଂ ଶୁଷ୍କ ରହିଥାଏ ।
train/img_06440.jpg,ବୈଜୟନ୍ତ ପଣ୍ଡା: ୨୦୦୯ ଓ ୨୦୧୮
train/img_06441.jpg,ଅଖିଳ ଭାରତୀୟ ଫୁଟବଲ୍ ସଂଘ ଉଚ୍ଚ ପ୍ରଦର୍ଶନ କେନ୍ଦ୍ର ( )
train/img_06442.jpg,"ସାଧୁସଙ୍ଗ ବିନେ ଅନ୍ୟେ କିବା ଜାନେ,"
train/img_06443.jpg,ନାରୀମାନଙ୍କ ବାଦ୍ୟଯନ୍ତ୍ର ବାଜଣା ସହ ଓଡ଼ିଶୀ ନର୍ତ୍ତକୀମାନଙ୍କର ନାଚକୁ ଖାରବେଳ ଉପଭୋଗ କରୁଥିଲେ ।
train/img_06444.jpg,୨୦୨୨ ମସିହା ନଭେମ୍ବରରେ ଓଡ଼ିଶାରେ କେବଳ ୬୦ଟି ଚଳଚ୍ଚିତ୍ର ପ୍ରେକ୍ଷାଳୟ ଥିଲା ।
train/img_06445.jpg,ଅନ୍ୟାନ୍ୟ ସେବକ
train/img_06446.jpg,ଶବ୍ଦାର୍ଥ
train/img_06447.jpg,ଦ୍ରବ୍ୟ
train/img_06448.jpg,ଇମ୍ଫା ଫେରୋକ୍ରୋମ ଚୌଦ୍ୱାର
train/img_06449.jpg,"ଏହି ଆଦି ମାତୃକାମାନେ ହେଲେ:-୧) ଦେବୀ ସରସ୍ୱତୀ,୨) ଦେବୀ ଗାୟତ୍ରୀ, ୩) ଦେବୀ ସାବିତ୍ରୀ, ୪) ଷଷ୍ଠୀ ଓ ୫) ଭୁବନେଶ୍ୱରୀଦେବୀ।ଏହି ପଞ୍ଚ ମାତୃକା ଆଦି ଲୋକ ମାତୃକା ରୂପେ ବେଶ୍ ପରିଚିତ ଓ ପୂଜିତା।"
train/img_06450.jpg,ବିବୁଧେନ୍ଦ୍ର ମିଶ୍ର
train/img_06451.jpg,ଏଥନୋଲୋଗ ଅନୁସାରେ ଗାରୋ ଭାଷା ନିମ୍ନଲିଖିତ ସ୍ଥାନଗୁଡ଼ିକରେ କଥିତ ।
train/img_06452.jpg,ଏଠାରେ ତୟୋଦଶ ଶତାବ୍ଦୀରେ ନିର୍ମିତ ଏକ ବୈଷ୍ଣବ ମନ୍ଦିର ରହିଛି ଯେଉଁଠାରେ ଭଗବାନ ନୃସିଂହ ବିରାଡ଼ି ବା ମାର୍ଜାର ରୂପେ ପୂଜା ପାଇଥାନ୍ତି ।
train/img_06453.jpg,"ଉନ୍ନବିଂଶ ଶତାବ୍ଦୀରେ, ଯେଉଁ ସମୟରେ ଓଡ଼ିଆ ଭାଷା ବଙ୍ଗବାସୀଙ୍କ ଦ୍ୱାରାକବଳିତ,ସେହି ସମୟରେ ଓଡ଼ିଆ ଭାଷାକୁ ପାଥେୟ କରି ବଡ଼କୋଠା ମଧ୍ୟସ୍ଥ ରଙ୍ଗ ମହଲରେ ଓଡ଼ିଆ ସଂଗୀତର ଆସର ତୋଳୁଥିଲେ ସଙ୍ଗୀତଗୁରୁ ଗୋକୁଳ ଚନ୍ଦ୍ର ଶ୍ରୀଚନ୍ଦନ ।"
train/img_06454.jpg,ଜାତୀୟ କ୍ରୀଡ଼ା ହକି
train/img_06455.jpg,ଭୂଇଁ ମଝାଲ ସୂତାଠାରୁ ୨ ଅଙ୍ଗୁଳ ରଖି ଗୈ ହାଣିବ।
train/img_06456.jpg,"ପୁଣି ସାଇକେଲ ଯେପରି ଚୋରି ନ ହେବ, ସେଭଳି ତାହା ତିଆରି ହୋଇଛି ଅର୍ଥାତ୍ ଛ’ଜଣ ତାକୁ ଜଗିଛନ୍ତି ।"
train/img_06457.jpg,- ଓଡ଼ିଆ ଅନଲାଇନ କନଭର୍ଟର
train/img_06458.jpg,ଜଗସିଂହପୁର ସହର ସହିତ ଜାତୀୟ ରାଜପଥ ସଂଯୋଗ ନାହିଁ।
train/img_06459.jpg,"ଏହା ମଧ୍ୟରେ ବୋଡ଼ୋ, କୋକବୋରୋକ, ଡିମାସା, ରାଭା, ଆଟୋଙ୍ଗ, ଟିୱା ଏବଂ କୋଚ ଭଳି ଭାଷା ରହିଛି ।"
train/img_06460.jpg,"ଆଶ୍ରମରେ ରହି ରମାଦେବୀ, ସରଳାଦେବୀ ଓ ଅନ୍ନପୂର୍ଣ୍ଣା ମହାରଣା ପ୍ରମୁଖ ନାରୀ ଆନ୍ଦୋଳନର ନେତୃତ୍ବ ନେଇ କାରାବରଣ କରିଥିଲେ।"
train/img_06461.jpg,"ଗ୍ରାମ: ୨,୬୬୭"
train/img_06462.jpg,"ଶ୍ରୀଗୁଣ୍ଡିଚା (ରଥଯାତ୍ରା) : ମଙ୍ଗଳ ଆଳତି, ମଇଲମ, ତଡ଼ପ ଲାଗି, ରୋଷ ହୋମ, ଅବକାଶ, ସୂର୍ଯ୍ୟ ପୂଜା, ଦ୍ୱାରପାଳ ପୂଜା, ବେଶ ଶେଷ, ବଲ୍ଲଭ ଓ ସକାଳ ଧୂପ, ରଥ ପ୍ରତିଷ୍ଠା ମଙ୍ଗଳାର୍ପଣ, ପହଣ୍ଡି ଆରମ୍ଭ, ପହଣ୍ଡି ଶେଷ, ମଦନମୋହନ, ରାମ , କୃଷ୍ଣ ବିଜେ, ଚିତା ଲାଗି, ଛେରା ପହଁରା, ଚାରମାଳ ଫିଟା ଓ ଘୋଡ଼ା଼ ସାରଥୀ ଲାଗିବା ଓ ରଥଟଣା ଆରମ୍ଭ ।"
train/img_06463.jpg,ଏହା କଠିଣତର ଓ ଅନେକ ଶାରୀରିକ ବଳର ବ୍ୟବହାର କରିବାକୁ ପଡ଼ିଥାଏ ଯାହା ପାଇଁ କୋମଳ ଶିଶୁ ବୟସରୁ ଶିକ୍ଷା ଆରମ୍ଭ କରିବାକୁ ପଡ଼େ ।
train/img_06464.jpg,ଝାଡ଼ଖଣ୍ଡ (ଅର୍ଥାତ୍ 'ଜଙ୍ଗଲର ଭୂମି') ହେଉଛି ପୂର୍ବ ଭାରତର ଏକ ରାଜ୍ୟ।
train/img_06465.jpg,ସୁଦୂର ଅତୀତରେ ଲିପିର ଅଭାବ ହେତୁ ମୁଖସ୍ଥ କରିବା ଥିଲା ସାହିତ୍ୟକୁ ବଞ୍ଚାଇ ରଖିବାର ଏକ ମାତ୍ର ଉପାୟ ।
train/img_06466.jpg,"ଗେରୁଆ ରଙ୍ଗ : ସାହସ, ତ୍ୟାଗ ଓ ବୈରାଗ୍ୟର ପ୍ରତୀକ, ଧଳା ରଙ୍ଗ : ଶୁଦ୍ଧତା ଓ ସତ୍ୟର ପ୍ରତୀକ, ସବୁଜ ରଙ୍ଗ : ବିଶ୍ୱାସ ଓ ସୃଜନର ପ୍ରତୀକ, ନୀଳ ରଙ୍ଗର ଚକ୍ର : ଚକ୍ର ଦେଶର ପ୍ରଗତିର ପ୍ରତୀକ ଓ ନୀଳ ରଙ୍ଗ ଆକାଶର ବିଶାଳତା ଓ ସମୁଦ୍ରର ବ୍ୟାପ୍ତିର ପ୍ରତୀକ ।"
train/img_06467.jpg,ସାଧାରଣତଃ ନବଜାତକର ଏକୋଇଶିଆ (ଜନ୍ମର ଏକୋଇଶ ଦିନ)ରେ ଅଥବା କାହାରି ଜନ୍ମଦିନରେ ଏହା ଆୟୋଜିତ ହୋଇଥାଏ।
train/img_06468.jpg,"ଶ୍ରୀଜଗନ୍ନାଥଙ୍କ ରଥର ୧୬ ଚକ ଷୋଳକଳାର, ବଳଭଦ୍ରଙ୍କର ୧୪ ଚକ ଚତୁର୍ଦ୍ଦଶ ମନ୍ୱନ୍ତରର ଓ ସୁଭଦ୍ରାଙ୍କ ୧୨ ଚକ ବାରମାସର ଦୃଷ୍ଟି ଆକର୍ଷଣ କରିଥାଏ ।"
train/img_06469.jpg,ବେସରକାରୀ
train/img_06470.jpg,ଗୌତମ ବୁଦ୍ଧ
train/img_06471.jpg,କଟକର ହାରାହାରି ସାକ୍ଷରତା ହାର ୯୧ ୧୭ ।
train/img_06472.jpg,"ଅନୁମାନ କରାଯାଏ ଯେ ଏହା ପୂର୍ବତନ ଖିଜିଙ୍ଗା ରାଜ୍ୟର ଅଂଶ ଥିଲା, ଯାହାର ମୁଖ୍ୟାଳୟ 'ଖିଜିଙ୍ଗା କୋଟା'ଠାରେ ଥିଲା ।"
train/img_06473.jpg,କେତେଗୋଟି ଉଦାହରଣ ଏହି ପରିପ୍ରେକ୍ଷୀରେ
train/img_06474.jpg,ମାଦଳା ପାଞ୍ଜି ଅନୁସାରେ କୋଶଳକେଶରୀ ରାଜା ମାର୍କଣ୍ଡେଶ୍ୱର ମନ୍ଦିର ଓ ପୁଷ୍କରିଣୀର ପଶ୍ଚିମ ପାର୍ଶ୍ୱସ୍ଥ ପଥର ପାଚେରୀ ନିର୍ମାଣ କରାଇଥିଲେ।
train/img_06475.jpg,ଏହା ଏକ ଶିବ ମନ୍ଦିର ।
train/img_06476.jpg,ରାଜା ରଥ ତଳେ ପଥରେ ଛେରା ପହଁରା କରୁଥିଲେ ।
train/img_06477.jpg,"ଏହା ଇଣ୍ଡୋ-ଇଉରୋପୀୟ ଭାଷାମାନଙ୍କ ମଧ୍ୟରେ ଏକମାତ୍ର ଜୀବନ୍ତ ଭାଷା, ଯାହା ଏକ ସମ୍ପୂର୍ଣ୍ଣ ସ୍ୱର ସମ୍ବନ୍ଧୀୟ ଭାଷା ।"
train/img_06478.jpg,ତେଣୁ ଗଙ୍ଗ ସମ୍ରାଟ ଅନଙ୍ଗ ଭୀମ ଦେବଙ୍କ ପୁତ୍ର ପ୍ରଥମ ଭାନୁଦେବ (୧୨୬୪-୧୨୮୭ ଏ ବ୍ୟବସ୍ଥା କରିଥିଲେ ।
train/img_06479.jpg,କଣ୍ଢେଇ ନାଚ
train/img_06480.jpg,"କାଳିଅବୁଦା ଗାଦି,ଓଟାଙ୍ଗ"
train/img_06481.jpg,ଗୁରୁର କଥାତେ ବିଶ୍ୱାସ ନା କର
train/img_06482.jpg,ଶାଳିଜଂଗା ମଠ
train/img_06483.jpg,"ଯଦିଓ ଏହାର ବ୍ୟାପକ ସୀମା ରହିଛି, ତଥାପି ଆଲୋଚନାର ସରଳୀକରଣ ନିମନ୍ତେ, ଓଡ଼ିଆ, ମୈଥିଳୀ ଆଦି ଭାଷାରେ ପରିଦୃଷ୍ଟ କୁର୍ମାଳି ଝୁମର ଗୀତଗୁଡ଼ିକୁ ପ୍ରସଙ୍ଗକ୍ରମେ ଗ୍ରହଣ କରାଯାଇଛି ।"
train/img_06484.jpg,"ନୟାଗଡ଼ ଓ ଖୋର୍ଦ୍ଧା ଡିଭିଜନର ଅରଣ୍ୟ ଅଧିକାରୀମାନେ ୮୬୨ଟି ଖଣ୍ଡ ଅସନ, ଧଉରା ଓ ଫାସୀ ଇତ୍ୟାଦି କାଠ ପଠାଇଥାନ୍ତି।"
train/img_06485.jpg,ବିଜ୍ଞାପିତ ଅଞ୍ଚଳ ପରିଷଦ:୧:
train/img_06486.jpg,ପର୍ବ ପର୍ବାଣି
train/img_06487.jpg,ରୋମାନ ସମ୍ରାଟ ତାଇବେରିୟସଙ୍କ ସମୟର ଏକ ମୁଦ୍ରା ଶାଳିହୁନ୍ଦମ୍ ପାଖରେ ଓ ଅନ୍ୟ ସ୍ଥାନମାନଙ୍କରେ ମିଳିଥିବା ରୋମାନ ମୁଦ୍ରାରୁ ରୋମ୍ ସାମ୍ରାଜ୍ୟ ସହିତ ଥିବା ବାଣିଜ୍ୟିକ ସମ୍ପର୍କ ସ୍ପଷ୍ଟ ପ୍ରତିଫଳିତ ହୁଏ ।
train/img_06488.jpg,"ଉଲ୍ଲେଖ ଅଛି ଯାଜପୁର ପାଇଁ ରାଧାଶ୍ୟାମ ନରେନ୍ଦ୍ର ୭୫ ହଜାର ମହଣ ଧାନ ବୀନା ମୂଲ୍ୟରେ, ଆଦି ନେତା ବିଚିତ୍ରାନନ୍ଦ ଦାସଙ୍କ ଅନୁରୋଧରେ ଦାନ କରିଥିଲେ ।"
train/img_06489.jpg,ତିଳେଇବଣି ବ୍ଳକ ଅଧିନରେ: ୧୬ଟି
train/img_06490.jpg,"ଭାରତୀୟ ଲୋଟଣୀ, ଭଦଭଦଳିଆ ଚଢ଼େଇ ଓଡ଼ିଶାର ଗର୍ବ ଓ ସଙ୍କେତ ଅଟେ ।"
train/img_06491.jpg,ଅନକାଡ଼େଲି : ମାଛକୁଣ୍ଡ ଜଳପ୍ରପାତର ନିକଟବର୍ତ୍ତୀ ଗ୍ରାମ।
train/img_06492.jpg,ପାରାଦୀପ ଫସପେଟ ଲିମିଟେଡ (ପି ପି ଏଲ )
train/img_06493.jpg,ଭାଷା ଭିତ୍ତିରେ ରାଜ୍ୟଗଠନ ହେବାରେ ଓଡ଼ିଶା ଭାରତର ପ୍ରଥମ ରାଜ୍ୟ ।
train/img_06494.jpg,ସେମାନେ ଛୋଟ ବଡ଼ ମନ୍ଦିର ମାର୍ଜନା ଓ ଶୋଧନ ତଥା ଶେଷରେ ଜଗମୋହନ ପରିଷ୍କାର କରୁଥିଲେ ।
train/img_06495.jpg,ଜଗତ୍ ସିଂହପୁର ପୌର ପରିଷଦ ଓ ପ୍ରତତ୍ତ୍ୱ ବିଭାଗର ମୋଟ ୧୦ଟି ପୋଖରୀ ରହିଛି।
train/img_06496.jpg,ମୟୂରଭଞ୍ଜ ଜିଲ୍ଲା ଆଦିବାସୀଙ୍କ ଆରାଧ୍ୟ ଦେବତା ମାରାଂବୁରୁ ଏହି କାଳୀପାହାଡ଼ରେ ବାସକରନ୍ତି ବୋଲି ବିଶ୍ୱାସ ରହିଛି ।
train/img_06497.jpg,ରାଜ୍ୟପାଳଙ୍କୁ ଭାରତର ରାଷ୍ଟ୍ରପତି ନିଯୁକ୍ତ କରନ୍ତି ।
train/img_06498.jpg,କଟକର ଚୌଦ୍ୱାରଠାରେ ଦେଶର ସର୍ବବୃହତ୍ ଫେରୋ ଆଲୟ ଉତ୍ପାଦକ ଇମ୍ଫା ( - )ର କାରଖାନା ରହିଛି ।
train/img_06499.jpg,"ଗୋଟିଏ ସାଇକେଲକୁ ଶରୀର ଭାବେ ପ୍ରତୀକିତ କରି ତା’ମଧ୍ୟରେ ଯେଉଁ ଶରୀର ତତ୍ତ୍ୱର ବ୍ୟାଖ୍ୟା କରିଛନ୍ତି ଝୁମର କବି, ଟିକିଏ ଲକ୍ଷ୍ୟ କରନ୍ତୁ"
train/img_06500.jpg,ଭାରତୀୟ ପ୍ରଶାସନ ବ୍ୟବସ୍ଥାର ତିନିଟି ମୁଖ୍ୟ ଅଙ୍ଗ ରହିଛି:
train/img_06501.jpg,"ଗାରୋ ପାହାଡ଼ ବିଭାଗ, ମେଘାଳୟ"
train/img_06502.jpg,"ସମ୍ପ୍ରତି ସେହି ପରମ୍ପରା କେତେକାଂଶ ଲୋପ ପାଇ ଯାଇଥିଲେ ହେଁ, କେତେକ ରୀତିନିତି, ବେଶ, ଯାନିଯାତ୍ରାଦି ସହ ନିର୍ଦ୍ଦିଷ୍ଟ ମଠମାନଙ୍କର ସମ୍ପର୍କ ଏବେ ବି ଅକ୍ଷୁର୍ଣ୍ଣ ରହିଛି।"
train/img_06503.jpg,ଏହାକୁ କାର୍ତ୍ତିକ ପୂର୍ଣ୍ଣିମା ପର ଦିନ (ମାର୍ଗଶିର କୃଷ୍ଣ ପ୍ରତିପଦା) ପାଳନ କରାଯାଏ ।
train/img_06504.jpg,କଳିଙ୍ଗ ଶୈଳୀରେ ନିର୍ମିତ ଏହି ମନ୍ଦିରଗୁଡ଼ିକ ସ୍ଥାପତ୍ୟ ଦୃଷ୍ଟିରୁ ତିନି ପ୍ରକାର ।
train/img_06505.jpg,ସ୍ୱରବର୍ଣ୍ଣ
train/img_06506.jpg,ଜଗନ୍ନାଥ ମନ୍ଦିରରୁ ପ୍ରଥମେ ଆରମ୍ଭ କରି ତା'ପରେ ବାକି ଶିବ ଓ ବିଷ୍ଣୁ ମନ୍ଦିରମାନଙ୍କରେ ଏହା ପ୍ରଚଳିତ ହୋଇଥିଲା ।
train/img_06507.jpg,"୧୨,୨୦,୦୦୦ (୨୦୨୩ ଜନଗଣନା ଅନୁଯାୟୀ)"
train/img_06508.jpg,ଏହା ଅଧୁନା ଖଡ଼ିଆଳ ଶାଖା ସଂଗ୍ରହାଳୟରେ ରହିଛି ।
train/img_06509.jpg,ସାତପଡା
train/img_06510.jpg,ସମୁଦାୟ
train/img_06511.jpg,"୧୮୯୮ମସିହାରେ ପରିବାର(ସ୍ତ୍ରୀ, ପିଲାମାନେ) ସେଠାକୁ ଚାଲି ଯାଇ ଥିଲେ ।"
train/img_06512.jpg,"ପୁରୀ ଶ୍ରୀମନ୍ଦିରରେ ଅଣହିନ୍ଦୁମାନଙ୍କର ପ୍ରବେଶ ନିଷେଧ ହୋଇଥିବାରୁ ସେ ଏଠାରେ ୧୬ଫୁଟ ଉଚ୍ଚର ଜଗନ୍ନାଥ, ୧୫ ଫୁଟ ଉଚ୍ଚର ବଳଭଦ୍ର ଓ ୭ ଫୁଟ ଉଚ୍ଚର ସୁଭଦ୍ରା ବିଗ୍ରହ ବୈଦିକ ରୀତିରେ ୨୦୦୫ ମସିହା ମେ ୨୨ରେ ସ୍ଥାପନ କରାଇଥିଲେ।"
train/img_06513.jpg,ରାଷ୍ଟ୍ରପତିଙ୍କ ମଞ୍ଜୁରୀ ପରେ ନିଯୁକ୍ତି ସଂପର୍କିତ ନୋଟିଫିକେସନ ଗେଜେଟରେ ପ୍ରକାଶ ପାଏ ।
train/img_06514.jpg,ମହାବୀର ପୀଠ
train/img_06515.jpg,ଏହା ପ୍ରାଚୀନ କାଳରୁ ଭିନ୍ନ ଭିନ୍ନ ମତ ଓ ବିଶ୍ୱାସରୁ ଉତ୍ପନ୍ନ ହୋଇଛି।
train/img_06516.jpg,ପୁରୁଷୋତ୍ତମ ଦେବ ଗଜପତିଙ୍କର କାଞ୍ଚି ଅଭିଯାନରୁ ଅଣାଯାଇଥିବା ସାକ୍ଷୀ ଗୋପୀନାଥଙ୍କ ବିଗ୍ରହ ପ୍ରଥମେ ଏଠାରେ ପୂଜା ପାଇଥିଲେ ।
train/img_06517.jpg,ରାଜ ଭବନ: ଏହା ବ୍ରିଟିଶ ଅମଲରେ ଗଭର୍ଣ୍ଣର ହାଉସ ଭାବେ ଜଣାଶୁଣା ଥିଲା ।
train/img_06518.jpg,ପ୍ରତି ବର୍ଷ ଏପ୍ରିଲ ପହିଲା ଦିନଟିକୁ ଉତ୍କଳ ଦିବସ ନାମରେ ପାଳନ କରାଯାଇ ସ୍ୱତନ୍ତ୍ର ପ୍ରଦେଶ ଗଠନର କର୍ଣ୍ଣଧାରମାନଙ୍କୁ ସମ୍ମାନ ଅର୍ପଣକରାଯାଏ ।
train/img_06519.jpg,ପ୍ରତ୍ନତାତ୍ତ୍ୱିକ ଖନନରୁ ଅନେକ ମୋହର ମଧ୍ୟ ମିଳିଛି ।
train/img_06520.jpg,ରାଜ୍ୟର ଏକ ଛୋଟ ଜିଲା ହେଉଛି ଜଗତ୍ ସିଂହପୁର ଏହା ୮୬ ଡିଗ୍ରୀ ୩ ଇଞ୍ଚରୁ ୮୬ ଡିଗ୍ରୀ ୪୫ ଇଞ୍ଚ ପୂର୍ବ ଦ୍ରାଘିମା ଏବଂ ୧୯ ଡିଗ୍ରୀ ୫୮ ଇଞ୍ଚରୁ ୨୦ ଡିଗ୍ରୀ ୨୩ ଇଞ୍ଚ ଉତ୍ତର ଅକ୍ଷାଂଶ ମଧ୍ୟରେ ଅବସ୍ଥିତ ।
train/img_06521.jpg,ତୋ ଲାବଣ୍ୟରୂପ ଚାହିଁ ଅଧୈର୍ଯ୍ୟ ହୋଇଲି ସହି
train/img_06522.jpg,ଓଡ଼ିଆ ଲିପି
train/img_06523.jpg,ଦୂତି କର ଧରି ବୋଲନ୍ କିଶୋରୀ
train/img_06524.jpg,ଏତଦ୍ ବ୍ୟତୀତ କଟକ ଚଣ୍ଡୀ ମନ୍ଦିର ଓ ଭଟ୍ଟାରିକା ମନ୍ଦିର ମଧ୍ୟ କଟକର ଶୋଭା ବୃଦ୍ଧି କରୁଛନ୍ତି ।
train/img_06525.jpg,ବୟନ ଶିଳ୍ପରେ ପ୍ରସ୍ତୁତ ବସ୍ତ୍ରଗୁଡିକ ସାଧାରଣତଃ ତୁଳାରେ ପ୍ରସ୍ତୁତ ସୂତାରେ ଏବଂ ସିଲ୍କ ସୂତାରେ ତିଆରି କରାଯାଇଥାଏ ।
train/img_06526.jpg,ଭୁବନେଶ୍ୱର ତା ନିଜ ପବନ କାରଣରୁ ମଧ୍ୟ ପ୍ରସିଦ୍ଧ ।
train/img_06527.jpg,"ସୁନାବ୍ୟା, ସୁଗଭୀର ଅଳକା ନଦୀ କ୍ରମେ ପୋତି ହୋଇଯିବା ଓ ଅନ୍ୟାନ୍ୟ କାରଣରୁ ହରିହରପୁର ଫ୍ୟାକ୍ଟ୍ରି ବନ୍ଦ ହୋଇଗଲା ।"
train/img_06528.jpg,"ଏକ ସଂସଦୀୟ ଲୋକତନ୍ତ୍ର ହିସାବରେ, ଏହା ୬ ଗୋଟି ସ୍ୱୀକୃତିପ୍ରାପ୍ତ ଜାତୀୟ ରାଜନୈତିକ ଦଳକୁ ନେଇ ଗଠିତ ।"
train/img_06529.jpg,ଜନସ୍ୱାସ୍ଥ୍ୟ ବିଭାଗ
train/img_06530.jpg,"ଓଡ଼ିଆ ଲୋକେ ଓଡ଼ିଶାରେ ମୁଖ୍ୟତଃ ସଂଖ୍ୟାଗରିଷ୍ଠ ଭାବେ ବସବାସ କରିବା ଛଡ଼ା ଆନ୍ଧ୍ର ପ୍ରଦେଶ, ଛତିଶଗଡ଼, ଝାଡ଼ଖଣ୍ଡ ଏବଂ ପଶ୍ଚିମ ବଙ୍ଗରେ ଗୁରୁତ୍ୱପୂର୍ଣ୍ଣ ସଂଖ୍ୟାଲଘୁ ଭାବେ ରହନ୍ତି ।"
train/img_06531.jpg,ଏହା ଶସ୍ୟ ଉତ୍ପାଦନ ବିଷୟରେ ସୂଚନା ଦିଏ।
train/img_06532.jpg,ରାଜାଙ୍କ ହାତରୁ ଦେଉଳ ଶ୍ରୀମନ୍ଦିର ପ୍ରଶାସନ ହାତକୁ ଯିବାପରେ ସେଠାରେ ବସି ସେବକମାନଙ୍କ ସମସ୍ୟା ଓ ଦେଉଳ ନୀତି ସମସ୍ୟା ସମ୍ପର୍କରେ ଆଉ ଆଲୋଚନା ହେଉନାହିଁ ।
train/img_06533.jpg,ରଜସ୍ୱଳାନାରୀ ସଦୃଶ ତିନିଦିନ ଅସ୍ପୃଶ୍ୟ ହୋଇ ରହିବାପରେ ଚତୁର୍ଥ ଦିନ ପ୍ରାତଃ କାଳରେ ଏହି ଶୁଦ୍ଧ ସ୍ନାନ ପର୍ବ ।
train/img_06534.jpg,ଏହି ଶଙ୍ଖାକାର କ୍ଷେତ୍ରର ମୂର୍ଦ୍ଧନୀ ହେଉଛି ପଶ୍ଚିମ ସୀମା ।
train/img_06535.jpg,ତତ୍ପରେ ଠାକୁରମାନଙ୍କ ମନମୁଗ୍ଧକର ପହଣ୍ଡି ନୀତି ଅନୁଷ୍ଠିତ ହେବା ପୂର୍ବରୁ ବିଜେ କାହାଳି ବାଜି ମଙ୍ଗଳାପର୍ଣ ନୀତି ବଢ଼ି଼ଥାଏ।
train/img_06536.jpg,"ଗହୀରମଥା, ଦେବୀ ନଦୀ ଏବଂ ଋଷିକୁଲ୍ୟା ନଦୀ ମୁହାଣକୁ ପ୍ରତିବର୍ଷ ଲକ୍ଷାଧିକ ସଂଖ୍ୟାରେ ଅଲିଭ ରିଡ଼ଲେ କଇଁଛ ଅଣ୍ଡା ଦେବାପାଇଁ ଆସନ୍ତି ।"
train/img_06537.jpg,ହାଣ୍ଡିଭଙ୍ଗା ଜଳପ୍ରପାତ
train/img_06538.jpg,"ପଞ୍ଜାବୀ ଭାଷାର ବ୍ୟାକରଣ ଶବ୍ଦ, ଚିହ୍ନ ଦେବା, କ୍ରିୟାପଦର ପରିବର୍ତ୍ତନ ପଦ୍ଧତି ଓ ଅନ୍ୟ ପ୍ରକାର ତତ୍ତ୍ୱ ଉପରେ ଗୁରୁତ୍ୱ ଦେଇଥାଏ ।"
train/img_06539.jpg,ଏହି ରାଜ୍ୟଟି ୨୦୦୦ ମସିହାରେ ବିହାର ରାଜ୍ୟରୁ ଅଲଗା ହୋଇ ଏକ ସତନ୍ତ୍ର ରାଜ୍ୟରେ ପରିଣତ ହୋଇଛି।
train/img_06540.jpg,"ସେହିପରି, ଐର ନାମଟି ଏକ ନାଗବଂଶୀ ରାଜା ଐରାବତରୁ ଆସିଥିବା ଜଣାଯାଏ।"
train/img_06541.jpg,ପୂର୍ବରୁ ମନ୍ତ୍ର ବାକ୍ୟରେ ଲକ୍ଷ୍ମୀ ନାରୟଣ ବନ୍ଦାପନା କରାଯାଉଥିଲା।
train/img_06542.jpg,"ଗୀତାଞ୍ଜଳିର ଲେଖକ ଓ ତାଙ୍କର ଗଭୀର ସମ୍ବେଦନଶୀଳ, ତାଜା, ସୁମଧୁର କବିତା; ୧୯୧୩ ମସିହାରେ ଗୀତାଞ୍ଜଳି କବିତାଗ୍ରନ୍ଥର ଇଂରାଜୀ ଅନୁବାଦ ପାଇଁ ସେ ନୋବେଲ ପୁରସ୍କାର ଲାଭ କରିଥିଲେ ।"
train/img_06543.jpg,ଏହା ଅସମୀୟା ଲିପିରେ ଲେଖା ହୁଏ ।
train/img_06544.jpg,ଶ୍ରୀ ସଦାଶିବ ସଂସ୍କୃତ ମହାବିଦ୍ୟାଳୟ: ଏହାକୁ ୧୯୭୧ ମସିହାରେ ପ୍ରତିଷ୍ଠା କରାଯାଇଥିଲା ।
train/img_06545.jpg,"ରାଧା, କୃଷ୍ଣ ଓ ଗୋପୀମାନଙ୍କର ପ୍ରତିମୂର୍ତ୍ତିକୁ ବିରାଟ ଶୋଭାଯାତ୍ରାରେ ଲୋକମାନେ ନେଇଥାନ୍ତି।"
train/img_06546.jpg,ଏହା ପଡ଼ୋଶୀ ବଙ୍ଗଳାଦେଶର କିଛି ଅଞ୍ଚଳରେ ମଧ୍ୟ କଥିତ ।
train/img_06547.jpg,ଭୌଗୋଳିକ ବିତରଣ
train/img_06548.jpg,କୁସୁମି
train/img_06549.jpg,ଅନଗ୍ରସର କ୍ଷେତ୍ର ଅନୁଦାନ ନିଧି କାର୍ଯ୍ୟକ୍ରମ ( ) ଜରିଆରେ ଓଡ଼ିଶାର ଯେଉଁ ୧୯ଟି ଜିଲ୍ଲାକୁ ଆର୍ଥିକ ଅନୁଦାନ ମିଳୁଛି ସେମାନଙ୍କ ମଧ୍ୟରୁ ଏହା ଗୋଟିଏ ।
train/img_06550.jpg,"ଏହି କାଳରେ ଚିତ ଆଳଙ୍କାରିକ ଝୁମରଗୁଡ଼ିକୁ ପାଠକଲେ ତାହା ଭଞ୍ଜ, ଦୀନକୃଷ୍ଣ ଆଦିଙ୍କ କୃତିଦ୍ୱାରା ପ୍ରଭାବିତ ହେବାର ସ୍ପଷ୍ଟ ଅବଧାରଣା କରିହୁଏ ।"
train/img_06551.jpg,ହିନ୍ଦୀ ଓ ବଙ୍ଗଳା ବ୍ୟତୀତ ଏକାଧିକ ଭାରତୀୟ ରାଜ୍ୟରେ ପ୍ରାଥମିକ ସରକାରୀ ମାନ୍ୟତା ପାଇଥିବା ଅଳ୍ପ କେତେକ ଭାଷା ମଧ୍ୟରୁ ଏହା ଅନ୍ୟତମ ।
train/img_06552.jpg,ବାଣିଜ୍ୟ
train/img_06553.jpg,ତେବେ ଧିରେ ଧିରେ ଆଜିକାଲି ଗୋଟିପୁଅ ନାଟୁଆମାନେ ପୁରାତନ ପୋଷାକକୁ ଛାଡ଼ି କିଛି ପରିମାଣରେ ଆଧୁନିକ ବେଶ ପରିପାଟୀର ବ୍ୟବହାର କରୁଛନ୍ତି ।
train/img_06554.jpg,ମାଲକାନଗିରି (୧୪୬)
train/img_06555.jpg,(ଗ) ବିଦ୍ଭାବନା:
train/img_06556.jpg,: : (୩୨୪ )
train/img_06557.jpg,ଉପ-ବିଭାଗୀୟ ମୁଖ୍ୟ ଡାକ୍ତରଖାନା ( )- ୪ଟି
train/img_06558.jpg,ତାମିଲ ଭାଷା (ବା ତାମିଳ ଭାଷା) ଭାରତର ତାମିଲନାଡୁ ରାଜ୍ୟର ପ୍ରଶାସନିକ ଭାଷା ଓ ଭାରତୀୟ ସମ୍ବିଧାନ ସ୍ୱୀକୃତିପ୍ରାପ୍ତ ଏକ ଭାଷା ।
train/img_06559.jpg,ଏହି ଗୀତକୁ ନେଇ ଅନେକ ଭିନ୍ନ ଭାଷାରେ ମଧ୍ୟ ଅନୁବାଦ କରା ହେଇଛି ।
train/img_06560.jpg,ପାରାଦୀପ ଫସଫେଟ୍ ଲିମିଟେଡ୍ ଏନେଇ ୨୫ ଲକ୍ଷ ଟଙ୍କା ଦେଇ ପୁଣି ଫେରାଇ ନେଇଥିବା ସୂଚନା ମିଳିଛି।
train/img_06561.jpg,"ଖଳିଲାଗି ଏକାଦଶୀ ଦିନ ବିଗ୍ରହମାନଙ୍କ ସର୍ବାଙ୍ଗ ନିମନ୍ତେ ୭ କିଲୋଗ୍ରାମ ଚନ୍ଦନକାଠ, କର୍ପୂର, କେଶର ଏବଂ ଭିତର ପନ୍ତି ଭୋଗ ଇନିଷାତ୍ ମାନ ମଠ ତରଫରୁ ଯୋଗାଇଯାଇଥାଏ।"
train/img_06562.jpg,ଠିକ ସେହି ପରି ଓଡ଼ିଶାର ଟିକରପଡା ଘଡ଼ିଆଳ କୁମ୍ଭୀର ପାଇଁ ପ୍ରସିଦ୍ଧ ।
train/img_06563.jpg,"ଯଥା-ପାନ୍ତାଶାଲିଆ ଝୁମର, ନାଚୁଣୀ ଶାଲିଆ ଝୁମର, କାଠିନାଚିଆ ଝୁମର, ଜାଅଆ ନାଚିଆ ଝୁମର, ବିବାହକାଳୀନ ଝୁମର, ଔପାସନିକ ଝୁମର ,ସଖୀନାଚିଆ ଝୁମର, ମହଡ଼ା ନାଚିଆ ଝୁମର, ବୈଠକ ଝୁମର, ଛଉ ନାଚିଆ ଝୁମର।"
train/img_06564.jpg,"ଟାଗୋର ବହୁତ ଗଳ୍ପ, କବିତା, ଓ ନାଟକ ରଚନା କରିଥିଲେ ଓ ତା' ସହ ବହୁତ ଗୀତ ଓ ସଙ୍ଗୀତ ଲେଖିଥିଲେ ।"
train/img_06565.jpg,ଓଡ଼ିଶାର ପୂର୍ବରେ ବାଲେଶ୍ୱର ଅବସ୍ଥିତ ।
train/img_06566.jpg,"ଏହି ଯୁଗର ଶେଷ ଆଡ଼କୁ କବି ବ୍ରଜନାଥ ବଡ଼ଜେନା ସମର ତରଙ୍ଗ, ଅମ୍ବିକା ବିଳାସ କାବ୍ୟ ଓ କବିସୂର୍ଯ୍ୟ ବଳଦେବ ରଥ କିଶୋରଚନ୍ଦ୍ରାନନ ଚମ୍ପୂ ଓ ଚନ୍ଦ୍ରକଳା କାବ୍ୟ ଲେଖିଥିଲେ ।"
train/img_06567.jpg,ସେଥି ମଧ୍ୟରୁ ୫୦ ୫୪ ଜଣ ପରୁଷ ହୋଇଥିବା ବେଳେ ୪୯ ୪୬ ଜଣ ନାରୀ ଅଟନ୍ତି ।
train/img_06568.jpg,ରଥ ଯାତ୍ରା ପ୍ରତିଶବ୍ଦ
train/img_06569.jpg,ଏହାକୁ ଦଳଗତ ଭାବେ ଘୁମୁରା ନୃତ୍ୟରେ ପରିବେଷଣ କରାଯାଇଥାଏ ।
train/img_06570.jpg,ପଟେଲ ସାହିତ୍ୟ ସଂସଦ
train/img_06571.jpg,କେତେଗୁଡିଏ ନାମକୁ ସଂସ୍କୃତ ସାହିତ୍ୟ ସ୍ୱୀକାର କରିଅଛନ୍ତି ।
train/img_06572.jpg,ଓଡ଼ିଶାର ବର୍ଷର ବିଭିନ୍ନ ସମୟରେ ନାନା ପ୍ରକାର ଯାନିଯାତ୍ରା ଓ ପର୍ବପର୍ବାଣି ଅନୁଷ୍ଠିତ ହୋଇଥାଏ ।
train/img_06573.jpg,ବାଉଲ ଦାସ)
train/img_06574.jpg,"ବ୍ୟହ ଭେଦିଲା ତଖନ, ବିଷର୍ଣ୍ଣ କୌରବ ଗନ ।"
train/img_06575.jpg,ଦୁର୍ଗର ପ୍ରବେଶଦ୍ୱାର ଏଯାବତ୍ ସୁରକ୍ଷିତ ରହିଛି ।
train/img_06576.jpg,"ଝାଡ଼ୁଆପଡ଼ା, ବ୍ରହ୍ମପୁରା, ମହାନ୍ତିପଡ଼ା, ଦଧିବମାନ, କୁଞ୍ଜେଲପଡ଼ାର ହୋତାପଡ଼ା, ହାଟ ପଡ଼ାର ସତ୍ୟବାଦୀ, ଦଳେଇପଡ଼ାର ମଦନମୋହନ, ଲିଆଖାଇ, ଯଜ୍ଞ ବରାହ, ଗୁରୁପଡ଼ାର ଟିମନୀ, ବାଲିବନ୍ଧର କୋଠା ମହାପ୍ରଭୁ, ମୁଦୀପଡ଼ାର ଜଗନ୍ନାଥ, ମଠପାଲିର ରାଣୀମଠ, ଭାତରାର ରାମଜୀ ମଠ, ଧନୁପାଲିର ଗୋପାଳଜୀ, କ୍ଷେତରାଜପୁର, ବଡ଼ବଜାର, ବାଲିବନ୍ଧର ରଘୁନାଥଜୀଉ,ସାକ୍ଷୀପଡ଼ାର ରାଧାମଦନଗୋପାଳ ମନ୍ଦିରରେ ଶ୍ରୀ ଜଗନ୍ନାଥ ପୂଜା ପାଆନ୍ତି ।"
train/img_06577.jpg,"ଉତ୍କଳମଣି ଗୋପବନ୍ଧୁ ସ୍ମୃତି ମହାବିଦ୍ୟାଳୟ,ସାକ୍ଷୀଗୋପାଳ,ପୁରୀ"
train/img_06578.jpg,ବ୍ଳକ: (୨୨):
train/img_06579.jpg,ହାତକାମ
train/img_06580.jpg,"ରକ୍ତ ତୀର୍ଥ ଇରମ, ବାସୁଦେବପୁର, ଏହାକୁ ଓଡ଼ିଶାର ଜାଲିଆନାୱାଲାବାଗ ବୋଲି ମଧ୍ୟ କୁହାଯାଏ।"
train/img_06581.jpg,"ପୁରୁଷ: ୭,୮୫,୧୭୯"
train/img_06582.jpg,ବଡ଼ ଡାକ୍ତରଖାନା ଛଡା କଟକ ସହରରେ ଆହୁରି ବହୁତ ବିଶେଷ ଚିକିତ୍ସା କେନ୍ଦ୍ରମାନ ଆଛି।
train/img_06583.jpg,"ଏହିଭଳି ଅନ୍ୟାନ୍ୟ ଅଳଙ୍କାର ଯଥା ବ୍ୟାଜସ୍ତୁତି ସମାସୋକ୍ତ, ସ୍ୱଭାବୋକ୍ତ, ବିରୋଧାଭାଷ ଆଦି ପ୍ରସଙ୍ଗ ଝୁମର ଗୀତରେ ସୁଲଭ ।"
train/img_06584.jpg,"ପି ଏଚ୍ ଡି କଲୋନୀସ୍ଥିତ ଶିବ ମନ୍ଦିର,"
train/img_06585.jpg,ସେତେବେଳେ ଆର୍ଯ୍ୟମାନଙ୍କ ଓଡ଼ିଶା ଆଗମନ ହେତୁ ଅନେକ ଓଡ଼ିଆ ଶବ୍ଦ ସଂସ୍କୃତ ଦେଇ ପ୍ରଭାବିତ ହେଲା ଓ ଶବ୍ଦ ଗଢଣରେ ବଦଳ ଆସିଲା ।
train/img_06586.jpg,ଏହା ମଧ୍ୟ ସମବାୟ ଗୋଷ୍ଠୀମାନଙ୍କଦ୍ୱାରା ପ୍ରସ୍ତୁତ ବସ୍ତ୍ର ଗୁଡିକୁ ରାଜ୍ୟ ମଧ୍ୟରେ ବିକ୍ରୟ କରିଥାଏ ।
train/img_06587.jpg,୨୦୦୯ ମସିହାର ପରବର ଶୁଭ ଉଦ୍ଘାଟନ ଏଇଠାରୁ ହୋଇଥିଲା।
train/img_06588.jpg,"କାରିଗରମାନଙ୍କ ବଂଶଧର ଯେଉଁମାନେ ଏକଦା ମନ୍ଦିର ଭବନରେ ଉତ୍କର୍ଷର ଚମତ୍କାର ଉଚ୍ଚତାକୁ ମାପଚୁପ କରିଥିଲେ, ସେମାନେ ପଥର ଖୋଦନ କରିବାର ବଂଶାନୁକ୍ରମିକ ଶିଳ୍ପ ମାଧ୍ୟମରେ ମୂର୍ତ୍ତି ପରମ୍ପରାକୁ ଜୀବନ୍ତ ରଖିଛନ୍ତି ଖୋଦିତ ଦ୍ରବ୍ୟରେ ମନ୍ଦିରର ପ୍ରତିକୃତି, ଦେବତା ଏବଂ ଦେବୀଙ୍କ ପ୍ରତିମୂର୍ତ୍ତି, କୋଣାର୍କ ଚକ ଏବଂ ଘୋଡ଼ା, ଏବଂ ଅଳସ କନ୍ୟା (ସାଧୁ ଝିଅ) ସାଲାଭଞ୍ଜିକା (ସାଲ ଶାଖା ଉପରେ ଝୁଲୁଥିବା ମହିଳା), ସୁରସୁଣ୍ଡାରୀ (ସ୍ୱର୍ଗୀୟ ସୌନ୍ଦର୍ଯ୍ୟ), ଲେଖିକା ( ଲେଡି ଏକ ଚିଠି ଲେଖିବା), ଇତ୍ୟାଦି ଯାହା ଘର ସାଜସଜ୍ଜାର ଲୋକପ୍ରିୟ ଆଇଟମ୍ ଓଡ଼ିଶାର କାଠ ଖୋଦନ ପ୍ରାୟ ସମାନ ଭାବରେ ଲୋକପ୍ରିୟ ସେମାନେ ଅନ୍ୟ ରାଜ୍ୟଗୁଡିକର କଳାକୃତିଠାରୁ ଭିନ୍ନ ଅଟନ୍ତି ଯେପର୍ଯ୍ୟନ୍ତ ସେମାନେ ସାଧା ଏବଂ ଚମତ୍କାର ପଲିସ୍ ସହିତ ଉଜ୍ଜ୍ୱଳ ଅଟନ୍ତି ଏବଂ ସେମାନଙ୍କ ଉପରେ କୌଣସି ରଙ୍ଗ କିମ୍ବା ଆବରଣ ବିନା ଲେକ୍ କାମ କରନ୍ତି ପାର୍ଟ ଓଡ଼ିଶାରେ ଅନେକ ହସ୍ତତନ୍ତ ସାମଗ୍ରୀ ଅଛି ଯେପରିକି କାଗଜ ମାଞ୍ଚ, ସୋଲା ପିଥ୍ କାମ, ଲଙ୍କ କାର୍ଯ୍ୟ, ଜାରୀ କାମ, ଗ୍ଲାସ୍ ବିଡି, କପଡ଼ା ଗାର୍ଲେଣ୍ଡ୍, କ୍ୟାମ୍ପୋର ଗାର୍ଲେଣ୍ଡ, ଜଟ କାର୍ପେଟ, ରଶ୍ ସାଥୀ, ଏବଂ ସର୍ବୋପରି, ପୁରୀ ଏବଂ ଗୋପାଳପୁରରେ ସମୁଦ୍ର ସେଲ କାର୍ଯ୍ୟ"
train/img_06589.jpg,ଓଡ଼ିଆରେ ଖବର
train/img_06590.jpg,"ହିନ୍ଦୁଙ୍କ ବ୍ୟତୀତ କଟକରେ ବସବାସ କରୁଥିବା ମୁସଲମାନ, ଖ୍ରୀଷ୍ଟିଆନ, ଶିଖ ଓ ଅନ୍ୟାନ୍ୟ ଧର୍ମାବଲମ୍ବୀମାନେ ମଧ୍ୟ ନିଜ ନିଜ ଧାର୍ମିକ ପର୍ବ ପାଳନ କରନ୍ତି, ଏଗୁଡିକ ମଧ୍ୟରୁ ଇଦୁଲ ଫିତର, ଇଦୁଲ ଜୁହା, ବଡ଼଼ଦିନ ଆଦି ପ୍ରଧାନ ।"
train/img_06591.jpg,ସହରରେ ଜି ଏସ ଏମ ଓ ସି ଡି ଏମ ଏ ଉଭୟ ସୁବିଧା ଉପଲବ୍ଧ ଅଛି।
train/img_06592.jpg,ଗୁଣ୍ଡିଚା ଯାତ୍ରା ପରଦିନ ଅର୍ଥାତ ଆଡ଼ପ ବିଜେ ଦିନ ଏହିଠାରେ ମଠ ତରଫରୁ ପନ୍ତି ଭୋଗ ହୋଇଥାଏ।
train/img_06593.jpg,ଢେଙ୍କାନାଳ ଜିଲ୍ଲାର ଉତ୍ତାର-ପୂର୍ବାଂଶରେ ପର୍ବତଶ୍ରେଣୀ ରହିଛି ।
train/img_06594.jpg,ଏହାଛଡା ଅନ୍ୟାନ୍ୟ ହିନ୍ଦୁ ପର୍ବପର୍ବାଣି ମଧ୍ୟ କଟକରେ ବେଶ୍ ଆଡମ୍ବର ସହ ପାଳିତ ହୁଏ ।
train/img_06595.jpg,ମୋହନା ତହସିଲ ଅଧିନରେ: ୩୯ଟି
train/img_06596.jpg,"ତନ୍ମଧ୍ୟରୁ ଭୁବନେଶ୍ୱରର ମୁକ୍ତେଶ୍ୱର, ରାଜାରାଣୀ ଓ ଲିଙ୍ଗରାଜ ମନ୍ଦିର, ପୁରୀର ଜଗନ୍ନାଥ ମନ୍ଦିର ଓ କୋଣାର୍କର ସୂର୍ଯ୍ୟମନ୍ଦିର ପ୍ରସିଦ୍ଧ ।"
train/img_06597.jpg,"ଅଠର ଦଶକର ମଝି ଆଡକୁ, ପ୍ରାୟ ୧୭୫୦ ବେଳକୁ କଟକ ମରହଟାମାନଙ୍କ ଅଧୀନକୁ ଆସିଲା ।"
train/img_06598.jpg,ପୁରୁଷ ସାକ୍ଷରତା ହାର ୯୩ ୮୩ ଥିବା ବେଳେ ନାରୀ ସାକ୍ଷରତା ହାର ୮୫ ୯୨ ରହିଛିି ।
train/img_06599.jpg,"ବିଜ୍ଞାନ, ପ୍ରଯୁକ୍ତିବିଦ୍ୟା ଏବଂ ଶକ୍ତି"
train/img_06600.jpg,କଳାହାଣ୍ଡିର ବୀରବାଦ୍ୟ ଘୁମୁରା ଅଟେ ।
train/img_06601.jpg,ତିନିରଥ ନିର୍ମାଣ କାର୍ଯ୍ୟ ଶେଷ ହେବା ପୂର୍ବରୁ ପ୍ରାୟ ୧୪ ଜଣ ଦରଜୀ ସେବକଙ୍କଦ୍ୱାରା ନିର୍ଦ୍ଦିଷ୍ଟ ତିଥିରେ ଆରମ୍ଭ ହୋଇ ରଥ ମଣ୍ଡିଣି କନା ପ୍ରସ୍ତୁତ କରାଯାଇ ତିନି ରଥରେ ସୁସଜ୍ଜିତ କରାଯାଏ।
train/img_06602.jpg,"ବେତାର ନାଟକ ସାଜି ""ଦୂରଦର୍ଶନରେ ପ୍ରସାର"" ନିମନ୍ତେ ପ୍ରକାଶିତ ହେଉଛି ଯାହା ଶବ୍ଦ ଓ ଗୀତ ମାଧ୍ୟମରେ ପ୍ରସାରିତ ହୁଏ ଏଠି ଦୃଶ୍ୟମାନ କରିହୁଏ ନାହିଁ ।"
train/img_06603.jpg,ପହଣ୍ଡି ଶବ୍ଦଟି ସଂସ୍କୃତରେ ପାଦହୁଣ୍ଡନ ବା ପାଦ ହୁଣ୍ଡ ଶବ୍ଦରୁ ସୃଷ୍ଟି।
train/img_06604.jpg,ପୁରୁଷ: ୧୩୩୯୧୫୩
train/img_06605.jpg,ଜଗନ୍ନାଥ ମହାପ୍ରଭୁ ପହଣ୍ଡି ବିଜେ କରି ଚାର ଉପରକୁ ଆସିଲେ ଲକ୍ଷ୍ମୀ ଠାକୁରାଣୀ ଭେଟ ମଣ୍ଡପକୁ ଆସିଥାନ୍ତି।
train/img_06606.jpg,"ସାହିତ୍ୟ ସଂସ୍କୃତି ଓ କଳାର ବିକାଶ ପାଇଁ ଗଢ଼ି ଉଠିଥିବା ଅନ୍ୟାନ୍ୟ ଅନୁଷ୍ଠାନ: ଚାନ୍ଦବାଲିର ପୂଜ୍ୟପୂଜା ସଂସଦ, ଭଦ୍ରକ ପୂଜ୍ୟପୂଜା ସଂସଦ, ଭଦ୍ରକ ସାହିତ୍ୟ ସଂସ୍କୃତି ପରିଷଦ, ରାମେଶ୍ୱର ସାହିତ୍ୟ ସଂସଦ, ରାନ୍ଦିଆ, ଚରମ୍ପା ସାହିତ୍ୟ ସଂସ୍କୃତି ମଞ୍ଚ, ରାଣୀତାଲ ସାହିତ୍ୟ ସଂସ୍କୃତି ପରିଷଦ, ଚିନ୍ତା ଓ ଚେତନା, ଶାରଦା ବିହାର ଟ୍ରଷ୍ଟ, ଭଦ୍ରକ ଲେଖକ ସାମ୍ମୁଖ୍ୟ, ଭଦ୍ରକ ଗବେଷଣା ପରିଷଦ ଇତ୍ୟାଦି।"
train/img_06607.jpg,"ସେଥିପାଇଁ ମନ୍ଦିର ପଶ୍ଚିମ ଦିଗରେ ଯେଉଁଠି ସଂସାରର ଆନନ୍ଦବର୍ଦ୍ଧକ ମହାପ୍ରଭୁ ଲୋକନାଥ ବିରାଜମାନ କରିଛନ୍ତି,ସେଠାରେ ଶଙ୍ଖନିଧି ଓ ପଦ୍ମନିଧି ଗୋଟିଏ ସ୍ୱର୍ଣ୍ଣପୁରୀ ନିର୍ମାଣ କରିଥିଲେ ।"
train/img_06608.jpg,ଅଳକାଶ୍ରମର ଇତିହାସ ।
train/img_06609.jpg,ଲେଖା ଉଦାହରଣ
train/img_06610.jpg,ଏକ ସ୍ୱତନ୍ତ୍ର ରାଜ୍ୟ ଗଠନ ପାଇଁ ମୁଖ୍ୟ ବିପ୍ଳବ ଉତ୍କଳ ସମ୍ମିଳନୀ ଗଠନ ଦିନଠାରୁ ତିନି ଦଶନ୍ଧି ଧରି ଲାଗିରହିଥିଲା ଓ ଏହା ଏକ ସ୍ୱତନ୍ତ୍ର ଓଡ଼ିଶା ପ୍ରଦେଶର ମୂଳଦୁଆ ସ୍ଥାପନକରିଥିଲା ।
train/img_06611.jpg,ତେରଥର ଆକ୍ରମଣ କାଳରେ ମହାପ୍ରଭୁ ଶ୍ରୀମନ୍ଦିର ରତ୍ନବେଦିରୁ ଯାଇ ଓଡ଼ିଶାର ବିଭିନ୍ନ ସ୍ଥାନକୁ ୨୧ ଥର ସ୍ଥାନାନ୍ତର ହୋଇଛି ।
train/img_06612.jpg,ମୁକ୍ତି ମଣ୍ଡପର ପଛଭାଗରେ ଦକ୍ଷିଣାଭିମୁଖୀ ମହାଦେବ ମନ୍ଦିରଟିକୁ କ୍ଷେତ୍ରପାଳ ମହାଦେବ କୁହାଯାଏ।ଏହା ଅନନ୍ତ ବାସୁଦେବ ମନ୍ଦିରର ନିକଟରେ ପୂଜା ପାଉଛନ୍ତି।ଶ୍ରୀକ୍ଷେତ୍ର ଓ ଶ୍ରୀମନ୍ଦିରର ରକ୍ଷକ ରୂପେ କ୍ଷେତ୍ରପାଳ ମହାଦେବ ସମସ୍ତଙ୍କର ନମସ୍ୟ।ଗଙ୍ଗ ବଂଶୀୟ ନରପତି ଅନଙ୍ଗ ଭୀମଦେବ ଏହାକୁ ନିର୍ମାଣ କରିଥିଲେ ।
train/img_06613.jpg,୨୦୧୦ର ସର୍ଭେ ଅନୁସାରେ ଏହି ଦେଶରେ ୨୬୦ ମିଲିୟନ ବା ପ୍ରାଏ ୮୦ ଲୋକ ଘରେ କେବଳ ଇଂଲିଶ ବ୍ୟବହାର କରନ୍ତି।
train/img_06614.jpg,ପ୍ରଶାସନିକ ବିଭାଗ
train/img_06615.jpg,ଜନ୍ମଦିନମାନଙ୍କରେ ମା' ଷଷ୍ଠୀ ଦେବୀଙ୍କଠାରେ ପିଲାମାନଙ୍କର ଦୀର୍ଘାୟୁ ଏବଂ ସର୍ବ କୁଶଳ ପାଇଁ କାମନା କରି ପୂଜାର୍ଚ୍ଚନା କରାଯାଇଥାଏ।ମା' ଷଷ୍ଠୀ ଦେବୀ ତ୍ରିଭୂଜା ଅଟନ୍ତି।ତାଙ୍କ ବାମ କୋଳରେ ଦିବ୍ୟ ଶିଶୁ ଆତ୍ମ ସୁଖ ଲାଭ କରୁଛନ୍ତି।
train/img_06616.jpg,ପ୍ରତ୍ନତତ୍ତ୍ୱ ପ୍ରମାଣ ଅନୁସାରେ ଏଠାରେ ପ୍ରସ୍ତର ଯୁଗ ଓ ଲୌହ ଯୁଗର ମାନବ ବସତିର ସୂଚନା ମିଳିଥାଏ ।
train/img_06617.jpg,"ଶ୍ରୀମନ୍ଦିର ପ୍ରଶାସନ ପକ୍ଷରୁ ପ୍ରଦତ୍ତ ଲୁହା ରଡ଼୍ ଓ ପ୍ଲେଟରେ ଓଝା ମହାରଣା ସେବକମାନେ ପ୍ରତିରଥର ଅଖ ଓ ଦଣ୍ଡାରେ କଣ୍ଡା ଲଗାଯିବା ଉଦ୍ଦେଶ୍ୟରେ ଯଥାକ୍ରମେ ନନ୍ଦିଘୋଷ ରଥ ପାଇଁ ୧୦ ଗଣ୍ଡା, ତାଳଧ୍ୱଜ ରଥ ପାଇଁ ୯ ଗଣ୍ଡା ୨ଟା ଓ ଦେବଦଳ୍ନ ରଥ ପାଇଁ ୭ ଗଣ୍ଡା ୨ଟା ବିଡିଆ କଣ୍ଟା ଶାଳ ପ୍ରସ୍ତୁତ କରିଥାନ୍ତି।"
train/img_06618.jpg,ସାରଳା ଦାସ ଏହି ବାଦ୍ୟକୁ ଏକ ମହିଷାସୁରଙ୍କ ରଣବାଦ୍ୟ ବୋଲି ମଧ୍ୟ ଉଲ୍ଲେଖ କରିଛନ୍ତି ।
train/img_06619.jpg,ସେଥି ମଧ୍ୟରୁ ୫୫ ୮୭ ଜଣ ପରୁଷ ହୋଇଥିବା ବେଳେ ୪୪ ୧୩ ଜଣ ନାରୀ ଅଟନ୍ତି ।
train/img_06620.jpg,ସ୍ୱାଧୀନତା ପରର ସାହିତ୍ୟ
train/img_06621.jpg,ନୀଳକ୍ଷେତ୍ର କହନ୍ତି ।
train/img_06622.jpg,ନୀଳାଦ୍ରି ନାମ ଖ୍ୟାତ ଥିଲା ।
train/img_06623.jpg,ରଜରେ ବିଶେଷ ଖାଦ୍ୟ
train/img_06624.jpg,: : (୪୦ )
train/img_06625.jpg,ଭାରତୀୟ ଉପମହାଦ୍ୱୀପର ପୂର୍ବ ଭୂଖଣ୍ଡରେ ଅବସ୍ଥିତ କଳିଙ୍ଗ ପ୍ରାଚୀନ ସମୟରେ ଗଙ୍ଗା ନଦୀର ଦକ୍ଷିଣ ତଟରୁ ଗୋଦାବରୀ ନଦୀ ପର୍ଯ୍ୟନ୍ତ ବିସ୍ତୃତ ଥିଲା ।
train/img_06626.jpg,କେବଳ ଏହା ଲୋକ ସଂଗୀତ କହିଦେଲେ ହେବ ନାହିଁ ।
train/img_06627.jpg,ବିଜୟା ରାମାସ୍ୱାମୀ ଏହାକୁ ପ୍ରାୟ ସମାନ ଯୁଗରେ ଆଧୁନିକ ୟୁରୋପର ସାଂସ୍କୃତିକ ଭାଷା ଭାବରେ ଫ୍ରାନ୍ସର ଅତ୍ୟଧିକ ଆଧିପତ୍ୟ ସହିତ ତୁଳନା କରିଥିଲେ ।
train/img_06628.jpg,ଗ୍ରାମ: ୧୭୪୪
train/img_06629.jpg,ଶ୍ରୀକ୍ଷେତ୍ରର ସୁପ୍ରସିଦ୍ଧ ଆଶ୍ରମ
train/img_06630.jpg,"ଓଡ଼ିଶୀ ସଙ୍ଗୀତର ନିଜସ୍ୱ ସୁଦୀର୍ଘ ପରମ୍ପରା, ରାଗ ରାଗିଣୀ ଓ ଗାୟନ ପରମ୍ପରା ଇତ୍ୟାଦି ସ୍ୱତନ୍ତ୍ର ଭାବେ ପ୍ରାଚୀନ କାଳରୁ ରହିଅଛି ।"
train/img_06631.jpg,ବିଗତ କିଛିଦିନ ଧରି ରଥଯାତ୍ରା ଓ ବାହୁଡା ଯାତ୍ରା ସମୟରେ ଛେରା ପହଁରା ଶୋଭାଯାତ୍ରାରେ ରାଜ୍ୟ ସରକାରଙ୍କ ଅନୁମତି କ୍ରମେ ନନ୍ଦନକାନନରୁ ଏକ ହସ୍ତୀ ଅଣାଯାଉଥିଲା।
train/img_06632.jpg,ଏହା କୌଣସି ଶାସ୍ତ୍ରୀୟ ନୃତ୍ୟକୁ ପାଠ୍ୟକ୍ରମରେ ଯୋଡ଼ିବାରେ ପ୍ରଥମ ବୈଷୟିକ ଅନୁଷ୍ଠାନ ।
train/img_06633.jpg,ଟାଗୋର ପରିବାର ବଙ୍ଗଳାର ପୁର୍ନଜାଗରଣରେ ସବୁଠୁ ଆଗରେ ଥିଲେ ।
train/img_06634.jpg,କଟକ ଓ ଭୁବନେଶ୍ୱରକୁ ମିଳିତ ଭାବେ ଓଡ଼ିଶାର ଯମଜ ସହର ବୋଲି ମଧ୍ୟ କୁହାଯାଏ ।
train/img_06635.jpg,ରଥରୁ ଚାରମାଳ ଖୋଲାଯିବା ପରେ ଘୋଡ଼ା଼ ବନ୍ଧାଯାଏ।
train/img_06636.jpg,ମଦନସୁନ୍ଦର ପାଲା: ରତ୍ନାକର ନାମକ ରାଜାଙ୍କର ଓ ଦୁଇଟି ବଣିକ ସାନନ୍ଦ ଓ ବିନୋଦଙ୍କ ସାନ ଭାଇ ମଦନ ସୁନ୍ଦରତ ଗଳ୍ପ
train/img_06637.jpg,"ଏଠାରେ ପରିବାର ନିୟୋଜନ, ଜନ ସ୍ୱାସ୍ଥ୍ୟ, ଅର ସି ଏଚ୍, ବର୍ଣ୍ଣାନ୍ଧତା, ମ୍ୟାଲେରିଆ, ଫାଇଲେରିଆ, ଯକ୍ଷ୍ମା ଆଦିରେ ସ୍ୱତନ୍ତ୍ର ଚିକିତ୍ସା ପ୍ରଦାନ କରାଯାଏ ।"
train/img_06638.jpg,କଳିଙ୍ଗବାସୀଙ୍କର ସାମୁଦ୍ରିକ ବାଣିଜ୍ୟ ଖ୍ରୀଷ୍ଟପୂର୍ବ ୩୫୦ ପୂର୍ବରୁ ଆରମ୍ଭ ହୋଇସାରିଥିଲା ବୋଲି କେତେକ ପ୍ରାଚୀନ ସୂତ୍ରରୁ ଜଣାପଡେ ।
train/img_06639.jpg,ଅଳଙ୍କାର
train/img_06640.jpg,ସରକାରୀ ତନ୍ତ୍ରକୁ ଠିକ୍ ଭାବେ ଚଳାଇବାପାଇଁ ସମସ୍ତ କାମକୁ ବିଭିନ୍ନ ଭାଗରେ ବଣ୍ଟା ଯାଇଥାଏ ।
train/img_06641.jpg,ପ୍ରିତମ ପଣ୍ଡା
train/img_06642.jpg,"ଏହା ସମୁର୍ଣ୍ଣ ଭାରତର ଶିଳ୍ପ ଉତ୍ପାଦର ୨୫ , ଜଳଜାହାଜ ବ୍ୟାପାରର ୪୦ ଓ ଭାରତୀୟ ଅର୍ଥବ୍ୟବସ୍ଥାରେ ପୁଞ୍ଜି ନେଣଦେଣରେ ୭୦ ଭାଗୀଦାରୀ ରହିଛି।"
train/img_06643.jpg,ଏମାନଙ୍କ ମଧ୍ୟରୁ ଅଧିକାଂଶ ଗୋଷ୍ଠୀ ଭାରତର ସାମ୍ବିଧାନିକ ବ୍ୟବସ୍ଥା ଅନୁଯାୟୀ ଅନୁସୂଚିତ ଜନଜାତି ବର୍ଗରେ ଅନ୍ତର୍ଭୁକ୍ତ ।
train/img_06644.jpg,"ବନ୍ଦେ ଉତ୍କଳ ଜନନୀ, ଓଡ଼ିଶାର ରାଜ୍ୟ ସଙ୍ଗୀତ ଅଟେ ।"
train/img_06645.jpg,୧୯୨୧ରୁ ୧୯୩୫ ଭିତରେ ଓଡ଼ିଆ ସାହିତ୍ୟରେ ଏକ ନୂଆ ଧାରାର ସନ୍ଧାନ ମିଳିଥାଏ ।
train/img_06646.jpg,"ରାୟପୁର, ଛତିଶଗଡ଼ ୨୧ ୨୩୩୩ ଉତ୍ତର ଅକ୍ଷାଂଶ ଓ ୮୧ ୬୩୩୩ ପୂର୍ବ ଦ୍ରାଘିମାରେ ଅବସ୍ଥିତ ।"
train/img_06647.jpg,ଭାରତର ଅନେକ ରାଜ୍ୟ ଏହି ପକ୍ଷୀକୁ ସେମାନଙ୍କର ରାଜ୍ୟ ପକ୍ଷୀ ଭାବେ ଘୋଷଣା କରିଛନ୍ତି ।
train/img_06648.jpg,ମନ୍ତ୍ରୀମଣ୍ଡଳରେ ଦୁଇ ସ୍ତରର ମନ୍ତ୍ରୀ ରହିଥାନ୍ତି
train/img_06649.jpg,ଉପଖଣ୍ଡ (ସବ୍ ଡିଭିଜନ): (୧): ନୂଆପଡ଼ା
train/img_06650.jpg,୧୮୦୩ ମସିହା ପରଠାରୁ ଭାରତର ସ୍ୱାଧୀନତା ପର୍ଯ୍ୟନ୍ତ ପୁରୀ ମନ୍ଦିର ଇଂରେଜ ଶାସନାଧିନ ଥିଲା ।
train/img_06651.jpg,ତନ୍ମଧ୍ୟରୁ ଗଙ୍ଗାରାମ ନାମକ ଏକ ହସ୍ତୀକୁ ଗଜପତି ମହାରାଜ ବୀରକିଶୋର ଦେବ (ଖ୍ରୀ ଅ ୧୯୫୬-୧୯୭୦)ଙ୍କ ସମୟରେ ମସ୍ତିଷ୍କ ବିକୃତି ଯୋଗୁଁ ମାରି ଦିଆଯାଇଥିଲା ଏବଂ ମୋତି ନାମକ ଶେଷ ହସ୍ତୀଟିର ଏକ ଆକସ୍ମିକ ଦୁର୍ଘଟଣା ବଶତଃ ୧୯୭୭ ମସିହାରେ ମୃତ୍ୟୁ ହୋଇଯାଇଥିଲା ।
train/img_06652.jpg,ମୁଖ୍ୟନଦୀ
train/img_06653.jpg,ବିଗତ କିଛି ସମୟ ଧରି ଭାରତୀୟ ପ୍ରତ୍ନତାତ୍ତ୍ୱିକ ବିଭାଗ ( )ଦ୍ୱାରା ଉତ୍ ଖନନ କାର୍ଯ୍ୟ ଚାଲୁ ରହିଛି
train/img_06654.jpg,"ସିନ୍ଧୁନଦୀରରେ ପଶ୍ଚିମରେ ବସବାସ କରୁଥିବା ପାରସୀ,ଆରବୀ ଅଧିବାସୀମାନେ ମଧ୍ୟ ହିନ୍ଦୁ ନାମରେ ପରିଚିତ।ସିନ୍ଧୁନଦୀର ପୂର୍ବଦେଶ ହିନ୍ଦୁସ୍ତାନ,ସେଠାରେ ରହୁଥିବା ଅଧିକଂଶ ଅଧିବାସୀ ହିନ୍ଦୁ ।"
train/img_06655.jpg,ଉପନ୍ୟାସରୁ କଥାଚିତ୍ର
train/img_06656.jpg,ସୁନହଟରେ ଥିବା ଭୁଜାଖିଆ ପିର ଉଭୟ ହିନ୍ଦୁ ଓ ମୁସଲିମ ଧର୍ମାବଲମ୍ବୀମାନଙ୍କ ଦେଇ ପୂଜିତ ହୋଇଥାନ୍ତି ଆସ୍ଥାନା ସରିଫ ହଜରତ ପିରବାବା ଏଠାରେ ହଇଜା ରୋଗିଙ୍କର ସେବା ପାଇଁ ଆସିଥିବାରୁ ତାଙ୍କ ନାମ ଅନୁସାରେ ଏହି ପୀଠର ନାମ ଭୁଜାଖିଆ ପିର ରଖାଯାଇଛି ।
train/img_06657.jpg,ଅଙ୍ଗ
train/img_06658.jpg,ପ୍ରତିଦିନ ଏଠାରୁ ଶହଶହ ବସ ଓଡ଼ିଶାର ବିଭିନ୍ନ ଅଞ୍ଚଳକୁ ଯାତାୟତ କରେ ।
train/img_06659.jpg,କଳାହାଣ୍ଡିର ଗୁଡ଼ହାଣ୍ଡି ଓ ଯୋଗୀମଠରୁ ମିଳୁଥିବା ପ୍ରତ୍ନତାତ୍ତ୍ୱିକ ପ୍ରମାଣରୁ ଦେଖାଯାଏ ଯେ ଗୁମ୍ଫାଚିତ୍ର ମଧ୍ୟରେ ଡମ୍ବରୁ ଓ ଘୁମୁରା ବାଦ୍ୟ ପରିବେଷଣର ଚିତ୍ର ରହିଛି ।
train/img_06660.jpg,ଖୋର୍ଦ୍ଧା ଜିଲ୍ଲା ଅନ୍ତର୍ଗତ ୮ଟି ବିଧାନ ସଭା ନିର୍ବାଚନ ମଣ୍ଡଳୀ ହେଉଛି:
train/img_06661.jpg,୧୧୭୦-୧୧୯୮ ଖ୍ରୀ - ଦ୍ୱିତୀୟ ଅନଙ୍ଗଭୀମଦେବ ।
train/img_06662.jpg,ଧରଣୀ ମାତା ଶସ୍ୟଶ୍ୟାମଳାପୂର୍ଣ୍ଣ ହେବା ପାଇ ପ୍ରାଥମିକ ପ୍ରସ୍ତୁତି ଭାବେ ରଜ ତିନିଦିନ ବିଶ୍ରାମ ମିଳିଥାଏ ତାଙ୍କୁ ।
train/img_06663.jpg,ଏଠାରେ ଥିବା ୬କ ଶିଳାଲେଖରେ ଅଶୋକ ପୁରା ପୃଥିବୀର ମଙ୍ଗଳ ପାଇଁ ହାତକୁ ନେଇଥିବା ସବୁ କାମ ଉପରେ ଲେଖାଯାଇଛି ।
train/img_06664.jpg,ବାଦୁଡ଼ି ପାହାଡ଼ : ଶାବେରୀ ନଦୀକୂଳରେ ଅବସ୍ଥିତ ଅନେକ ଗୁମ୍ଫାଯୁକ୍ତ ପାହାଡ଼ ।
train/img_06665.jpg,ଭାରତ ସରକାର ଆନୁଷ୍ଠାନିକ ଭାବରେ ଜନଜାତିମାନଙ୍କୁ ଆଦିବାସୀ ଭାବରେ ସ୍ୱୀକୃତି ଦିଅନ୍ତି ନାହିଁ ।
train/img_06666.jpg,ସ୍ଥାନେ ସ୍ଥାନେ କରୁଣ ଓ ଶାନ୍ତିରସର ପ୍ରୟୋଗ ମଧ୍ୟ ଦେଖାଯାଏ ।
train/img_06667.jpg,ବିଶେଷକରି ଶୃଙ୍ଗାର ରସର ପ୍ରାବଲ୍ୟ ସର୍ବପେକ୍ଷା ଅଧିକ ପରିଦୁଷ୍ଟ ହୋଇଥାଏ ଝୁମରମାନଙ୍କରେ ।
train/img_06668.jpg,ଓଡ଼ିଶାରେ ପର୍ଯ୍ୟଟନ ସ୍ଥଳୀ ଭାବେ ଚିହ୍ନିତ କରାଯାଇଥିବା ୩୨୦ଟି ସ୍ଥାନ ଭିତରେ ୧୩ଟି ସ୍ଥାନ କୋରାପୁଟ ଜିଲ୍ଲାରେ ଅବସ୍ଥିତ ।
train/img_06669.jpg,ଅଧୁନା ଏହି ବେହରଣରେ କଚେରି ବସୁନାହିଁ ।
train/img_06670.jpg,ଭାଷା ଭିତ୍ତିରେ ରାଜ୍ୟଗଠନ ହେବାରେ ଓଡ଼ିଶା ଭାରତର ପ୍ରଥମ ରାଜ୍ୟ ।
train/img_06671.jpg,ଜିରା
train/img_06672.jpg,ଚିତ୍ରଶିଳ୍ପୀ
train/img_06673.jpg,"ଚତୁର୍ଦ୍ଧାମୂର୍ତ୍ତି ସାତ ପାହାଚ ଉପରକୁ ପରମ୍ପରା କ୍ରମେ ବିଜେ ହୋଇ ଆସିବା କ୍ଷଣି ରାଘବଦାସ ମଠ ପକ୍ଷରୁ ଯୋଗାଇ ଦିଆଯାଇଥିବା ସୋଲ, ଜରି, ତୁଳସୀ, ଫୁଲ ଓ ବାଉଁଶ ପାତିଆରେ ସ୍ୱତନ୍ତ୍ର ଶୈଳୀରେ ନିର୍ମିତ ଟାହିୟା ଠାକୁରମାନଙ୍କ ଶ୍ରୀମସ୍ତକରେ ଲାଗି କରାଯାଏ ଓ ଏହି ସମୟରେ କେତେକ ନିର୍ଦ୍ଦିଷ୍ଟ ମଠମାନଙ୍କ ପକ୍ଷରୁ ପନ୍ତି ଭୋଗ ତଥା ଚାମର, ଆଲଟ ସେବା କରାଯାଏ।"
train/img_06674.jpg,"ଏହା ଭରତ ଉପଦେଶକୁ ଋଷିଆ, ଆଫଗାନିସ୍ଥାନ ଓ ଇରାନଠାରୁ ପୃଥକ୍ କରିଅଛି ।"
train/img_06675.jpg,ଯେଉଁ ବ୍ଯକ୍ତି ନିଜର ସମସ୍ତ ପୂଜା ଅର୍ଚ୍ଚନା କେବଳ ଏବଂ କେବଳ ଆଲ୍ଲାଙ୍କୁ (ଆଲ୍ଲାଙ୍କୁ) ସମର୍ପି ଥାଏ ସେ ହିଁ ବାସ୍ତବ ମୁସଲମାନ ଅଟେ ଇସଲାମ ଅର୍ଥ ନିଜର ଧର୍ମ ଏବଂ ବିଶ୍ବାସକୁ କେବଳ ଆଲ୍ଲା(ଆଲ୍ଲା)ଙ୍କଠାରେ ରଖିବା ।
train/img_06676.jpg,କଳାହାଣ୍ଡି ଆକ୍ଷରିକ ଭାବରେ କଳାରେ ଭରା ହାଣ୍ଡିକୁ ବୁଝାଇଥାଏ ।
train/img_06677.jpg,ଯୁକ୍ତରାଷ୍ଟ୍ର ଆମେରିକା ଉତ୍ତର ଆମେରିକାରେ ଥିବା ଏକ ପ୍ରଧାନ ଦେଶ ।
train/img_06678.jpg,କବି ବିଦ୍ୟାପତି ମୈଥିଳୀ ସାହିତ୍ୟର ପ୍ରଥିତଯଶା କବି ।
train/img_06679.jpg,ନାରଦ ଏବଂ ଅନ୍ୟ ଦୁଇ ଦେବଦୂତଙ୍କ ସହ ଇନ୍ଦ୍ରଦ୍ୟୁମ୍ନ ଶ୍ରୀକ୍ଷେତ୍ରରେ ପହଞ୍ଚିବା ପରେ ମହାପ୍ରଭୁଙ୍କ ପଣି ରଥ ନିର୍ମାଣ କରାଯାଇଥିଲା ।
train/img_06680.jpg,ଏହି ନୀତି ପରେ ଠାକୁରମାନେ ଧାଡ଼ି ପହଣ୍ଡିରେ ସ୍ୱ ସ୍ୱ ରଥକୁ ବିଜେ କରିଥାନ୍ତି।
train/img_06681.jpg,ଦିନେର କ୍ଷୁଧା ରାତେର୍ ଘୁମ୍ ହେ ଗେଲ ମିଛ କାଜେ ।’’
train/img_06682.jpg,ମଗାଇ ମାଝି
train/img_06683.jpg,ହରି ଉତ୍ଥାପନ ଏକାଦଶୀ: କାର୍ତ୍ତିକ ଶୁକ୍ଳ ଏକାଦଶୀ: ଦେବୋତ୍ଥାନ ଏକାଦଶୀ ବା ପ୍ରବୋଧନ ଯାତ୍ରା ।
train/img_06684.jpg,ଥାଇଲ୍ୟାଣ୍ଡରେ ଦକ୍ଷିଣ ଭାରତୀୟ ପଲ୍ଲବ ରାଜବଂଶ ଏବଂ ଉତ୍ତର ଭାରତୀୟ ଗୁପ୍ତ ସାମ୍ରାଜ୍ୟଦ୍ୱାରା ପ୍ରଭାବିତ ହେବାର ସୁଚନା ମିଳେ ।
train/img_06685.jpg,ଉଠ ଉଠ ନବୀନ କିଶୋରୀ
train/img_06686.jpg,୧୯୮୫-୮୬ ମସିହା ପୂର୍ବରୁ ଶ୍ରୀଗୁଣ୍ଡିଚା ମନ୍ଦିରଠାରୁ ବଡ଼ଶଙ୍ଖପର୍ଯ୍ୟନ୍ତ ରାସ୍ତାର ଉଭୟ ପାର୍ଶ୍ୱ ଅଞ୍ଚଳ ନିମ୍ନ ଥିଲା।
train/img_06687.jpg,"(ଇଂରାଜୀ) , - -"
train/img_06688.jpg,ସାହିତ୍ୟରେ ଯୁଗବିଭାଜନ ପରି ଝୁମରରେ ମଧ୍ୟ ଯୁଗବିଭାଜନର ଆବଶ୍ୟକତା ରହିଛି ।
train/img_06689.jpg,"ଝୁମର କବି ଏହି ଦର୍ଶନ ତତ୍ତ୍ୱ, ଶରୀର ତତ୍ତ୍ୱ, ଆଧ୍ୟାତ୍ମିକ ଚେତନାକୁ ଖୁବ୍ ମନୋଜ୍ଞ ଭାବରେ ଉତ୍କୀର୍ଣ୍ଣ କରାଇପାରିଛି ଆପଣାର ଝୁମର ଗୁଡ଼ିକରେ ।"
train/img_06690.jpg,ପେଣ୍ଠ ବେଳାଭୂମି ରାଜନଗର
train/img_06691.jpg,ଆନନ୍ଦବଜାରଠାରେ ଜାତି-ଧର୍ମ-ବର୍ଣ୍ଣ ନିର୍ବିଶେଷରେ ଭକ୍ତମାନେ ଏକାଠି ବସି ମହାପ୍ରସାଦ ସେବନ କରି ଥାଆନ୍ତି ।
train/img_06692.jpg,"ଏହି ଜିଲ୍ଲାରେ ବ୍ରଜରାଜନଗର ଅଞ୍ଚଳରେ ବିପୁଳ କୋଇଲା ଉପଲବ୍ଧ ଥିବା ହେତୁ , ତାହା ସଙ୍ଗେ ସଙ୍ଗେ ହୀରାକୁଦ ଜଳଭଣ୍ଡାରର ଜଳ ଓ ରେଳ ଓ ସଡକ ପଥ ଥିବା କାରଣରୁ ଜିଲ୍ଲାରେ ଅନେକ ଶିଳ୍ପ ପ୍ରତିଷ୍ଟିତ ହେଇଛି ।"
train/img_06693.jpg,ପୁରୀ ଶ୍ରୀଜଗନ୍ନାଥ ମନ୍ଦିର ନବୀକରଣ ପ୍ରାରମ୍ଭ ।
train/img_06694.jpg,ପରେ ପରେ ଐରଖାରବେଳ ଭୁବନେଶ୍ୱରକୁ ନିଜ ରାଜଧାନୀ ରୂପେ ଗ୍ରହଣ କରି ନେଇଥିଲେ ।
train/img_06695.jpg,ନୀଳମଣି ରାଉତରାୟ ଓ ନବକୃଷ୍ଣ ଚୌଧୁରୀ ପୂର୍ବତନ ମୁଖ୍ୟମନ୍ତ୍ରୀ
train/img_06696.jpg,ରାଷ୍ଟ୍ରପତିଙ୍କ ମଞ୍ଜୁରୀ ପରେ ନିଯୁକ୍ତି ସଂପର୍କିତ ନୋଟିଫିକେସନ ଗେଜେଟରେ ପ୍ରକାଶ ପାଏ ।
train/img_06697.jpg,ସ୍ତ୍ରୀ ରୋଗରେ ଅଶୋକଗଛ ମୂଳର ଛେଲିକୁ ପାଣିରେ ସିଝାଇ ବ୍ୟବହାର କରାଯାଏ।
train/img_06698.jpg,ଏପରିକି ଭକ୍ତମାନେ ଏହି ଦୁର୍ଲଭ ଦର୍ଶନରେ ଅଶ୍ୱମେଧ ଯଜ୍ଞର ଫଳ ଲାଭ କରି ଅନ୍ତକାଳରେ ବୈକୁଣ୍ଠ ପ୍ରାପ୍ତି ହୋଇଥାନ୍ତି ବୋଲି ବିଶ୍ୱାସ କରାଯାଏ ।
train/img_06699.jpg,", ( ) , , , , :// / / - - - - ମାର୍ଚ୍ଚ ୨୦୨୬ , / ,"
train/img_06700.jpg,ଭାନୁଦେବ ତୃତୀୟ (୧୩୦୮-୧୩୨୮) ଜଗନ୍ନାଥଙ୍କୁ ରାଜାଧିରାଜ ରୂପେ ସ୍ୱୀକାର କରି ମହାପ୍ରଭୁଙ୍କ ନାମରେ ଅଙ୍କ ଗଣନା ଆରମ୍ଭ କରିଥିଲେ ।
train/img_06701.jpg,"ଉଦୟପୁର ଉପବିଭାଗ, ଦକ୍ଷିଣ ତ୍ରିପୁରା ଜିଲ୍ଲା, ତ୍ରିପୁରା"
train/img_06702.jpg,ମାକଲପୁର ଏଥିପାଇଁ ଜଣାଶୁଣା ଥିଲା ।
train/img_06703.jpg,୧୯୪୮ ଖ୍ରୀ - ଭୁବନେଶ୍ୱର ନୂତନ ରାଜଧାନୀ (ଅପ୍ରେଲ ୧୩) ।
train/img_06704.jpg,ଦେବୀ ସର୍ବମଙ୍ଗଳା ଚତୁର୍ଭୁଜା ଓ ତ୍ରିନେତ୍ରୀ ଅଟନ୍ତି ।
train/img_06705.jpg,କିନ୍ତୁ ପ୍ରତ୍ୟେକ ହାଣ୍ଡି ସମାନ ମାପର ହୋଇ ନଥାଏ।
train/img_06706.jpg,୨୦୧୩ ମସିହାରେ ଜିଲ୍ଲାକୁ ଆସିଥିବା ୫ ୮୨ ଲକ୍ଷ ପର୍ଯ୍ୟଟଙ୍କ ମଧ୍ୟରୁ ୪ ୪୭ ଲକ୍ଷ ପର୍ଯ୍ୟଟକ ବେଦବ୍ୟାସ ମନ୍ଦିର ଦେଖିବାକୁ ଯାଇଥିଲେ ।
train/img_06707.jpg,ଭୂଲୋକ ପୁଲକ ପୂରି
train/img_06708.jpg,ଜର୍ମାନୀର ସହଯୋଗରେ ନିର୍ମିତ ଭାରତର ପବ୍ଲିକ୍ ସେକ୍ଟରରେ ରାଉରକେଲା ଷ୍ଟିଲ୍ ପ୍ଲାଣ୍ଟ ଥିଲା
train/img_06709.jpg,ଦେଶକୁ ଆନେକ ଉଚ୍ଚକୋଟୀର ବୁଦ୍ଧିଜୀବୀ ଓ ପ୍ରଶାସକ ଦେଇଥିବା ରେଭେନ୍ସା ମହାବିଦ୍ୟାଳୟ (ବର୍ତ୍ତମାନ ବିଶ୍ୱବିଦ୍ୟାଳୟ) କଟକର ଏକ ଅନନ୍ୟ ଅଙ୍ଗ ନୋବେଲ୍ ପୁରସ୍କାର ବିଜେତା ବୈଜ୍ଞାନିକ ସାର୍ ସି ଭି ରମଣ ଏଠାରେ କିଛି କାଳ କାର୍ଯ୍ୟ କରିଥିଲେ ଏଦଦ୍ ବ୍ୟତୀତ ଭାରତର ସ୍ୱାଧୀନତା ସଂଗ୍ରାମୀମାନଙ୍କ ମଧ୍ୟରୁ ଅନ୍ୟତମ ଓ ବିଶିଷ୍ଟ ନେତା ସୁବାଷ ଚନ୍ଦ୍ର ବୋଷଙ୍କ ବାଲ୍ୟକାଳ କଟକରେ ହିଁ ଅତିବାହିତ ହୋ ଇଥିଲା ସେ ଷଷ୍ଠ ଶ୍ରେଣୀ ଯାଏଁ ଏକ ଇଂରାଜୀ ବିଦ୍ୟାଳୟ (ବର୍ତ୍ତମାନର ଷ୍ଟୁଆର୍ଟ୍ ସ୍କୁଲ)ରେ ଅଧ୍ୟୟନ କଲାପରେ ରେଭେନ୍ସା କଲିଜିଏଟ୍ ସ୍କୁଲରେ ଅଧ୍ୟୟନ କରିଥିଲେ
train/img_06710.jpg,ଘୁ ଉଦୟଗିରି
train/img_06711.jpg,"ରଙ୍ଗକୁ ପ୍ରସ୍ତୁତ କରିବା ପ୍ରଣାଳୀ ଏବଂ ବ୍ୟବହାର କରିବା ପ୍ରଣାଳୀ ମଧ୍ୟ ପ୍ରାକୃତିକ, ତେଣୁ ଶରୀର ତଥା ଚର୍ମ ପାଇଁ ଏହା ଅଧିକ ହିତକର ।"
train/img_06712.jpg,ଖୋର୍ଦ୍ଧା (୧୧୭)
train/img_06713.jpg,ପାଟଣା ଶିବ ମନ୍ଦିର
train/img_06714.jpg,ଚେନ୍ନାଇ଼ 'ତାମିଲନାଡୁ' ରାଜ୍ୟର ରାଜଧାନୀ ।
train/img_06715.jpg,"ଓଡ଼ିଆ ରୀତିଯୁଗୀୟ କବିମାନଙ୍କ ରଚନା ଭଳି ଏହି ସମୟର କିବିମେନ ଅଳଙ୍କାର, ରସ-ରୀତି ଆଦି ଶାସ୍ତ୍ରୀୟ ମର୍ଯ୍ୟାଦାରେ ନିଜର କାବ୍ୟନାୟିକାକୁ ଭୂଷିତ କରଅଛନ୍ତି ।"
train/img_06716.jpg,ଅନୁଭବି କବି ସତ୍ତା ବେଳେବେଳେ ଜୀବନ ଦର୍ଶନର ଭାବାବେଗକୁ ଉଖାରି ବସିଛି ।
train/img_06717.jpg,୧୮୧୭ରେ ଖୋର୍ଦ୍ଧା ରାଜା ମୁକୁନ୍ଦଦେବ ବନ୍ଦୀ ବେଳେ ମୃତୁ ବରଣ କଲେ ।
train/img_06718.jpg,ସେ ଚନ୍ଦ୍ରଭାଗାର ନାବିକ ଥିଲେ।
train/img_06719.jpg,"ସେଥିମଧ୍ୟରେ ମୋଟର ସାଇକେଲ, ସ୍କୁଟି, ମୋପେଜ୍ ।"
train/img_06720.jpg,"୧୯୭୦ରେ ଜାପାନ ବୁଦ୍ଧ ସଙ୍ଘ ଓ କଳିଙ୍ଗ ବୁଦ୍ଧ ସଙ୍ଘର ମିଳିତ ଚେଷ୍ଟାରେ ଧଉଳି ପାହାଡ଼ ଉପରେ ଏକ ଶାନ୍ତି ସ୍ତୁପ ତୋଳାଯାଇଥିଲା, ଯାହା ଗବେଷକମାନଙ୍କ ପାଇଁ ଏକ ବିଶେଷ ଜାଗା ।"
train/img_06721.jpg,ପର୍ଯ୍ୟଟନ
train/img_06722.jpg,"ଛ ବର୍ଷରୁ କମ: ୧,୫୩,୪୪୩"
train/img_06723.jpg,ରଥଟଣା
train/img_06724.jpg,ମହାବୀର ପୀଠ
train/img_06725.jpg,(୫) ମାନ ବିପ୍ରଲମ୍ଭ ଶୃଙ୍ଗାର:
train/img_06726.jpg,ପାଳିଆମାନେ ପାଳି ଧରିବା ବେଳେ ଶ୍ରୀପାଳିଆ ଅନ୍ୟ ପାଳିଆମାନଙ୍କ ସହିତ ଝାଞ୍ଜ ବଜାନ୍ତି ଓ ବାୟକ ଗାୟକଙ୍କ ସଙ୍ଗେ ଓ ପାଳିଆଙ୍କ ସଙ୍ଗେ ମୃଦଙ୍ଗ ବଜାନ୍ତି ।
train/img_06727.jpg,ଈଶାନେଶ୍ୱରଙ୍କୁ ଶ୍ରୀଜଗନ୍ନାଥଙ୍କ ଗୁରୁ ବୋଲି ବିବେଚନା କରାଯାଏ ଓ ଶ୍ରୀଜଗନ୍ନାଥ ମନ୍ଦିର ବହୁ ପୂର୍ବରୁ ସେ ଏଠାରେ ରହିଛନ୍ତି।ଗର୍ଭଗୃହରେ ୨ ଫୁଟରେ ୨ ଫୁଟ୍ ଆୟତନର ଉତ୍ତରାଭିମୁଖୀ ଶକ୍ତି ପୂଜା ପାଉଛନ୍ତି ।
train/img_06728.jpg,ଦିନେର କ୍ଷୁଧା ରାତେର୍ ଘୁମ୍ ହେ ଗେଲ ମିଛ କାଜେ ।’’
train/img_06729.jpg,ଜୋହର୍: ଦ୍ୱିପ୍ରହର ପରେ; ଅପରାହ୍ଣ ୧ଟା ବେଳେ
train/img_06730.jpg,ଭଦ୍ରକର ବାଉଦପୁର ନାଁ ବୌଦ୍ଧରୁ ଆସିଛି।
train/img_06731.jpg,୧ ଅପ୍ରେଲ ୧୯୯୩ ପୂର୍ବରୁ ଏହା କଳାହାଣ୍ଡି ଜିଲ୍ଲାର ଅନ୍ତର୍ଭୁକ୍ତ ଥିଲା ।
train/img_06732.jpg,"୨୦୦୬ ଅଗଷ୍ଟ ୨୬ ତାରିଖରେ ବାଚସ୍ପତି ମହେଶ୍ୱର ମହାନ୍ତିଙ୍କ ଅଧ୍ୟକ୍ଷତାରେ ପୁଣି ଏକ ବୈଠକରେ ନିଷ୍ପତି ନିଆଗଲା ଯେ, ଜାତୀୟ ସଙ୍ଗୀତ ଢାଞ୍ଚାରେ ରାଜ୍ୟ ସଙ୍ଗୀତ ମାନ୍ୟତା ପାଇଁ ରାଜ୍ୟ ବିଧାନ ସଭାରେ ଏକ ବିଲ ଆଗତ କରାଯିବ ।"
train/img_06733.jpg,ଶିଶିରେ ଆସିଆ ଶୀତ ଦିଲ ଦରଶନ (ଭବପ୍ରୀତା)
train/img_06734.jpg,ପଣା
train/img_06735.jpg,"ବିଶ୍ୱମ୍ଭର ବିଦ୍ୟାପୀଠ,ପୁରୀ"
train/img_06736.jpg,ନୟଗଡକୁ ବାଘୁଆ ନୟାଗଡ଼ ବୋଲି କୁହନ୍ତି
train/img_06737.jpg,ମହାନଦୀ ଉପରେ ତିଆରି ହୀରାକୁଦ ବନ୍ଧରୁ ଜଳସେଚନ ଯୋଗୁଁ ଏହି ଜିଲ୍ଲାର ଉତ୍ତର ଅଧା ଧାନ ଓ ଅନ୍ୟାନ୍ୟ ଶସ୍ୟ ଚାଷରେ କୃଷିବହୁଳ ।ବରଗଡ଼କୁ ଓଡ଼ିଶାର ଭାତ ହାନ୍ଡି ବୋଲି କୁହାଯାଏ।
train/img_06738.jpg,ନିମ୍ନରେ ଥିବା ତାଲିକାଗୁଡ଼ିକ ଆନ୍ତର୍ଜାତୀୟ ଉଚ୍ଚାରଣଗତ ଲିପି ( ବା ଆଇପିଏ) ଉଇକିପିଡ଼ିଆ ପ୍ରସଙ୍ଗରେ ଓଡ଼ିଆ ଭାଷାର ଉଚ୍ଚାରଣର ଉପାୟ ଦର୍ଶାଏ ।
train/img_06739.jpg,ସେହି ଅଞ୍ଚଳରେ ବାସ କରୁଥିବା ଆଦିବାସୀ ତଥା ଅନ୍ୟ ସମ୍ପ୍ରଦାୟର ଲୋକମାନେ ପୂଜା ପାର୍ବଣ ଓ ଅନ୍ୟ ମେଳା ମଉଛବରେ ଏହି ନାଚ କରିଥାନ୍ତି ।
train/img_06740.jpg,ମୁମ୍ବାଇର ଉପକୂଳରେ ଫାଟ ଥିବାରୁ ଏହାର ପୋତାଶ୍ରୟ ପ୍ରକୃତିକ ଓ ସୁରକ୍ଷିତ ।
train/img_06741.jpg,ଏଠାରେ କଳିଙ୍ଗ ଯୁଦ୍ଧ ହୋଇଥିଲା ବୋଲି ଐତିହାସିକମାନେ ମତ ଦେଇଥାନ୍ତି ।
train/img_06742.jpg,ଡୁଡୁମା ଜଳପ୍ରପାତ
train/img_06743.jpg,ମୁକ୍ତେଶ୍ୱର ମନ୍ଦିର
train/img_06744.jpg,ଗୁଣ୍ଡିଚା ଯାତ୍ରା ପରଦିନ ଅର୍ଥାତ ଆଡ଼ପ ବିଜେ ଦିନ ଏହିଠାରେ ମଠ ତରଫରୁ ପନ୍ତି ଭୋଗ ହୋଇଥାଏ।
train/img_06745.jpg,କେନ୍ଦ୍ରାପଡ଼ା ଜିଲ୍ଲା ସଦର ମହକୁମା ରାଜ୍ୟ ରାଜଧାନୀଠାରୁ ୮୫ କି ମି ଦୁରରେ ଅବସ୍ଥିତ ।
train/img_06746.jpg,ଆଜିର ବାଲିଘାଟ ବନ୍ଦର ଓ ପରମିଟ ଘାଟରୁ ୧୬୯୦ ବେଳକୁ ଆଉରଙ୍ଗଜେବ ବାଲେଶ୍ୱରରେ ବେପାର ବଣିଜ କରିବା ପାଇଁ ଇଂରେଜମାନଙ୍କୁ ସନନ୍ଦ ଦେଇଥିଲେ ।
train/img_06747.jpg,ବାଲିଘାଟ ବନ୍ଦର
train/img_06748.jpg,ବାର ବାର ବାରିଜାକ୍ଷୀ କର ଆଲିଙ୍ଗନିଆ ।
train/img_06749.jpg,ଉନ୍ନବିଂଶ ଶତାବ୍ଦୀର ଓଡ଼ିଆ ସାହିତ୍ୟର ନବ ଜାଗରଣ ଏବଂ ପରେ ବିଂଶ ଶତାବ୍ଦୀର ସ୍ୱାଧୀନତା ସଂଗ୍ରାମ ତଥା ଓଡ଼ିଆ ଭାଷା ଆନ୍ଦୋଳନର ପ୍ରଭାବ ସ୍ୱରୂପ ଓଡ଼ିଶାରେ ନୂତନ ସାହିତ୍ୟ ସୃଷ୍ଟି ହୋଇଥିଲା ।
train/img_06750.jpg,ଦନୀଆ ହିଁ ନୌକା ମାଝେ ସଝାଇରେ
train/img_06751.jpg,ଏହା ସତ୍ତ୍ୱେ ଆଶ୍ରମର ବିକାଶ ଏଯାଏ ସମ୍ଭବ ହୋଇପାରିନାହିଁ।
train/img_06752.jpg,"ମହିଳା: ୬୩,୯୨୧ (୭୧ ୦୮ )"
train/img_06753.jpg,ଖଣିଜ ସମ୍ପଦ
train/img_06754.jpg,୧ମ ବର୍ଷ
train/img_06755.jpg,ଏହା ଏକ ପାରମ୍ପରିକ ଚାଷ ଚାଷ ହୋଇଥିଲେ ମଧ୍ୟ ପୂର୍ବେ ଏହାକୁ ପ୍ରାଧାନ୍ୟ ଦିଆଯାଉ ନଥିଲା ଏବେ କିଛିଦିନ ହେଲା ସରକାର ଏହିଚାଷର ଉନ୍ନତି ପାଇଁ କାର୍ଯ୍ୟ ଆରମ୍ଭ କରିଛନ୍ତି।
train/img_06756.jpg,ଏହା ହାତୀଗୁମ୍ଫା ଅଭିଲେଖ ନାମରେ ଖ୍ୟାତ ।
train/img_06757.jpg,ନାଟ ଗଣେଶ/ନୃତ୍ୟ ଗଣେଶ
train/img_06758.jpg,"ଏଠାରେ ଥିବା ବିଭିନ୍ନ ସ୍ତୂପ , ପ୍ରାସାଦ ତଥା ଅନ୍ୟାନ୍ୟ କଳାକୃତି ଗଜପତି ଜିଲ୍ଲାର ଐତିହ୍ୟକୁ ଓଡ଼ିଶା ପ୍ରଦେଶର ଇତିହାସରେ ଏକ ସ୍ୱତନ୍ତ୍ର ସ୍ଥାନ ପ୍ରଦାନ କରିଛି ।"
train/img_06759.jpg,"୩୬,୬୬୭, ତିନି ଚକିଆ ଅଟୋ ରିକ୍ସା, ଡାଲା ଅଟୋ ୧,୧୦୦, ଟ୍ରାକ୍ଟର ୧,୪୫୩, ଚାରି ଚକିଆ କାର, ଜିପ ୩୬୪, ପିକ୍ଅପ୍ ଭ୍ୟାନ୍, ମାଞ୍ଚି କାବ୍ ଆଦି ୬୭୩, ଟ୍ରକ୍ ୩୩୫, ଆମ୍ବୁଲାନ୍ସ ୧୧ ଓ ବସ୍ତ୍ର ୮ଟି ରହିଛି ।"
train/img_06760.jpg,‘‘ଦେଗୋ ଦୂତିରତି ନିତି ନିତି ମାଗି ନାଇଁ ।’‘
train/img_06761.jpg,ନୌବାଣିଜ୍ୟରେ ମହାନଦୀର ଭୂମିକା
train/img_06762.jpg,ଜ୍ୱରଜ୍ୱର ପ୍ରାନ କାତରେ ।
train/img_06763.jpg,"ଜଗନ୍ନାଥ ଦାସଙ୍କ ଓଡ଼ିଆ ଭାଗବତ, ବଳରାମଙ୍କ ଜଗମୋହନ ରାମାୟଣ, ଅଚ୍ୟୁତାନନ୍ଦଙ୍କ ହରିବଂଶ ଓ ମାଳିକା ଏହି ଯୁଗର କେତୋଟି ଅମୂଲ୍ୟ ରଚନା ।"
train/img_06764.jpg,ନର୍ଦ୍ଦମା ଜଳକୁ ବର୍ଲି ଓ ବାନ୍ଦ୍ରାରେ ଉପଚାର କରାଯାଇ ସମୁଦ୍ରରେ ଛଡାଯାଇଥାଏ।
train/img_06765.jpg,"ପଦ୍ମ ପୁରାଣ, ଏକାମ୍ର ପୁରାଣ, ଶିବ ପୁରାଣ, କପିଳ ସଂହିତା, ଶିବ ସଂହିତା, ପ୍ରାଚୀ ମାହାତ୍ମ୍ୟ ଆଦି ଗ୍ରନ୍ଥରେ ଏକାମ୍ର କ୍ଷେତ୍ରର ମାହାତ୍ମ୍ୟ ବିସ୍ତୃତ ଭାବେ ବର୍ଣ୍ଣିତ ।"
train/img_06766.jpg,"ଭାରତରେ, ଭାରତୀୟ ଗଣତନ୍ତ୍ରର ସମ୍ବିଧାନଦ୍ୱାରା ସ୍ୱୀକୃତିପ୍ରାପ୍ତ ଅନୁସୂଚିତ ଜନଜାତି ମଧ୍ୟରୁ ୬୨ ପ୍ରକାର ଅନୁସୂଚିତ ଜନଜାତି ଓଡ଼ିଶାରେ ବସବାସ କରନ୍ତି ।"
train/img_06767.jpg,"ଏଠାରେ ଉଲ୍ଲେଖଯୋଗ୍ୟ ଯେ, ଏହି ଗୋଟିଏ ଦିନ ଶ୍ରୀମନ୍ଦିର ଭିତରେ ଜଗନ୍ନାଥ ମହାପ୍ରଭୁଙ୍କ ରସଗୋଲା ଭୋଗ ହୋଇଥାଏ।"
train/img_06768.jpg,(ଘ) ହେମନ୍ତ ଋତୁ- ହେମନ୍ତେର ଶୀତ ଅଙ୍ଗ କାଁପେ ଥରଥର
train/img_06769.jpg,"ତୁଳା ଉତ୍ପାଦାନ ମୁଖ୍ୟ ଜିଲ୍ଲାଗୁଡ଼ିକ ହେଉଛି କଳାହାଣ୍ଡି, ବଲାଙ୍ଗୀର , ରାୟଗଡ଼ା ଓ କୋରାପୁଟ।"
train/img_06770.jpg,"ଫକୀର ମୋହନ ସେନାପତି,"
train/img_06771.jpg,"ଉପକୂଳବର୍ତ୍ତୀ ଅଞ୍ଚଳ ଏବଂ ମହାନଦୀ, ବ୍ରାହ୍ମଣୀଓ ବୈତରଣୀ ନଦୀ ପ୍ରଭୃତିର ମୁହାଣରେ ଉର୍ବର ପଟୁମୃତ୍ତିକା ଯୁକ୍ତ ସମତଳ ଭୂମି ଦେଖାଯାଏ ।"
train/img_06772.jpg,ହିମାଳୟ ପର୍ବତ ଏକ ପ୍ରାଚୀର ସଦୃଶ ।
train/img_06773.jpg,"ଓଡ଼ିଶାର ଲୋକସଂଗୀତ ତଥା ମୟୁରଭଞ୍ଜର ପାରମ୍ପରିକ ଲୋକଗୀତ-ନୃତ୍ୟ ଭାବରେ ଝୁମର ଯେଉଁ ମର୍ଯ୍ୟୋଦା ଲାଭ କରିଛି, ସେ ସଂପର୍କରେ ସାମାନ୍ୟ ଅବଧାରଣା କରିବା ନିମିତ୍ତ ଝୁମରର ବିଭିନ୍ନ ପ୍ରସଙ୍ଗଗୁଡ଼ିକ ଚୁମ୍ବକରେ ଆଲୋଚନା କରାଗଲା।"
train/img_06774.jpg,ବଟ ନାରାୟଣଂ ବନ୍ଦେ ମମ ପାପକ୍ଷୟଂ କୁରୁ
train/img_06775.jpg,"ଏହା ଛଡ଼ା ଭାଦ୍ରବରେ ଗଣେଶ ପୂଜା ଓ ବିଶ୍ୱକର୍ମା ପୂଜା, ଆଶ୍ୱିନରେ ଷୋହଳ ଦିନ ବ୍ୟାପୀ ଦେବୀ ପୀଠମାନଙ୍କରେ ଦୁର୍ଗା ପୂଜା ଓ ଶୁକ୍ଳ ଷଷ୍ଠୀଠାରୁ ଦଶମୀ ପର୍ଯ୍ୟନ୍ତ ସାର୍ବଜନୀନ ଦୁର୍ଗା ମେଢ଼ ପୂଜା, କାର୍ତ୍ତିକରେ ଲକ୍ଷ୍ମୀ ପୂଜା, କାଳୀ ପୂଜା ଓ କାର୍ତ୍ତିକେୟ ମେଢ଼ ପୂଜା ଓ ବାଲିଯାତ୍ରା, ମାର୍ଗଶୀରରେ ଲକ୍ଷ୍ମୀ ପୂଜା ବା ମାଣବସା ଗୁରୁବାର, ମାଘରେ ସରସ୍ୱତୀ ପୂଜା, ଫାଲଗୁନରେ ଜାଗର ଯାତ୍ରା ଓ ଚୈତ୍ରରେ ଝାମୁ ଯାତ୍ରା ଇତ୍ୟାଦି ଅନ୍ୟତମ ।"
train/img_06776.jpg,"ଭୋଗ ମନ୍ଦିରକୁ ଯେଉଁ ରାସ୍ତା ଦେଇ ନିଆଯାଉଛି ଠିକ୍ ଅଗ୍ନୀଶ୍ୱର ମନ୍ଦିର ପାର ହୋଇ ମନ୍ଦିର ମଧ୍ୟସ୍ଥ ପାହାଚକୁ ଉଠିବା ପୂର୍ବରୁ ଡାହାଣ କାନ୍ଥରେ ବିଶାଳ ଅନନ୍ତ ଶୟନରେ ନାରାୟଣଙ୍କ ପ୍ରତିମା, ଲକ୍ଷ୍ମୀ-ସରସ୍ୱତୀ, ବ୍ରହ୍ମା, ବିଷ୍ଣୁ ଓ ଦେବଲୋକଙ୍କ ସହ ଅନନ୍ତ ସର୍ପ ଉପରେ ଶୟନ କରିଥିବା ଭକ୍ତମାନେ ଦର୍ଶନ କରିଥାନ୍ତି ।"
train/img_06777.jpg,ବାଲେଶ୍ୱରରେ ଅନେକ ଜଙ୍ଗଲ ଓ ଖଣିମାନ ରହିଛି ।
train/img_06778.jpg,ଅଣ୍ଡା ରୋଲ
train/img_06779.jpg,"ତାଙ୍କ ବାପା ତାଙ୍କର ପାଇଁ ନିଜେ ବାହାଘର ଠିକ କରିଥିଲେ ମୄଳାଲିଣି ଦେବୀଙ୍କ(୧୮୭୩-୧୯୦୨) ସହ, ସେ ମାତ୍ର ୧୦ ବର୍ଷ ବୟସର ଝିଅ ଥିଲେ (ବାଲ୍ୟ ବିବାହ), ତାଙ୍କ ଜନ୍ମ ଭାବତାରିଣୀରେ ହୋଇଥିଲା ।"
train/img_06780.jpg,ପାଳିଆ ବିନ୍ଧାସ୍ଥିତ ବିରଞ୍ଚି ନାରାୟଣ ସୂର୍ଯ୍ୟ ମନ୍ଦିର ଭଦ୍ରକର ସୂର୍ଯ୍ୟୋପାସନାର ଏକ ପ୍ରସିଦ୍ଧ କ୍ଷେତ୍ର।
train/img_06781.jpg,ପର୍ବପର୍ବାଣି
train/img_06782.jpg,ମୟୂରଭଞ୍ଜ ଜିଲ୍ଲା ଆଦିବାସୀଙ୍କ ଆରାଧ୍ୟ ଦେବତା ମାରାଂବୁରୁ ଏହି କାଳୀପାହାଡ଼ରେ ବାସକରନ୍ତି ବୋଲି ବିଶ୍ୱାସ ରହିଛି ।
train/img_06783.jpg,"ମୋଗଲ ତାମସା, ଭୀଲ ତାମସା, ଫକିର ତାମସା, ଲୋଲିନ ବାଈ ତାମସା ଆଦି ସେ ରଚନା କରିଥିଲେ।"
train/img_06784.jpg,ଅତଏବ ଓଡ଼ିଆ ସାହିତ୍ୟରେ ଆଧୁନିକ ଯୁଗର ସୃଷ୍ଟି ପ୍ରା ଚ୍ୟ-ପ।ଶ୍ଚ।ତ୍ୟ ସଂଘର୍ଷରୁ ଘଟିଛି ବୋଲି କୁହାଯାଏ ।
train/img_06785.jpg,ତା ପରେ ରାଜା ପ୍ରତାପ ବଳଭଦ୍ର ଭଞ୍ଜଙ୍କ (୧୭୬୪-୧୭୯୨) ସମୟରେ ଟିଲୋ ଓ ଯୁଝପଡ଼ା ଅଞ୍ଚଳ ଦୁଇଟିକୁକଣ୍ଟାଝରି ଜମିଦାରୀରୁ କିଣାଯାଇ ରାଜ୍ୟରେ ମିଶାଗଲା ।
train/img_06786.jpg,"ଏହି ଯାନିଯାତ୍ରାର ବିଭିନ୍ନତାକୁ ନେଇ ""ବାର ମାସରେ ତେର ଯାତ"" ନାମକ ଲୋକୋକ୍ତି ରହିଛି ।"
train/img_06787.jpg,ଏହା ସେହି ସମୟର ସାମୁଦ୍ରିକ ବାଣିଜ୍ୟରେ କଳିଙ୍ଗର ଏକଛତ୍ର ପ୍ରଭାବର ସୂଚନା ଦିଏ ।
train/img_06788.jpg,ମୟୁରଭଞ୍ଜରର ବୋଲିରେ ସେଠାକାର ଆଦିବାସୀମାନଙ୍କ ଭାଷାର ଉଚ୍ଚାରଣର ପ୍ରଭାବ ପଡ଼ିଥିଲା ବେଳେ ଉତ୍ତର ବାଲେଶ୍ୱରର ଉଚ୍ଚାରଣ ଭିନ୍ନ ପ୍ରକାରର ।
train/img_06789.jpg,ଗାୟକ ଏକୁଟିଆ ଗୀତର ପ୍ରସଙ୍ଗରେ ଗଲେ ତାଙ୍କୁ ସାହାଯ୍ୟ କରିବାକୁ କିମ୍ବା ଗୀତର ପ୍ରସଙ୍ଗରେ କଥୋପକଥନ ଛଳରେ ଗାୟକଙ୍କୁ ଉତ୍ତର ଦେବାକୁ ଗାୟକଙ୍କ ସଙ୍ଗେ 'ଶିରୀ ପାଳିଆ' ବା 'ଡାହାଣ ପାଳିଆ' ବା 'ଶ୍ରୀ ପାଳିଆ' ଥାଆନ୍ତି ଗାୟକଙ୍କ ଡାହାଣ ହାତରେ 'ମନ୍ଦିରା' ବା ଗିନି ବନ୍ଧା ହୋଇଥାଏ ଓ କାଖରେ ଚଅଁର ମୁଠାଥାଏ ।
train/img_06790.jpg,"ଖ୍ରୀ ୧୮୦୩ରେ ଓଡ଼ିଶା ଇଂରେଜମାନଙ୍କ ଅଧୀନକୁ ଏବଂ ଏହି ସମୟରୁ ଧୀରେ ଧୀରେ ଇଂରେଜମ।ନେ ସେମାନଂକ ଧର୍ମ, ଭାଷା, ସଭ୍ୟତା, ଶିକ୍ଷା, ଦୀକ୍ଷା ଓ ଆଚାର-ବ୍ୟବହାର ହାର ମାନ ଏ ଦେଶରେ ପ୍ରବର୍ତ୍ତନ କରିବାକୁ ଲାଗିଲେ ।"
train/img_06791.jpg,ସେ ସମୟର ପ୍ରସିଦ୍ଧ ବୌଦ୍ଧପୀଠର ଖଡ଼ିଆଳ ଅଞ୍ଚଳରୁ ସଂଗୃହିତ ବିଶାଳ ବୁଦ୍ଧମୂର୍ତ୍ତି ଏବେ ଓଡ଼ିଶା ରାଜ୍ୟ ସଂଗ୍ରହାଳୟରେ ରହିଛି।
train/img_06792.jpg,ଶୋକାକୁଲେ ସଖାକୁଲେ ବୋଲେନ ମୁରାରୀ
train/img_06793.jpg,"ସାକ୍ଷର: ୬,୮୧,୫୨୨ (୭୯ ୧୭ )"
train/img_06794.jpg,ଈଶାନେଶ୍ୱରଙ୍କୁ ଶ୍ରୀଜଗନ୍ନାଥଙ୍କ ଗୁରୁ ବୋଲି ବିବେଚନା କରାଯାଏ ଓ ଶ୍ରୀଜଗନ୍ନାଥ ମନ୍ଦିର ବହୁ ପୂର୍ବରୁ ସେ ଏଠାରେ ରହିଛନ୍ତି।ଗର୍ଭଗୃହରେ ୨ ଫୁଟରେ ୨ ଫୁଟ୍ ଆୟତନର ଉତ୍ତରାଭିମୁଖୀ ଶକ୍ତି ପୂଜା ପାଉଛନ୍ତି ।
train/img_06795.jpg,ତାରିଣୀ ମନ୍ଦିର
train/img_06796.jpg,ଗଁଦିଆ: ୨୭ଟି ପଞ୍ଚାୟତ
train/img_06797.jpg,ସାକ୍ଷରତା ହାର: ୫୦ ୮୮
train/img_06798.jpg,ଶ୍ରୀ ସାକ୍ଷୀଗୋପାଳ
train/img_06799.jpg,(୩) ଝୁମର ରସ ମଞ୍ଜୁଷା ୰ ବାଉଳ ଦାସ (ସଂକ) ଗିରୀଶ ଚନ୍ଦ୍ର ମହାନ୍ତ ।
train/img_06800.jpg,ଆକାଶବାଣୀ କଟକ
train/img_06801.jpg,"ସେମାନେ ହେଲେ ବାରବାଟି କଟକ- ଶ୍ରୀ ମହମ୍ମଦ ମୋକିମ୍, ଚୌଦ୍ୱାର କଟକ - ଶ୍ରୀ ସୌଭିକ ବିଶ୍ୱାଳ ଓ କଟକ ସଦର- ଶ୍ରୀ ଚନ୍ଦ୍ର ସାରଥୀ ବେହେରା।"
train/img_06802.jpg,ଏହି ଯୁଗକୁ ସିଦ୍ଧସାହିତ୍ୟର ଯୁଗ ବା ଚରିଜାଗିତିର ଯୁଗ କୁହାଯାଏ ।
train/img_06803.jpg,ଇନ୍ଧନ
train/img_06804.jpg,"ଭୋକ୍ତାମାନଙ୍କ ପାଇଁ କଠିନ ଆଚରଣ, ନିଷ୍ଠା ଏବଂ ତ୍ୟାଗର ବିଧିବିଧାନ ରହିଛି ।"
train/img_06805.jpg,ଅଦ୍ୟାବତ୍ ସେହି ବିଗ୍ରହମାନେ ସେହି ମନ୍ଦିରରେ ଯଥାବିଧି ପୂଜିତ ହେଉ ଅଛନ୍ତି।
train/img_06806.jpg,ବ୍ରହ୍ମପୁର (୧୩୩)
train/img_06807.jpg,ମାର୍କଣ୍ଡେୟ ମୁନି ତପସ୍ୟାକରି ଶିବଙ୍କୁ ସନ୍ତୁଷ୍ଟ କରି ମୃତ୍ୟୁଞ୍ଜୟ ହୋଇଥିବାରୁ ତାଙ୍କରି ନାମାନୁସାରେ ଏହି ପୁଷ୍କରିଣୀଟି ନାମିତ ବୋଲି କିମ୍ବଦନ୍ତୀ ରହିଛି।
train/img_06808.jpg,"ମୁଖ୍ୟ ବଡ଼ ଓ ସାନ ସହର ଆଉ ଥାନା ଗୁଡ଼ିକ ହେଲା ବଲାଙ୍ଗୀର,, ପାଟଣାଗଡ଼, ଟିଟିଲାଗଡ,କଣ୍ଟାବାଞ୍ଜି, ଲୋଇସିଙ୍ଘା, ସଇଁତଳା, ବେଲପଡା, ଆଗଲପୁର, ଦେଓଗାଁ, ମୁରିବାହାଲ , ଗୁଡଭେଳା, ଖୋପ୍ରାଖୋଲ, ବଙ୍ଗୋମୁଣ୍ଡା, ତୁରେକେଲା,ତୁଷୁରା,ସିନ୍ଧେକେଲା, ଲାଠୋର, ଲରମ୍ଭା,"
train/img_06809.jpg,"ଧାମସା, ମାଦକ, ଢୋଲ, ଚଡ଼ଚଡ଼ି ମୋଟାବାଜ୍ ନା ଓ ସାହାନାଇ, ବଂଶୀ, ବେହେଲା, କେନ୍ଦେରା ପ୍ରଭୃତି ସରୁବାଜ୍ ନା ଭାବରେ ପରିଚିତ ।"
train/img_06810.jpg,ରାୟ ଗିୟେ ଯମୁନାର ଜଲେ ଗେଛିଲ କଦମ୍ବ ମୂଲେ ଗୋ
train/img_06811.jpg,"(୯) ଲୋକ ସଂସ୍କୃତି ପାଠେର ଭୂମିକା (ବଙ୍ଗଳା) ତୁଷାର ଚଟ୍ଟୋପାଧ୍ୟାୟ ଦେଜ୍ ପବ୍ଲିଶିଂ, କୋଲକାତା ୧ମ ୨୦୦୧ ।"
train/img_06812.jpg,ଝୁମର ଗୀତରେ ‘ରସ’
train/img_06813.jpg,ଓଡ଼ିଆଙ୍କ ଠାକୁର ବଡ଼ଠାକୁର ଜଗନ୍ନାଥ ପ୍ରତିଦିନ ଭୋଜନାନ୍ତେ ତାମ୍ବୁଳ ସେବା କରି ନିଦ୍ରା ଯାଆନ୍ତି ।
train/img_06814.jpg,ଓଡ଼ିଶାର ନେତାମାନଙ୍କର ତାଲିକା
train/img_06815.jpg,ନିମ୍ନରେ ଥିବା ତାଲିକାଗୁଡ଼ିକ ଆନ୍ତର୍ଜାତୀୟ ଉଚ୍ଚାରଣଗତ ଲିପି ( ବା ଆଇପିଏ) ଉଇକିପିଡ଼ିଆ ପ୍ରସଙ୍ଗରେ ଓଡ଼ିଆ ଭାଷାର ଉଚ୍ଚାରଣର ଉପାୟ ଦର୍ଶାଏ ।
train/img_06816.jpg,"ଉଲ୍ଲେଖଯୋଗ୍ୟ ଯେ, ବଡ଼ସିଂହାର ସରିବା ପରେ ଅଧିକା ଭୋଗ ହେଲେ ଏହାକୁ ବଲ୍ଲଭ ବଡ଼ସିଂହାର ଭୋଗ କହନ୍ତି।"
train/img_06817.jpg,ଦେବଗଡ଼
train/img_06818.jpg,ଅଣ୍ଟାରେ ହାତ ଛନ୍ଦାଛନ୍ଦି ହୋଇ ଆଦିବାସୀ ଯୁବକ ଯୁବତୀମାନେ ନାଚ ଆରମ୍ଭ କରିଥାନ୍ତି ।
train/img_06819.jpg,୧୪୯୮ ଖ୍ରୀଷ୍ଟାବ୍ଦରେ ଦେବୀ ପୂଜା ପାଇବା ଉଲ୍ଲେଖ ରହିଛି ।
train/img_06820.jpg,"ଯେଉଁଠାରେ ନାମ ସଙ୍କୀର୍ତ୍ତନ ହୁଏ, ତାହା ପ୍ରଧାନତମ ତୀର୍ଥ ଏବଂ ଯେଉଁଠି ସଙ୍କୀର୍ତ୍ତନକାରୀଙ୍କର ପାଦ ପଡ଼େ ସେହି ସ୍ଥାନ ପବିତ୍ରତମ ।"
train/img_06821.jpg,ଗ୍ରାମ: ୬୫୩
train/img_06822.jpg,କର୍ଣ୍ଣ କି ସୁନ୍ଦର ସ୍ୱର୍ଣ୍ଣ କୁଣ୍ଡଲରେ କୁଣ୍ଡଲ ।
train/img_06823.jpg,ବେଗୁନିଆ (୧୧୬)
train/img_06824.jpg,ଅର୍ଥାତ୍ ରାଧା ଯମୁନାକୁ ଯିବା ସମୟରେ କଦମ୍ବ ମୂଳରେ ଶ୍ରୀକୃଷ୍ଣଙ୍କୁ ଭେଟିଲେ ।
train/img_06825.jpg,"ପୁରୁଷ: ୬,୧୨,୫୯୭"
train/img_06826.jpg,ପଣସ ପଲଉ
train/img_06827.jpg,ତାଙ୍କ ବାପାଙ୍କ ନାମ ଦେବେନ୍ଦ୍ରନାଥ ଟାଗୋର (୧୮୧୭-୧୯୦୫) ଓ ମା'ଙ୍କ ନାମ ଶାରଦା ଦେବୀ(୧୮୩୦-୧୮୭୫) ଥିଲା ।
train/img_06828.jpg,ଗୁରୁର କଥାତେ ବିଶ୍ୱାସ ନା କର
train/img_06829.jpg,ପ୍ରିତମ ପଣ୍ଡା
train/img_06830.jpg,"ଏଥିରେ ଚଢ଼େୟା, ଚଢ଼େୟାଣୀ, ଦକ୍ଷିଣକାଳୀ, ଡୁବଡୁବା, ଗଉଡ଼, ଗଉଡ଼ୁଣୀ, ସାପୁଆ, ଚହଟା ଦିଅର, ସିପାହୀ, ଢୋଲିଆ, ଉଲ, ବୀଣାକାର, ଜଗାଳି, ରାଜଗୁଣିଙ୍କ ଚରିତ୍ର ମାଧ୍ୟମରେ ହାସ୍ୟରସ ପ୍ରକାଶ ସହିତ ବହୁ ଉପଦେଶ ଜନ ସମୁଦାୟକୁ ପରିବେଷଣ କରା ଯାଇଥାଏ।"
train/img_06831.jpg,ବୟନ ଶିଳ୍ପରେ ପ୍ରସ୍ତୁତ ବସ୍ତ୍ରଗୁଡିକ ସାଧାରଣତଃ ତୁଳାରେ ପ୍ରସ୍ତୁତ ସୂତାରେ ଏବଂ ସିଲ୍କ ସୂତାରେ ତିଆରି କରାଯାଇଥାଏ ।
train/img_06832.jpg,କଟକର ବିଦ୍ୟାଳୟଗୁଡ଼ିକ ପୁରାତନ ଓ ପ୍ରାୟତ ସମସ୍ତଙ୍କ କିଛି ନ କିଛି ଗୌରବମୟ ଈତିହାସ ରହିଛି।
train/img_06833.jpg,କିଛି ପୁରାତନ କାରୂକାର୍ଯ୍ୟ ଯେପରିକି ଏଲିଫାଣ୍ଟା ଗୁମ୍ଫା ଓ ବାଳକେଶର ମନ୍ଦିର ଏହି କାଳଖଣ୍ଡର ।
train/img_06834.jpg,ପୁରାତନ କାଳରୁ ଏହା “ଓଡ଼ିଶାର ରେଶମ ସହର” ଭାବେ ପରିଚିତ ।
train/img_06835.jpg,: : (୦ )
train/img_06836.jpg,"ଏହି ନୀତିରେ ଭିତରଚ୍ଛ, ପତି ମହାପାତ୍ର, ଗରାବଡ଼ୁ, ବିମାନବଡ଼ୁ, ମହାଜନ, ବଜନ୍ତରୀ ପ୍ରମୁଖ ସେବକମାନେ ଉପସ୍ଥିତ ରହିଥାନ୍ତି।"
train/img_06837.jpg,ଉତ୍ତରରୁ ଦକ୍ଷିଣ ଯାଏ ଏହାର ସର୍ବାଧିକ ଲମ୍ବ ହେଉଛି ୧୪୫ କିମି ଏବଂ ପୂର୍ବରୁ ପଶ୍ଚିମକୁ ଏହାର ହାରାହାରି ଓସାର ହେଉଛି ୬୫ କିମି ।
train/img_06838.jpg,ଏହି ତ୍ରୈଧ୍ୱନିରୁ ଇସଲାମ ଶବ୍ଦ ମଧ୍ଯ ତିଆରି ହୋଇଛି ।
train/img_06839.jpg,ଝୁମର ଗୀତରେ ‘ରସ’
train/img_06840.jpg,ହରେକୃଷ୍ଣ ମହତାବଙ୍କଦ୍ୱାରା ୧୯୩୧ ମସିହାରେ ଆଗରପଡ଼ାଠାରେ ଗାନ୍ଧୀ କର୍ମମନ୍ଦିର
train/img_06841.jpg,ବାୟାବାବା ଗାଦି ।
train/img_06842.jpg,ପାରଳାଖେମୁଣ୍ଡି
train/img_06843.jpg,"ଓଡ଼ିଆ, ବଙ୍ଗଳା, ହିନ୍ଦୀ ଆଦି ଅଭିଧାନମାନଙ୍କରେ ‘ଝୁମର’ ମାତ୍ରା ବା ଛନ୍ଦ ଭାବରେ ଗୃହୀତ ।"
train/img_06844.jpg,ଓମ ସାଇ ଫାର୍ମାସି ଏବଂ ସ୍ୱାସ୍ଥ୍ୟ ବିଜ୍ଞାନ କଲେଜ
train/img_06845.jpg,"ତେଲୁଗୁ ଦକ୍ଷିଣ ଭାରତର ବିଭିନ୍ନ ରାଜବଂଶ ଯଥା କାକଟିଆ, ବିଜୟନଗର ସାମ୍ରାଜ୍ୟ, ପୂର୍ବ ଚାଲୁକ୍ୟ, ପୂର୍ବ ଗଙ୍ଗା, କୁତୁବ ସାହି, ମଦୁରାଇ ନାୟକ, ତଞ୍ଜାଭୁର ନାୟକମାନଙ୍କର ଅଦାଲତଭାଷା ଥିଲା ।"
train/img_06846.jpg,"ରଜ ସହିତ ପାନ ଯୋଡ଼ିହେବା ପଛରେ କଥା ଅଛି, ଏଡା ବନ୍ଧୁତାର ଡେ଼ାରିକୁ ସୁଦୃଢ କରିବ ।"
train/img_06847.jpg,ଅଙ୍ଗ
train/img_06848.jpg,"ମୁସଲମାନଙ୍କର ବିଶ୍ୱାସ ଯେ ଆଲ୍ଲା ପରାଜାଗତିକ ତଥା ଏକ ଏବଂ ଅଦ୍ୱିତୀୟ, ସ୍ୱୟଂଭୂବଃ, ଅଜନ୍ମା ଓ ଅଭୋକ୍ତା; ଇସଲାମ ହେଉଛି ଆଲ୍ଲାଙ୍କ ବାସ୍ତବ ଧର୍ମ ଯାହା ପୂର୍ବରୁ ଆବ୍ରାହମ, ଇସ୍ମାଏଲ, ଆଇଜାକ, ମୁଶା ତଥା ଯୀଶୁଙ୍କୁ ଦିଆଯାଇଥିଲା; ଏବଂ ଏହି ପୈଗମ୍ବରଙ୍କୁ ଦିଆଯାଇଥିବା ପୂର୍ବ ସନ୍ଦେଶଗୁଡ଼ିକ କାଳକ୍ରମେ ବଦଳିଯାଇଛି; ଏବଂ କୋରାନ ଏହି ସବୁରେ ସର୍ବଶେଷ ଏବଂ ସମ୍ପୂର୍ଣ୍ଣ ।"
train/img_06849.jpg,"ତିନିଜଣ ପୂଜାପଣ୍ଡା ଏହି ଶୟନ ଠାକୁରଙ୍କୁ ତିନି ରଥ ଉପରକୁ ବିଜେ କରି ଯଥା ବଳଭଦ୍ର ରଥରେ ବାସୁଦେବ, ଦେବୀ ସୁଭଦ୍ରାଙ୍କ ରଥରେ ଭୁବନେଶ୍ୱରୀ ଏବଂ ଜଗନ୍ନାଥଙ୍କ ରଥରେ ଶ୍ରୀନାରାୟଣଙ୍କୁ ଶ୍ରୀବିଗ୍ରହମାନଙ୍କ ଶ୍ରୀଅଙ୍ଗକୁ ଲାଗି କରାଇବା ପରେ ରଥ ଉପରେ ମହାସ୍ନାନ ନୀତି ବଢ଼ାଇଥାନ୍ତି।"
train/img_06850.jpg,୧୯୮୫-୮୬ ମସିହା ପୂର୍ବରୁ ଶ୍ରୀଗୁଣ୍ଡିଚା ମନ୍ଦିରଠାରୁ ବଡ଼ଶଙ୍ଖପର୍ଯ୍ୟନ୍ତ ରାସ୍ତାର ଉଭୟ ପାର୍ଶ୍ୱ ଅଞ୍ଚଳ ନିମ୍ନ ଥିଲା।
train/img_06851.jpg,ଉଦ୍ୟାନ ତା’ପାଖ ଗୋପବନ୍ଧୁ ପାର୍କ ଓ ଚର୍ଚ୍ଚିକା ବଜାରସ୍ଥିତ ।
train/img_06852.jpg,ଆଧ୍ୟାତ୍ମିକ ଚେତନା ଭିତରେ ସେ ତଥ୍ୟ ଓ ତତ୍ତ୍ୱର ସନ୍ଧାନ କରିଛି ।
train/img_06853.jpg,ଜଗମୋହନର ଉଚ୍ଚତା ୧୦୦ ଫୁଟ।
train/img_06854.jpg,ଉପଖଣ୍ଡ (ସବ୍ ଡିଭିଜନ): (୨) ୧ ରାୟଗଡ଼ ଓ ୨ ଗୁଣୁପୁର
train/img_06855.jpg,ଫର୍ଜ: ଯାହା ଆଲ୍ଲାଙ୍କ ଉଦ୍ଦେଶ୍ୟରେ ବୋଲାଯାଏ
train/img_06856.jpg,ଏକ ଉଇକିପ୍ରକଳ୍ପ ଗଠନ ଏକାଠି କାମ କରିବାକୁ ଇଛୁକଥିବା ଲୋକମାନଙ୍କୁ ନେଇ ସଙ୍ଘଗଠନକୁ ବୁଝାଇଥାଏ ।
train/img_06857.jpg,ଭୁବନେଶ୍ୱରକୁ ସହର ଭାବେ ଶ୍ରେଣୀବିଭକ୍ତ କରାଯାଇଛି ।
train/img_06858.jpg,ଏହି ଭାଷାରେ 'ଶ'/'ଷ' ବଦଳରେ କେବଳ 'ସ' ବ୍ୟବହାର କରାଯାଏ ।
train/img_06859.jpg,ଏହା ପୂର୍ବଭାରତେର ପ୍ରଥମ ପ୍ରାଇଭେଟ ସଂସ୍ଥା ହେବ।
train/img_06860.jpg,ସେ ନିଜ ନାମ (ନାଭି ବା ଅଜନାଭ) ସହିତ ରାଜ୍ୟର ନାମକୁ ଯୋଡ଼ି ଅଜନାଭବର୍ଷ ନାମରେ ପ୍ରଚାର କଲେ।
train/img_06861.jpg,ଏହାର ପତ୍ର ଗୁଡ଼ିକ କେନ୍ଦୁ ପତ୍ର ପରି ଦିଶେ ।
train/img_06862.jpg,ଓଡ଼ିଶାରେ ଥିବା କ୍ରୀଡ଼ା ଷ୍ଟାଡ଼ିୟମଗୁଡ଼ିକ ମଧ୍ୟରେ ଅନ୍ତର୍ଭୁକ୍ତ :
train/img_06863.jpg,"ବହୁଡା ବିଜେ ସମୟରେ ପତି ମହାପାତ୍ର ସେବକଙ୍କଦ୍ୱାରା ଶ୍ରୀବିଗ୍ରହମାନଙ୍କୁ ଘଷା, ଧଣ୍ଡି, ବିଡି଼ଆ ଆଦି ଅର୍ପଣ କରାଯାଏ।"
train/img_06864.jpg,ମାତ୍ର ପନ୍ଦର ଦିନ ପରେ ଦ୍ୱାର ଖୋଲାଗଲା ମୂର୍ତ୍ତିନିର୍ମାଣ କରୁଥିବା ବୃଦ୍ଧ ଉଭାନ ହୋଇଗଲେ ।
train/img_06865.jpg,ଏହାର ଉତ୍ତରରେ: ଗଞ୍ଜାମ ଜିଲ୍ଲା ଓ କନ୍ଧମାଳ ଜିଲା
train/img_06866.jpg,ଗୁଣ୍ଡିଚା ମନ୍ଦିରର ଉକ୍ତ ୯ ଦିନ ନିମନ୍ତେ ଅସ୍ଥାୟୀ ଚାଳି ଘର ମଠଦ୍ୱାରା ତିଆରି ହୋଇଥାଏ।
train/img_06867.jpg,ସେ ପୋଡ଼ି ହୋଇଛି ।
train/img_06868.jpg,ତେବେ ଧିରେ ଧିରେ ଆଜିକାଲି ଗୋଟିପୁଅ ନାଟୁଆମାନେ ପୁରାତନ ପୋଷାକକୁ ଛାଡ଼ି କିଛି ପରିମାଣରେ ଆଧୁନିକ ବେଶ ପରିପାଟୀର ବ୍ୟବହାର କରୁଛନ୍ତି ।
train/img_06869.jpg,୮ ଅକ୍ଷରିଆ ୨ ପାଦ ଓ ୧ ଅକ୍ଷରିଆ ଏକପାଦ ଯୁକ୍ତ 'ତ୍ରିପଦୀ' ଦ୍ୱୟ ସମ୍ବଳିତ ଗୀତ ମଧ୍ୟ ବୋଲାଯାଏ ।
train/img_06870.jpg,ଜଗନ୍ନାଥ ମନ୍ଦିରରୁ ପ୍ରଥମେ ଆରମ୍ଭ କରି ତା'ପରେ ବାକି ଶିବ ଓ ବିଷ୍ଣୁ ମନ୍ଦିରମାନଙ୍କରେ ଏହା ପ୍ରଚଳିତ ହୋଇଥିଲା ।
train/img_06871.jpg,"ମାଦଳା ପାଞ୍ଜି ଅନୁଯାୟୀ ରାଜା ମତଭାନୁ କପିଳେନ୍ଦ୍ର ଦେବଙ୍କ ୧୫ଅଙ୍କରେ ଏହି ସିଂହଦ୍ୱାର, ମେଘନାଦ ପାଚେରୀ, ବାହାର ବେଢ଼ା, ଦୁଇ ପାର୍ଶ୍ୱରେ ଦୁଇଟି ବୃହତ ସିଂହ ମୂର୍ତ୍ତି ସ୍ଥାପନା କରାଇଛନ୍ତି ।"
train/img_06872.jpg,"ବାହାଦା ନଦୀ ଗଜପତି ଜିଲ୍ଲାର ପୂର୍ବ ଘାଟର ସିଙ୍ଗରାଜ ପାହାଡରୁ ଲୁବା ଗାଁ ନିକଟରେ ଉତ୍ପନ୍ନ ଏହା କିଲୋମିଟର ପର୍ଯ୍ୟନ୍ତ ଉତ୍ତର-ପୂର୍ବ ଦିଗରେ ପ୍ରବାହିତ ହେଉଛି ତା’ପରେ ଏହା ଦକ୍ଷିଣ-ପୂର୍ବ ଦିଗକୁ ପରିବର୍ତ୍ତନ କରେ ଏବଂ ଆନ୍ଧ୍ରପ୍ରଦେଶରେ ପ୍ରବେଶ କରିବା ପୂର୍ବରୁ ଓଡ଼ିଶା ଭିତରେ କିଲୋମିଟର ପ୍ରବାହିତ ହୁଏ ଏବଂ ଆହୁରି କିଲୋମିଟର ପର୍ଯ୍ୟନ୍ତ ପ୍ରବାହିତ ହୁଏ ତା’ପରେ ଏହା ପୁଣି ଓଡ଼ିଶାର ସୁନାପୁରପେଟା ଗାଁ ନିକଟ ବଙ୍ଗୋପସାଗରକୁ ଭେଟିବା ପୂର୍ବରୁ ଓଡ଼ିଶାରେ କିଲୋମିଟର ପର୍ଯ୍ୟନ୍ତ ଉତ୍ତର-ପୂର୍ବ ଦିଗକୁ ଗତି କରେ ଏହାର ମୋଟ ଦ ର୍ଘ୍ୟ ହେଉଛି କିଲୋମିଟର ସହିତ ଓଡ଼ିଶା ଭିତରେ କିଲୋମିଟର ଏହାର ଏକ ଧରିବା କ୍ଷେତ୍ର କିଲୋମିଟର, ସେଥିମଧ୍ୟରୁ କିଲୋମିଟର ଓଡ଼ିଶା ଭିତରେ ଅଛି"
train/img_06873.jpg,"ମଧ୍ୟକାଳରୁ ନେଇ ବ୍ରିଟିଶ୍ ଶାସନ ସମୟ ଯାଏଁ ବ୍ୟବହୃତ ବୋଇତର ବର୍ଣ୍ଣନା, ସେମାନଙ୍କ ଚିତ୍ର, ଅନ୍ୟାନ୍ୟ ଲେଖା, କଳିଙ୍ଗର କାରୁକାର୍ଯ୍ୟ, ଡଙ୍ଗା ତିଆରି କରିବାର ପ୍ରଣାଳୀ ଆଦି ଏହି ସଂଗ୍ରହାଳୟରେ ପ୍ରଦର୍ଶିତ ।"
train/img_06874.jpg,ସହରେ ରଖିଲେ ଖୁସିହେବ ବୋଲି
train/img_06875.jpg,ଏଠାରେ ଏବେ ମଧ୍ୟ ଆତଙ୍କବଦୀମାନଙ୍କଦ୍ୱାରା ଆକ୍ରମଣ ସମୟ ସମୟରେ କରାଯାଉଛି।
train/img_06876.jpg,ଏଥିପାଇଁ ମନ୍ଦିର କାର୍ଯ୍ୟାଳୟ ତରଫରୁ ଆବଶ୍ୟକୀୟ ଅନୁମତି ପ୍ରଦାନ କରାଯାଇଥାଏ।
train/img_06877.jpg,ଏହା ଏକ ସମୟରେ ଅଶୋକଙ୍କର ପ୍ରାନ୍ତୀୟ ରାଜଧାନୀ ମଧ୍ୟ ଥିଲା ।
train/img_06878.jpg,"ଅର୍ଜୁନ ଦାସ, ଦେବଦୁର୍ଲଭ ଦାସ, ନରସିଂହ ସେଣ, ପାର୍ଥ ଶ୍ରୀଚନ୍ଦନ ପ୍ରତାପରାୟ, ବିଷ୍ଣୁ ଦାସ, ଧନଞ୍ଜୟ, ରଘୁନାଥ ହରିଚନ୍ଦନ, ଉପେନ୍ଦ୍ର ଭଞ୍ଜ, ଦୀନକୃଷ୍ଣ ଦାସ, ଅଭିମନ୍ୟୁ ସାମନ୍ତସିଂହାର, ବ୍ରଜନାଥ ବଡ଼ଜେନା ଓ ଯଦୁମଣି ପ୍ରମୁଖ ଏହି କାଳର କବି ।"
train/img_06879.jpg,"ଓଡ଼ିଶୀ, ଓଡ଼ିଶାର ଶିବ, ବିଷ୍ଣୁ ଓ ବାକି ମନ୍ଦିର (କୋଣାର୍କର ସୁର୍ଯ୍ୟ ମନ୍ଦିର)ରେ ଥିବା ମୂର୍ତ୍ତିରେ ମଧ୍ୟ ଦେଖିବାକୁ ମିଳେ ।"
train/img_06880.jpg,ତାହା ମଧ୍ୟରୁ ଚନ୍ଦ୍ରିକା ଦେବୀଙ୍କର ୧୨୭୮ ଖ୍ରୀଷ୍ଟାବ୍ଦରେ
train/img_06881.jpg,ଭୁବନେଶ୍ୱର ପରେ କଟକ ଓଡ଼ିଶାର ଦ୍ୱିତୀୟ ମହାନଗର ନିଗମ ବା ମୁନିସିପାଲ କର୍ପୋରେଶନ।
train/img_06882.jpg,"ଗବେଷକ ଡଃ ସୁରେନ୍ଦ୍ର କୁମାର ମିଶ୍ର ଓଡ଼ିଆ ମଠରୁ ପ୍ରାପ୍ତ ସନନ୍ଦକୁ ଆଧାର କରି ଉଲ୍ଲେଖ କରିଛନ୍ତି ଯେ, ପୂର୍ବେ ବାହୁଡା଼ ଦଶମୀ ଦିନ ତିନି ହାଣ୍ଡି, ଏକାଦଶୀରେ ତିନି ହାଣ୍ଡି ଓ ଦ୍ୱାଦଶୀ ଦିନ ତିନି ହାଣ୍ଡି ଏହିପରି ନଅ ହାଣ୍ଡି ଅଧର ପଣା ଓ ବଳଭଦ୍ରଙ୍କ ରଥରେ ରାମ , କୃଷ୍ଣଙ୍କ ଇଦ୍ଦେଶ୍ୟରେ ୨ ହାଣ୍ଡି (ସାନ) ଓ ଜଗନ୍ନାଥଙ୍କ ରଥରେ ମଦନମୋହନ ଠାକୁରଙ୍କ ନିମିତ୍ତ ୧ ହାଣ୍ଡି (ସାନ) କ୍ରମରେ ମୋଟ ୧୨ଟି ହାଣ୍ଡି ଅଧର ପଣା ଭୋଗ ହେଉଥିଲା।"
train/img_06883.jpg,ନୂତନ ବିଧାନ ସଭା ବିଧିବଦ୍ଧ ଭାବରେ ଗଠିତ ହୋଇ ନୂତନ ବାଚସ୍ପତି ନିର୍ବାଚିତ ହେବା ପର୍ଯ୍ୟନ୍ତ ବାଚସ୍ପତି ନିଜ ଦାୟିତ୍ୱରେ ରହନ୍ତି ।
train/img_06884.jpg,୧୧ ୯୯ ଲୋକ ସେଠାରେ ୬ ବର୍ଷ ବୟସରୁ କମ ବୟସ୍କ ଅଟନ୍ତି ।
train/img_06885.jpg,ଟାଗୋର ଛୋଟବେଳୁ ତାଙ୍କ ଚାକରମାନଙ୍କଦ୍ୱାରା ଲାଳନ ପାଳନ ହୋଇଥିଲେ; କାରଣ ଛୋଟବେଳୁ ତାଙ୍କ ମା'ଙ୍କର ମୃତ୍ୟୁ ହୋଇଯାଇଥିଲା ଓ ତାଙ୍କ ବାପା ଅଧିକାଂଶ ସମୟ ଦୂରକୁ ଯାତ୍ରା କରୁଥିଲେ ।
train/img_06886.jpg,ପୁରୁଷ: ୭୯ ୨୨
train/img_06887.jpg,"ଏସବୁ ପାଟଣାଗଡ଼, ସୋନପୁର ଓ ସମ୍ବଲପୁରଠାରେ ଦେଖିବାକୁ ମିଳେ ।"
train/img_06888.jpg,ପ୍ରତ୍ୟେକ ଠାକୁରଙ୍କ ସମ୍ମୁଖରେ ରଥ ଉପରେ ଭୋଗ ହେଉଥିବା ସ୍ଥାନରେ ମହାପ୍ରଭୁମାନଙ୍କର ଶ୍ରୀଅଧର ଉଚ୍ଚ ଥିବା ତୁମ୍ବ ଆକୃତି ଭଳି ମାଟିର ତିନୋଟି ହାଣ୍ଡି ରଖାଯାଏ ।
train/img_06889.jpg,"ଶବ୍ଦ ମଧ୍ୟସ୍ଥ ସ୍ୱରବର୍ଣ୍ଣ ବିଲୋପ: କିଛି ଶବ୍ଦ ମଧ୍ୟସ୍ଥ ସ୍ୱରବର୍ଣ୍ଣର ସମନ୍ୱୟ, - ଦ୍ବୈତସ୍ବର( ) ଦେଖାଯାଇଥାଏ ବ୍ୟତିକ୍ରମ ସହିତ ଅର୍ଥାତ୍ ଶବ୍ଦର ମଧ୍ୟର ସ୍ୱର ହଟିଯାଇବାକୁ ମଧ୍ୟସ୍ଥ ସ୍ୱର ବିଲୋପ କୁହାଯାଏ, କିନ୍ତୁ - ଯୋଗ ଥିଲେ ହଟେ ନାହିଁ ।"
train/img_06890.jpg,ପଞ୍ଚାୟତ ସମିତି ଓ ବ ତହସିଲ
train/img_06891.jpg,ଜାହାନିଆ (ଅସ୍ତରଙ୍ଗ)
train/img_06892.jpg,"ଅନୁବାଦରେ ତାଙ୍କ କବିତା ଅଧ୍ୟତ୍ମିକ ଓ ସୁଲଳିତ ଥିଲା,କିନ୍ତୁ ତାଙ୍କର ରୁଚିପୂର୍ଣ ଗଳ୍ପ ଓ ସୁମଧୁର କବିତା ବହୁତ ସମୟ ପର୍ଯ୍ୟନ୍ତ ବଙ୍ଗଳା ବାହାରେ ଜଣା ନ ଥିଲା ।୧୮୭୭ ମସିହାରେ ସେ ନିଜେ ଛୋଟ ଗଳ୍ପ ଓ ନାଟକ ନିଜ ନାମରେ ପ୍ରକାଶନ କରି ଥିଲେ ।"
train/img_06893.jpg,"ଏହା ପରେ ନୃସିଂହ ଚତୁର୍ଦ୍ଦଶୀ ଦିନ ଗୁଜ ଅନୁକୂଳ, ଶ୍ରୀକ୍ଷେତ୍ର ଭଉଁରୀ ଦିନ ପ୍ରତ୍ୟେକ ରଥର ଦୁଇଟି ଲେଖାଏଁ ଚକ ଡେରା ହୋଇଥାଏ ଓ ଶ୍ରୀମନ୍ଦିରରୁ ଆଜ୍ଞାମାଳ ଆସି ଏହା ଉପରେ ଲାଗି କରାଯାଇଥାଏ।"
train/img_06894.jpg,"ଏହାକୁ ଛାଡ଼ି ଭାରତର ଅନ୍ୟାନ୍ୟ ରାଜ୍ୟମାନଙ୍କରେ, ଏବଂ ବିଦେଶରେ ମୁଖ୍ୟତଃ ଯୁକ୍ତରାଷ୍ଟ୍ର ଆମେରିକା, କାନାଡ଼ା, ଅଷ୍ଟ୍ରେଲିଆ ଏବଂ ଇଉରୋପ ପ୍ରଭୃତି ପାଶ୍ଚତ୍ୟ ଦେଶମାନଙ୍କରେ ମଧ୍ୟ ବେଶ କିଛି ଓଡ଼ିଆ ଅଧିବାସୀ ଓଡ଼ିଆକୁ ବିଦେଶରେ ବି ଖ୍ୟାତ କରାଇଛନ୍ତି ।"
train/img_06895.jpg,ଖ୍ରୀଷ୍ଟପୂର୍ବ ଷଷ୍ଠ ଶତାବ୍ଦୀରେ ବର୍ଦ୍ଧମାନ ମହାବୀର ଜୈନ ଧର୍ମ ପ୍ରଚାର କରିଥିଲେ ।
train/img_06896.jpg,ଜିଲ୍ଲା ମୁଖ୍ୟ ଡାକ୍ତରଖାନା- ୧ଟି (କେନ୍ଦୁଝର)
train/img_06897.jpg,"ବ୍ରହ୍ମପୁର ବିଶ୍ୱବିଦ୍ୟାଳୟ,ବ୍ରହ୍ମପୁର (ସ୍ଥାପିତ ୧୯୬୭)"
train/img_06898.jpg,କଟକର ସମୀପବର୍ତ୍ତୀ ବିଦ୍ୟାଧରପୁରରେ ଅବସ୍ଥିତ କେନ୍ଦ୍ରୀୟ ଧାନ ଗବେଷଣା କେନ୍ଦ୍ର ( ) ସମଗ୍ର ଦକ୍ଷିଣ ଏସିଆର ଏକ ପ୍ରଧାନ ଧାନ ଗବେଷଣା କେନ୍ଦ୍ର ।
train/img_06899.jpg,"ଆଚାର୍ଯ୍ୟ ହରିହର, ପଣ୍ଡିତ କୃପାସିନ୍ଧୁ ପ୍ରମୁଖ ସତ୍ୟବାଦୀ ଗୋଷ୍ଠୀର ରଚନାରେ ଆମ ଦେଶର ଚଳଣି ଜାତୀୟତାବାଦର ସ୍ୱର ଦେଖିବାକୁ ମିଳିଥାଏ ।"
train/img_06900.jpg,ଉମେଶ ଚନ୍ଦ୍ର ସରକାରଙ୍କ ଲିଖିତ ପଦ୍ମମାଳି ଥିଲା ପ୍ରଥମ ସମ୍ପୂର୍ଣ୍ଣ ଓଡ଼ିଆ ଉପନ୍ୟାସ ।
train/img_06901.jpg,"ଟାଗୋର ସାମ୍ରାଜ୍ୟବାଦକୁ ବିରୋଧ କରୁଥିଲେଓ ରାଷ୍ଟ୍ରୀୟବାଦକୁ ସମର୍ଥନ କରୁଥିଲେ,ଏ ସବୁ ମତପ୍ରକଟ କରିବା ପାଇଁ ସେ ମନସ୍ଥ କରିଥିଲେ,ତାହା ସେ ରେ ରଚିତ କରିଥିଲେ।ପ୍ରମାଣ ଅବଗତ କରାଇଥିଲେ ଯେତେବେଳେ ହିନ୍ଦୁ-ଜର୍ମାନୀ ଷଡଯନ୍ତ୍ରର ଅବଗତ କରିବା ପାଇଁ ବିଚାର କରିବ ପାଇଁ ସେ ଚିଠି ଲେଖିଥିଲେ,ସେ ଜାପାନର ପ୍ରଧାନମନ୍ତ୍ରୀ ଓ ପୂର୍ବ ପ୍ରଧାନମନ୍ତ୍ରୀ ଙ୍କ ଠୁ ସାହାଯ୍ୟ ମାଗିଥିଲେ।"
train/img_06902.jpg,"ନୁଆପଡା ଜିଲ୍ଲାର ସୀମା ଉତ୍ତର, ପଶ୍ଚିମ ଏବଂ ଦକ୍ଷିଣରେ ଛତିଶଗଡ଼ର ରାୟପୁର ଜିଲ୍ଲା ସହିତ ଏବଂ ପୂର୍ବରେ ଓଡିଶାର ବରଗଡ଼, ବଲାଙ୍ଗିର ଏବଂ କଳାହାଣ୍ଡି ଜିଲ୍ଲା ସହିତ ସୀମା ମିଶିଛି ।"
train/img_06903.jpg,ଏଠି ବାରମାସରେ ତେରପର୍ବ ପାଳନ କରାଯାଏ ।
train/img_06904.jpg,କାଳିନ୍ଦୀ ଚରଣଙ୍କ ମାଟିର ମଣିଷ ଏକ ଅମଳିନ କୃତି ।
train/img_06905.jpg,ମୁଣ୍ଡରେ ତେଲ ଲଗାଇବାକୁ ଦିଏନା ।
train/img_06906.jpg,ମୋଟ ୧୪୯ ଗ୍ରାମ ପଞ୍ଚାୟତ(୨୦୧୭ ମସିହାରୁ) ତନ୍ମଧ୍ୟରୁ
train/img_06907.jpg,ବର୍ଣ୍ଣନାମୂଳକ ଚଉତିଶା
train/img_06908.jpg,ଝୁମୁରା ନାଚର ମୁଖ୍ୟ ବିଷୟ ହେଲା ‘ଝମ୍ ଝମ୍’ ତାଳ ।
train/img_06909.jpg,"ଯନ୍ତା ବସ୍ତ୍ରାଳୟ ତନ୍ତୁ ବାୟ ସହଯୋଗ ସମିତି,ବରପାଲି,ବରଗଡ"
train/img_06910.jpg,"କେଲିଆ ଶୈବପୀଠ, ଡାବୁଗାଁ"
train/img_06911.jpg,ଓଡ଼ିଶାରେ ପାଳିତ ବିଭିନ୍ନ ପର୍ବପର୍ବାଣି ଓ ମେଳା ମହୋତ୍ସବମାନଙ୍କରେ ଏହି ନାଚସବୁ ପରିବେଷିତ ହୋଇଥାଏ ।
train/img_06912.jpg,"ସେ ତାଙ୍କ ଜୀବନ କାଳରେ ଅନେକ ସଂଗଠନ, ଅନୁଷ୍ଠାନ, ଇତ୍ୟାଦି ଗଠନ କରିଥିଲେ, ତନ୍ମଧ୍ୟରୁ ଅଖିଳ ଭାରତୀୟ ଦୁଃଖୀ ସମାଜ, ଭଦ୍ରକ ଏଡୁକେସନ ଫୋରମ୍ ( ) ଅନ୍ୟତମ।"
train/img_06913.jpg,ଏହା ରାଜଧାନୀ ଭୁବନେଶ୍ୱରରୁ ୧୯୪ କିମି ଦୁରରେ ଅବସ୍ଥିତ ।
train/img_06914.jpg,ଧର୍ମ
train/img_06915.jpg,ପୌରାଞ୍ଚଳ: (୪)
train/img_06916.jpg,ସାତ ଦିନ ପରେ ନବଦିନ ଯାତ୍ରା ସମାପ୍ତ କରି ବାହୁଡା ଯାତ୍ରା ହେଉଥିଲା।
train/img_06917.jpg,ଫତେ ହନୁମାନ
train/img_06918.jpg,ଏଥିରେ ୧୭ଟି ଧାଡ଼ି ରହିଛି ।
train/img_06919.jpg,ନୂଆଗଡ଼ ତହସିଲ ଅଧିନରେ: ୧୯ଟି
train/img_06920.jpg,୧୧ ୯୯ ଲୋକ ସେଠାରେ ୬ ବର୍ଷ ବୟସରୁ କମ ବୟସ୍କ ଅଟନ୍ତି ।
train/img_06921.jpg,କଳିଙ୍ଗ ପୂର୍ବ ଭାରତର ଏକ ଐତିହାସିକ ଭୌଗଳିକ ଓ ରାଜନୈତିକ କ୍ଷେତ୍ର।
train/img_06922.jpg,"ଉପରବର୍ଣ୍ଣିତ ମଠମାନଙ୍କ ବ୍ୟତୀତ ଶ୍ରୀକ୍ଷେତ୍ରରେ ପ୍ରତିଷ୍ଠିତ ଥିବା ଅନ୍ୟାନ୍ୟ ମଠମଧ୍ୟରେ ସାନଛତା ମଠ, ସଂକ୍ରାନ୍ତି ମଠ, ତ୍ରିମାଳ ମଠ, ରେବସା ମଠ, ଉତ୍ତରପାର୍ଶ୍ୱ ମଠ, କେନ୍ଦୁଝର ମଠ, ସୁନାର ଗୌରାଙ୍ଗ ମଠ, ଘୁମୁସର ମଠ, ଲବଣିଖିଆ ମଠ, ରାଧାବଲ୍ଲଭ ମଠ, ମଙ୍ଗୁ ମଠ, ଆଉଲା ମଠ, ଗୋପାଳ ତୀର୍ଥ ମଠ ତରଫରୁ ପରମ୍ପରା ତଥା ସ୍ୱତ୍ତ୍ୱଲିପି ଉଲ୍ଲେଖ ପ୍ରକାରେ ଶ୍ରୀଗୁଣ୍ଡିଚା ଯାତ୍ରା ଆଡ଼ପ ବିଜେ, ହେରା ପଞ୍ଚମୀ, ବାହୁଡା଼ ଯାତ୍ରା, ନୀଳାଦ୍ରି ବିଜେ ତିଥିମାନଙ୍କରେ ପନ୍ତି ଭୋଗ ହୋଇଥାଏ।"
train/img_06923.jpg,"ଏହି ବିଗ୍ରହ ଚତୁର୍ଭୁଜ ବିଶିଷ୍ଟ ଓ ୫ ଫୁଟ୍ ଉଚ୍ଚତା ବିଶିଷ୍ଟ ।ଏହାର ଗଠନ ଅତ୍ୟନ୍ତ କମନୀୟ ଓ ଆକର୍ଷଣୀୟ ।ଡାହାଣ ପଟ ଉପର ହସ୍ତରେ ଅର୍ଦ୍ଧ ଭଗ୍ନ ଦାନ୍ତ, ତଳ ହସ୍ତରେ ରୁଦ୍ରାକ୍ଷ ମାଳା, ବାମ ପଟ ଉପର ହସ୍ତରେ ଫାର୍ଶା ଓ ତଳ ହସ୍ତଟି ତଳ ଦେଶରେ।ଗଳାରେ ପରତା ଓ ସର୍ପ ରହିଛି।ମନ୍ଦିରଟି ବେଢ଼ା ପତ୍ତନଠାରୁ ୨୨ଫୁଟ୍ ଉଚ୍ଚତା ବିଶିଷ୍ଟ ।"
train/img_06924.jpg,ଶ୍ରୀରାମ ନବମୀ ଦିନ ରଥକାଠ ଚିରା କାର୍ଯ୍ୟର ଅନୁକୂଳ ମନୋନୀତ କରତ କଳରେ ହୋଇଥାଏ।
train/img_06925.jpg,ସମ୍ବଲପୁରୀ ନୃତ୍ୟ
train/img_06926.jpg,ଜଙ୍ଗଲରେ ବସବାସ କରୁଥିବା ଆଦିବାସୀମାନେ ସାଧାରଣତ ଜହ୍ନରାତିରେ ମୁକ୍ତଭାବେ ଏହା ପ୍ରଦର୍ଶନ କରିଥାନ୍ତି ।
train/img_06927.jpg,ଜନଜୀବନର କାହାଣୀକୁ ବା ଲୋକବୃତ୍ତକୁ ବିଶ୍ୱସ୍ତ ଭାବେ ଉପସ୍ଥାପିତ କରିବା ଲୋକନାଟକର ଅନ୍ୟ ଏକ ଲକ୍ଷ୍ୟ ।
train/img_06928.jpg,ଶ୍ରୀ ଗଣେଶଙ୍କ ଏହି ବଟ ଗଣେଶ ମନ୍ଦିର ଶ୍ରୀଜଗନ୍ନାଥଙ୍କ ମନ୍ଦିରଠାରୁ ପ୍ରାଚୀନ ।
train/img_06929.jpg,ବାଲେଶ୍ୱରରେ ସମୁଦ୍ର ମୁହାଣକୁ ଛୁଇଁଥିବା ଅନେକ ନଇ ଓ ଶାଖାନଇ ଅଛି ।
train/img_06930.jpg,"ଏହାର ଗୁଣାତ୍ମକ ମାନ, ଏହାର ରଙ୍ଗ କରିବା ଶୈଳୀ, ବୟନ ଶୈଳୀ ପାଇଁ ଏହା ବହୁଳ ଭାବରେ ଆଦୃତ ହୁଏ ।"
train/img_06931.jpg,"ମିଖାଇଲ୍ ଏସ୍ ଆଣ୍ଡ୍ରୋନୋଭଙ୍କ ଅନୁଯାୟୀ, ଖ୍ରୀଷ୍ଟପୂର୍ବ ୧୦ ବେଳକୁ ତେଲୁଗୁ ପ୍ରୋଟୋ-ଦ୍ରାବିଡ଼ ଭାଷାରୁ ଅଲଗା ହୋଇଥିଲା।"
train/img_06932.jpg,"ସାରସ ବଦନା, କରକ ରଦନା, ଘେନେମୋ ବେଦନା ଗୁହାରେ"
train/img_06933.jpg,ଉଚ୍ଚ/ମଧ୍ୟ ଇଂରାଜୀ ବିଦ୍ୟାଳୟ- ୮୭୬ଟି
train/img_06934.jpg,ଶ୍ରୀ ଭୁବନେଶ୍ୱରୀ ମନ୍ଦିର
train/img_06935.jpg,ଲୋକେ ବିଶ୍ୱାସ କରନ୍ତି ଯେ ଏ ପକ୍ଷୀକୁ ଦେବୀ ପୂଜା ସମୟରେ ଦେଖିଲେ ଶୁଭ ହୁଏ ଓ ପୂଜା ପରେ ନାନାଦି ଅମଙ୍ଗଳ ଓ ଅସୁବିଧା ଦୂର ହୋଇଥାଏ।
train/img_06936.jpg,"ଆଧୁନିକ ବଙ୍ଗୀୟମାନେ ସତ୍ୟ ନାରାୟଣ ବ୍ରତର ୪ ଗୋଟି କଥା ସ୍ଥାନରେ ୧୬ ଗୋଟି କଥା ସୃଷ୍ଟି କରିଅଛନ୍ତି ସେହି ୧୬ଟି କଥା ମଧ୍ୟରୁ ଉକ୍ତ ୪ ଗୋଟି ପୁରାଣରେ ଅଛି, ଅନ୍ୟ ୧୨ ଗୋଟି ନାହିଁ ସେମାନଙ୍କର ନାମ ନିମ୍ନରେ ଦିଆଗଲା ।"
train/img_06937.jpg,"୩ ଏପ୍ରିଲ ୧୯୯୩ରେ ବାଲେଶ୍ୱର ଜିଲ୍ଲାରର ସଦର ମହକୁମା ଭଦ୍ରକ, ବାଲେଶ୍ୱରରୁ ଅଲଗା ହୋଇ ଭଦ୍ରକ ଜିଲ୍ଲାରେ ପରିଣତ ହୋଇଥିଲା ।"
train/img_06938.jpg,ଅନ୍ୟ କେତେକ ଗବେଷକଙ୍କ ମତରେ ସପ୍ତମ ଶତାବ୍ଦୀ ବେଳର କଂଗୋଦ ଶବ୍ଦରୁ ଗଞ୍ଜାମ ହୋଇଛି ।
train/img_06939.jpg,ବୁଝିବାର ସୁବିଧା ନିମନ୍ତେ ଆମ ସାହିତ୍ୟକୁ ଦୁଇଟି ଭାଗରେ ବିଭକ୍ତ କରା ଯାଇଛି ।
train/img_06940.jpg,ଶିଳ୍ପ ଭାବରେ ସ୍ୱୀକୃତି
train/img_06941.jpg,ଇଣ୍ଡିଆନ ରେଆର ଆର୍ଥ (ଆଇ ଆର ଈ ) ଛତ୍ରପୁର
train/img_06942.jpg,"-କେଲା - ରାଉରକେଲା , ସରାଇକେଲା ଇତ୍ୟାଦି"
train/img_06943.jpg,ମହାନଦୀ ମୁହାଣରେ ରହିଥିବା ଯୋଗୁଁ ତାହାର ନାମ ମନ୍ନଦ ରଖାଯାଇଥିଲା।
train/img_06944.jpg,ଚାର୍ଲ୍ସଙ୍କର ବାହାଘର କ୍ୟାଥରିନ ଡେ ଭର୍ଗିଞ୍ଜାଙ୍କ ସହ ହେଇଥିଲା।
train/img_06945.jpg,"ସେଗୁଡିକ ହେଲା ବରଗଡ଼, ବରପାଲି, ଅତାବିରା, ଭେଡେନ, ସୋହେଲା, ବିଜେପୁର, ପଦମପୁର୍, ଗାଇସିଲେଟ, ପାଈକମାଲ, ଝାରବନ୍ଧ, ଆମ୍ବାଭୋନା ଏବଂ ଭଟଲି ।"
train/img_06946.jpg,"ଓଡ଼ିଶା ରାଜ୍ଯ ସଭା ନିର୍ବାଚନ, ୨୦୧୯ ପରେ, ନବୀନ ପଟ୍ଟନାୟକଙ୍କ ନେତୃତ୍ବରେ ବିଜେଡି ଷଷ୍ଠ ଥର ପାଇଁ କ୍ରମିକ ଭାବରେ କ୍ଷମତାରେ ରହିଲା ।"
train/img_06947.jpg,"ଶାସ୍ତ୍ରରେ ଉଲ୍ଲେଖ ଅଛି ସତ୍ୟ ଯୁଗରେ ତୀର୍ଥ, ତ୍ରେତୟାରେ ଯଜ୍ଞ, ଦ୍ୱାପରରେ ଦାନ ଏବଂ କଳି ଯୁଗରେ ନାମ ସଙ୍କୀର୍ତ୍ତନ ହିଁ ଯୁଗଧର୍ମ ।"
train/img_06948.jpg,୪ ଏହି ପୁଷ୍କରିଣୀ କିପରି ପବିତ୍ର ତାହା ଏହାର ସ୍ଥାପନାରୁ ଜଣାଯାଏ ।
train/img_06949.jpg,ଚମ୍ପେଶ୍ୱର ଶିବ ମନ୍ଦିର ଏହି ମନ୍ଦିର ବୀରମହାରାଜପୁର ବ୍ଲକ ଅନ୍ତର୍ଗତ ଚମ୍ପାମାଳ ଗ୍ରାମରେ ଅବସ୍ଥିତ ।
train/img_06950.jpg,"୨୦୦୧ ମସିହାର ଭାରତୀୟ ଜନଗଣନା ଅନୁସାରେ, ପୁଣେ ସହରର ମୋଟ ଜନସଂଖ୍ୟା ୧୭୫୬୧ ।"
train/img_06951.jpg,ବ୍ରାହ୍ମୀ ଲିପି
train/img_06952.jpg,"ଏଠାରେ ବିଭିନ୍ନ କିସମର ହରିଣ ସାଙ୍ଗକୁ ହାତୀ, କୁମ୍ଭୀର ଆଦି ୧୮ ପ୍ରକାରର ୧୮୮ଟି ପଶୁପକ୍ଷୀ ରହୁଛନ୍ତି ।"
train/img_06953.jpg,ମହାନଦୀ
train/img_06954.jpg,"ହିର୍ଲୀ ପର୍ବତ, ନବରଙ୍ଗପୁର"
train/img_06955.jpg,ନୂଆଖାଇ ଦିନ ଘୁମୁରା ବାଦ୍ୟଯନ୍ତ୍ରକୁ ପୂଜାର୍ଚ୍ଚନା କରାଯାଏ ।
train/img_06956.jpg,ଠିକ ସେହି ପରି ଧଉଳିଗିରିଠାରେ ଥିବା ବିଶାଳ ବୌଦ୍ଧ ମୂର୍ତି ପର୍ଯ୍ୟଟକଙ୍କୁ ଆକର୍ଷିତ କରିଥାଏ ।
train/img_06957.jpg,ଏତଦବ୍ୟତୀତ ରଣପୁର ଜଙ୍ଗଲରୁ ୨୭୪ ଖଣ୍ଡ କଞ୍ଚାକାଠ ଓ ତିନୋଟି ଶିମୁଳି କାଠ ଆସିଥାଏ।
train/img_06958.jpg,"କେହି କେହି ମାର୍କଣ୍ଡେୟ ପୁଷ୍କରିଣୀରେ ସ୍ନାନ, ମାର୍କଣ୍ଡେଶ୍ୱର ଶିବଙ୍କର ଦର୍ଶନ, ଅକ୍ଷୟବଟ ଓ ବଟମୂଳରେ ଥିବା ବଟେଶ୍ୱରଙ୍କୁ ଦର୍ଶନ, ମନ୍ଦିର ଭିତରେ ଗରୁଡ଼ ଓ ଠାକୁରଙ୍କୁ ଦର୍ଶନ, ଉଗ୍ରସେନଙ୍କୁ ଦର୍ଶନ କରି ସାଗର ଓ ଇନ୍ଦ୍ରଦ୍ୟୁମ୍ନରେ ସ୍ନାନ ଓ ତଦୁପରାନ୍ତ ନୃସିଂହଙ୍କୁ ଦର୍ଶନ କରିବାକୁ ପଞ୍ଚତୀର୍ଥ କହିଥାନ୍ତି ।"
train/img_06959.jpg,ଅତଏବ ଓଡ଼ିଆ ସାହିତ୍ୟରେ ଆଧୁନିକ ଯୁଗର ସୃଷ୍ଟି ପ୍ରା ଚ୍ୟ-ପ।ଶ୍ଚ।ତ୍ୟ ସଂଘର୍ଷରୁ ଘଟିଛି ବୋଲି କୁହାଯାଏ ।
train/img_06960.jpg,ଏଥିରୁ ଓଡ଼ିଆ ଗୀତିସାହିତ୍ୟ ଓ ଛାନ୍ଦ ସାହିତ୍ୟର ଉଦ୍ଭବ ହୋଇଛି ।
train/img_06961.jpg,କଳାହାଣ୍ଡିରେ ନାନା ପ୍ରକାର ଆଦିବାସୀ ଓ ଅଣ-ଆଦିବାସୀ ନାଟ ଦେଖିବାକୁ ମିଳିଥାଏ ।
train/img_06962.jpg,ସେ ବ୍ରାହ୍ମଣଙ୍କୁ ଲୁଟ କରିବାକୁ ପ୍ରଥମେ ଚେଷ୍ଟା କଲେ ମଧ୍ୟ ପରବର୍ତ୍ତୀ ସମୟରେ ତାଙ୍କ ସଂସ୍ପର୍ଶରେ ଆସି ପୁଣ୍ୟାତ୍ମାରେ ପରିଣତ ହୋଇଛି।
train/img_06963.jpg,ରଥଯାତ୍ରାରେ ଦୁଇସାରି (୬ଟି) ରଥ ତିଆରି ହେଉଥିଲା ଏବଂ ନଦୀର ପ୍ରତ୍ୟେକ ତୀରରେ ସାରିଏ (୩ଟି) ରଥ ରହୁଥିଲା ।
train/img_06964.jpg,"ସକାଳ ଧୂପ : ସକାଳ ଧୂପରେ ସାଦା ଅନ୍ନ, ମୁଗ ଖେଚୁଡ଼ି, ଘିଅ ଅନ୍ନ, ଡାଲି, ଡାଲମା, ଶାଗ, ବେସର, ଭଜା, ମହୁର, ଖଟା, ବିଭିନ୍ନ ବିରି ଓ ଅଟା ଜାତୀୟ ପିଠା ଇତ୍ୟାଦି ଲାଗିଥାଏ।ସ୍ଥଳ ବିଶେଷରେ ମାଟି କୁଡୁଆ, ପିତଳ ହାଣ୍ଡିରେ ରନ୍ଧନ କରାଯାଇ ଭୋଗ ବଢାଯାଏ।ପଞ୍ଚୋପଚାର/ଷୋଡ଼ଶପଚାର ମନ୍ତ୍ରରେ ପୂଜା କରାଯାଏ।ଏହି ପୂଜା ଅଷ୍ଟାଦଶାକ୍ଷର ଗୋପାଳ ମନ୍ତ୍ର / ଏକାକ୍ଷରୀ ଭୁବନେଶ୍ୱରୀ ମନ୍ତ୍ର ଏବଂ ଓଁ ନମୋ ଭଗବତେ ବାସୁଦେବାୟ (ଦ୍ୱାଦଶାକ୍ଷର) ମନ୍ତ୍ରରେ ପୂଜା କରାଯାଏ।"
train/img_06965.jpg,ଦଣ୍ଡନୃତ୍ୟ ୩ ଭାଗରେ ବିଭକ୍ତ କରାଯାଇଥାଏ।
train/img_06966.jpg,ସେଗୁଡିକ ହେଲା ରଶ୍ମି ଓ ରାଧିକା ସିନେମା ହଲ ।
train/img_06967.jpg,"ଡ଼ାଲେ ବସି ଚକ୍ରବାକୀରେ, କାନ୍ଦେ ଏକାକୀ ଫୁକାରି"
train/img_06968.jpg,ଏପରି ଚାରିଦିଗେ ୧୨ ପାଖୁଡା ମାରିବ।
train/img_06969.jpg,"ତେଲୁଗୁର ଏକ ହଜାର ବର୍ଷରୁ ଅଧିକ ସମୟର ଏକ ଅଖଣ୍ଡ, ବିଶାଳ ଏବଂ ବିବିଧ ସାହିତ୍ୟ ପରମ୍ପରା ରହିଛି ।"
train/img_06970.jpg,ପିଠି ପାଖ ଚଉଡା।
train/img_06971.jpg,କମ୍ପ୍ୟୁଟରରେ ଓଡ଼ିଆ
train/img_06972.jpg,ପୂର୍ବରୁ କଲିକତା କଏର ବୋର୍ଡ଼ ଏହି ଦଉଡି ଯୋଗାଉଥିଲା।
train/img_06973.jpg,ମହାପ୍ରଭୁମାନଙ୍କ ବ୍ୟବହୃତ ତିନି ଗୋଟି ରଥର ଗଠନ ପଦ୍ଧତି ଶିଳ୍ପଶାସ୍ତ୍ରାନୁମୋଦିତ।
train/img_06974.jpg,ଆଧୁନିକ ଥାଇଲ୍ୟାଣ୍ଡର କିଛି ଭାଗ ସେହି ଅଞ୍ଚଳଗୁଡ଼ିକୁ ନେଇ ଗଠିତ
train/img_06975.jpg,୧ ଏପ୍ରିଲ ୧୯୩୬ରେ ସ୍ୱତନ୍ତ୍ର ଓଡ଼ିଶା ଗଠନ ପରେ ଏହି କବିତାଟି ସମଗ୍ର ରାଜ୍ୟରେ ରାଜ୍ୟଗାନ ଭାବେ ଆଦୃତି ଲାଭ କରିଥିଲା ।
train/img_06976.jpg,ସେ ପୋଡ଼ି ହୋଇଛି ।
train/img_06977.jpg,ବିଶିଷ୍ଟ ଐତିହାସିକ ଡକ୍ଟର ସତ୍ୟନାରାୟଣ ରାଜଗୁରୁ ୧୨୨୩ ଖ୍ରୀଷ୍ଟାବ୍ଦର ପରବର୍ତ୍ତୀ କାଳରେ ରଥଯାତ୍ରା ପ୍ରଚଳନ କଥା ଉଲ୍ଲେଖ କରିଛନ୍ତି ।
train/img_06978.jpg,ଗରୁଡ଼ ଓ ଅରୁଣ ସ୍ତମ୍ଭ
train/img_06979.jpg,କଲାରିପାୟାଟ ସମରକଳା ୨୦୦ ଖ୍ରୀ ପୂ
train/img_06980.jpg,"ଏହା ଅନେକ ପର୍ବପର୍ବାଣି ଯଥା:- ଭାଇ ଜିଉନ୍ତିଆ, ପୁଷପୁନି, ନୂଆଖାଇ ଇତ୍ୟାଦି ପର୍ବପର୍ବାଣିରେ ଏହି ନୃତ୍ୟ କରାଯାଏ ।"
train/img_06981.jpg,ପୂର୍ବରେ : ନୟାଗଡ଼ ଜିଲ୍ଲା
train/img_06982.jpg,ନବୀନ ସାହିତ୍ୟ ସଂସଦ
train/img_06983.jpg,ଚଳିତ ବିଧାନ ସଭାରେ ଏହି ୩ଟି ଯାକ ସିଟରେ ବିଜୁ ଜନତା ଦଳର ବିଧାୟକମାନେ ପ୍ରତିନିଧିତ୍ୱ କରୁଛନ୍ତି।
train/img_06984.jpg,ଖ୍ରୀ ଅ ଅଷ୍ଟମ ବା ନବମ ଶତାଦ୍ଦୀରେ ସୋମବଂଶୀ ରାଜା ଯଯାତି କେଶରୀଙ୍କ ସମୟରେ ଶ୍ରୀକ୍ଷେତ୍ରରେ ଜଗନ୍ନାଥଙ୍କ ରଥଯାତ୍ରା ଅନୁଷ୍ଠିତ ହେଉଥିବା ବିଷୟ ଭିକାରୀ ପଟ୍ଟନାୟକଙ୍କ ୧୮୫୯ ସାଲରେ ରଚିତ ରଥ ଚକଡା ପୋଥିରୁ ଉଦ୍ଧାର କରି ଗବେଷକ ସଦାଶିବ ରଥଶର୍ମା ପ୍ରକାଶ କରିଛନ୍ତି ।
train/img_06985.jpg,ଏହା କରମଶୁଣି (କରମ ଦେବୀ)ଙ୍କ ପୂଜା ପାଇଁ କରାଯାଇଥାଏ ।
train/img_06986.jpg,ଦ୍ୱାର
train/img_06987.jpg,"ଓଡ଼ିଶାର ପୂର୍ବ ଭାଗରେ ଅବସ୍ଥିତ ଖୋର୍ଦ୍ଧା ଜିଲ୍ଲାର ଆୟତନ ୨,୮୭ ୫ ବର୍ଗ କିମି୤"
train/img_06988.jpg,"ଜଗସିଂହପୁର ସହରର ମୋଟ ୨୧ଟି ୱାର୍ଡରେ ୧,୩୮,୪୦୦।"
train/img_06989.jpg,ଏହି ସମୟରେ ବଙ୍ଗୋପସାଗର କୂଳରେ ଚରିତ୍ରପୁର ନାମକ ବନ୍ଦର ଖୁବ ପ୍ରସିଦ୍ଧି ଲାଭ କରିଥିଲ ।
train/img_06990.jpg,"ବନ୍ଦେ ଉତ୍କଳ ଜନନୀ, ଓଡ଼ିଶାର ରାଜ୍ୟ ସଙ୍ଗୀତ ଅଟେ ।"
train/img_06991.jpg,ଚିତ୍ରକଳା
train/img_06992.jpg,"ଓଡ଼ିଶା ଓଲିମ୍ପିକ ସଂଘ, ଓଡ଼ିଶା କ୍ରିକେଟ ସଂଘ ଆଦି ୩୦ରୁ ଅଧିକ ରାଜ୍ୟ ସ୍ତରୀୟ କ୍ରୀଡ଼ା ମହାସଂଘର ମୁଖ୍ୟ କାର୍ଯ୍ୟାଳୟ କଟକ ନଗରରେ ଅବସ୍ଥିତ।"
train/img_06993.jpg,ତୁଳନା
train/img_06994.jpg,"କାବ୍ୟଶାସ୍ତ୍ରୋଚିତ ରସକୁ ଅଙ୍ଗୀକାର କରି ଝୁମର କିଭଳି ଶ୍ରୀବିମଣ୍ଡିତ ହୋଇଛି, ତାହାକୁ ଶ୍ରବଣ ବା ପାଠ କଲେ ସହଜରେ ବୁଝାପଡ଼େ ।"
train/img_06995.jpg,ଏଠାରେ ପରିଶ୍ରମୀ କଳିଙ୍ଗୀୟ (ସାହସିକ) କୋଶଳୀୟ (କୁଶଳୀ) ଓ ଉତ୍କଳୀୟ (ଉତ୍କୃଷ୍ଟ କଳାକାର) ଓଡ୍ର (ଅରୁଆ ଉତ୍ପନ୍ନ କରୁଥିବା) ଲୋକମାନେ ମହାନଦୀ-ବ୍ରାହ୍ମଣୀ-ବୈତରଣୀ ଅବବାହିକାରେ ବୈଦିକ ସଭ୍ୟତାଠାରୁ ଭିନ୍ନ ଏକ ସଭ୍ୟତା କଳିଙ୍ଗ ସଭ୍ୟତାର ନିର୍ମାଣ କରିଥିଲେ।
train/img_06996.jpg,ସେ ସମୟରେ ପଶ୍ଚିମା ଓ ବଙ୍ଗୀୟ ଯାତ୍ରୀମାନେ ଗୁଣ୍ଡିଚା ପର ଦିନ ତିନି ରଥ ଟାଣିବାର ସୁଯୋଗ ପାଉଥିଲେ ।
train/img_06997.jpg,ସୁବର୍ଣ୍ଣପୁର ଜିଲ୍ଲା ୧୯୯୩ ମସିହା ଏପ୍ରିଲ ୧ ତାରିଖରେ ଗଠନ ହେଇଥିଲା ।
train/img_06998.jpg,ଉରେଉର ଅଧରେତେ ଅଧର ଲଗାୟ
train/img_06999.jpg,ପଞ୍ଚାୟତ ସମିତି ଓ ବ ତହସିଲ
train/img_07000.jpg,ଏଥିରେ ପ୍ରଧାନତଃ ପୌରାଣିକ କାହାଣୀ ସ୍ଥାନ ପାଉଥିଲେ ହେଁ ଅଧୁନା ଦୂରଦର୍ଶନ ଓ ଆକାଶବାଣୀରେ ପ୍ରସାରିତ ହେଉଥିବା ନାନାଦି ଜନ ସଚେତନତା ଓ ସ୍ୱାସ୍ଥ୍ୟ ସଚେତନତା କାର୍ଯ୍ୟକ୍ରମରେ ସ୍ୱାସ୍ଥ୍ୟ ସଚେତନତାକୁ ନେଇ ଦାସକାଠିଆ ପରିବେଷଣ କରାଯାଉଛି ।
train/img_07001.jpg,ଫାଗୁନ ମହିଳା ଆୟଃ ରାଞ୍ଚୀ ମେଲା ଲାଗେ ।’’
train/img_07002.jpg,ଶ୍ରୀବେଢାକାଳୀ
train/img_07003.jpg,ଉଚ୍ଚ ଶିକ୍ଷା
train/img_07004.jpg,"ଓଡ଼ିଶାର ରାଜନୀତିରେ ସକ୍ରିୟ ରାଜନୈତିକ ଦଳଗୁଡ଼ିକ ହେଲେ, ବିଜୁ ଜନତା ଦଳ, ଭାରତୀୟ ଜାତୀୟ କଂଗ୍ରେସ ଏବଂ ଭାରତୀୟ ଜନତା ପାର୍ଟି ।"
train/img_07005.jpg,"୩,୮୫୦ ବର୍ଗ କିଲୋମିଟର କ୍ଷେତ୍ରଫଳରେ ଗଜପତି ଜିଲ୍ଲା ରହିଛି ଓ ଏହା ୧୮ ଡିଗ୍ରୀ ୪୪ ମିନିଟରୁ ୧୯ ଡିଗ୍ରୀ ୩୦ ମିନିଟ ଉତ୍ତର ଅକ୍ଷାଂଶ ଏବଂ ୮୩ ଡିଗ୍ରୀ ୪୮ ମିନିଟରୁ ୮୪ ଡିଗ୍ରୀ ୦୮ ମିନିଟ ପୂର୍ବ ଦ୍ରାଘିମାରେ ଅବସ୍ଥିତ ।"
train/img_07006.jpg,ପରମ୍ପରା ଅନୁଯାୟୀ ସେହି ସମୟରେ ବଳଭଦ୍ରଙ୍କ ରଥ ସମ୍ମୁଖରେ ରଥ ଘେର ପକାଯାଇଥାଏ।
train/img_07007.jpg,"୧୯୦୧ରୁ ସେ ଶିଳାଧା ଛାଡି ଶାନ୍ତିନିକେତନ(ପଶ୍ଚିମବଙ୍ଗ)କୁ ଚାଲିଆସିଥିଲେ, ସେଠାରେ ସେ ଆଶ୍ରମ ,ପ୍ରାର୍ଥନା ଗୃହ,ବିଦ୍ୟାଳୟ, ପାଠାଗାର ନିର୍ମାଣ କରିଥିଲେ ।"
train/img_07008.jpg,କୋଣାର୍କର ସୂର୍ଯ୍ୟ ମନ୍ଦିର
train/img_07009.jpg,ରବୀନ୍ଦ୍ରନାଥଙ୍କ ରଚନା ବିଭିନ୍ନ ଭାଷାରେ ଅନୁବାଦିତ ହୋଇସାରିଛି ।
train/img_07010.jpg,ଏହି ସମୟରେ ପରମ୍ପର ଅନୁଯାୟୀ ମହାପ୍ରଭୁ ସିଂହଦ୍ୱାର ନିକଟରେ ପହଞ୍ଚିବା ବେଳେ ସାମୟିକ ଭାବେ ଦ୍ୱାର ବନ୍ଦ ରହିଥାଏ ଓ କିଛି କ୍ଷଣ ପରେ ଦ୍ୱାର ଖୋଲିଯାଏ ।
train/img_07011.jpg,କେତେକ ବିଶେଷ ବର୍ଣ୍ଣ ବ୍ୟଞ୍ଜନ ବର୍ଣ୍ଣ ଆଗରୁ ବା ପଛରେ ରହିଥାଏ ଓ ଏଥିରେ ଥିବା ସ୍ୱରବର୍ଣ୍ଣର ରୂପକୁ ବଦଳାଇଥାଏ ।
train/img_07012.jpg,ଗଜପତି ଜିଲ୍ଲାର ପାଣିପାଗ ପ୍ରାୟ ୧୨ ୫ ଡିଗ୍ରୀରୁ ୪୨ ଡିଗ୍ରୀ ପାରଦ ଓ ବାର୍ଷିକ ବର୍ଷାପାତ ହାରାହାରି ୧୯୨୫ ୬ ମିଲିମିଟର ଅଟେ ।
train/img_07013.jpg,ଟାଗୋରଙ୍କ ବଡ଼ ଭାଇ ଦ୍ୱିଜେନ୍ଦ୍ରନାଥ ଜଣେ ଦାର୍ଶନିକ ଓ କବି ଥିଲେ ।
train/img_07014.jpg,"ସେଥିପାଇଁ ନିଜର ମନ,ବଚନ ଓ କର୍ମଦ୍ୱାରା ହିଂସାଠାରୁ ଦୂରେଇ ରହୁଥିବା ମଣିଷକୁ ହିନ୍ଦୁ କୁହାଯାଏ।"
train/img_07015.jpg,"ସେତେବେଳେ ଗଙ୍ଗ ବଂଶର ରାଜାମାନେ ଓଡ଼ିଶାରେ ଶାସନ କରୁଥିଲେ , ୭୯୫ ଖ୍ରୀଷ୍ଟାବ୍ଦରେ ୨ୟ ଯଯାତି (ମହାସିବ ଗୁପ୍ତ) ସିଂହାସନ ଆରୋହଣ କରିଥିଲେ ।"
train/img_07016.jpg,ଇଷ୍ଟ କୋଷ୍ଟ ରେଲୱେ ଷ୍ଟାଡ଼ିୟମ ( )
train/img_07017.jpg,୧୮୭୮ ମସିହାରେ ସେ ଲଣ୍ଡନ ଯାଇଥିଲେ ।
train/img_07018.jpg,ଓଡ଼ିଶାରେ ଦଣ୍ଡ ନାଟ - -
train/img_07019.jpg,ଏମାନଙ୍କ ମଧ୍ୟରୁ ଅଧିକାଂଶ ଗୋଷ୍ଠୀ ଭାରତର ସାମ୍ବିଧାନିକ ବ୍ୟବସ୍ଥା ଅନୁଯାୟୀ ଅନୁସୂଚିତ ଜନଜାତି ବର୍ଗରେ ଅନ୍ତର୍ଭୁକ୍ତ ।
train/img_07020.jpg,"କପିଳେଶ୍ୱର ମନ୍ଦିର, ଚରଦାଠାରେ ଅବସ୍ଥିତ ।"
train/img_07021.jpg,ଆଧୁନିକ ଓଡ଼ିଶୀ ନାଟର ଏହା ମୂଳରୂପ ।
train/img_07022.jpg,ତାଳଧ୍ୱଜ ରଥର ଦୈର୍ଘ୍ୟ ପ୍ରସ୍ଥ ୩୩ ଫୁଟ ଲେଖାଏଁ ଓ ଉଚ୍ଚତା ୪୫ ଫୁଟ ।
train/img_07023.jpg,ସପ୍ତାହକର ସାତଦିନ ଗ୍ରହମଣ୍ଡଳର ଗ୍ରହମାନଙ୍କ ନାମରେ ନାମିତ ।
train/img_07024.jpg,"୧୮୯୬ ମସିହାରେ ଶଶୀଭୂଷଣ ରାୟ ଦକ୍ଷିଣ ଭାରତ ଭ୍ରମଣାନୁଭୂତିକୁ ନେଇ ""ଦାକ୍ଷିଣାତ୍ୟଭ୍ରମଣ"" ରଚନା କରିଥିଲେ ।"
train/img_07025.jpg,ଅବଶିଷ୍ଟ ୯୦ଟି ସାଧାରଣ ବର୍ଗଙ୍କ ପାଇଁ ଉଦ୍ଦିଷ୍ଟ ।
train/img_07026.jpg,ରାଜ୍ୟପାଳଙ୍କ ଦ୍ୱାରା ଆଙ୍ଗ୍ଲୋ-ଇଣ୍ଡିଆନ ସମ୍ପ୍ରଦାୟରୁ ଜଣେ ବିଧାୟକଙ୍କୁ ମନୋନୀତ କରାଯାଇପାରେ ।
train/img_07027.jpg,ଅତୀତରେ ଶ୍ରୀକ୍ଷେତ୍ରରେ ପାଳିତ ରଥଯାତ୍ରାରେ ଗଜପତି ମହାରାଜାମାନେ ଛେରା ପହଁରା ନିମିତ୍ତ ବହୁ ଆଡ଼ମ୍ବରପୂର୍ଣ୍ଣ ଶୋଭାଯାତ୍ରାରେ ବାହାରୁଥିଲେ ।
train/img_07028.jpg,"ମଧୁସୂଦନ ଦାସ, ଗୋପବନ୍ଧୁ ଦାସ, ଫକୀର ମୋହନ ସେନାପତି, ନୀଳକଣ୍ଠ ଦାସ, ଗଙ୍ଗାଧର ମେହେର, ରାଧାନାଥ ରାୟ, ବାସୁଦେବ ସୁଢ଼ଳ ଦେବ ଓ କୃଷ୍ଣଚନ୍ଦ୍ର ଗଜପତି ନାରାୟଣ ଦେବ ଆଦିଙ୍କ ନେତୃତ୍ୱରେ ଏହି ଆନ୍ଦୋଳନ ଅଧିକ ତୀବ୍ର ହୋଇଥିଲା ।"
train/img_07029.jpg,୧୯୪୮ ମସିହା ଅପ୍ରେଲ ୧୩ତାରିଖ ଦିନ ଭୁବନେଶ୍ୱରରେ ନୂଆ ରାଜଧାନୀର ପ୍ରତିଷ୍ଠା ଫଳକ ତତ୍କାଳିନ ପ୍ରଧାନମନ୍ତ୍ରୀ ଜବାହରଲାଲ ନେହେରୁଙ୍କ କରକମଳରେ ସ୍ଥାପିତ ହୋଇଥିଲା ।
train/img_07030.jpg,"ଧାମସା, ମାଦକ, ଢୋଲ, ଚଡ଼ଚଡ଼ି ମୋଟାବାଜ୍ ନା ଓ ସାହାନାଇ, ବଂଶୀ, ବେହେଲା, କେନ୍ଦେରା ପ୍ରଭୃତି ସରୁବାଜ୍ ନା ଭାବରେ ପରିଚିତ ।"
train/img_07031.jpg,ଦନୀଆ ହିଁ ନୌକା ମାଝେ ସଝାଇରେ
train/img_07032.jpg,"ଯୁକ୍ତରାଷ୍ଟ୍ରରେ ବିଭିନ୍ନ ପ୍ରକାରର ଜାତି, ପରମ୍ପରା ଏବଂ ମୂଲ୍ୟବୋଧ ରହିଛି, ଏବଂ ଏହା ବିଶ୍ୱ ସ୍ତରରେ ପ୍ରମୁଖ ସାଂସ୍କୃତିକ ପ୍ରଭାବ ପକାଇଥାଏ।"
train/img_07033.jpg,ରାଣା
train/img_07034.jpg,ଚରମ୍ପା ଅନ୍ତର୍ଗତ ରହଣିଆର ବଡ଼ ପୋଖରୀ ଚାରି ପାଖରେ ଚବିଶ ତୀର୍ଥଙ୍କରଙ୍କ ମୂର୍ତ୍ତି ସ୍ଥାପିତ ହୋଇଥିଲା।
train/img_07035.jpg,"ଆଷାଢ଼ର ପହିଲି ବର୍ଷାରେ ମାଟି ମା'ର ପ୍ରଜନନ ଶକ୍ତି ଜାଗ୍ରତ ହୋଇଥାଏ, ଏହି କାରଣରୁ ଧରଣୀମାତାକୁ ରଜସ୍ୱଳା ସ୍ତ୍ରୀ ସହିତ ତୁଳନା କରାଯାଏ ।"
train/img_07036.jpg,"ବ୍ରାହ୍ମଣ, ଖଣ୍ଡାୟତ , କରଣ , ଜ୍ୟୋତିଷ , କଳିଙ୍ଗବୈଶ୍ୟ , ଚଷା , ଗୋପାଳ , ବଣିଆ , ଦୁମାଳ , ମାଳି , ଗୁଡ଼ିଆ , ଗୋଲା , କମାର , କୁମ୍ଭାର , ପାତର , ବଢେଇ , ତେଲି , କୁଲିତା , କଂସାରି , ବାରିକ , ତନ୍ତୀ , କୈବର୍ତ୍ତ , ଚମାର , ଧୋବା , ବାଉରି , ସୁଣ୍ଢି , ପାଣ , ହାଡିି , କଣ୍ଡରା"
train/img_07037.jpg,ତେରୁ ଏହି ସମୟକୁ ଝୁମରର ବିରତି ସମୟ ଭାବରେ ଗ୍ରହଣ କରାଯାଇଥାଏ ।
train/img_07038.jpg,ବେଢ଼ା ମଧ୍ୟରୁ ଭକ୍ତ ଦ୍ୱାର ଦେଇ ପ୍ରବେଶ କରିବାକୁ ହେଲେ ଦ୍ୱାରଦେଶରେ ପହଞ୍ଚିବାନିମନ୍ତେ କେତୋଟି ପାହାଚ ଚଢ଼ିବାକୁ ପଡେ ।
train/img_07039.jpg,ଆଷାଢ଼ ଶୁକ୍ଳ ଏକାଦଶୀ ଦିନ ରଥ ଉପରେ ଠାକୁରମାନଙ୍କର ସମସ୍ତ ଏକାଦଶୀ ନୀତି ଅନ୍ୟ ଏକଦଶୀ ନୀତି ପରି ଅନୁଷ୍ଠିତ ହୋଇଥାଏ।
train/img_07040.jpg,ସରକାରଙ୍କ ଦୃଷ୍ଟି ନପଡ଼ିବାରୁ ଏହା ଅବହେଳିତ ଅବସ୍ଥାରେ ପଡ଼ିରହିଛି।
train/img_07041.jpg,ଏହା ଜୈବିକ ହଳଦି ପାଇଁ ଜଣାଶୁଣା ।
train/img_07042.jpg,ତଙ୍କଦ୍ୱାରା ୧୯୮୫ରେ ନିର୍ମିତ ହାକିମ୍ ବାବୁକୁ ଜାତୀୟ ଫିଲ୍ମ ପୁରସ୍କାର ମିଳିଥିଲା।
train/img_07043.jpg,ଶ୍ରଦ୍ଧା ନାହିଁକି ଶ୍ୟାମର ଲୋ ?
train/img_07044.jpg,"ତୋ ପ୍ରେମ କରି ଭରସା, ଛାଡ଼ିଲି ମୁଁ କୁଳ ଆଶା"
train/img_07045.jpg,ସତ୍ୟ ନାରାୟଣ ମନ୍ଦିର
train/img_07046.jpg,"-ବନ୍ଧ - ତୁମୁଡ଼ିବନ୍ଧ , ଗରାବନ୍ଧ ଇତ୍ୟାଦି"
train/img_07047.jpg,ଜୈନବାଦ
train/img_07048.jpg,ଏଠାରେ ପ୍ରତିବର୍ଷ ପ୍ରାୟ ୧୬୦ ପ୍ରଜାତିର ସ୍ଥାନୀୟ ଓ ପ୍ରବାସୀ ପକ୍ଷୀଙ୍କ ସମାଗମ ହୋ ଇଥାଏ ।
train/img_07049.jpg,ଓଡ଼ିଶାର ନାବିକମାନଙ୍କର ସୀମା କ୍ରମଶଃ ସଂକୁଚିତ ହେବାରେ ଲାଗିଲା ।
train/img_07050.jpg,ଦୁର୍ଜନସିଂହ ପାଲା ବା ଚନ୍ଦ୍ରାଜିତ୍ ପାଲା: ଅମ୍ବିକା ନଗରର ଦୁର୍ଜନ ନାମକ ନାସ୍ତିକ ରାଜାଙ୍କର ଗଳ୍ପ
train/img_07051.jpg,ମୁଖ୍ୟମନ୍ତ୍ରୀ ନବୀନ ପଟ୍ଟନାୟକଙ୍କ ଆହ୍ୱାନରେ ଓଡ଼ିଶାରେ କୋଭିଡ-୧୯ ମହାମାରୀ ସମୟରେ ବିଭିନ୍ନ ସେବା କାର୍ଯ୍ୟ କରୁଥିବା କୋଭିଡ ଯୋଦ୍ଧାମାନଙ୍କ ସମ୍ମାନରେ ବିଶ୍ୱର ବିଭିନ୍ନ ସ୍ଥାନରେ ଓଡ଼ିଆ ଲୋକମାନେ ୩୦ ମଇ ୨୦୨୦ ସନ୍ଧ୍ୟା ୫ ୩୦ ଏହି ଗୀତ ଗାଇଥିଲେ ।
train/img_07052.jpg,ନିକଟବର୍ତ୍ତି ଚାଟିକଣାର ଜଳପ୍ରପାତ ଓ ଶିବ ମନ୍ଦିର
train/img_07053.jpg,"ସେ ତାଙ୍କ ଜୀବନ କାଳରେ ଅନେକ ସଂଗଠନ, ଅନୁଷ୍ଠାନ, ଇତ୍ୟାଦି ଗଠନ କରିଥିଲେ, ତନ୍ମଧ୍ୟରୁ ଅଖିଳ ଭାରତୀୟ ଦୁଃଖୀ ସମାଜ, ଭଦ୍ରକ ଏଡୁକେସନ ଫୋରମ୍ ( ) ଅନ୍ୟତମ।"
train/img_07054.jpg,ରତ୍ନବେଦିରେ ମହାପ୍ରଭୁଙ୍କ ବିଭିନ୍ନ ବେଶକୁ ସବୁବର୍ଗରେ ଭକ୍ତ ଦର୍ଶନ କରି ପାରୁନାହାନ୍ତି ତେଣୁ ରଥ ଉପରେ ସବୁବର୍ଗର ଦର୍ଶନ ପାଇଁ ମହାପ୍ରଭୁଙ୍କ ସୁନାବେଶ କରେଇବାକୁ ବଡ଼ତଢାଉ ରାଜାଙ୍କୁ ବିନତି କରିଥିଲେ ।
train/img_07055.jpg,"ଗ୍ରାମାଞ୍ଚଳ: ୧,୪୦,୬୪୮"
train/img_07056.jpg,ସୁନାବେଡ଼ା
train/img_07057.jpg,"ଆଦିବାସୀମାନଙ୍କ କରମା ଗୀତ, ପାଲା ଓ ଦାସକାଠିଆ ସଙ୍ଗୀତ, ବାଲେଶ୍ୱରର ଚଢ଼େଇଆ ସଙ୍ଗୀତ ଆଦିସବୁ ଏହି ଶ୍ରେଣୀର ।"
train/img_07058.jpg,ସାରଥି: ଦାରୁକ ।
train/img_07059.jpg,ଏହି ଦୃଷ୍ଟିରୁ ଆଲୋଚକମାନେ ଝୁମରର ଯୁଗବିଭାଜନ କରିଛନ୍ତି ।
train/img_07060.jpg,ଭାରତୀୟ ସମ୍ବିଧାନରେ ଆଦିବାସୀ ଶବ୍ଦ ବ୍ୟବହାର କରାଯାଇନାହିଁ ଏବଂ ଅନୁସୂଚିତ ଜାତି ଓ ଜନଜାତି ନାମ ଉଲ୍ଲେଖ କରାଯାଇଛି ।
train/img_07061.jpg,ଘୁମୁରା ନୃତ୍ୟ
train/img_07062.jpg,"ଏହାର ଶବ୍ଦକୋଷ ପାରସୀ ଭାଷା, ଆରବୀ ଭାଷା ଓ ଟର୍କିସ ଭାଷାଦ୍ୱାରା ବିକଶିତ ହୋଇଛି ।"
train/img_07063.jpg,ମୟୂରଭଞ୍ଜ ଓଡ଼ିଶାର ଉତ୍ତରରେ ଥିବା ଏକ ପ୍ରଶାସନିକ ଜିଲ୍ଲା ।
train/img_07064.jpg,ଶିଖ ଧର୍ମ
train/img_07065.jpg,ଧରାସନେ ଆଲିଙ୍ଗନେ ମାତିଲ କାନାଇ
train/img_07066.jpg,"ପୁଣି ସାଇକେଲ ଯେପରି ଚୋରି ନ ହେବ, ସେଭଳି ତାହା ତିଆରି ହୋଇଛି ଅର୍ଥାତ୍ ଛ’ଜଣ ତାକୁ ଜଗିଛନ୍ତି ।"
train/img_07067.jpg,ଇଣ୍ଡୋନେସିଆ ଦକ୍ଷିଣ ପୂର୍ବ ଏସିଆରେ ଥିବା ଏକ ଦେଶ।
train/img_07068.jpg,ସେ ନିଜ ରାଜଧାନୀ କଳିଙ୍ଗ ନଗରରୁ କଟକକୁ ସ୍ଥାନାନ୍ତରିତ କରିଥିଲେ ।
train/img_07069.jpg,ଦଣ୍ଡ ନାଟରେ ମିଶିବାଦ୍ୱାରା ମା'କାଳୀଙ୍କ କୃପାରୁ ପାପ ଓ ଦୁଖ ଦୂର ହୋଇ ମାନବ ଶାନ୍ତି ଓ ଧନ ପ୍ରାପ୍ତ ହୁଏ ବୋଲି ବିଶ୍ୱାସକରି ଓଡ଼ିଶାବାସୀ ଏହି ପର୍ବକୁ ପାଳନ କରନ୍ତି ।
train/img_07070.jpg,ଖାଦ୍ୟ ଯୋଗାଣକାରୀ ବ୍ୟବସାୟ
train/img_07071.jpg,"ଝାରସୁଗୁଡ଼ା ଜିଲ୍ଲାର ମୁଖ୍ୟ ଶିକ୍ଷାନୁଷ୍ଠାନ ମଧ୍ୟରେ ଲକ୍ଷ୍ମୀନାରାୟଣ ମହାବିଦ୍ୟାଳୟ(୧୯୬୯ରେ ସ୍ଥାପିତ), ବ୍ରଜରାଜନଗର କଲେଜ(୧୯୭୮ରେ ସ୍ଥାପିତ), ଝାରସୁଗୁଡା ସରକାରୀ ଇଂଜିନିଯରିଂ ସ୍କୁଲ, ବେଲପାହାଡ କଲେଜ, ବ୍ଲାକ ଡାୟମଣ୍ଡ ଇଂଜିନିଯରିଂ କଲେଜ ଓ ଅନ୍ୟାନ୍ୟ କଲେଜ ସବୁ ଅଛି ।"
train/img_07072.jpg,୨୦ଶ ଶତକରେ ଏହା ଭାରତୀୟ ଜାତୀୟତାବାଦର କେନ୍ଦ୍ର ପାଲଟିଲା।
train/img_07073.jpg,ଓଡ଼ିଶାର ରାଜ୍ୟପାଳମାନଙ୍କର ତାଲିକା
train/img_07074.jpg,ପ୍ରାଥମିକ ବିଦ୍ୟାଳୟ ସଖ୍ୟା-୮୪୯
train/img_07075.jpg,ଏହି ଜିଲ୍ଲା ନିମ୍ନ ତିନୋଟି ବିଧନସଭାମଣ୍ଡଳୀକୁ ନେଇ ଗଠିତ।
train/img_07076.jpg,ଅନୁଷ୍ଠାନ
train/img_07077.jpg,ରତ୍ନଚିରା
train/img_07078.jpg,ଥରେ ଦକ୍ଷ ପ୍ରଜାପତି ଯଜ୍ଞର ଆୟୋଜନ କରି ନିଜ କନ୍ୟା ସତୀ ଓ ଜାମାତା ଶିବଙ୍କ ବ୍ୟତୀତ ସବୁ ଦେବତାମାନଙ୍କୁ ଆମନ୍ତ୍ରିତ କରିଥିଲେ।
train/img_07079.jpg,ବିଧାନ ସଭାର ସଦସ୍ୟ ହେବାପାଇଁ ପ୍ରାର୍ଥୀଙ୍କର ନିମ୍ନଲିଖିତ ଯୋଗ୍ୟତାଥିବା ଥିବା ଆବଶ୍ୟକ ।
train/img_07080.jpg,"ସେ ବୌଦ୍ଧ ଧର୍ମରେ ନିଜକୁ ବଦଳାଇବା ପରେ ଅନେକ ବୌଦ୍ଧ ସ୍ତୁପ, ସ୍ତମ୍ଭ ଗଢ଼ାଇଥିଲେ"
train/img_07081.jpg,ଏହା ଓଡ଼ିଶାର କଳାହାଣ୍ଡି ଅଞ୍ଚଳରୁ ଏକ ଯୁଦ୍ଧ ସମୟର ନୃତ୍ୟ ଭାବେ ଆରମ୍ଭ ହୋଇ ପରେ ଏକ ଲୋକନୃତ୍ୟରେ ପରିଣତ ହୋଇଥିଲା ।
train/img_07082.jpg,(ରାମେଶ୍ୱର)
train/img_07083.jpg,ହିଲିଡ଼ଲି ନୌକାଇଁ ପାନି ସାମଇରେ ।
train/img_07084.jpg,ସାରାଂଶ
train/img_07085.jpg,୩ ।
train/img_07086.jpg,୧ - -
train/img_07087.jpg,ଶ୍ରୀମନ୍ଦିର ପ୍ରଶାସନ ପକ୍ଷରୁ ପଦାଧିକାରୀ ଛେରା ପହଁରା ନିମିତ୍ତ ଗୁଣ୍ଡିଚା ମନ୍ଦିରଠାରୁ ଶ୍ରୀନଅର ଅଭିମୁଖେ ଯାଇଥାନ୍ତି।
train/img_07088.jpg,ସହର: ୫
train/img_07089.jpg,"ଭୋଗରାଇରୁ ମିଳିଥିବା ତମ୍ବା ମୁଦ୍ରା ଓ ଅଭଣା, କୁପାରି, ବସ୍ତା ଓ ଅଯୋଦ୍ଧାରୁ ମିଳିଥିବା ବୁଦ୍ଧଙ୍କ ମୂର୍ତ୍ତି ଏଠାରେ ବୁଦ୍ଧ ଧର୍ମର ଅବସ୍ଥିତି ଉପରେ ପ୍ରମାଣ ଦିଏ ଯାହା ଭୌମକର ରାଜଶାସନ କାଳରେ ବିକାଶ କରିଥିଲା ।"
train/img_07090.jpg,"ସେ ବୌଦ୍ଧବାଦୀମାନଙ୍କ ପାଇଁ ବୋଧି ବା ଜଣେ ଆଲୋକିତ ଗୁରୁ, ଯେ ତାହାଙ୍କର ଜ୍ଞାନକୁ ଚେତନା ରହିତ ଜନଙ୍କୁ ଅବିଦ୍ୟାର ବିନାଶ କରିବାର ଶିକ୍ଷା ପ୍ରଦାନ କରିଥିବା ଗୁରୁ ଭାବରେ ଜଣା, ଯାହା, ସଂସାରର ଯାବତୀୟ ଦୁଃଖ, କ୍ଲେଷରୁ ତରିବାରେ ଜଣଙ୍କୁ ସହଯୋଗ କରିଥାଏ ।"
train/img_07091.jpg,୧ ବିଧାୟିକା
train/img_07092.jpg,ଉତ୍ତର-ପୂର୍ବ ଅଞ୍ଚଳ ଖୋରାଟ ମାଳଭୂମିକୁ ନେଇ ଗଠିତ ଯାହା ପୂର୍ବରେ ମେକୋଙ୍ଗ ନଦୀ ସୀମାବର୍ତ୍ତୀ ଚାଓ ଫ୍ରାୟା ନଦୀ ଉପତ୍ୟକା ଦେଶର କେନ୍ଦ୍ରରେ ସ୍ଥାନ ଅଧିକାର କରିଛି ।
train/img_07093.jpg,ଥିପାଖୋଲ ଜଳପ୍ରପାତ ସିନାପାଲି ବ୍ଲକଠାରୁ କି ମି ଦୂରରେ ଅବସ୍ଥିତ।
train/img_07094.jpg,"ଅନ୍ୟାନ୍ୟ ଅଞ୍ଚଳ ପରି ଭଦ୍ରକରେ ଖୁଦୁରୁକୁଣୀ ଓଷା, ଜହ୍ନି ଓଷା, ଅକ୍ଷୟ ତୃତୀୟା, ସାବିତ୍ରୀ ଅମାବସ୍ୟା, ବାଟଓଷା ଆଦି ପାଳନ କରାଯାଏ।"
train/img_07095.jpg,"ଖିଜିଙ୍ଗା କୋଟା, ଏବେ ଆଧୁନିକ ଖିଚିଂ ନାମରେ ଜଣାଶୁଣା ।"
train/img_07096.jpg,"ଢେଙ୍କାନାଳ ଜିଲ୍ଲା ବିଭିନ୍ନ ପ୍ରକାର ପ୍ରାକୃତିକ ସମ୍ପଦ, ପ୍ରାକୃତିକ ସୌନ୍ଦର୍ଯ୍ୟ ରେ ପରିପୂର୍ଣ୍ଣ।"
train/img_07097.jpg,ଶିଙ୍ଗର ଉଚ୍ଚତା ୩ରୁ ୪ ଫୁଟ।
train/img_07098.jpg,ଦେଖି ଦେଖି ହେଲି ବିଷ୍ ପିତା ।
train/img_07099.jpg,ଏହା ଏକ ପ୍ରସିଦ୍ଧ ଶୈବପିଠ ।
train/img_07100.jpg,"ନରସିଂହ ମହାପାତ୍ର, ଭଗବାନ ନାୟକ ବର୍ମା, ଡଃ କୀର୍ତ୍ତନ ନାରାୟଣ ପାଢ଼ୀ, ଡଃ ଖଗେନ୍ଦ୍ରନାଥ ମଲ୍ଲିକ, ଅପୂର୍ବ ରଞ୍ଜନ ରାୟ, ଇଂ ଅରୁଣ କୁମାର ପାତ୍ର, ନିର୍ମଳ ରାଉତ, ପିତାମ୍ବର ମିଶ୍ର, ଇଂ ଅଭୟ ସୂତାର।"
train/img_07101.jpg,"ଆମେରିକୀୟ ରୋଷେଇରେ ଯୁକ୍ତରାଷ୍ଟ୍ରରେ ପ୍ରସ୍ତୁତ ରନ୍ଧନ ଶୈଳୀ ଏବଂ ପାରମ୍ପାରିକ ଖାଦ୍ୟ ରହିଛି ଏହା ୟୁରୋପୀୟ, ଆଦିବାସୀ ମୂଳ ଆମେରିକୀୟ, ଆଫ୍ରିକୀୟ, ଏସିଆନ, ପ୍ରଶାନ୍ତ ଦ୍ୱୀପପୁଞ୍ଜ ଏବଂ ଅନ୍ୟାନ୍ୟ ସଂସ୍କୃତି ଏବଂ ପରମ୍ପରାଦ୍ୱାରା ଯଥେଷ୍ଟ ପ୍ରଭାବିତ ହୋଇଛି ଏହାର ରୋଷେଇର ଗୁଣବତ୍ତା ପାଇଁ, କୃଷକ ବଜାରଠାରୁ ଆରମ୍ଭ କରି ଏହାର ରୋଷେୟା ଚାଳିତ ରେଷ୍ଟୁରାଣ୍ଟ ପର୍ଯ୍ୟନ୍ତ ଆମେରିକା ଜଣାଶୁଣା ଯୁକ୍ତରାଷ୍ଟ୍ରର ଅନେକ ରେଷ୍ଟୁରାଣ୍ଟ ପରିଦର୍ଶନ କରିବା ଯୋଗ୍ୟ, ଦେଶ ମଧ୍ୟ ଏକ ଉନ୍ନତ ଷ୍ଟ୍ରିଟ୍ ଫୁଡ୍ ଦୃଶ୍ୟ ପାଇଁ ଗର୍ବ କରେ ଯାହା ଆମକୁ ଅନେକ ବିକ୍ରେତାଙ୍କ ସହିତ ଅଧିକ ଆକର୍ଷିତ କରାଇଥାଏ ରାସ୍ତାରେ ଖାଇବା ସମସ୍ତ ପାଞ୍ଚଟି ଇନ୍ଦ୍ରିୟ ବ୍ୟବହାର କରିବା ସହିତ ଜଡିତ ଷ୍ଟ୍ରିଟ୍ ଫୁଡ୍ ହେଉଛି କାଜୁଆଲ୍ ଡାଇନିଂର ଶିଖର ଏବଂ ଏକ ସହରର ରୋଷେଇ ଘରର ଉତ୍ତରାଧିକାରୀ ବିଷୟରେ ଏକ ସମୃଦ୍ଧ ସମ୍ବେଦନଶୀଳ ପ୍ରଦାନ କରେ"
train/img_07102.jpg,କଠାରୁ କ୍ଷ ପର୍ଯ୍ୟନ୍ତ ୩୪ଟି ବ୍ୟଞ୍ଜନ ବର୍ଣ୍ଣର ଆଦିକ୍ରମରେ ରଚିତ ହୋଇଥିବା କବିତା ଚଉତିଶା ନାମରେ ନାମିତ ।
train/img_07103.jpg,ଏରି
train/img_07104.jpg,ଏମାନେ ହାତରେ କୁଙ୍କୁମରେ ଛବି ଅଙ୍କା ଯାଇଥାଏ ଓ ପାଦରେ ଅଳତାରେ ଚିତା ଆଙ୍କିଥାନ୍ତି ।
train/img_07105.jpg,ଉଚ୍ଚତମ ଓ ଉଚ୍ଚ ନ୍ୟାୟାଳୟର ବିଚାର ପତିମାନଙ୍କୁ ରାଷ୍ଟ୍ରପତି ନିଯୁକ୍ତ କରିଥାନ୍ତି ।
train/img_07106.jpg,ଶ୍ରୀକାନ୍ତ ଜେନା: ୧୯୯୬
train/img_07107.jpg,ସ୍ଥଳରୂପ
train/img_07108.jpg,"ଆଷାଢ଼ ଶୁକ୍ଳ ଏକାଦଶୀ ଦିନ ରଥ ରଥ ଉପରେ ଠାକୁରମାନଙ୍କ ପ୍ରସିଦ୍ଧ ସୁନାବେଶ ଅବକାଶରେ ମଠ ପକ୍ଷରୁ ପୁରି, ସୋଲା,ମହନ ଭୋଗ ଇତ୍ୟାଦି ଭୋଗ ହୋଇଥାଏ।"
train/img_07109.jpg,ସ୍ୱତ୍ତ୍ୱଲିପି ଅନୁଯାୟୀ ନେତ୍ରୋତ୍ସବ ଦିନ ବଡ଼ ଓଡ଼ିଆ ମଠ ଅଧିକାରୀଙ୍କ ଶାଢ଼ୀ଼ ବନ୍ଧାକୁ ବାର ଲାଗି ଶାଢ଼ୀ଼ (ପାଟ ବସ୍ତ୍ର) ମନ୍ଦିର ପ୍ରଶାସନ ତରଫରୁ ପ୍ରଦାନ କରାୟାଇଥାଏ।
train/img_07110.jpg,ଶ୍ରୀମନ୍ଦିର ସ୍ୱତ୍ତ୍ୱଲିପିର ଉଲ୍ଲେଖ ପ୍ରକାରେ ଅଣସର ସମୟରେ ଏହି ମଠ ମଇଲମ ଓ ଚକଡା଼ ଭୋଗ ଯୋଗାଇଥାନ୍ତି।
train/img_07111.jpg,ସେକାଳର ମୁସଲମାନ ଶାସନ କାଳରେ ପରଦା ପ୍ରଥାର କଠୋରତା ହେତୁ ମାହାରୀ ଓ ଦେବଦାସୀଙ୍କ ନାଟରେ ବାଧା ପଡ଼ିଥିଲା ଯାହା ଏହି ନାଟର ବିକାଶକୁ ବାଧ୍ୟ କରିଥିଲା ।
train/img_07112.jpg,(ଜଗା)
train/img_07113.jpg,ବର୍ତ୍ତମାନ କମ୍ପ୍ୟୁଟର ଯୋଗେ ଓଡ଼ିଆ ଟାଇପ କରିବା ସହଜ ହୋଇଯାଇଛି ।
train/img_07114.jpg,ମାଲକାନଗିରି (୧୪୬)
train/img_07115.jpg,"ବର୍ତ୍ତମାନ ମୋଟରେ ୭ଟି ତହସିଲ, ୭ଟି ବ୍ଲକ, ୧୫୩୪ଟି ଗ୍ରାମ, ୧୪୯ ଗ୍ରାମ ପଞ୍ଚାୟତ, ୧୧ଟି ପୋଲିସ ଥାନା ରହିଛି ।"
train/img_07116.jpg,ଓଡ଼ିଶାର ସର୍ବୋଚ୍ଚ ପର୍ବତ ଶୃଙ୍ଗ ହେଉଛି ଦେଓମାଳୀ (୧୬୭୨ ମି ) ଯାହାକି ଦକ୍ଷିଣ ଓଡ଼ିଶାର କୋରାପୁଟ ଜିଲ୍ଲାରେ ଅବସ୍ଥିତ ଏବଂ ଚନ୍ଦ୍ରଗିରି-ପଟ୍ଟାଙ୍ଗୀ ପର୍ବତମାଳାର ଅନ୍ତର୍ଗତ ।
train/img_07117.jpg,ଶ୍ମଶାନ
train/img_07118.jpg,"୨୦୧୧ ଜନଗଣନା ଅନୁଯାୟୀ , ଭାରତରେ ୩୭ ୫୨ ନିୟୁତ ଓଡ଼ିଆ ଭାଷାଭାଷୀ ଅଛନ୍ତି , ଯାହା ଦେଶର ଜନସଂଖ୍ୟାର ୩ ୧ ।"
train/img_07119.jpg,"ରଥ ଉପରେ ରୁନ୍ଧା, ଫୁଲମାଳ, ବେଶ, ଶୋଲ ଚିତା ଲାଗି ଇତ୍ୟାଦି ନୀତି ବଢ଼ିବା ସଙ୍ଗେ ସଙ୍ଗେ ଗୋବର୍ଦ୍ଧନ ପୀଠର ଜଗଦଗୁରୁ ଶଙ୍କରାଚାର୍ଯ୍ୟ ତିନି ରଥ ଉପରେ ଶ୍ରୀବିଗ୍ରହମାନଙ୍କୁ ଦର୍ଶନ କରିଥାନ୍ତି।"
train/img_07120.jpg,ଫିରିଙ୍ଗି ଶାସନ
train/img_07121.jpg,ପ୍ରତି ଦିନ ମୋଟ ୧୮ ଜଣ ଓଝା ମହାରଣା ଓ ତାଙ୍କୁ ଏହି କାର୍ଯ୍ୟରେ ସାହାଯ୍ୟ କରୁଥିବା ଶ୍ରମିକ ନିୟୋଜିତ ହୋଇଥାଏ।
train/img_07122.jpg,ଅଧ୍ୟକ୍ଷ ବା ବାଚସ୍ପତି
train/img_07123.jpg,"ଶାସ୍ତ୍ରୋଚିତ ରାଗରାଗିଣୀ, ଅଳଙ୍କାର, ରସ ମଦିର ମଧୁର ସମନ୍ୱୟ ଏହି ଗୀତମାନଙ୍କରେ ଦେଖା ଯାଇଥାଏ ।"
train/img_07124.jpg,ଥାଇଲ୍ୟାଣ୍ଡର ଜଳବାୟୁ ମୋୖସୁମୀ ବାୟୁଦ୍ୱାରା ପ୍ରଭାବିତ ହୋଇଥାଏ ।
train/img_07125.jpg,୧-ପାନ୍ତାଶାଳିଆ ଝୁମର: ପଙ୍ କ୍ତି ଶବ୍ଦରୁ ‘ପାନ୍ତା’ ଶବ୍ଦର ସୃଷ୍ଟି ।
train/img_07126.jpg,ଯାହାକି ପୁରାତନ ବୌଦ୍ଧ ଧର୍ମର ମୂକସାକ୍ଷୀ ।
train/img_07127.jpg,ଜଗତ୍ ସିଂହପୁର ପୌର ପରିଷଦ ୨୧ଟି ୱାର୍ଡକୁ ନେଇ ଗଠିତ ।
train/img_07128.jpg,ମାଣିକମୋଡ଼ା
train/img_07129.jpg,ଶ୍ରୀନୀଳମାଧବ
train/img_07130.jpg,ନୋବେଲ୍ ପୁରସ୍କାର ବିଜେତା ବୈଜ୍ଞାନିକ ସାର୍ ସି ଭି ରମଣ ଏଠାରେ କିଛି କାଳ କାର୍ଯ୍ୟ କରିଥିଲେ ।
train/img_07131.jpg,ରାବଣଛାୟା ଓଡ଼ିଶାର ଏକ ଅନ୍ୟତମ ଲୋକକଳା ଏହା ଓଡ଼ିଶାର ନିଜସ୍ୱ ସୃଷ୍ଟି ହୋଇଥିଲେ ମଧ୍ୟ କିଛି ଜାଗାରେ ପରିବେଷିତ ହୋିଇଥାଏ ସେଥିମଧ୍ୟରୁ ଓଡ଼ିଶାର ଅନୁଗୋଳ ଜିଲ୍ଲା ଅନ୍ତର୍ଗତ ପାଳଲହଡା ଉପଖଣ୍ଡର ଓଡଶଠାରେ ସ୍ୱର୍ଗତଃ କାଠିନନ୍ଦ ଦାସ ଏହାର ପ୍ରଧାନ ଗୁରୁ ଥିଲେ ।
train/img_07132.jpg,ସହରର ସବୁଠୁ ବଡ଼ ଦୂରଭାଷ ସେବା ଏମଟି ଏନ ଏଲ।
train/img_07133.jpg,ଏହା ସମୁଦ୍ର ପତ୍ତନଠାରୁ ୪୫ ମିଟର(୧୪୮ ଫୁଟ) ଉଚ୍ଚତାରେ ଅବସ୍ଥିତ।
train/img_07134.jpg,ଉଦୟଗିରି ଓ ଖଣ୍ଡଗିରି ପ୍ରାଚୀନ କାଳରେ କୁମାରୀ ଓ କୁମାର ପର୍ବତ ରୂପେ ଯଥାକ୍ରମେ ପରିଚିତ ଥିବା ହାତୀଗୁମ୍ଫା ଅଭିଲେଖରୁ ଜଣାଯାଏ ।
train/img_07135.jpg,କାଲା ଆଲା ତରୁତଲା ବେଲାତେ କରାୟ ।
train/img_07136.jpg,"ଫକୀରମୋହନ ସେନାପତି ""ଉତ୍କଳ ଭ୍ରମଣଂ"" କାବ୍ୟରେ ଉତ୍କଳର ବିଭିନ୍ନ ସ୍ଥାନର ବର୍ଣ୍ଣନା କରିଛନ୍ତି ।"
train/img_07137.jpg,ସୁବର୍ଣ୍ଣମେରୁ ମନ୍ଦିର: ଏହି ମନ୍ଦିରର ନାମ ଅନୁସାରେ ସୁବର୍ଣ୍ଣପୁର ହେବା କଥା କେତେକ ମତ ଦେଇଥାନ୍ତି ।
train/img_07138.jpg,ବେଢ଼ା ମଧ୍ୟରୁ ଭକ୍ତ ଦ୍ୱାର ଦେଇ ପ୍ରବେଶ କରିବାକୁ ହେଲେ ଦ୍ୱାରଦେଶରେ ପହଞ୍ଚିବାନିମନ୍ତେ କେତୋଟି ପାହାଚ ଚଢ଼ିବାକୁ ପଡେ ।
train/img_07139.jpg,"ବ୍ଲକ-୧୩ଟି; ଆନନ୍ଦପୁର, ବାଂଶପାଳ, ଯୋଡ଼ା, ଚମ୍ପୁଆ, ଝୁମ୍ପୁରା, କେନ୍ଦୁଝର, ଘଟଗାଁ, ଘସିପୁରା, ହାଟଡିହି, ପାଟଣା, ହରିଚନ୍ଦନପୁର, ସାହାରପଡା ଏବଂ ତେଲକୋଇ"
train/img_07140.jpg,"ଗ୍ରାମାଞ୍ଚଳ: ୧,୪୦,୬୪୮"
train/img_07141.jpg,ରାମକୃଷ୍ଣ ମିଶନ: ଏହା ୧୯୨୫ ମସିହାରେ ପ୍ରତିଷ୍ଠା ହୋଇଥିଲା ।
train/img_07142.jpg,ଏହିଠାରେ ସ୍ୱର୍ଗତ ବିଜୁ ପଟ୍ଟନାୟକ ଓଡ଼ିଶା ଲୁଗାକଳ (ଓ ଟି ଏମ )ସ୍ଥାପନ କରିଥିଲେ।
train/img_07143.jpg,ଏହା ଦୟା ନଦୀ କୂଳରେ ଧଉଳି ପାହାଡ଼ ଉପରେ ରହିଛି ।
train/img_07144.jpg,ରାଜ୍ୟର ମୋଟ ଘରୋଇ ଉତ୍ପାଦରେ ପ୍ରଭାବଶାଳୀ ଅଭିବୃଦ୍ଧି ପରିସଂଖ୍ୟାନ ଏବଂ କାର୍ଯ୍ୟକ୍ରମ କାର୍ଯ୍ୟାନ୍ୱୟନ ମନ୍ତ୍ରଣାଳୟ ରିପୋର୍ଟ କରିଛନ୍ତି ।
train/img_07145.jpg,ନିକଟ ଅତୀତରେ ଦିବାରାତ୍ରି ଖେଳମାନଙ୍କ ଲାଗି ଏଠାରେ ଫ୍ଲଡ୍ ଲାଇଟ୍ ମଧ୍ୟ ଖଞ୍ଜା ଯାଇଛି ।
train/img_07146.jpg,ଶଙ୍ଖ କ୍ଷେତ୍ରରେ ନାଭି ମଣ୍ଡଳରେ ଶ୍ରୀମନ୍ଦିର ଓ କ୍ଷେତ୍ରର ଅଧିପତି କ୍ଷେତ୍ରପାଳ ।
train/img_07147.jpg,ସେ ସର୍ବଦା ଯୁବ ପୀଢ଼ି ମାନଙ୍କୁ ସମସ୍ତ କ୍ଷେତ୍ରରେ ଆଗକୁ ଆସିବା ପାଇଁ ପ୍ରେରଣା ଦେଉଥିଲେ।
train/img_07148.jpg,ସେ ମସ୍ତିସ୍କ ବିକୃତ ବୋଲି ନ୍ୟାୟାଳୟଦ୍ୱାରା ବିବେଚିତ ହୋଇଥିବେ ।
train/img_07149.jpg,ଶ୍ରୀମନ୍ଦିର ଉପରେ ପ୍ରଥମେ ୬୭୦ ମସିହାରେ ଆକ୍ରମଣ ହୋଇଥିଲା ।
train/img_07150.jpg,କାଳିନ୍ଦୀ ଚରଣ ପାଣିଗ୍ରାହୀଙ୍କ ମାଟିର ମଣିଷ ପରି କାଳଜୟୀ ଉପନ୍ୟାସସବୁ ଚଳଚ୍ଚିତ୍ର ପରଦାରେ ସିନେମା ରୂପ ନେଲା ।
train/img_07151.jpg,କିମ୍ବଦନ୍ତୀ ଅନୁଯାୟୀ ପୁରୀ ଏମାର ମଠର ମହନ୍ତ ସେବାୟତ ବର୍ଗ ଜଗନ୍ନାଥଙ୍କ ବାହୁଡ଼ା ଯାତ ଓ ସୁନାବେଶ ସମ୍ପୂର୍ଣ୍ଣ ହେବା ପରେ ଏଠାକୁ ଆସି ବାହୁଡ଼ା ଯାତ୍ରା କରୁଥିଲେ ।
train/img_07152.jpg,୧୫୯୨ରେ ମୋଗଲ ସମ୍ରାଟ ଆକବର ବାଲେଶ୍ୱର ଦଖଲ କରି ବହୁକାଳ ଶାସନ କରିଥିଲେ ।
train/img_07153.jpg,"ନୀଳ ଭୂଧରମାଳା ସାଜେ ତରଙ୍ଗେ,"
train/img_07154.jpg,ବିଶେଷ କରି ଗୋପାଳ ଛୋଟରାୟ ଅନ୍ୟତମ ।
train/img_07155.jpg,ମୁମ୍ବାଇ ସହର ଭାରତର ପଶ୍ଚିମ ଉପକୂଳର କୋଙ୍କଣ ଉପକୂଳୀୟ କ୍ଷେତ୍ରର ଉଲ୍ଲାସ ନଦୀ ମୁହାଣରେ ଅବସ୍ଥିତ।
train/img_07156.jpg,ଶାସନ କାଳ
train/img_07157.jpg,ମାର୍କଣ୍ଡେୟ ଆଶ୍ରମ
train/img_07158.jpg,ଭାରତର ଉତ୍ତରରେ ସୁଦୀର୍ଘ ହିମାଳୟ ପର୍ବତଶ୍ରେଣୀ ଦୁର୍ଭେଦ୍ୟ ପ୍ରଚୀର ସଦୃଶ ଦଣ୍ଡାୟମାନ ।
train/img_07159.jpg,ସ୍ୱାଧୀନତା ପର
train/img_07160.jpg,ଭଣ୍ଡାରୀପୋଖରୀର କୁମ୍ଭାରିଆ ଆଶ୍ରମ
train/img_07161.jpg,ସମ୍ଭବତଃ ସ୍ନାନ ଓ ରଥଯାତ୍ରାର ଆରମ୍ଭ କାଳରୁ ଶ୍ରୀପୁରୁଷୋତ୍ତମ କ୍ଷେତ୍ରରେ ଅଧିଷ୍ଠିତ ଚତୁର୍ଦ୍ଧାମୂର୍ତ୍ତିଙ୍କ ପହଣ୍ଡି ବିଜେ ନୀତି ଅନୁଷ୍ଠିତ ହୋଇ ଆସୁଅଛି।
train/img_07162.jpg,ପ୍ରାବରଣ ଷଷ୍ଠୀ: ମାର୍ଗଶିର ଶୁକ୍ଳ ଷଷ୍ଠୀ: ଓଢ଼ଣ ଷଷ୍ଠୀ: ଏହିଦିନଠାରୁ ଶୀତ ବସ୍ତ୍ର ପରିଧାନ କରନ୍ତି ।
train/img_07163.jpg,କିନ୍ତୁ ସଂଯୁକ୍ତ ମହାରାଷ୍ଟ୍ର ସମିତିର ଆନ୍ଦୋଳନଦ୍ୱାରା ଏହାର ବିରୋଧ କରାଗଲା ଓ ମୁମ୍ବାଇକୁ ମହାରାଷ୍ଟ୍ରର ରାଜଧାନୀ କରିବାକୁ ଦାବି କରାଗଲା।
train/img_07164.jpg,ରବୀନ୍ଦ୍ରନାଥଙ୍କ ରଚନା ବିଭିନ୍ନ ଭାଷାରେ ଅନୁବାଦିତ ହୋଇସାରିଛି ।
train/img_07165.jpg,ନବରତ୍ନନିଉଜ - -
train/img_07166.jpg,"ଜଣେ ଗାୟକ, ଜଣେ ବାୟକ/ବାଦକ, ଜଣେ ଶ୍ରୀପାଳିଆ ଓ ୩ ଜଣ ପାଳିଆଙ୍କୁ ନେଇ ପାଲା ଅନୁଷ୍ଠିତ ହୋଇଥାଏ ।"
train/img_07167.jpg,"ପାରମ୍ପାରିକ ହାତକାମ, ନାଚ, କୁଟୀରଶିଳ୍ପରେ ଏହା ଅନେକ ଉର୍ଦ୍ଧ୍ୱରେ ।"
train/img_07168.jpg,୧୯୩୨ ମେ ମାସର ଅର୍ଦ୍ଧରାତ୍ରରେ ଅଳକାଶ୍ରମର କର୍ମୀ ଓ ନେତାମାନେ ଲବଣ ସତ୍ୟାଗ୍ରହରେ ଯୋଗଦେଇ ଜେଲରେ ଥିବାବେଳେ ଆଶ୍ରମ ଚାଳଘର ନିଆଁ ଲଗାଇ ଭସ୍ମୀଭୂତ କରି ଦିଆଯାଇଥିଲା।
train/img_07169.jpg,ପର୍ଯ୍ୟଟନ ସ୍ଥଳୀ
train/img_07170.jpg,"(ଝୁମର ସଂଗୀତରେ ମୟୂରଭଞ୍ଜ ସଂସ୍କୃତି- ‘‘ଝଉମର ସମୀକ୍ଷା’’ ଡଃ ଆଦିକନ୍ଦ ମହାନ୍ତ, ପୃ-୧୨) ।"
train/img_07171.jpg,କଥିତ ସାହିତ୍ୟ ଓ ଲିଖିତ ସାହିତ୍ୟ ।
train/img_07172.jpg,ରଥ ତିନୋଟି ନିର୍ମାଣ ହେବ ପରେ ତାକୁ ଅଧିକ ଆକର୍ଷଣୀୟ କରିବା ପାଇଁ ସେଥିରେ ତୋରଣ ଓ ବିଭିନ୍ନ ଧାରଣର ପତାକା ସଂଯୋଗ କରାଯାଇଥିଲା ।
train/img_07173.jpg,"ଅନେକ ଓଡ଼ିଆ କଥାଚିତ୍ର ଉପନ୍ୟାସର ବିଷୟବସ୍ତୁକୁ ଆଧାର କରି ନିର୍ମାଣ କରାଯାଇଛି, ସେଥିମଧ୍ୟରୁ କେତୋଟି ହେଲା:"
train/img_07174.jpg,ଏହି ନାଟରେ ନାରୀ ଭାବକୁ ନିଜ ଭିତରେ ଆଣିବା ପାଇଁ ପୁଅମାନେ ନିଜର ବାଳ ନକାଟି ଲମ୍ବା ରଖି ଜଟ କରିଥାନ୍ତି ।
train/img_07175.jpg,ଶ୍ରୀ ପ୍ରତାପ ବଳଭଦ୍ର ଭଞ୍ଜ (୧୭୬୪-୧୭୯୨ ଅଥବା ୧୭୬୨-୧୭୯୭)
train/img_07176.jpg,ଏହା ଅଧୁନା ଖଡ଼ିଆଳ ଶାଖା ସଂଗ୍ରହାଳୟରେ ରହିଛି ।
train/img_07177.jpg,କିନ୍ତୁ ସହରରେ ଲୋକମାନଙ୍କ ରହିବାସମସ୍ୟା ପାଇଁ ଏହି ଉଦ୍ୟାନର କ୍ଷେତ୍ରଫଳ ହ୍ରାସ ଆଉ ଏହି ଜାତୀୟ ପଶୁମାନେ ଲଗାତାର ହ୍ରାସ ପାଇଯାଉଛନ୍ତି।
train/img_07178.jpg,ବିଶେଷତଃ ଏକ ଦିନର ରାତ୍ରିକାଳୀନ ଦର୍ଶନରେ ଉକ୍ତ ଫଳ ଦଶଗୁଣ ପରିବର୍ଦ୍ଧିତ ହୋଇଥାଏ।
train/img_07179.jpg,ଅଧିକ ପଢ଼ନ୍ତୁ
train/img_07180.jpg,"ସେ ବିଭିନ୍ନ ସମ୍ବଲପୁରୀ କବିତା ଲେଖିଛନ୍ତି, ଯଥା: ""ମହାସତୀ ଉର୍ମିଳା"", ""ଅଛିଆ"" ଇତ୍ୟାଦି ।"
train/img_07181.jpg,ନ୍ୟାୟିକ ଅଭିଲେଖାଗାର
train/img_07182.jpg,ଗ୍ରାମପଞ୍ଚାୟତ-୨୮୬ଟି
train/img_07183.jpg,ପୌରାଣିକ
train/img_07184.jpg,ଏହି ସମସ୍ତ ଆଲୋଚନାମାନଙ୍କରୁ ଝୁମର ସମ୍ପର୍କରେ ଏକ ମୋଟାମୋଟି ଧାରଣା କରାଯାଇପାରେ ।
train/img_07185.jpg,କିଶୋରୀ ଶରୀ ଜାଇଲ ।
train/img_07186.jpg,ଏହା ବ୍ରାହ୍ମୀ ଲିପିରୁ ତିଆରି ହୋଇଛି ଓ ତାହା ପୁରାତନ ଲିପି ସହ ପାଖାପାଖି ସମାନ ।
train/img_07187.jpg,"ଏହା ପ୍ରାଚୀନ ଏବଂ ମଧ୍ୟଯୁଗୀୟ ଦକ୍ଷିଣ ଏସିଆରେ ଏକ ସଂଯୋଗ ଭାଷା ଥିଲା ଏବଂ ପ୍ରାରମ୍ଭିକ ମଧ୍ୟଯୁଗୀୟ ଯୁଗରେ ଦକ୍ଷିଣ ପୂର୍ବ ଏସିଆ, ପୂର୍ବ ଏସିଆ ଏବଂ ମଧ୍ୟ ଏସିଆକୁ ହିନ୍ଦୁ ଏବଂ ବୌଦ୍ଧ ସଂସ୍କୃତି ବ୍ୟାପିବା ପରେ ଏହା ଧର୍ମ ଏବଂ ଉଚ୍ଚ ସଂସ୍କୃତିର ଭାଷା ଏବଂ ଏହି କ୍ଷେତ୍ରରେ ରାଜନୈତିକ ଉଚ୍ଚବର୍ଗଙ୍କ ଭାଷାରେ ପରିଣତ ହୋଇଥିଲା ।"
train/img_07188.jpg,ଦଣ୍ଡସୁଆଙ୍ଗକୁ ଦଣ୍ଡ ଚଢ଼େୟା ନାଚ ବୋଲି ମଧ୍ୟ କୁହାଯାଏ।
train/img_07189.jpg,ଯଥା- (୧) ଆଦିଯୁଗ (ପ୍ରାଚୀନରୁ ୧୭୫୦)
train/img_07190.jpg,ଚାର୍ଲ୍ସଙ୍କର ବାହାଘର କ୍ୟାଥରିନ ଡେ ଭର୍ଗିଞ୍ଜାଙ୍କ ସହ ହେଇଥିଲା।
train/img_07191.jpg,୨୧/୧୨/୧୯୯୪ ତାରିଖରେ ବିଧାନ ସଭାରେ ସମସ୍ତ ସଦସ୍ୟ ଦଣ୍ଡାୟମାନ ହୋଇ ଏହାକୁ ଜାତୀୟ ସଙ୍ଗୀତ ପରି ସମ୍ମାନର ସହିତ ଗାନ କରିଥିଲେ ।
train/img_07192.jpg,ଦଉଡ଼ିର ମାପ ଓ ସଂଖ୍ୟା ନିମ୍ନରେ ଉଲ୍ଲେଖ କରାଯାଇଛି।
train/img_07193.jpg,ଏହି ସଦ୍ଭାବର ପ୍ରଭାବ ମୋଗଲ ତାମସା ଅଭିନୟରେ ଦେଖିବାକୁ ମିଳିଥାଏ ।
train/img_07194.jpg,"ଦେଶ ସ୍ୱାଧୀନ ହେବାର ୨୦ବର୍ଷ ପରେ, ୧୯୬୮ରେ ଓଡ଼ିଶାର ରାଜଧାନୀ କଟକରୁ ଭୁବନେଶ୍ୱରକୁ ସ୍ଥାନାନ୍ତରିତ ହୋଇଥିଲା ।"
train/img_07195.jpg,ଅଧୁନା ଏହି ଆଖଡ଼ାରେ ପାଇକ ନାଚ ସ ହିତ ପାରମ୍ପରିକ ଶାରୀରିକ ବ୍ୟାୟାମ ଶିକ୍ଷା ଦିଆଯାଏ ଓ ଏଥିରେ ବାଦ୍ୟର ତାଳରେ ଅଙ୍ଗଭଙ୍ଗୀ ସ ହିତ ବିଭିନ୍ନ ଅସ୍ତ୍ର ଚାଳନା କରାଯାଏ ।
train/img_07196.jpg,କଳିଙ୍ଗ ଯୁଦ୍ଧ
train/img_07197.jpg,ସେହି କାଳରୁ କଟକ ବାଣିଜ୍ୟର ପେଣ୍ଠସ୍ଥଳ ରହି ଆସିଛି।
train/img_07198.jpg,"ବଡ଼ ଦେଉଳର ଉତ୍ତର ପଶ୍ଚିମ ଦିଗରେ ମାର୍କଣ୍ଡେଶ୍ୱର ସାହି ରହିଛି।ଏହା ପୁରୀର ଏକ ସର୍ବ ପୁରାତନ ସାହିମାନଙ୍କ ମଧ୍ୟରୁ ଗୋଟିଏ।ଏହି ସାହିର ଶେଷରେ ମାର୍କଣ୍ଡେଶ୍ୱର ସରୋବର ଏବଂ ସରୋବର କୂଳରେ ମାର୍କଣ୍ଡେଶ୍ୱର ମହାଦେବ ମନ୍ଦିର ବିଦ୍ୟମାନ।ଏଠାରେ ଆଗରୁ ସପ୍ତ ମାତୃକା ମୂର୍ତ୍ତି ପୂଜା ପାଉଥିଲେ।କାଳକ୍ରମେ ଶାକ୍ତମାନଙ୍କ ପୂଜା ଉପାସନା ସହ ଶିବ ଉପସକମାନଙ୍କ ପୂଜା ଉପାସନା ଯୋଡ଼ି ହୋଇ ବର୍ତ୍ତମାନ ଶିବ ଶାକ୍ତ ଉପାସନା ସ୍ଥଳୀ ରୂପେ ଏହା ପ୍ରସିଦ୍ଧି ଲାଭ କରିଛି।ମାର୍କଣ୍ଡେଶ୍ୱର ଜଳାଶୟ ବହୁ ପୁରାତନ ଓ ଏକ ତୀର୍ଥକ୍ଷେତ୍ର ମଧ୍ୟ ।ଐତିହାସିକମାନେ ମତ ଦିଅନ୍ତି ଯେ, ଏହି ଜଳାଶୟ ଏକାଦଶ ଶତାବ୍ଦୀର ମଧ୍ୟ ଭାଗରେ ଚୋଡ଼ଗଙ୍ଗ ଦେବ ଖନନ କରାଇଥିଲେ।ଶ୍ରୀକ୍ଷେତ୍ରାଗତ ଶ୍ରଦ୍ଧାଳୁମାନେ ଏହି ପବିତ୍ର ଜଳାଶୟରେ ବୁଡ଼ ପକାଇ ମାର୍କଣ୍ଡେଶ୍ୱର ପ୍ରଭୁଙ୍କୁ ଦର୍ଶନ କରି ଶ୍ରୀମନ୍ଦିର ଯାଉଥିଲେ।ଏହିଠାରେ ଶ୍ରୀମନ୍ଦିରର କାଳୀୟଦଳନ ନୀତି ଓ ବଳଭଦ୍ରଙ୍କ ଜନ୍ମନୀତି ଅନୁଷ୍ଠିତ ହେଉଅଛି।"
train/img_07199.jpg,ଭାରତରେ ସମସ୍ତ ରାଜ୍ଯରେ ସାର୍ବଜନୀନ ମତାଧିକାର ଆଧାରରେ ସଂସଦୀୟ ଗଣତାନ୍ତ୍ରିକ ସରକାର ସ୍ଥାପନ କରାଯାଇଛି ।
train/img_07200.jpg,ଡିସେମ୍ବରରୁ ମାର୍ଚ୍ଚ ମାସ ପର୍ଯ୍ୟନ୍ତ ପ୍ରତ୍ୟାବର୍ତ୍ତନ କରୁଥିବା ମୌସୁମୀ ବାୟୁ ବିପରୀତ ଦିଗରେ ପ୍ରବାହିତ ହୋଇଥାଏ ।
train/img_07201.jpg,ଅନେକ ମହାନ ଓଡ଼ିଶୀ ନାଟଗୁରୁମାନେ ଆରମ୍ଭରେ ଏହି ନାଟକଳାରେ ଶିକ୍ଷାଲାଭ କରିଥିଲେ ।
train/img_07202.jpg,ଏହି ନଦୀବନ୍ଧ ଯୋଜନାଦ୍ୱାରା ୨୨ ହଜାର ୨୬୬ ହେକ୍ଟର ଜମି ଜଳ ସେଚିତ ହୋଇପାରୁଛି।
train/img_07203.jpg,ଏହି ଜିଲ୍ଲାଟି ଅବିଭକ୍ତ ସମ୍ବଲପୁରରୁ ବିଭକ୍ତ ହୋଇ ତିଆରି ହୋଇଛି ।
train/img_07204.jpg,ଯାହାଙ୍କର ଅବଦାନ ଯୋଗୁଁ ଓଡ଼ିଶା ସ୍ୱତନ୍ତ୍ର ରାଜ୍ୟ ଗଠନ ସମ୍ଭବ ହୋଇପାରିଥିଲା ଏବଂ ପାରଳାଖେମୁଣ୍ଡି ଜମିଦାରୀ ଓଡ଼ିଶାରେ ଅବସ୍ଥାପିତ ହୋଇପାରିଛି ।
train/img_07205.jpg,ବୋଡ଼ୋ-ଗାରୋ ଉପ-ପରିବାରରେ ପ୍ରାୟ ସମସ୍ତ ଭାଷା ନିମ୍ନ ଏବଂ ଉଚ୍ଚ ସ୍ୱରଦ୍ୱାରା ପୃଥକ ହୋଇଥିଲେ ମଧ୍ୟ ଗାରୋ ଏକମାତ୍ର ବ୍ୟତିକ୍ରମ ।
train/img_07206.jpg,"ଓଡ଼ିଶୀ ନୃତ୍ୟର ବୈଶିଷ୍ଟ୍ୟ ମଧ୍ୟରେ ଅଙ୍ଗଭଙ୍ଗୀ ଓ ଲାଳିତ୍ୟ ତଥା ଏହାର ପାଞ୍ଚଗୋଟି ପର୍ଯ୍ୟାୟ ଯଥା: ମଙ୍ଗଳାଚରଣ, ବଟୁ, ପଲ୍ଲବୀ, ଅଭିନୟ ଓ ମୋକ୍ଷ ଅନ୍ୟତମ ।"
train/img_07207.jpg,ଢେଙ୍କାନାଳ ଓଡ଼ିଶାର ଏକ ପ୍ରଶାସନିକ ଜିଲ୍ଲା ।
train/img_07208.jpg,ଏଠାରେ ଜଗନ୍ନାଥଙ୍କ ବିଗ୍ରହ ପୂଜିତ ।
train/img_07209.jpg,"(କ) ଗ୍ରୀଷ୍ମ ଋତୁ - ନିଦ୍ରାଯେମଦନରାଜ, ଧରିକୁସୁମ ନାରାଚ"
train/img_07210.jpg,ବ୍ୟାଘ୍ର ବ୍ୟତୀତ ଝରଣା ଓ ସବୁଜିମା ପୂର୍ଣ୍ଣ ଏହି ଜଙ୍ଗଲରେ ହସ୍ତୀ ଓ ଅନ୍ୟାନ୍ୟ ପଶୁପକ୍ଷୀ ବାସ କରନ୍ତି ।
train/img_07211.jpg,"ଅନୁମାନ କରାଯାଏ ଯେ ଏହା ପୂର୍ବତନ ଖିଜିଙ୍ଗା ରାଜ୍ୟର ଅଂଶ ଥିଲା, ଯାହାର ମୁଖ୍ୟାଳୟ 'ଖିଜିଙ୍ଗା କୋଟା'ଠାରେ ଥିଲା ।"
train/img_07212.jpg,ସହରରେ ଜି ଏସ ଏମ ଓ ସି ଡି ଏମ ଏ ଉଭୟ ସୁବିଧା ଉପଲବ୍ଧ ଅଛି।
train/img_07213.jpg,୯୭୦୦୦ ବତୀଯୁକ୍ତ ମହିଶୁର ପ୍ୟାଲେସ
train/img_07214.jpg,ସେହି ଅଞ୍ଚଳରେ ବାସ କରୁଥିବା ଆଦିବାସୀ ତଥା ଅନ୍ୟ ସମ୍ପ୍ରଦାୟର ଲୋକମାନେ ପୂଜା ପାର୍ବଣ ଓ ଅନ୍ୟ ମେଳା ମଉଛବରେ ଏହି ନାଚ କରିଥାନ୍ତି ।
train/img_07215.jpg,"ପୁରୁଷ: ୪,୬୦,୬୨୬"
train/img_07216.jpg,ରୋହିଣୀ କୁଣ୍ଡରେ ଚତୁର୍ଭୁଜ କାକ ଓ ପାଦ ପଦ୍ମ ରହିଛନ୍ତି।ମା' ବିମଳାଙ୍କ ମନ୍ଦିର ସମ୍ମୁଖରେ ଓ ଭିତର ଚନ୍ଦନ ଯାତ୍ରାର ଜଳକ୍ରୀଡ଼ା ମଣ୍ଡପ ପାର୍ଶ୍ୱରେ ଏହା ଅବସ୍ଥିତ।
train/img_07217.jpg,ପ୍ରଥମେ ହାଇସ୍କୁଲ ଓ ପରେ ଏଠାରେ ଖ୍ରୀ ୧୮୬୮ ଏଫ ଏ ଶ୍ରେଣୀ ଖୋଲାଯାଇଥିଲା ।
train/img_07218.jpg,"ଏହାର ଉତ୍ତରରେ ଉଚ୍ଚ ଏବଂ ବହୁଦୂର ଯାଏ ଲମ୍ବିଥିବା ହିମାଳୟ, ଦକ୍ଷିଣରେ ଭାରତ ମହାସାଗର, ପୂର୍ବରେ ବଙ୍ଗୋପସାଗର ଓ ପଶ୍ଚିମରେ ଆରବସାଗର ରହିଛି ।"
train/img_07219.jpg,ପ୍ରଥମେ ବିଜେ କାହାଳି ବାଜିବା ପରେ ବନ୍ଦାପନା ଓ ଡୋରି ଲାଗି ନୀତି ହୋଇଥାଏ।
train/img_07220.jpg,ଚନ୍ଦନ ଯାତ୍ରା: ବୈଶାଖ ଶୁକ୍ଳ ତୃତୀୟା (ଅକ୍ଷୟ ତୃତୀୟା): ଗନ୍ଧଲେପନ ଯାତ୍ରା
train/img_07221.jpg,"ଏହା ଛଡ଼ା ଶ୍ରୀଜଙ୍ଗ, ଚଣ୍ଡୀପୁର, ବର୍ଦ୍ଧନପୁର, ବାଙ୍କେଶ୍ୱର ଅଞ୍ଚଳର ବଣକୋଇଲା ନାଟ, ମଙ୍ଗଳପୁର ଓ ଅଭଣାର ଦଧି ନାଟ, ବାଲେଶ୍ୱରର ପଡ଼ିଅଁ, ଶ୍ରୀଜଙ୍ଗର ବହୁରୂପା ନାଟ, ଅନନ୍ତପୁର ଓ ଗୁଡ଼ସିଆଁର ଦାସକାଠିଆ, ଉତ୍ତର ବାଲେଶ୍ୱରର ଲଳିତା ପାଲା ଆଦି ଜନପ୍ରିୟ ।"
train/img_07222.jpg,ଶ୍ରୀଗୁଣ୍ଡିଚା ଦିନ ସକାଳ ଧୂପରେ ମଠର ଖେଚୁଡି଼ ଭୋଗ ହୋଇଥାଏ।
train/img_07223.jpg,ଅତୀତର କଳିଙ୍ଗ ଲିପିର ଅବଶେଷ ଉଦୟଗିରି ଓ ଖଣ୍ଡଗିରି ଗୁମ୍ଫାର ମଞ୍ଚପୁରୀ ଗୁମ୍ଫା ତଥା ଓଡ଼ିଶାର ବାକି ଅନେକ ସ୍ଥାନରୁ ମିଳିଥିବା ପଥର ଅଭିଲେଖରୁ ମିଳିଥାଏ ।
train/img_07224.jpg,ଏଥିରେ ମୋଟ ୭ ଜଣ ଠାକୁର ବିଜେ କରିଛନ୍ତି:
train/img_07225.jpg,"ଆମ ଓଡ଼ିଶାରେ ସାତ ପ୍ରକାର କୀର୍ତ୍ତନ ପରିଲକ୍ଷିତ ହୋଇଥାଏ ଯଥା ଓଡ଼ିଶୀ, ଦକ୍ଷିଣୀ, ପୁରୀ, ବିଷ୍ଣୁ, ଉତ୍କଳୀ, ରାଣୀଘାଟି ଓ ରାଢ଼େନ ।"
train/img_07226.jpg,କିମ୍ବଦନ୍ତୀରେ ଓଡ଼ିଶା - ଓଡ଼ିଶାରେ ପ୍ରଚଳିତ ଲୋକକଥା ଅନୁସାରେ ଏଠି କଳା ଓ ବାଣିଜ୍ୟର ସଂସ୍କୃତି ପ୍ରଭାବ ବିସ୍ତାର କରିଥିଲା ।
train/img_07227.jpg,କନ୍ଦର୍ପଶ୍ରୀ ପାଟରାଣୀ ଧୂସିଙ୍କ ଜ୍ୟେଷ୍ଠ ପୁତ୍ର ଥିଲେ ଏବଂ ସମ୍ରାଟ ଖାରବେଳଙ୍କ ପରେ କଳିଙ୍ଗ ସାମ୍ରାଜ୍ୟର ଉତ୍ତରାଧିକାରୀ ହୋଇଥିଲେ ।
train/img_07228.jpg,"ଜଙ୍ଗଲରେ ହାତୀ, ସମ୍ବର, ବାରହା, ଝିଙ୍କ, ହେଟାବାଘ, ଭାଲୁ, କୁଟୁରା, ଠେକୁଆ, ଅଜଗର, କିଙ୍ଗ କୋବ୍ରା, କୋବ୍ରା, ଉଡ଼ନ୍ତା ମୂଷା, ସାରିଆପତନି, ଗୋଧି ଆଦି ଜୀବ ଜନ୍ତୁ ବହୁ ପରିମାଣରେ ଦେଖିବାକୁ ମିଳନ୍ତି ।"
train/img_07229.jpg,"ଓଡ଼ିଆ ଲୋକେ ଓଡ଼ିଶାରେ ମୁଖ୍ୟତଃ ସଂଖ୍ୟାଗରିଷ୍ଠ ଭାବେ ବସବାସ କରିବା ଛଡ଼ା ଆନ୍ଧ୍ର ପ୍ରଦେଶ, ଛତିଶଗଡ଼, ଝାଡ଼ଖଣ୍ଡ ଏବଂ ପଶ୍ଚିମ ବଙ୍ଗରେ ଗୁରୁତ୍ୱପୂର୍ଣ୍ଣ ସଂଖ୍ୟାଲଘୁ ଭାବେ ରହନ୍ତି ।"
train/img_07230.jpg,ଶ୍ରଦ୍ଧାଳୁମାନେ ସେଥିପାଇଁ ନିଜ ନିଜ ପିଲାମାନଙ୍କର ଆୟୁଷ ବୃଦ୍ଧି ନିମନ୍ତେ ବାଇଶି ପାହାଚରେ ଗଡ଼ାଇ ଦେଇଥାନ୍ତି ।
train/img_07231.jpg,ଭାଷାକୋଷରେ ମୟୂରଭଞ୍ଜର ନାମ ସମ୍ପର୍କରେ ଆଉ ଏକ ପ୍ରସଙ୍ଗ ମଧ୍ୟ ମିଳେ ।
train/img_07232.jpg,"ଆଚାର୍ଯ୍ୟ ହରିହର ଆଞ୍ଚଳିକ କର୍କଟ କେନ୍ଦ୍ର, କଟକ"
train/img_07233.jpg,ହିନ୍ଦୁସ୍ତାନ ପେଟ୍ରୋଲିୟମ
train/img_07234.jpg,ଲୋକନାଟକ ଗୁଡିକର ବର୍ହିଲକ୍ଷ୍ୟ ଓ ଅନ୍ତର୍ଲକ୍ଷ୍ୟ ହେଉଛି ଶିକ୍ଷା ପ୍ରଦାନ ।
train/img_07235.jpg,"ଏହା ସମୁର୍ଣ୍ଣ ଭାରତର ଶିଳ୍ପ ଉତ୍ପାଦର ୨୫ , ଜଳଜାହାଜ ବ୍ୟାପାରର ୪୦ ଓ ଭାରତୀୟ ଅର୍ଥବ୍ୟବସ୍ଥାରେ ପୁଞ୍ଜି ନେଣଦେଣରେ ୭୦ ଭାଗୀଦାରୀ ରହିଛି।"
train/img_07236.jpg,ଅଷ୍ଟମ ଶତାବ୍ଦୀରେ ଭୌମକର ବଂଶୀୟ କେତେକ ରାଜା ବୌଦ୍ଧଧର୍ମର ପୃଷ୍ଠପୋଷକତା କରି ବିହାର ଓ ଚୈତ୍ୟଗୃହ ନିର୍ମାଣ କରାଇ ଥିଲେ ।
train/img_07237.jpg,ଏହା ସହରର ପୁରାତନ ଓ ସମୃଦ୍ଧ ସାହିତ୍ୟାନୁଷ୍ଠାନ।
train/img_07238.jpg,ଏହା ଆୟତନ ଓ ଜନସଂଖ୍ୟା ହିସାବରେ ଯଥାକ୍ରମେ ଅଷ୍ଟମ ଓ ଏକାଦଶ ରାଜ୍ୟ ।
train/img_07239.jpg,ଏହାର ଜନସଂଖ୍ୟା ପ୍ରାୟ ୧ ନିୟୁତ ।
train/img_07240.jpg,ବାନ୍ଧିଲ ନିଜ କରେ ଦିନମନି
train/img_07241.jpg,"ମହିଳା: ୪,୯୫,୯୫୧"
train/img_07242.jpg,ଶ୍ରଦ୍ଧାଳୁମାନେ ସେଥିପାଇଁ ନିଜ ନିଜ ପିଲାମାନଙ୍କର ଆୟୁଷ ବୃଦ୍ଧି ନିମନ୍ତେ ବାଇଶି ପାହାଚରେ ଗଡ଼ାଇ ଦେଇଥାନ୍ତି ।
train/img_07243.jpg,ପ୍ରଶାସନିକ ବ୍ୟବସ୍ଥା
train/img_07244.jpg,"ଏଠାରେ ଶ୍ରୀପୁରୁଷୋତ୍ତମ ବା ଶ୍ରୀଜଗନ୍ନାଥଙ୍କ ଯେଉଁ ଯାତ୍ରାର ନାମ ଉଲ୍ଲେଖ କରିଛନ୍ତି, ତାହା ଆଲୋଚକମାନଙ୍କଦ୍ୱାରା ରଥଯାତ୍ରା ରୂପେ ଗୃହୀତ ହୋଇଛି।"
train/img_07245.jpg,ଭୀଲ ତାମସା : ଜଣେ ବ୍ରାହ୍ମଣ ତୀର୍ଥାଟନରେ ଯିବା ସମୟରେ ବାଟରେ ଏକ ଭୀଲକୁ ଭେଟନ୍ତି।
train/img_07246.jpg,ଭୁବନେଶ୍ୱର ତା ନିଜ ପବନ କାରଣରୁ ମଧ୍ୟ ପ୍ରସିଦ୍ଧ ।
train/img_07247.jpg,ବିଶ୍ୱ ମୁସଲମାନ ସମୁଦାୟର ପ୍ରାୟ ୨୦ ଭାଗ ଲୋକ ମଧ୍ଯପ୍ରାଚ୍ଯ ଏବଂ ଉତ୍ତର ଆଫ୍ରିକାରେ ରହନ୍ତି ।
train/img_07248.jpg,ଉତ୍କଳ ପ୍ରସଂଗ - ସେପ୍ଟେମ୍ବର ୨୦୧୦
train/img_07249.jpg,ସହଜଯାନ
train/img_07250.jpg,ହିନ୍ଦୁସ୍ତାନ ପେଟ୍ରୋଲିୟମ
train/img_07251.jpg,ରଜଦୋଳି ଗୀତ:
train/img_07252.jpg,ଆଷାଢ଼ ଶୁକ୍ଳ ତୃତୀୟାଠାରୁ ଆଷାଢ଼ ଶୁକ୍ଳ ନବମୀ ପର୍ଯ୍ୟନ୍ତ ଗୁଣ୍ଡିଚା ମନ୍ଦିରରେ ପୂଜା ପାଆନ୍ତି ଏବଂ ଆଷାଢ଼ ଶୁକ୍ଳ ଦଶମୀ ତିଥିରେ ପହଣ୍ଡି ହୋଇ ରଥ ଚଢ଼ି ଶ୍ରୀମନ୍ଦିରକୁ ପ୍ରତ୍ୟାବର୍ତ୍ତନ କରନ୍ତି ।
train/img_07253.jpg,"ମଣିନାଗେଶ୍ୱର ମନ୍ଦିର, ବର୍ଦ୍ଧନପୁର"
train/img_07254.jpg,ଝୁମର କବିର ଲେଖନୀରୁ ନିଃସୃତ କେତେକଗୁଡ଼ିଏ ରସଧର୍ମୀ ଝୁମରଗୀତ ଏଠାରେ ପ୍ରକାଶଯୋଗ୍ୟ ।
train/img_07255.jpg,କର୍କଟ ସଂକ୍ରାନ୍ତି: ଶ୍ରାବଣ କୃଷ୍ଣ ଦ୍ୱିତୀୟା: ଦକ୍ଷିଣାୟନ ଯାତ୍ରା
train/img_07256.jpg,"ସୁଦର୍ଶନ ପଟ୍ଟନାୟକ,ବାଲୁକାଶିଳ୍ପୀ"
train/img_07257.jpg,ଏହା ନିମ୍ନ ସାରଣୀରୁ ସ୍ପଷ୍ଟ ଜଣାପଡ଼େ।
train/img_07258.jpg,ରାଷ୍ଟ୍ରପତିଙ୍କ ମଞ୍ଜୁରୀ ପରେ ନିଯୁକ୍ତି ସଂପର୍କିତ ନୋଟିଫିକେସନ ଗେଜେଟରେ ପ୍ରକାଶ ପାଏ ।
train/img_07259.jpg,ଶ୍ରୀନୀଳମାଧବ
train/img_07260.jpg,ଖରାଦିନେ ଏ ଲୋମ ଝଡ଼ିଯାଏ।
train/img_07261.jpg,ଭୁବନେଶ୍ୱରରେ ବିଭିନ୍ନ କାଳର ପ୍ରାୟ ୬୦୦ ମନ୍ଦିର ଅଛି ସେଥିପାଇଁ ଏହାକୁ ମନ୍ଦିର ମାଳିନୀ ନଗର ବି କୁହାଯାଏ ।
train/img_07262.jpg,ଏହାକୁ ପ୍ରଥମେ ବିଶିଷ୍ଟ ଐତିହାସିକ ତଥା ପ୍ରତ୍ନତାତ୍ତ୍ୱିକ ଡ ଜିତାମିତ୍ର ପ୍ରସାଦ ସିଂହଦେବ ଆବିଷ୍କାର କରିଥିଲେ।
train/img_07263.jpg,ସ୍ୱତ୍ତ୍ୱଲିପି ଅନୁଯାୟୀ ବାହୁଡା଼ ଦଶମୀ ଦିନ ରଥ ସିଂହଦ୍ୱାର ନିକଟରେ ପହଞ୍ଚିବା ପରେ ଅଧର ପଣା ଭୋଗ ହେବା କଥା ।
train/img_07264.jpg,ଅବିବାହିତା ଝିଅଙ୍କ ପାଇଁ ଗର୍ଭଧାରଣ କ୍ଷମତା ପ୍ରାପ୍ତିର ଏକ ସାଙ୍କେତିକ ପର୍ବ ହେଉଛି ରଜ ।
train/img_07265.jpg,ବାଇଶି ପାହାଚ ବଉଳମାଳା ମାଙ୍କଡ଼ା ପଥରରେ ତିଆରି ।
train/img_07266.jpg,"ରଥଯାତ୍ରା ସମ୍ପର୍କରେ ମିଳୁଥିବା ପ୍ରାଚୀନ ଗ୍ରନ୍ଥ, କାବ୍ୟ, କବିତାରୁ ଧୂଳିଆ ଗୁଣ୍ଡିଚା ବିଷୟରେ କୈଣସି ଉଲ୍ଲେଖ ଥିବାର ଦୃଷ୍ଟିକୁ ଆସୁନାହିଁ ।"
train/img_07267.jpg,"ଏଥିରୁ ଅନୁମିତ ହୁଏ ଯେ, ଗଞ୍ଜାମର ଅଞ୍ଚଳ ସମ୍ରାଟ ଅଶୋକଙ୍କ ଶାସନାଧୀନ ଥିଲା ।"
train/img_07268.jpg,୧୪୩୫-୧୪୬୬ ଖ୍ରୀ - (ନବକୋଟି କର୍ଣ୍ଣାଟ ଉତ୍କଳ ବର୍ଗେଶ୍ୱର) କପିଳେନ୍ଦ୍ରଦେବ ।
train/img_07269.jpg,ରାଜୀବ ଗାନ୍ଧୀ ଖେଳରତ୍ନ ଓ ଅର୍ଜୁନ ପୁରସ୍କାର ଭାରତରେ ଖେଳ ନିମନ୍ତେ ଦିଆଯାଉଥିବା ସର୍ବୋଚ୍ଚ ପୁରସ୍କାର।
train/img_07270.jpg,ରାଷ୍ଟ୍ରମନ୍ତ୍ରୀ
train/img_07271.jpg,ଗରାବଡ଼ୁ ସେବକ ମଙ୍ଗଳାର୍ପଣର ସମସ୍ତ ଜିନିଷମାନ ନୀତି ସମ୍ପୃକ୍ତ ସେବକଙ୍କ ହାତକୁ ବଢ଼ାଇଥାନ୍ତି।
train/img_07272.jpg,ଏଯାବତ ଏହାର ସମ୍ଭାର କଳନା କରାଯାଇପାରିନାହିଁ ।
train/img_07273.jpg,ଅଳକା
train/img_07274.jpg,"ଏହି ଯୁଗର ଶେଷ ଆଡ଼କୁ କବି ବ୍ରଜନାଥ ବଡ଼ଜେନା ସମର ତରଙ୍ଗ, ଅମ୍ବିକା ବିଳାସ କାବ୍ୟ ଓ କବିସୂର୍ଯ୍ୟ ବଳଦେବ ରଥ କିଶୋରଚନ୍ଦ୍ରାନନ ଚମ୍ପୂ ଓ ଚନ୍ଦ୍ରକଳା କାବ୍ୟ ଲେଖିଥିଲେ ।"
train/img_07275.jpg,କାନଝିରି ଡ୍ୟାମ୍
train/img_07276.jpg,"ୱିପ୍ରୋ ଟେକନୋଲଜି,ଇନ୍ଫୋସିଟି, ଭୁବନେଶ୍ୱର"
train/img_07277.jpg,୧୮୭୮ ମସିହାରେ ସେ ଲଣ୍ଡନ ଯାଇଥିଲେ ।
train/img_07278.jpg,ମଦର ଟେରେସା ୧୯୩୯ରେ ନୋବେଲ ପୁରସ୍କାର ଶାନ୍ତି ପାଇଁ
train/img_07279.jpg,କଟକ ଜିଲ୍ଲା
train/img_07280.jpg,ଏମାନେ ଜଙ୍ଗଲର ଏକ ନିର୍ଦ୍ଦିଷ୍ଟ ଇଲାକାରେ ରହିଥାନ୍ତି।
train/img_07281.jpg,ଉଷାଦେବୀ: ଯୋଜନା ଓ ସମନ୍ୱୟ
train/img_07282.jpg,ବୌଦ୍ଧ ସିଦ୍ଧ କବିମାନେ ଏସବୁର ରଚନା କରିଥିଲେ ।
train/img_07283.jpg,ମୁଣ୍ଡରେ ତେଲ ଲଗାଇବାକୁ ଦିଏନା ।
train/img_07284.jpg,ଏପରିକି ଅନଙ୍ଗଭୀନ ଦେବ ଓ ପୁରୁଷୋତ୍ତମ ଦେବ ଜଗନ୍ନାଥଙ୍କୁ ଓଡ଼ିଶାର ରାଜା ରୂପେ ମାନ୍ୟତା ପ୍ରଦାନ ପୂର୍ବକ ଉଭୟ ଦୁଇବର୍ଷ ଧରି ଅଭିଷେକ ହୋଇନଥିଲେ ।
train/img_07285.jpg,ବଡ଼ ଆକାରର ଦାସକାଠିକୁ ରାମତାଳି ନାମରେ ଅଭିହିତ କରାଯାଇଥାଏ ।
train/img_07286.jpg,ଶିଙ୍ଗର ଉଚ୍ଚତା ୩ରୁ ୪ ଫୁଟ।
train/img_07287.jpg,"ଜଣେ ଅନିସନ୍ଧିତ୍ସୁ ପାଠକର ମନନେଇ ଯଦି ଏଥିରେ ମନନିଯୋଗ କରାଯାଏ, ତେବେ ବହୁ ଉପାଦେୟ ତଥ୍ୟ, ମୌଳିକ ବୈଶିଷ୍ଟ୍ୟଗୁଡ଼ିକ ଆବିଷ୍କୃତ ହୋଇପାରିବ ।"
train/img_07288.jpg,ଭଗବତ ଗୀତା ମହାଭାରତର ଏକ ଅଂଶ ଏବଂ ଏହାକୁ ଚାରି ବେଦର ସାର ବୋଲି କୁହାଯାଏ।
train/img_07289.jpg,ରୋହିଣୀ କୁଣ୍ଡରେ ଚତୁର୍ଭୁଜ କାକ ଓ ପାଦ ପଦ୍ମ ରହିଛନ୍ତି।ମା' ବିମଳାଙ୍କ ମନ୍ଦିର ସମ୍ମୁଖରେ ଓ ଭିତର ଚନ୍ଦନ ଯାତ୍ରାର ଜଳକ୍ରୀଡ଼ା ମଣ୍ଡପ ପାର୍ଶ୍ୱରେ ଏହା ଅବସ୍ଥିତ।
train/img_07290.jpg,ନୁଆପଡା ଜିଲ୍ଲା ଓଡିଶାର ପଶ୍ଚିମ ଅଂଶରେ ଅବସ୍ଥିତ ।
train/img_07291.jpg,"ଓଡ଼ିଶାର ରାଜନୀତିରେ ସକ୍ରିୟ ରାଜନୈତିକ ଦଳଗୁଡ଼ିକ ହେଲେ, ବିଜୁ ଜନତା ଦଳ, ଭାରତୀୟ ଜାତୀୟ କଂଗ୍ରେସ ଏବଂ ଭାରତୀୟ ଜନତା ପାର୍ଟି ।"
train/img_07292.jpg,୧୯୯୨ ମସିହାରେ ଓଡ଼ିଶାର ୧୩ଟି ଜିଲ୍ଲାକୁ ପୁନର୍ବିଭାଜନ କରି ୩୦ଟି ଜିଲ୍ଲାରେ ଭାଗ କରାଗଲା ।
train/img_07293.jpg,ରାଜା ଭୋଜ ନିଜ ସମୟରେ ସେ ସ୍ଥାନରେ ମିଳୁଥିବା କାଠ ବ୍ୟବହାର କରି ଅନେକ ବୋଇତ ନିର୍ମାଣ କରାଇଥିଲେ ବୋଲି ମାଦଳାପାଞ୍ଜିରେ ଉଲ୍ଲିଖିତ ।
train/img_07294.jpg,ସ୍ତ୍ରୀ ରୋଗରେ ଅଶୋକଗଛ ମୂଳର ଛେଲିକୁ ପାଣିରେ ସିଝାଇ ବ୍ୟବହାର କରାଯାଏ।
train/img_07295.jpg,ଏହା ପରବର୍ତ୍ତୀ କାଳରେ ଭକ୍ତିଯୁଗ ସମୟରେ ଏହା ଖୁବ ଉନ୍ନତ ହୋଇଥିଲା ।
train/img_07296.jpg,"ଏହାର ସବୋଚ୍ଚ ସ୍ଥାନ ସମୁଦ୍ର ପତ୍ତନଠାରୁ ୨୫୬୫ ମିଟର (୮,୪୧୫ ଫୁଟ) ଉଚ୍ଚତାରେ ଥିବା ଥାନନ୍ ଥଙ୍ଗ ଚା ପର୍ବତ ମାଳାର ଡୋଇ ଇଁଥାନନ୍ ।"
train/img_07297.jpg,"ଏହା ବ୍ୟତୀତ ବେହରଣ ଦ୍ୱାର, ସାତପାହାଚ ଦ୍ୱାର, ଧୁକୁଡି ଦ୍ୱାର, ପଣ୍ଡା ଦ୍ୱାର, ମୁଦୁଲି ଦ୍ୱାର ଓ ଘଣ୍ଟାଦ୍ୱାର ଆଦି ଅଛି ।"
train/img_07298.jpg,ଲକ୍ଷ୍ମୀ ଠାକୁରାଣୀଙ୍କ ତରଫରୁ ଜୟ ବିଜୟ ଦ୍ୱାରର ଭିତର ପଟେ ଜନୈକ ଦେବଦାସୀ ଏବଂ ମହାପ୍ରଭୁଙ୍କ ତରଫରୁ ଜଣେ ଦଇତାପତି ଦ୍ୱାରର ଅପରପାର୍ଶ୍ୱରେ ରହିବା ସଙ୍ଗେ ସଙ୍ଗେ ଉଭୟଙ୍କ ମଧ୍ୟରେ ଲୋକ ପରମ୍ପରାଗତ ବଚନିକା ପରେ ଜୟ ବିଜୟ ଦ୍ୱାର ଫିଟିଥାଏ।
train/img_07299.jpg,କାମାକ୍ଷାନଗର: ୨୦ଟି ପଞ୍ଚାୟତ
train/img_07300.jpg,ପରମ୍ପରା ଅନୁଯାୟୀ ଶ୍ରୀମନ୍ଦିରର ଘସା (ତେଲିଙ୍ଗି) ଓ କାହାଳି ବାଦ୍ୟ ସହ ବଣିଆ ସେବକମାନଙ୍କଠାରୁ ସୋଲ ଚିତା ତିନୋଟି ଅଣାଯାଇ ସିଂହଦ୍ୱାର ସଂଲଗ୍ନ ଛାଉଣୀ ମଠରେ ରଖାଯାଇଥାଏ।
train/img_07301.jpg,ଜୋଙ୍କ ନଦୀ
train/img_07302.jpg,"ହିର୍ଲୀ ପର୍ବତ, ନବରଙ୍ଗପୁର"
train/img_07303.jpg,୧୧ଶ ଶତାବ୍ଦୀ ବେଳକୁ ଏହା ଆଉ ବ୍ୟବହାର କରାଯାଉନଥିଲା ଯେଉଁଥିରେ ଆଧୁନିକ ଓଡ଼ିଆ ଲିପି ତିଆରି ହୋଇ ବ୍ୟବହାରରେ ଲାଗିଲା ।
train/img_07304.jpg,ଚରମ୍ପା ଅନ୍ତର୍ଗତ ରହଣିଆର ବଡ଼ ପୋଖରୀ ଚାରି ପାଖରେ ଚବିଶ ତୀର୍ଥଙ୍କରଙ୍କ ମୂର୍ତ୍ତି ସ୍ଥାପିତ ହୋଇଥିଲା।
train/img_07305.jpg,ଏହି ଜିଲ୍ଲାରୁ କଳିକେଶ ନାରାୟଣ ସିଂହ ଦେଓ ଲୋକ ସଭାକୁ ନିର୍ବାଚିତ ହୋଇଅଛନ୍ତି ।
train/img_07306.jpg,ଗୁଜରାଟୀ ବୃହତ୍ତର ଇଣ୍ଡୋ-ଇଉରୋପୀୟ ଭାଷା ପରିଗୋଷ୍ଠୀର ଅଂଶ ।
train/img_07307.jpg,"ଆରମ୍ଭ କରିବା ଆଗରୁ ଉଇକିପ୍ରକଳ୍ପ ପରିଚାଳନା ସହାୟକ ପୁସ୍ତିକା ପଢ଼ିନିଅନ୍ତୁ ଓ ସେସବୁ କିପରି ""ଏକ ବିଶାଳ ପରିବେଶ"" ଭିତରେ କାମ କରିଥାନ୍ତି ଜାଣିବା ନିମନ୍ତେ ଆଗରୁଥିବା କେତେକ ଉଇକିପ୍ରକଳ୍ପରୁ, ସାହାଯ୍ୟ ନିଅନ୍ତୁ ।"
train/img_07308.jpg,ଗୁଲନଗର ଉଚ୍ଚ ବିଦ୍ୟାଳୟ
train/img_07309.jpg,ନଦୀ
train/img_07310.jpg,"ଶ୍ରୀବିଗ୍ରହମାନଙ୍କ ପବିତ୍ର ପହଣ୍ଡି ବିଜେ ସମୟରେ ପ୍ରଥମେ ବିଜେ କାହାଳି ବାଜିବା ପରେ ଘଣ୍ଟୁଆ , କାହାଳିଆ, ବଜନ୍ତରୀ, ଓଲାର, ଛତାର ପ୍ରମୁଖ ସେବକମାନଙ୍କ ଉପସ୍ଥିତିରେ ଘଣ୍ଟ ଓ ବାଦ୍ୟ ଆଦି ତାଳ ସହକାରେ ବଜେ ।"
train/img_07311.jpg,"ଭୋଗ ମନ୍ଦିରକୁ ଯେଉଁ ରାସ୍ତା ଦେଇ ନିଆଯାଉଛି ଠିକ୍ ଅଗ୍ନୀଶ୍ୱର ମନ୍ଦିର ପାର ହୋଇ ମନ୍ଦିର ମଧ୍ୟସ୍ଥ ପାହାଚକୁ ଉଠିବା ପୂର୍ବରୁ ଡାହାଣ କାନ୍ଥରେ ବିଶାଳ ଅନନ୍ତ ଶୟନରେ ନାରାୟଣଙ୍କ ପ୍ରତିମା, ଲକ୍ଷ୍ମୀ-ସରସ୍ୱତୀ, ବ୍ରହ୍ମା, ବିଷ୍ଣୁ ଓ ଦେବଲୋକଙ୍କ ସହ ଅନନ୍ତ ସର୍ପ ଉପରେ ଶୟନ କରିଥିବା ଭକ୍ତମାନେ ଦର୍ଶନ କରିଥାନ୍ତି ।"
train/img_07312.jpg,ସାକ୍ଷରତା ହାର ୪୯ ୪୯
train/img_07313.jpg,ପାଣିପାଗ
train/img_07314.jpg,"ଶ୍ରୀବିଗ୍ରହମାନେ ଜଗମୋହନ ଦୁଆର ପାଖେ ପହଞ୍ଚିବା କ୍ଷଣି ରାଘବ ଦାସ ମଠ ପ୍ରଦତ୍ତ ଟାହିୟା ଶ୍ରୀମସ୍ତକରେ ଲାଗି କରାଯିବା ସହିତ, ପତି ମହାପାତ୍ର ପ୍ରସାଦ ଲାଗି, ବନ୍ଦାପନା, କର୍ପୂର ଆଳତି, ସାତବତୀ , ସଞ୍ଜ କାହାଳି ଓ ଘସା, ବିଡ଼ିଆ ମଣୋହି କରିଥାନ୍ତି।"
train/img_07315.jpg,ବଙ୍ଗଳାଦେଶର ୯୮ ଲୋକ ଅନର୍ଗଳ ନିଜ ମାତୃଭାଷା ଭାବେ ବଙ୍ଗଳାରେ କଥାବାର୍ତ୍ତା କରିପାରନ୍ତି ଓ ଏହା ଦେଶର ମୁଖ୍ୟ ଭାବ ବିନିମୟର ଭାଷା ।
train/img_07316.jpg,ଓଡ଼ିଆରେ ଚଳଚ୍ଚିତ୍ର ଶିଳ୍ପ ଆରମ୍ଭ ହେବ ପରେ ପରେ ଅନେକ ପ୍ରଥିତଯଶା କଥାକାରଙ୍କ ଉପନ୍ୟାସ ଓ ନାଟକ ଚଳଚ୍ଚିତ୍ରରେ ସ୍ଥାନ ପାଇବା ଆରମ୍ଭ କଲା ।
train/img_07317.jpg,ଗମନା ଗମନ ଦୃଷ୍ଟିରୁ ଝାରସୁଗୁଡା ଜିଲ୍ଲା ଓଡ଼ିଶାରେ ଏକ ଅଗ୍ରଣୀ ଜିଲ୍ଲା ।
train/img_07318.jpg,୧୨ଶ ଓ ୧୩ଶ ଶତାବ୍ଦୀ ବେଳକୁ ଓଡ଼ିଆ ସାହିତ୍ୟରେ ଏହି ସିଦ୍ଧସାହିତ୍ୟର ବିକାଶ କିଛି ହୋଇଥିଲା ।
train/img_07319.jpg,ଜଗନ୍ନାଥ ମନ୍ଦିର:
train/img_07320.jpg,ଏହି ସଙ୍ଘ ସାଧାରଣତ ନିର୍ଦିଷ୍ଟ ବିଷୟକୁ ନେଇ ଗଢ଼ାଯାଇଥାଏ (ଯଥା; ନାରୀମାନଙ୍କର ଇତିହାସ କିମ୍ବା କୌଣସି ନିର୍ଦ୍ଦିଷ୍ଟ ଧରଣର କାମ (ଯଥା: ନୂଆ ନୂଆ ତିଆରି ହୋଇଥିବା ପୃଷ୍ଠାର ବିକାଶ)।
train/img_07321.jpg,ମହିଳା: ୩୮ ୯୨
train/img_07322.jpg,"୯-ବୈଠକୀ ଝୁମର : ଗ୍ରାମ ବୈଠକରେ ବସି ବିଭିନ୍ନ ସମ୍ବନ୍ଧରେ ତର୍ଜମା କରିବା ଅବସରରେ ଯେଉଁ ଝୁମର ନୃତ୍ୟ ପ୍ରଦର୍ଶିତ ହୋଇଥାଏ, ତାହା ବୈଠକୀ ଝୁମର ଭାବେ ପରିଚିତ ।"
train/img_07323.jpg,"ଏହି ତିନି ଦଧିନଉତି ଉପରେ ମୋଟ ୯ଟି ପିତଳ କଳସ (ନଭ, ଆକାଶ, ବ୍ୟୋମ, ପରା, ଅପରା, ବୈଖାରୀ, ଚନ୍ଦ୍ର, ସୂର୍ଯ୍ୟ, ବିଦ୍ୟୁତ) ସ୍ଥାପନ କରାଯାଏ ।"
train/img_07324.jpg,ଏକାଧିକ ଦଳ ପ୍ରତିଦ୍ୱନ୍ଦୀ ହୋଇ ପାଲା କଲେ ତାକୁ 'ବାଦୀ ପାଲା' ବା 'ଲଢ଼େଇ ପାଲା' ବୋଲାଯାଏ ।
train/img_07325.jpg,ଏହି ରାଜାମାନେ ଭାରତରୁ ଆସିଥିବା ବୌଦ୍ଧଗୁରୁମାନଙ୍କର ଆଦରସତ୍କାର କରୁଥିଲେ ଓ ସେମାନଙ୍କଦ୍ୱାରା ପ୍ରଚାରିତ ମହାଯାନ ବୌଦ୍ଧଧର୍ମର ଶିକ୍ଷା ଗ୍ରହଣ କରୁଥିଲେ ।
train/img_07326.jpg,ସାଧାରଣ ଓଡ଼ିଆ ସ୍ଥାନ ନାମ ଯାହା ସହିତ ଶେଷ ହୁଏ -
train/img_07327.jpg,ଭବାନୀପାଟଣା
train/img_07328.jpg,ମହିଳା: ୬୦ ୪୪
train/img_07329.jpg,"୧୯୩୬ରେ ଓଡ଼ିଶା ପ୍ରଦେଶ (ପ୍ରୋଭିନ୍ସ) ଗଠନ ପୂର୍ବରୁ ଓଡ଼ିଶାର କେତେକାଂଶ ବଙ୍ଗଳା, କେତେକାଂଶ ବିହାର, କେତେକାଂଶ କେନ୍ଦ୍ରୀୟ ଓ ଆଉ କେତେକାଂଶ ମାଡ୍ରାସ ପ୍ରେସିଡେନ୍ସି ଅନ୍ତର୍ଭୁକ୍ତ ଥିଲା ।"
train/img_07330.jpg,"ସହର ଭୋଟର ସଂଖ୍ୟା ରହିଛି ୨୩,୪୮୫ ।"
train/img_07331.jpg,ଛଉନୃତ୍ୟ ପୁରୁଷ ପ୍ରକୃତିରେ ଅଭିନୀତ ଓ ଝୁମର ନୃତ୍ୟ ନାରୀ ପ୍ରକୃତିରେ ଅଭିନୀତ ।
train/img_07332.jpg,ଛେରା ଓ ପହଁରା ଦୁଇଟି ଶବ୍ଦର ସମ୍ମିଶ୍ରଣରେ ଛେରା ପହଁରାର ସୃଷ୍ଟି।
train/img_07333.jpg,"୩ ଏପ୍ରିଲ ୧୯୯୩ରେ ବାଲେଶ୍ୱର ଜିଲ୍ଲାରର ସଦର ମହକୁମା ଭଦ୍ରକ, ବାଲେଶ୍ୱରରୁ ଅଲଗା ହୋଇ ଭଦ୍ରକ ଜିଲ୍ଲାରେ ପରିଣତ ହୋଇଥିଲା ।"
train/img_07334.jpg,ଏହା ମହୋଦଧିତୀରେ ଥିଲେ ହେଁ ଏଠାରେ କୂଅ ଖୋଳିଲେ ଲୁଣପାଣି ନ ଝରି ମଧୁରଜଳ ଝରିଥାଏ।
train/img_07335.jpg,"ସୂଚନାଯୋଗ୍ୟ ଯେ, ଗୁଣ୍ଡିଚା ମନ୍ଦିରଠାରେ ରଥ ଉପରୁ ଠାକୁରମାନେ ଗୁଣ୍ଡିଚା ଘର ରତ୍ନସିଂହାସନକୁ ପହଣ୍ଡି ବିଜେ କରିବା ସମୟରେ ରଥ ଉପରେ ଯେଉଁ ପ୍ରକାର ନୀତି ଅନୁସୃତ ହୋଇଥାଏ, ଠିକ୍ ସେହିପରି ସିଂହଦ୍ୱାରଠାରେ ନୀଳାଦ୍ରି ବିଜେ ପହଣ୍ଡିରେ ସମ ନୀତି ପାଳିତ ହୁଏ।"
train/img_07336.jpg,"ଲଇଖଣ: ଲକ୍ଷ୍ମଣ, ପୁରାତନ ଓଡ଼ିଆ"
train/img_07337.jpg,ଗହୀରିମଥା ବେଳାଭୂମି ରାଜନଗର
train/img_07338.jpg,୧୮୦୩ ଖ୍ରୀ - ୧୪ ଅକ୍ଟୋବର: ବ୍ରିଟିଶମାନଙ୍କର ଓଡ଼ିଶା ଅଧିକାର (ଏହା ବ୍ରିଟିଶ ଅଧିକୃତ ଶେଷ ଭାରତୀୟ ରାଜ୍ୟ) ।
train/img_07339.jpg,ତାଙ୍କର ଦୁଇପୁତ୍ର ଥିଲେ ପ୍ରିୟବ୍ରତ ଓ ଉତ୍ତାନପାଦ।
train/img_07340.jpg,ନାମକରଣ
train/img_07341.jpg,"ସେଥି ମଧ୍ୟରୁ ୧,୮୫,୫୮୪ (୫୨ ୧୫ ) ଜଣ ପୁରୁଷ ହୋଇଥିବା ବେଳେ ୧,୭୦,୨୩୯ (୪୭ ୮୫ ) ଜଣ ନାରୀ ଅଟନ୍ତି ।"
train/img_07342.jpg,"ସମ୍ବିଧାନ (ଅନୁସୂଚିତ ଜନଜାତି) ଆଦେଶ, ୧୯୫୦ ଅନୁଯାୟୀ, ନିମ୍ନଲିଖିତ ଜାତି ଗୁଡ଼ିକୁ ଓଡ଼ିଶାରେ ଅନୁସୂଚିତ ଜନଜାତି ଭାବରେ ତାଲିକାଭୁକ୍ତ ହୋଇଥିଲା ।"
train/img_07343.jpg,ଖାସି ଭାଷା ମେଘାଳୟ ରାଜ୍ୟର ସରକାରୀ ଭାଷା ଅଟେ
train/img_07344.jpg,କିନ୍ତୁ ରାହୁ ଓ କେତୁ ଏ ଦୁଇ ଗ୍ରହଙ୍କ ସ୍ୱତନ୍ତ୍ର ବାର ନଥିବା ହେତୁ ପ୍ରଥମ ଗୁଣ୍ଡିଚା ଘୋଷଯାତ୍ରା ଓ ଶେଷ ବାହୁଡ଼ା ଏ ଦୁଇ ଦିବସକୁ ରାହୁ ଓ କେତୁଙ୍କ ପାଇଁ ନିର୍ଦ୍ଦିଷ୍ଟ ବୋଲି ନିର୍ଣ୍ଣୟ କରାହୁଏ ।
train/img_07345.jpg,ଏହା ନୀଳକ୍ଷେତ୍ର ।
train/img_07346.jpg,ସେ ଜାମସେଦପୁର ଓ ଚଣ୍ଡୀଗଡ଼ ସହରର ନିର୍ମାଣ ଶୈଳୀ ମଧ୍ୟ କରିଥିଲେ ।
train/img_07347.jpg,ସତ୍ୟ ନାରାୟଣ ମନ୍ଦିର
train/img_07348.jpg,ଏହାର ଭୌଗଳିକ ଦିଗବାରେଣି:
train/img_07349.jpg,ହର ସନ୍ତାପ ମୋହରରେ
train/img_07350.jpg,ସେହି ସମୟରେ ଗଞ୍ଜାମ ଜିଲ୍ଲାର ଦକ୍ଷିଣ ପଶ୍ଚିମ ଭାଗରେ ଥିବା ପାରଳାଖେମୁଣ୍ଡିରେ ଜମିଦାରୀ ପ୍ରଥା ପ୍ରଚଳିତ ଥିଲା ଓ ମାଲିୟା ସମ୍ପ୍ରଦାୟର ଜନଜାତି ଏଠାରେ ପ୍ରଭାବ ବିସ୍ତାର କରିଥିଲେ ।
train/img_07351.jpg,ଏହା ଜୈବିକ ହଳଦି ପାଇଁ ଜଣାଶୁଣା ।
train/img_07352.jpg,ଗ୍ରାମପଞ୍ଚାୟତ-୨୮୬ଟି
train/img_07353.jpg,ସେଲଷିଙ୍ଗ
train/img_07354.jpg,"ବର୍ତ୍ତମାନ ଏହା ମୟୁରଭଞ୍ଜ, ସମ୍ବଲପୁର ଓ ଗଞ୍ଜାମ ଜିଲ୍ଲାରେ ସେବା ପ୍ରଦାନ କରୁଛି ।"
train/img_07355.jpg,ମୋଟ ୭୩୧ଖଣ୍ଡ କାଠରେ ତିଆରି ଏହି ରଥର ଉଚ୍ଚତା ୪୫ଫୁଟ ଅଟେ ।
train/img_07356.jpg,ତତୋ ମହାଲକ୍ଷ୍ମୀ ଜଗନ୍ନାଥ ଦେବସ୍ୟ ସମୀପଂ ଗତ୍ୱା ସଂମୁଖେ ତିଷ୍ଠେତ୍ ।
train/img_07357.jpg,ଶାନ୍ତ କୋଳାହଳ ଶୂନ୍ୟ ପଡ଼ିଆ ଏମାନଙ୍କର ପ୍ରିୟ ସ୍ଥାନ ।
train/img_07358.jpg,"ହରଚଣ୍ଡୀ ସାହି ଓ ଗୌଡ଼ବାଡ଼ ସାହିର ମଧ୍ୟ ଭାଗରେ ଶ୍ରୀଯମ୍ବେଶ୍ୱର ମହାଦେବଙ୍କ ଦକ୍ଷିଣ ପଶ୍ଚିମ କୋଣରେ ଯେଉଁ ନବନିର୍ମିତ ସୌନ୍ଦର୍ଯ୍ୟପୂର୍ଣ୍ଣ ଆଶ୍ରମଟି ରହିଛି ତାହା କଣ୍ଡୁ ଆଶ୍ରମ ନାମରେ ନାମିତ।କଣ୍ଡୁ ଋଷିଙ୍କ ଇଷ୍ଟଦେବତା ପଣ୍ଡୁ ନୃସିଂହ ଏଠାରେ ପୂଜା ପାଉଛନ୍ତି।୧୯୭୦ ମସିହାରେ ଏହି ଆଶ୍ରମ ପରିସରରେ ଗୌଡ଼ବାଡ଼ ସାହି ସତ୍ସଙ୍ଗ ଏକ ଭବ୍ୟ ମନ୍ଦିର ନିର୍ମାଣ କରିଛନ୍ତି।ସ୍ଥାନୀୟ ନୃସିଂହଯାଗା ତରଫରୁ ନିୟମିତ ଭାବେ ଏଠାରେ ପୂଜା ଅର୍ଚ୍ଚନା ଚାଲିଛି।ମହାପ୍ରଭୁଙ୍କ ଜଣେ ଭକ୍ତ ନିଜ ନାମକୁ ଗୁପ୍ତ ରଖି ପଣ୍ଡୁନୃସିଂହଙ୍କ ପୂଜା ଉପାସନା ଯଥା ରୀତିନୀତି ଅନୁଯାୟୀ କରିବାକୁ ସଂକଳ୍ପ ନେଇଛନ୍ତି।ଏହି ଆଶ୍ରମକୁ ଶ୍ରୀମନ୍ଦିରୁ ଶ୍ରୀସୁଦର୍ଶନ, ଚକ୍ରନାରାୟଣ, ବାଡ଼ି ନୃସିଂହ, ପଣ୍ଡୁ ନୃସିଂହ ବିମାନରେ ବସି ବିମାନବଡୁଙ୍କ କାନ୍ଧରେ ଆସିଥାନ୍ତି।ଏଠାରେ ପନ୍ତିର ବ୍ୟବସ୍ଥା କରାଯାଏ।ଶ୍ରୀସୁଦର୍ଶନ ରାଧାଷ୍ଟାମୀ ତିଥିରେ ଯମ୍ବେଶ୍ୱର ମହାଦେବଙ୍କ ପାଖକୁ ଆସି ଶ୍ରୀମନ୍ଦିର ଜମାଖର୍ଚ୍ଚ ଖାତାକୁ ତନଖି କରିଥାନ୍ତି।ସେତେବେଳେ ତାଙ୍କ ପାଇଁ ଏଠାରେ ପନ୍ତି ଭୋଗ ହୋଇଥାଏ।ଶ୍ରୀମଦନମୋହନ ଓ ଶ୍ରୀଦେବୀ ଗୁଆଲିରେ ଆସି ଶ୍ରୀଯମ୍ବେଶ୍ୱରଙ୍କ ବୃଷଭ ପୃଷ୍ଠରେ ବସି ଅଭ୍ୟର୍ଥିତ ହୋଇଥାନ୍ତି।ସେତେବେଳେ ମଧ୍ୟ କଣ୍ଡୁ ଆଶ୍ରମ ତରଫରୁ ପନ୍ତି ଭୋଗ କରାଯାଇଥାଏ।ଶ୍ରୀଯମ୍ବେଶ୍ୱର ମାମୁଁ ହୋଇ ବଡ଼ ଠାକୁରଙ୍କୁ ପୋଢୁଆଁ କରିଥାନ୍ତି।ସେତେବେଳେ କଣ୍ଡୁ ଆଶ୍ରମରେ ପନ୍ତି ଭୋଗର ବ୍ୟବସ୍ଥା ହୋଇଥାଏ।"
train/img_07359.jpg,ପଥର ଖୋଦନ ହେଉଛି ଓଡ଼ିଶାର ଏକ ପୁରୁଣା ଶିଳ୍ପ।
train/img_07360.jpg,ସେପ୍ ଟେମ୍ବରରୁ ଅକ୍ଟୋବର ମଧ୍ୟଭାଗ ଯାଏଁ ସର୍ବାଧିକ ବୃଷ୍ଟିପାତ ହୋ ଇଥାଏ ।
train/img_07361.jpg,ଅଶୂର ଖୋଲ୍ ଜଳପ୍ରପାତ/ ମକର ମେଳା (ରିମୂଳି)
train/img_07362.jpg,ଖାସି ଭାଷା ମେଘାଳୟ ରାଜ୍ୟର ସରକାରୀ ଭାଷା ଅଟେ
train/img_07363.jpg,ଆମିଷ
train/img_07364.jpg,ସହର (ବିଜ୍ଞାପିତ ଅଞ୍ଚଳ ପରିଷଦ): ୨
train/img_07365.jpg,"ଏଠାରେ ଏବେ ମୋବାଇଲ ସେବା ପ୍ରଦାନ କରିବାପାଇଁ ଏୟାରଟେଲ, ଭୋଡାଫୋନ, ଏମଟି ଏନ ଏଲ, ବି ପି ଏଲ, ରିଲାଏନ୍ସ କମ୍ୟୁନିକେସନ୍ସ ଓ ଟାଟା ଟେଲି ସର୍ଭିସେସ ଇତ୍ୟାତି ରହିଛନ୍ତି।"
train/img_07366.jpg,କବିତା
train/img_07367.jpg,ସ୍କନ୍ଧ ପୁରାଣ
train/img_07368.jpg,ଶ୍ରୀଚୈତନ୍ୟ ସେତେବେଳେ ରଥ ଆଗରେ ଭାବ ବିହ୍ୱଳିତ ନୃତ୍ୟ ଓ ସଂକୀର୍ତ୍ତନ କରୁଥିଲେ ।
train/img_07369.jpg,କଳିଙ୍ଗ ଶୈଳୀରେ ନିର୍ମିତ ଏହି ମନ୍ଦିରଗୁଡ଼ିକ ସ୍ଥାପତ୍ୟ ଦୃଷ୍ଟିରୁ ତିନି ପ୍ରକାର ।
train/img_07370.jpg,ନେବଳ ଦାସ ମଠ
train/img_07371.jpg,ଶ୍ରୀ ବଳଭଦ୍ର ନାରାୟଣ ଭଞ୍ଜଦେଓ (୧୯୨୬-୧୯୪୮)
train/img_07372.jpg,କାହାକୁ କହିବି ଓ ମୁଇଁ ଲାଜେ ମରିଯାଏଁ ।
train/img_07373.jpg,ନଗରର ପରିମଳ ବ୍ୟବସ୍ଥା କଟକ ମହାନଗର ନିଗମ ଉପରେ ନ୍ୟାସ୍ତ।
train/img_07374.jpg,"ଏହି କବିତା ଗୁଡ଼ିକରେ ଶବର, ଶବରୁଣୀ, ଜହ୍ନାକ୍ଷେତ, କପାବୁଣିବା, ସୁନା, ବେଙ୍ଗ ଆଦିର ରୂପକ ବା ପ୍ରତୀକ ଛବି ରହିଛି ।"
train/img_07375.jpg,ସେମାନେ ଛୋଟ ବଡ଼ ମନ୍ଦିର ମାର୍ଜନା ଓ ଶୋଧନ ତଥା ଶେଷରେ ଜଗମୋହନ ପରିଷ୍କାର କରୁଥିଲେ ।
train/img_07376.jpg,ଏହା ଛଡ଼ା ଝାରସୁଗୁଡ଼ାରୁ ୨୫ କିଲୋମିଟର ଦୂର ବିକ୍ରମଖୋଲର ଗୁମ୍ଫା ଭିତରେ ପ୍ରାକ- ଐତିହାସିକ ଶିଳା ଲେଖ ମାନ ପ୍ରତ୍ନତତ୍ତ୍ୱ ବସ୍ତୁ ହିସାବରେ ଐତିହାସିକ ଓ ପ୍ରତ୍ନତତ୍ତ୍ୱବିଦମାନଙ୍କୁ ଆକର୍ଷିତ କରେ ।
train/img_07377.jpg,ଏହି କାର୍ଯ୍ୟରେ ଆଠରୁ ଦଶଟି ମୃଦଙ୍ଗ ଦଶହଳ ଝାଞ୍ଜ ଓ ରାମତାଳି ବ୍ୟବହାର ହୁଏ ।
train/img_07378.jpg,ଏ ସଂଘର୍ଷ ଏ ଦେଶରେ ଖ୍ରୀ ୧୮୦୩ରୁ ୧୮୭୦ ପର୍ଯ୍ୟନ୍ତ ଲାଗିରହିଥିଲା ଓ ପରିମାଣରେ ସମାଜ ଓ ସଂ।ସ୍କୃତିକ ଚେତନାରେ ଯେପରି ସାହିତ୍ୟରେ ମଧ୍ୟ ସେହିପରି ଆଧୁନିକାତର ଉନଂମେଷ ଘଟାଇ ଥିଲା ।
train/img_07379.jpg,ସାନ୍ତାଳୀ ଭାଷା ଦିବସ
train/img_07380.jpg,ଧରଣୀ ମାତା ଶସ୍ୟଶ୍ୟାମଳାପୂର୍ଣ୍ଣ ହେବା ପାଇ ପ୍ରାଥମିକ ପ୍ରସ୍ତୁତି ଭାବେ ରଜ ତିନିଦିନ ବିଶ୍ରାମ ମିଳିଥାଏ ତାଙ୍କୁ ।
train/img_07381.jpg,ଶିଳ୍ପ ଭାବରେ ସ୍ୱୀକୃତି
train/img_07382.jpg,ଫଲ୍ ଗୁ ସାହିତ୍ୟ ସଂସଦ
train/img_07383.jpg,ଏହା ମୌର୍ଯ୍ୟଯୁଗୀୟ ହୋଇଥିଲେ ହେଁ ଏଥିରେ କଳିଙ୍ଗ ପ୍ରସ୍ତର କଳା ରହିଛି ।
train/img_07384.jpg,ରଥଯାତ୍ରା ଦିନ ଠାକୁରମାନେ ରଥାରୂଢ଼ ହେବା ପରେ ମଠର ମଠାଧୀଶ ଜଗତ୍ ଗୁରୁ ଶଙ୍କରାଚାର୍ଯ୍ୟ ପରମ୍ପରା ଅନୁଯାୟୀ ରଥ ଉପରେ ଶ୍ରୀବିଗ୍ରହମାନଙ୍କ ଦର୍ଶନ କରିଥାନ୍ତି।
train/img_07385.jpg,"ବଙ୍ଗୋପସାଗରର କରମଣ୍ଡଳ ଉପକୂଳରେ ଅବସ୍ଥିତ ଏହି ସହର ବାଣିଜ୍ୟିକ, ସାଂସ୍କୃତିକ, ଅର୍ଥନୈତିକ ଏବଂ ଶିକ୍ଷା କ୍ଷେତ୍ରରେ ବେଶ ଗୁରୁତ୍ୱପୂର୍ଣ୍ଣ ଭୂମିକା ବହନ କରୁଛି ।"
train/img_07386.jpg,ଏହା ମଧ୍ୟ ପ୍ରାଚୀନ ଓଡ଼ିଶାର ଏକ ଲୋକକଳା ।
train/img_07387.jpg,ପୁଣେ ଏକ ଭାରତୀୟ ପୌରପାଳିକା ।
train/img_07388.jpg,ଯୁଦ୍ଧବାଦ୍ୟ ଭାବେ ଆରମ୍ଭ ହୋଇ ପରେ ଏହା କଳାହାଣ୍ଡିର ଲୋକସଂସ୍କୃତିରେ ଦଶହରା ଆଦି ପର୍ବପର୍ବାଣିରେ ପରେ ଗଣବାଦ୍ୟ ଭାବେ ବ୍ୟବହାର ହେବାରେ ଲାଗିଲା ।
train/img_07389.jpg,କୃଷ୍ଣ କେଶବ କୃଷ୍ଣ କେଶବ କୃଷ୍ଣ କେଶବ ପହିମାଂ
train/img_07390.jpg,ଏହି ଭାଷାରେ 'ଶ'/'ଷ' ବଦଳରେ କେବଳ 'ସ' ବ୍ୟବହାର କରାଯାଏ ।
train/img_07391.jpg,ଦର୍ପଦଳନ
train/img_07392.jpg,"ଖିଜିଙ୍ଗା କୋଟା, ଏବେ ଆଧୁନିକ ଖିଚିଂ ନାମରେ ଜଣାଶୁଣା ।"
train/img_07393.jpg,"ଏସବୁ ପାଟଣାଗଡ଼, ସୋନପୁର ଓ ସମ୍ବଲପୁରଠାରେ ଦେଖିବାକୁ ମିଳେ ।"
train/img_07394.jpg,ପାଳିଆମାନେ ପାଳି ଧରିବା ବେଳେ ଶ୍ରୀପାଳିଆ ଅନ୍ୟ ପାଳିଆମାନଙ୍କ ସହିତ ଝାଞ୍ଜ ବଜାନ୍ତି ଓ ବାୟକ ଗାୟକଙ୍କ ସଙ୍ଗେ ଓ ପାଳିଆଙ୍କ ସଙ୍ଗେ ମୃଦଙ୍ଗ ବଜାନ୍ତି ।
train/img_07395.jpg,"ସହରାଞ୍ଚଳ: ୪୪,୧୧୩"
train/img_07396.jpg,"ପୁନଶ୍ଚ ମୟୁରଭଞ୍ଜର ସୁଯୋଗ୍ୟ ମହାରାଜା କୃଷ୍ଣଚନ୍ଦ୍ର ଭଞ୍ଜଦେଓ, ରାମଚନ୍ଦ୍ର ଭଞ୍ଜଦେଓ, ପୂର୍ଣ୍ଣଚନ୍ଦ୍ର ଭଞ୍ଜଦେଓ ଏବଂ ପ୍ରତାପଚନ୍ଦ୍ର ଭଞ୍ଜଦେଓ ପ୍ରମୁଖ ରାଜନ୍ୟବର୍ଗଙ୍କ ପୃଷ୍ଠେପୋଷକତା ମଧ୍ୟ ଝୁମର ଗୀତ-ନୃତ୍ୟର ବିକାଶରେ ବହୁମାତ୍ରାରେ ସହାୟକ ହୋଇପାରିଛି ।"
train/img_07397.jpg,ସାତିଗୁଡ଼ା ନଦୀବନ୍ଧ
train/img_07398.jpg,କୋଣାର୍କ ସୂର୍ଯ୍ୟ-ମନ୍ଦିର ନିର୍ମିତ ।
train/img_07399.jpg,ଏକେଶ୍ୱରବାଦ କଲମା (ଲା ଇଲାହ୍ ଇଲ୍ଲିଲ୍ଲାହ୍ ମହମ୍ମଦ୍ ଉର୍ ରସୂମିଲ୍ଲାହ୍ ଅର୍ଥାତ ଆଲ୍ଲା ଏକ ଏବଂ ମହମ୍ମଦ ତାଙ୍କର ଦୂତ) ପଠନ ।
train/img_07400.jpg,ପରିଚୟ
train/img_07401.jpg,ଉପ କେନ୍ଦ୍ର (ସ୍ୱାସ୍ଥ୍ୟ)- ୩୧୬ଟି
train/img_07402.jpg,ସେ ଯାହା ହେଉନା କାହିଁକି ଆଜି ଝୁମର କୌଣସି ନିର୍ଦ୍ଦିଷ୍ଟ ସଂପ୍ରଦାୟ ମଧ୍ୟରେ ଆବଦ୍ଧ ନ ହୋଇ ସର୍ବଭାରତୀୟ ସ୍ତରରେ ନିଜର ସ୍ୱତନ୍ତ୍ର ସ୍ଥାନ ସଂରକ୍ଷିତ କରିପାରିଛି ।
train/img_07403.jpg,ମୁଦ୍ରିତ ପୁରାତନ ପ୍ରକାଶନଗୁଡ଼ିକ ଭିତରୁ ମଧ୍ୟରୁ ୧୯୪୯ ମସିହାରେ ପ୍ରକାଶିତ ପହିଲି ରଜ ଓ ୧୯୫୨ ମସିହାରେ ପ୍ରକାଶିତ ମାଗୁଣୀ ମହାପାତ୍ରଙ୍କ ରେକର୍ଡ ରଜଦୋଳି ଗୀତ ଅନ୍ୟତମ ।
train/img_07404.jpg,କାହାକୁ କହିବି ଓ ମୁଇଁ ଲାଜେ ମରିଯାଏଁ ।
train/img_07405.jpg,"ରାଜ୍ୟର ବିଧାନ ସଭାର ଆସନ ସଂଖ୍ୟା ଯେତିକି, ସେତିକି ସମାନ ସଂଖ୍ୟକ ଏକ-ସଭ୍ୟ ବିଶିଷ୍ଟ ଆଞ୍ଚଳିକ ନିର୍ବାଚନ ମଣ୍ଡଳୀରେ ପ୍ରତିରାଜ୍ୟକୁ ବିଭକ୍ତ କରାଯାଇଥାଏ ।"
train/img_07406.jpg,"ପ୍ରାଚୀ ମହାବିଦ୍ୟଳୟ,ବାଙ୍ଗୁରିଗାଁ,କାକଟପୁର,ପୁରୀ"
train/img_07407.jpg,ପ୍ରାବନ୍ଧକ ଡକ୍ଟର ହରିହର କାନୁନଗୋଙ୍କ ମତରେ ଯଯାତିଙ୍କ ସମୟରେ ହୋଇଥିବା ଘଟଣାଟି ବିଶ୍ୱାସଯୋଗ୍ୟ ମନେହୁଏ।
train/img_07408.jpg,"ଗଳ୍ପର ପ୍ରସଙ୍ଗ ଓ ଅବସର କ୍ରମେ ପାଇଲାମାନେ ଏଥିରେ ଯମକ, ଅନୁପ୍ରାସ, ବ୍ୟାଘ୍ରଗତି, ମେଷ ଯୁଦ୍ଧ ଅବନା ଆଦି ଶବ୍ଦ ଅବରସ୍ ପୂର୍ଣ୍ଣ ପ୍ରାଚୀନ ସଙ୍ଗୀତ, ଚଉପଦୀ, ଡାହିକା, ଭଜନ, ବନ୍ଦନା ଆଦି ଲଗାଇ 'ପାଲାକୁ' ଜମକ୍ କରନ୍ତି ଓ କେତେକ ଗାୟକଙ୍କର ଅଭିଧାନ, ଅଳଙ୍କାର କାବ୍ୟନାଟକ, ଚମ୍ପୁ ଆଦିରେ ଅସାଧାରଣ ପାଣ୍ଡିତ୍ୟ ଦେଖାଯାଏ ଓ କେତେକଙ୍କଠାରେ ଆଶୁକବିତ୍ୱ ମଧ୍ୟ ଲକ୍ଷିତ ହୁଏ ।"
train/img_07409.jpg,ଗୋଟିଏ ପାଲାଦଳ ଦୁଇଟି ପଞ୍ଝାରେ ବିଭକ୍ତ ଗାୟକଙ୍କ ବୋଲିବା ଗୀତର ପାଳି ଧରିବାକୁ ୨ ଜଣ 'ପାଳିଆ' ଆଥାନ୍ତି ।
train/img_07410.jpg,ଭାତ ବା ଅନ୍ନ
train/img_07411.jpg,ଜାତୀୟ ଚିହ୍ନ
train/img_07412.jpg,ଅନୁଷ୍ଠାନ
train/img_07413.jpg,ସେମାନେ ଛୋଟ ବଡ଼ ମନ୍ଦିର ମାର୍ଜନା ଓ ଶୋଧନ ତଥା ଶେଷରେ ଜଗମୋହନ ପରିଷ୍କାର କରୁଥିଲେ ।
train/img_07414.jpg,"ଏହି ଜିଲ୍ଲାରେ ଓଡ଼ିଶାରେ ଥିବା ଶିଳାଲେଖମାନଙ୍କ ମଧ୍ୟରେ ସର୍ବପୁରାତନ ଶିଳାଲେଖ ମିଳିଥାଏ, ପ୍ରତ୍ନତାତ୍ୱିକ ମତରେ ଏହା ଗୁପ୍ତ ଯୁଗର ଶିଳାଲେଖ ବୋଲି ପ୍ରମାଣ ମିଳେ ।"
train/img_07415.jpg,ଓଡ଼ିଶାରେ ଦଣ୍ଡ ନାଟ - -
train/img_07416.jpg,ଭୁବନେଶ୍ୱର ଓ କଟକ ପରେ ବ୍ରହ୍ମପୁରକୁ ଓଡ଼ିଶାର ତୃତୀୟ ନଗର ନିଗମ ଭାବେ ୨୦୦୯ରେ ଗଠିତ ହେଇଥିଲା ।
train/img_07417.jpg,ପୁରୁଷ: ୭୮ ୪୧
train/img_07418.jpg,ଓଷାବ୍ରତ
train/img_07419.jpg,ଲୁଣା
train/img_07420.jpg,ମିଠା
train/img_07421.jpg,"ଅନ୍ୟ ମତରେ ଗଂଜା ବା ଗଂଜ ଶବ୍ଦର ଅର୍ଥ ହେଲା ଗୋଦାମ, ଭଣ୍ଡାର ଇତ୍ୟାଦି ।"
train/img_07422.jpg,ଏହି ରଥଟଣାର ତାତ୍ପର୍ଯ୍ୟ ହେଲା ଯେ ରଥର ଉଭୟ ସମ୍ମୁଖ ଓ ପଶ୍ଚାତ୍ ଭାଗରେ ଦଉଡି ସଂଯୋଗ ହେଉଥିଲା।
train/img_07423.jpg,ରାଷ୍ଟ୍ରପତିଙ୍କ ମଞ୍ଜୁରୀ ପରେ ନିଯୁକ୍ତି ସଂପର୍କିତ ନୋଟିଫିକେସନ ଗେଜେଟରେ ପ୍ରକାଶ ପାଏ ।
train/img_07424.jpg,ଧୂଳି ଦଣ୍ଡ ପରେ ଆରମ୍ଭ ହୁଏ ପୋଖରୀ କିମ୍ବା ନଦୀରେ ପାଣି ଦଣ୍ଡ।
train/img_07425.jpg,ନାଟକ ହେଉଛି ଦୃଶ୍ୟକାବ୍ୟ ଓ କାବ୍ୟମାନଙ୍କ ମଧ୍ୟରେ ଶ୍ରେଷ୍ଠ ।
train/img_07426.jpg,"ନାନା ଶୁଭଗୁଣରେ ଅନ୍ୱିତ, ନବଜଳଧର ପରି ସୁନ୍ଦର ସମସ୍ତଙ୍କ ଦର୍ଶନାନନ୍ଦଦାୟୀ ଅତି ସୁସଜ୍ଜିତ ତିନି ରଥକୁ ଦେଖି ସମସ୍ତେ ଚକିତ ହୋଇଥିଲେ ।"
train/img_07427.jpg,ରାମଚଣ୍ଡୀ
train/img_07428.jpg,ବିଶେଷତଃ ଏକ ଦିନର ରାତ୍ରିକାଳୀନ ଦର୍ଶନରେ ଉକ୍ତ ଫଳ ଦଶଗୁଣ ପରିବର୍ଦ୍ଧିତ ହୋଇଥାଏ।
train/img_07429.jpg,"ବଙ୍ଗଳା ଗୀତର ବିକୃତି ମାତ୍ର ସଂ ପାଳି, ଓ ପାଳି ବଂ ପାଲା ଶବ୍ଦର ଅର୍ଥ ପର୍ଯ୍ୟାୟ ବା କ୍ରମ ପାଲା ଶବ୍ଦ ବଙ୍ଗଳା ଭାଷାରୁ ଆନୀତ ଜଣେ 'ଗାୟକ' ଗୀତ ବୋଲନ୍ତି ଓ ତାଙ୍କ ସଙ୍ଗେ ଆଉ ଜଣେ ବାଜା ବଜାନ୍ତି ଓ କେତେ ଗୁଡ଼ିଏ ଲୋକ ପାଳି ଧରନ୍ତି ବୋଲି, ଏହାର ନାମ ପାଲା ହୋଇଛି ।"
train/img_07430.jpg,ବ୍ରହ୍ମପୁର ସାହିତ୍ୟ ପରିଷଦ
train/img_07431.jpg,ହସ୍ତଶିଳ୍ପ
train/img_07432.jpg,ସମ୍ପ୍ରତି ଶ୍ରୀ ସୁଭାଷ ସିଂ(ବିଜୁ ଜନତା ଦଳ) କଟକର ନଗରପାଳ ଅଟନ୍ତି।
train/img_07433.jpg,ପୁରୀ ଧାମ
train/img_07434.jpg,ଦଣ୍ଡନୃତ୍ୟ ୩ ଭାଗରେ ବିଭକ୍ତ କରାଯାଇଥାଏ।
train/img_07435.jpg,ଏହି ଆସର ସହିତ ପରବର୍ତ୍ତୀ ସମୟରେ ସମ୍ପୃକ୍ତ ହୋଇଥିଲେ ପଦ୍ମଶ୍ରୀ ବାଣୀକଣ୍ଠ ନିମାଇ ହରିଚନ୍ଦନ ଓ ସଙ୍ଗୀତ ସୁଧାକର ବାଳକୃଷ୍ଣ ଦାସ ।
train/img_07436.jpg,ମନେକର ଆଷାଢ଼ ଶୁକ୍ଳ ଦ୍ୱିତୀୟା ତିଥି ଘୋଷଯାତ୍ରା ଦିନ ରବିବାର ହେଲେ ତୃତୀୟା ସୋମବାର ହେବ ଏବଂ ତୃତୀୟାଠାରୁ ଶ୍ରୀଜଗନ୍ନାଥ ଆଗାମୀ ରବିବାର ପର୍ଯ୍ୟନ୍ତ ସପ୍ତାହ ବ୍ୟାପୀ ପ୍ରତ୍ୟେକ ଗ୍ରହଙ୍କ ନିର୍ଦ୍ଧିଷ୍ଟ ସେହି ଗ୍ରହଙ୍କ ସ୍ୱରୂପ ଭାବରେ ଗୁଣ୍ଡିଚା ମନ୍ଦିରରେ ପୂଜା ପାଆନ୍ତି ।
train/img_07437.jpg,ରାମେଶ୍ୱର ମନ୍ଦିର ଏହି ମନ୍ଦିର ମଧ୍ୟ ସୋନପୁରଠାରେ ଅବସ୍ଥିତ ।
train/img_07438.jpg,ଏହି ଦୁର୍ଗର ସମୀପରେ ଅତ୍ୟାଧୁନିକ ସୁବିଧାସୁଯୋଗ ଯୁକ୍ତ ବାରବାଟି ଷ୍ଟାଡିଅମ ରହିଛି ।
train/img_07439.jpg,ଏହି ମନ୍ଦିରଟି ପଶ୍ଚିମ ପାର୍ଶ୍ୱ ଭିତର ବେଢାରେ ପୂର୍ବ ମୁହାଁ ହୋଇ ସ୍ଥାପନ କରାଯାଇଛି ।
train/img_07440.jpg,"୧ ଗୋପୀନାଥ ପୂଜାପଣ୍ଡା, ୨ ଗୁଣ୍ଡିଚାଘର ମୁକ୍ତି ମଣ୍ଡପ, ୩ ଗୋପାଳ ତୀର୍ଥ ମଠ, ୪ ଶ୍ରୀରାମ ଦାସ ମଠ, ୫ ସରକାରୀ (ରାଘବ ଦାସ), ୬ ଓଡ଼ିଆ ମଠ, ୭ ଜଗନ୍ନାଥ ବଲ୍ଲଭ, ୮ ଗଙ୍ଗାମାତା ମଠ, ୯ ଉତ୍ତର ପାର୍ଶ୍ୱ ମଠ, ୧୦ ସଂକ୍ରାନ୍ତି ମଠ, ୧୧ ରାଧା ବଲ୍ଲଭ, ୧୨ ବିଶୁନି ଜାଗା, ୧୩ ଇନ୍ଦ୍ରାସ୍ୱାମୀ, ୧୪ ଲୋକନି ବାବୁ, ୧୫ ମାଳି ଜେଗା, ୧୬ (କ) ବିମ୍ବଳା ବାବୁ ଓ (ଖ) ସୁନାର ଗୌରାଙ୍ଗ ମଠ ୧୭ ଭାରତୀ କୋଠା, ୧୮ ଜଗନ୍ନାଥ ମିଶ୍ର, ୧୯ ନିମି ଆଖେଡା଼ ,୨୦ ମଣ୍ଡଳ କୋଠା, ୨୧ ଜଗନ୍ନାଥ ବଲ୍ଲଭ ମଠ ପରିସର, ୨୨ ଭିଙ୍ଗାରପୁର, ୨୩ କେନ୍ଦୁଝର କୋଠି, ୨୪ ଅଦ୍ୱୈତ ପ୍ରସାଦ, ୨୫ ନୀଳମଣି ବ୍ରହ୍ମା, ୨୬ ଗଙ୍ଗାଧର ମହାପାତ୍ର, ୨୭ ସାଗର ହରି ପ୍ରତିହାରୀ, ୨୮ ମରିଚ କୋଟ, ୨୯ ବଳରାମ କୋଟ, ୩୦ ଶ୍ରୀରାମ ଦାସ"
train/img_07441.jpg,"ରାୟପୁର, ଛତିଶଗଡ଼ରେ ବାର୍ଷିକ ସର୍ବାଧିକ ହାରାହାରି ତାପମାତ୍ରା ୩୩ ୨ ଡିଗ୍ରୀ ସେଣ୍ଟିଗ୍ରେଡ ଅନୁଭୂତ ହେଉଥିବା ବେଳେ ସର୍ବନିମ୍ନ ହାରାହାରି ତାପମାତ୍ରା ୨୦ ୮ ଡିଗ୍ରୀ ସେଣ୍ଟିଗ୍ରେଡ ।"
train/img_07442.jpg,ସାକ୍ଷରତା ହାର: ୮୭ ୧୩
train/img_07443.jpg,"ବାଲେଶ୍ୱର ୩,୦୭୬୨ କି ମି ର ଜାଗାରେ ବ୍ୟାପିଛି ଦକ୍ଷିଣ-ପୂର୍ବ ପର୍ବତ ମାଳାର ତିନୋଟି ଅଞ୍ଚଳ ବାଲେଶ୍ୱର ଭିତରେ ଅଛି ।"
train/img_07444.jpg,ପି ଏଚ୍ ଡି କଲୋନୀ ନିକଟସ୍ଥ ହନୁମାନ ମନ୍ଦିର ।
train/img_07445.jpg,ଆସାମ ପୂର୍ବ ହିମାଳୟର ଦକ୍ଷିଣରେ ବ୍ରହ୍ମପୁତ୍ର ଏବଂ ବରାକ ନଦୀ ଉପତ୍ୟକାରେ ଅବସ୍ଥିତ ଏକ ଉତ୍ତରପୂର୍ବ ଭାରତୀୟ ରାଜ୍ୟ ।
train/img_07446.jpg,"କଟକରେ କ୍ରିକେଟ, ଫୁଟବଲ ଛଡା ଆହୁରି ମଧ୍ୟ ବହୁଖେଳର ବିକାଶ ଲାଗି ବହୁ କ୍ରୀଡାଙ୍ଗନ ଗଢ଼ା ଯାଇଛି ।"
train/img_07447.jpg,ପ୍ରଭାତ ପ୍ରକତି : ତରୁନ ଅରୁନ ଯବାଫୁଲ ଛବି
train/img_07448.jpg,"ମୁଖ୍ୟତଃ ବୈଷ୍ଣବମାନେ ଘାଟ ପାର ହୋଇ ରାଧା ମଥୁରାକୁ ଯିବା, କୃଷ୍ଣ ଘାଟ ସଉଦା ମାଗିବା, ରାଧାକୃଷ୍ଣଙ୍କର ମିଳନ ହେବା ପ୍ରଭୃତି ଏଇ ନାଟର ମୁଖ୍ୟ ବିଷୟ।"
train/img_07449.jpg,"ଓଡ଼ିଶାର ଉତ୍ତର-ପଶ୍ଚିମଭାଗରେ ଅବସ୍ଥିତ ସୁନ୍ଦରଗଡ଼ ଜିଲ୍ଲାର ଆୟତନ ୯,୭୧୨ ବର୍ଗ କିମି ।"
train/img_07450.jpg,୧୯୩୨ ମେ ମାସର ଅର୍ଦ୍ଧରାତ୍ରରେ ଅଳକାଶ୍ରମର କର୍ମୀ ଓ ନେତାମାନେ ଲବଣ ସତ୍ୟାଗ୍ରହରେ ଯୋଗଦେଇ ଜେଲରେ ଥିବାବେଳେ ଆଶ୍ରମ ଚାଳଘର ନିଆଁ ଲଗାଇ ଭସ୍ମୀଭୂତ କରି ଦିଆଯାଇଥିଲା।
train/img_07451.jpg,"ସୁଦର୍ଶନ, ସୁଭଦ୍ରା, ବଳଭଦ୍ର ଓ ଜଗନ୍ନାଥ ଯଥାକ୍ରମେ ଦେବଦଳନ, ତାଳଧ୍ୱଜ, ନନ୍ଦିଘୋଷ ରଥ ଉପରେ ଅଧିଷ୍ଠିତ ହୋଇଥାନ୍ତି।"
train/img_07452.jpg,"ଏହି ଭାଷାରେ ଲିଖିତ କିଛି ପ୍ରସ୍ତର ଖୋଦନ, ତାମ୍ର ଫଳକ କିମ୍ବା ତାଳପତ୍ର ଲିଖନ ଅଦ୍ୟାବଧି ମିଳିନାହିଁ ।"
train/img_07453.jpg,ଏହାର ଅନତି ଦୂରରେ ବଳରାମଗଡ଼ି ମାଛଧରା ବନ୍ଦର ରହିଛି ।
train/img_07454.jpg,ମହାରାଜା ଶ୍ରୀ କୃଷ୍ଣଚନ୍ଦ୍ର ଗଜପତି ନାରାୟଣ ଦେବ
train/img_07455.jpg,ଛାଞ୍ଚ:ବାଲେଶ୍ୱର
train/img_07456.jpg,ପଞ୍ଚ ସଖା ଯୁଗ
train/img_07457.jpg,୧୯୪୯ରେ ଦ୍ୱିତୀୟ ଓଡ଼ିଆ ଚଳଚ୍ଚିତ୍ର ଲଳିତା ମୁକ୍ତି ଲାଭ କରିଥିଲା।
train/img_07458.jpg,ଉଚ୍ଛ ପ୍ରାଥମିକ ବିଦ୍ୟାଳୟ ସଖ୍ୟା-୩୯୧
train/img_07459.jpg,ଧବଳେଶ୍ୱର ମନ୍ଦିର
train/img_07460.jpg,"ସମ୍ବଲପୁର, ବଲାଙ୍ଗିର, ସୁନ୍ଦରଗଡ଼, ବରଗଡ଼, ନୁଆପଡ଼ା ଓ କଳାହାଣ୍ଡି ଇତ୍ୟାଦି ଜିଲ୍ଲାମାନଙ୍କର ବିଞ୍ଝଲ, କୁଡା, ମିର୍ଧା, ସମା ଇତ୍ୟାଦି ଜାତିର ମୂଖତଃ ମହିଳାମାନେ ଏହି ନୃତ୍ୟ କରନ୍ତି ।"
train/img_07461.jpg,ଜଗମୋହନ ବା ମୁଖଶାଳା
train/img_07462.jpg,ହରପର ଶର ଉର ଜର ଜର କର ଗୋ
train/img_07463.jpg,ଭଦ୍ରକ ସହର ଅନ୍ତର୍ଗତ ଇସଫପୁର ମୌଜା ଅନ୍ତର୍ଗତ ସେଖସାହି ଅଞ୍ଚଳରେ ଏକ ଜିରଜିନ୍ନ ମସଜିଦକୁ ପୁନରୁଦ୍ଧାର କରି ସେଠାରେ ଅବସ୍ଥାପନ କରି ପ୍ରତେହ ନିଜର ଅଲୌକିକ ଶକ୍ତିଦ୍ୱାରା ଅନେକ ଲୋକଙ୍କ ସେବା କରୁଥିଲେ।
train/img_07464.jpg,ଦହିବରା-ଆଳୁଦମ ଏକ ପାରମ୍ପାରିକ ଓଡ଼ିଆ ଖାଦ୍ୟ ଯାହା ଦହିବରାକୁ ଆଳୁଦମ ଓ ଘୁଗୁନି ସହିତ ମିଶାଇ ତିଆରି କରାଯାଇଥାଏ ।
train/img_07465.jpg,ହସ୍ତଶିଳ୍ପ
train/img_07466.jpg,ଏହି ଦୁଇ ସହରର କ୍ରମାଗତ ବିସ୍ତାର ଓ ଉତ୍ତମ ସଡ଼କ ଯୋଗାଯୋଗ କାରଣରୁ ଏହି ଦୁଇ ସହର ଦ୍ୱୈତ ନଗରୀ ନାମରେ ବିଖ୍ୟାତ ।
train/img_07467.jpg,"ତାହା ପରେ କପିଳେନ୍ଦ୍ରଦେବ, ପ୍ରତାପରୁଦ୍ରଦେବ, ଗୋବିନ୍ଦ ବିଦ୍ୟାଧର, ମୁକୁନ୍ଦ ହରିଚନ୍ଦନ ଓଡ଼ିଶାର ଶାସକ ଥିଲେ ।"
train/img_07468.jpg,ଏହି ଯୁଗର କବିମାନଙ୍କ ରଚନା ସଙ୍ଗିତିକତା ଦୃଷ୍ଟିରୁ ବେଶ ଜନପ୍ରିୟ ଥିଲା ।
train/img_07469.jpg,କ୍ଷେତ୍ର ଅନୁଯାୟୀ ଏହା ୧୫ ତମ ବୃହତ୍ତମ ରାଜ୍ୟ ଏବଂ ଜନସଂଖ୍ୟା ଅନୁଯାୟୀ ୧୪ ତମ ବୃହତ୍ତମ ରାଜ୍ୟ ।
train/img_07470.jpg,କଳାହାଣ୍ଡି ଆକ୍ଷରିକ ଭାବରେ କଳାରେ ଭରା ହାଣ୍ଡିକୁ ବୁଝାଇଥାଏ ।
train/img_07471.jpg,ଏହିପରି ୭ ଜଣ ରାଜା ଭାନୁ ବାସୁଦେବ ନାମରେ ରାଜୁତି କରିବା ପରେ କପିଳେଶ୍ୱର ଦେବ ହେରା ଯାତ୍ରାରେ ବିଧାନକୁ ଆଟୋପରେ କରାଇଲେ ।
train/img_07472.jpg,"୨୦୧୧ ଜନଗଣନା ଅନୁସାରେ, ଦେବଗଡ଼ ଜିଲ୍ଲାର ମୋଟ ଲୋକସଂଖ୍ୟା ୩,୧୨,୧୬୪ ଏଥିମଧ୍ୟରୁ ଗ୍ରାମାଞ୍ଚଳରେ ୨,୮୯,୮୧୪ ଓ ସହରାଞ୍ଚଳରେ ୨୨,୩୫୦ ଲୋକ ବାସ କରନ୍ତି"
train/img_07473.jpg,ସବୁଜ ଧାରା ବା ସବୁଜ ଯୁଗ
train/img_07474.jpg,ଜୈନ ଧର୍ମର ପ୍ରସାର ।
train/img_07475.jpg,ଶୃଙ୍ଗ କାର୍ଯ୍ୟ
train/img_07476.jpg,ଓଡ଼ିଆ ଭାରତର ସରକାରୀ ଭାଷାମାନଙ୍କ ମଧ୍ୟରୁ ଗୋଟିଏ ; ଏହା ଓଡ଼ିଶାର ସରକାରୀ ଭାଷା ଏବଂ ଝାଡ଼ଖଣ୍ଡ ଏବଂ ପଶ୍ଚିମବଙ୍ଗର ଦ୍ୱିତୀୟ ସରକାରୀ ଭାଷା।
train/img_07477.jpg,ଭୀଲ ତାମସା : ଜଣେ ବ୍ରାହ୍ମଣ ତୀର୍ଥାଟନରେ ଯିବା ସମୟରେ ବାଟରେ ଏକ ଭୀଲକୁ ଭେଟନ୍ତି।
train/img_07478.jpg,ବେଙ୍ଗାଳୁରୁ
train/img_07479.jpg,ତାଙ୍କ ପାଇଁ ମହନ୍ତେ ସେଠାରେ ସଦାବର୍ତ୍ତ ମଠ ସ୍ଥାପନ କରିଥିଲେ।
train/img_07480.jpg,"୧୫୧୪ରେ ପର୍ତୁଗୀଜମାନେ ଓ ତା ପରେ ଫରାସୀ, ଦିନାମାର ଓ ଓଳନ୍ଦାଜମାନେ ବାଲେଶ୍ୱରରେ ବାଣିଜ୍ୟ କୋଠି ସ୍ଥାପନ କରିଥିଲେ ।"
train/img_07481.jpg,"୨୦୦୧ ମସିହାର ଭାରତୀୟ ଜନଗଣନା ଅନୁସାରେ, ଜାମସେଦପୁର ସହରର ମୋଟ ଜନସଂଖ୍ୟା ୫୭୦୩୪୯ ଅଟେ ।"
train/img_07482.jpg,ହିନ୍ଦୋଳ: ୩୬ଟି ପଞ୍ଚାୟତ ଓ ୪ଟି ଜିଲ୍ଲାପରିଷଦ ଜୋନ
train/img_07483.jpg,ଜିରା
train/img_07484.jpg,ଜଗନ୍ନାଥ ମନ୍ଦିରରୁ ପ୍ରଥମେ ଆରମ୍ଭ କରି ତା'ପରେ ବାକି ଶିବ ଓ ବିଷ୍ଣୁ ମନ୍ଦିରମାନଙ୍କରେ ଏହା ପ୍ରଚଳିତ ହୋଇଥିଲା ।
train/img_07485.jpg,ଏହି ସହର ସୂଚନା ପ୍ରଯୁକ୍ତି/ ଆଇଟିରେ ବିଶେଷ ବିକାଶ କରିଛି ।
train/img_07486.jpg,"ଯଥା ୧ ଅନ୍ତର୍ବେଦୀ, ୨ ମହାବେଦୀ ମହୋତ୍ସବ, ୩ ଆଡ଼ପ ଉତ୍ସବ, ୪ ଦକ୍ଷିଣାମୁଖୀ ଉତ୍ସବ ଓ ୫ ନୀଳାଦ୍ରି ବିଜେ ।"
train/img_07487.jpg,ଏସବୁ ଛଡ଼ା ଡଗରା ଓ ଚଉମୁଖଠାରେ ଦୁଇଟି ବେଳାଭୂମି ମଧ୍ୟ ରହିଛି ।
train/img_07488.jpg,ଆଜିକାଲି ଏହା ବଦଲରେ କେତେକ ଆଧୁନିକ ଓ ଆଗରୁ ବନ୍ଧା ଓ ସିଲାଇକରା ପୋଷାକ ପିନ୍ଧାଯାଉଅଛି ଯେଉଁଥିରେ ଏହି ପୁରାତନ ଲୁଗା ପରି ଖୋସିବାକୁ ପଡ଼ିନଥାଏ ।
train/img_07489.jpg,ସେଥିରେ ନାନା ରତ୍ନ ଏବଂ ସ୍ୱର୍ଣ୍ଣ ଅଳଙ୍କାର ମାନ ଲଗାଇଥିଲେ ।
train/img_07490.jpg,କରତିଆ: (ସେବା ନଂ ୯୧) ରଥ ନିର୍ମାଣ ପାଇଁ ତୁମ୍ବ କାଟିବା ଓ ରଥର କାଠ ପଟା କାମ କରିଥାନ୍ତି।
train/img_07491.jpg,ଏହା ଏକ ପ୍ରସିଦ୍ଧ ଶୈବପିଠ ।
train/img_07492.jpg,"ସୁନ୍ଦରଶାଳି-ସୁଶୋଭିତ-କ୍ଷେତ୍ର,"
train/img_07493.jpg,"ଗର୍ଭଗୃହରେ ପ୍ରତିଷ୍ଠିତ ରତ୍ନସିଂହାସନ (୧୬ଫୁଟ ଦୈର୍ଘ୍ୟ, ୧୩ଫୁଟ ପ୍ରସ୍ଥ ଓ ୪ଫୁଟ ଉଚ୍ଚତା ) ଉପରେ କାଷ୍ଠ ନିର୍ମିତ କନକ ମୁଣ୍ଡି ରହିଛି ।"
train/img_07494.jpg,"ଯଯାତି କେଶରୀ କଳିଙ୍ଗ, କୋଶଳ ଓ ଉତ୍କଳକୁ ଏକତ୍ର କଲେ ।"
train/img_07495.jpg,ସେହି ବିଶ୍ୱାସରେ ବ୍ରହ୍ମଲୀଳା ସମ୍ପନ୍ନ ହୋଇଥିଲା ।
train/img_07496.jpg,ସୁଆଙ୍ଗବେଳେ ଚରିତ୍ରକୁ ଚାହିଁ ବେଶ ପୋଷାକ ପିନ୍ଧିଥାନ୍ତି ।
train/img_07497.jpg,ଖମେରର କଳାକୃତିର ଉତ୍ସ ଆନ୍ଧ୍ର ।
train/img_07498.jpg,ଏହି ରାଜାମାନେ ଭାରତରୁ ଆସିଥିବା ବୌଦ୍ଧଗୁରୁମାନଙ୍କର ଆଦରସତ୍କାର କରୁଥିଲେ ଓ ସେମାନଙ୍କଦ୍ୱାରା ପ୍ରଚାରିତ ମହାଯାନ ବୌଦ୍ଧଧର୍ମର ଶିକ୍ଷା ଗ୍ରହଣ କରୁଥିଲେ ।
train/img_07499.jpg,ଖଦଡ ତଥା ଖଦି ବସ୍ତ୍ରଗୁଡ଼ିକ ତୁଳା ଏବଂ କପାରୁ ପ୍ରସ୍ତୁତ କରାଯାଏ ।
train/img_07500.jpg,ପୂର୍ବରେ : ନୟାଗଡ଼ ଜିଲ୍ଲା
train/img_07501.jpg,ସେହି କାଳରୁ କଟକ ବାଣିଜ୍ୟର ପେଣ୍ଠସ୍ଥଳ ରହି ଆସିଛି।
train/img_07502.jpg,"ଏହି ମନ୍ଦିରମାନଙ୍କ ମଧ୍ୟରେ ଲିଙ୍ଗରାଜ ମନ୍ଦିର, ରାଜାରାଣୀ ମନ୍ଦିର, ମୁକ୍ତେଶ୍ୱର ଦେଉଳ ଆଦି ଦେଶ ବିଦେଶରେ ପରିଚିତ ।"
train/img_07503.jpg,ଚୈତ୍ରମାସ ଶୁକ୍ଳପକ୍ଷରେ ସାତଦିନ ବ୍ୟାପି କୋଇଲିର ଦୁଇଟି ମାଟି ମୂର୍ତ୍ତିକୁ କୁଆଁରୀମାନେ ପୂଜା କରିଥାନ୍ତି ଓ ମାର୍କଣ୍ଡ ଦାସଙ୍କ କେଶବ କୋଇଲି ଗାନ କରିଥାନ୍ତି।
train/img_07504.jpg,ଏହି ଯୁଗର କବିମାନଙ୍କ ରଚନା ସଙ୍ଗିତିକତା ଦୃଷ୍ଟିରୁ ବେଶ ଜନପ୍ରିୟ ଥିଲା ।
train/img_07505.jpg,"ଶ୍ରୀମନ୍ଦିରର ସ୍ୱତ୍ତ୍ୱଲିପିରେ ଅନ୍ତର୍ଭୁକ୍ତ ବିଶ୍ୱକର୍ମା ମହାରଣା, ଭୋଇ,ରୂପକାର,ଦରଜି,କମାର ପ୍ରମୁଖ ସେବକମାନେ ଏହି କାର୍ଯ୍ୟରେ ନିୟୋଜିତ ହୋଇଥାନ୍ତି।"
train/img_07506.jpg,ରଥ ଉପର ଠାକୁରମାନେ ବିରାଜିତ ହେବା ପରେ ବାଲିଆ ମୌଜାରୁ ଆସିଥିବା ତୁଳସୀ ଚୂଳମାଳ ଇତ୍ୟାଦି ବିଗ୍ରହମାନଙ୍କୁ ଲାଗି କରାଯାଇଥାଏ।
train/img_07507.jpg,"ବିଭିନ୍ନ ସ୍ଥାନରେ ଆନ୍ଦୋଳନ, ରେଳରୋକ, ବିକ୍ଷୋଭ ଆଦି ସରକାରଙ୍କ ଉପରେ ଚାପ ପକାଇଥିଲା ।"
train/img_07508.jpg,ଏହି ପୋଡ଼ ପିଠାକୁ ରଜ ୩ ଦିନ ଖିଆ ଯାଏ ।
train/img_07509.jpg,ତେଣୁ ଏଗୁଡ଼ିକୁ ଶିଳାଖମ୍ବ ନାମିତ କରାଯାଇଥିଲା ।
train/img_07510.jpg,ଆଷାଢ଼ ଶୁକ୍ଳ ତୃତୀୟାଠାରୁ ଆଷାଢ଼ ଶୁକ୍ଳ ନବମୀ ପର୍ଯ୍ୟନ୍ତ ଗୁଣ୍ଡିଚା ମନ୍ଦିରରେ ପୂଜା ପାଆନ୍ତି ଏବଂ ଆଷାଢ଼ ଶୁକ୍ଳ ଦଶମୀ ତିଥିରେ ପହଣ୍ଡି ହୋଇ ରଥ ଚଢ଼ି ଶ୍ରୀମନ୍ଦିରକୁ ପ୍ରତ୍ୟାବର୍ତ୍ତନ କରନ୍ତି ।
train/img_07511.jpg,ଖ୍ରୀ ପୂ ୧୮୦୦- ଏ ପର୍ଯ୍ୟନ୍ତ
train/img_07512.jpg,ଶିଳାଲେଖର ପ୍ରଥମ ପ୍ରାମାଣିକ ପଠନର ଶ୍ରେୟ ଐତିହାସିକ ଭଗବାନ ଲାଲ ଇନ୍ଦ୍ରଜୀଙ୍କୁ ଦିଆଯାଏ।
train/img_07513.jpg,"ଏ ସଂଘର୍ଷର ଇତିହାସ ତେଣୁ ଗୋଟିଏ ଦୃଷ୍ଟି ଦୀର୍ଘକଳାବ୍ୟାପୀ ଓ କୌତୂହଳୋଦୀପକ ।ଓଡ଼ିଆ ସାହିତ୍ୟର ଆଧୁନିକ ଯୁଗର ସୃଷ୍ଟିର ପୃଷ୍ଠ ଭାଗରେ ଯେଉଁସବୁ ସାହିତ୍ୟିକ, ସାଂସ୍କୃତିକ, ସ।ମାଜିକ, ରାଜନୀତିକ ଘଟଣାବଳୀ ସକ୍ରିୟ ହୋଇ ଉଠିଥିଲା,ପର୍ଯ୍ୟାୟକ୍ରମେ ସେସବୁ ଘଟଣାବଳୀର ଉପସ୍ଥାପନଦ୍ୱାରା ଆଧୁନିକ ଯୁଗର ସୃଷ୍ଟି ।"
train/img_07514.jpg,"ଏଥିରେ ଉଲ୍ଲେଖ ଅଛି ଯେ, ବୀର ନରସିଂହ ଦେବ ରାଜା ରାଜ୍ୟ କଲେ।"
train/img_07515.jpg,ଚେପା ନାକାଟେରା ଶୁନିଉ ନ ପାୟରେ (ଭୀମା)
train/img_07516.jpg,ରିଆମାଳ
train/img_07517.jpg,ଏଥି ମଧରୁ ୭୨ ଖଣ୍ଡ ଫାସୀ ଅଟେ।
train/img_07518.jpg,"ମହାରାଜା କୃଷ୍ଣ ଚନ୍ଦ୍ର ଗଜପତି ଭେଷଜ ମହାବିଦ୍ୟାଳୟ,ବ୍ରହ୍ମପୁର"
train/img_07519.jpg,ଦୂତିକି କହନ୍ତି ରାଧା ପାଇଣ ମଦନବାଧା
train/img_07520.jpg,ରଜ ଓଡ଼ିଶାର ଏକ ପାରମ୍ପାରିକ ପର୍ବ ଓ ରାଜ୍ୟର ଗଣପର୍ବ ।
train/img_07521.jpg,"ଗ୍ରାମ: ୧,୫୬୭"
train/img_07522.jpg,"ଶୈଳେନ୍ଦ୍ର ନାରାୟଣ ମହାବିଦ୍ୟାଳୟ, ରାଜକନିକା"
train/img_07523.jpg,ଏଠାରେ ଯୋଗେଶ୍ୱର ମହାଦେବ ମନ୍ଦିର ଅବସ୍ଥିତ ।
train/img_07524.jpg,ଓଡ଼ିଶା ବିଧାନ ସଭାରେ ମସିହା ଓଡ଼ିଆ ଭାଷାର ସରକାରୀ ସ୍ତରରେ ବ୍ୟବହାର ପାଇଁ ଆଇନ ହେଇଥିଲା ।
train/img_07525.jpg,"-ଗଡ଼ / ଗଡ଼ା - ବରଗଡ଼ , ସାରଣଗଡ଼ , ନୟାଗଡ଼ , ରାୟଗଡ଼ା , ଲାଞ୍ଜିଗଡ଼ , ଟିଟିଲାଗଡ଼ , ପୋତାଗଡ଼ ଇତ୍ୟାଦି"
train/img_07526.jpg,ଏହି ଲୋକକଥା ଜନିତ ତଥ୍ୟ ଓ ଲିଖିତ ପ୍ରମାଣର ଅଭାବ ଫଳରୁ ଅନେକ ଐତିହାସିକ ଖାରବେଳଙ୍କୁ ଓଡ଼ିଆ ବଂଶର ବୋଲି ଦାବି କରିଆସିଛନ୍ତି ।
train/img_07527.jpg,ଶ୍ରୀରଙ୍ଗ ନାୟକ
train/img_07528.jpg,ରିଞ୍ଜଡ଼ି
train/img_07529.jpg,ଏହାର ସମୟ ଖ୍ରୀଷ୍ଟପୂର୍ବ ପାଞ୍ଚ ହାଜର ବର୍ଷ ବୋଲି ମତ ଦିଅନ୍ତି।
train/img_07530.jpg,ଡା ଅଭିନ ଚନ୍ଦ୍ର ହୋମିଓପାଥି ମେଡିକାଲ
train/img_07531.jpg,"ଚାହିଁ ଶୋଭାବନ ଯିବକି ଜୀବନ, ହେଉ ତୋ ଯୌବନ ସାହାରେ ।।"
train/img_07532.jpg,ଡାହୁକ ରଥ ଉପରେ ଠିଆ ହୋଇ ଯୋଡ଼ି ଲମ୍ବା ବେତ ଧରି ରଥ ବୋଲି ଗୀତ ଗାଇ ଭକ୍ତଜନଙ୍କୁ ଆମୋଦିତ କରିଥାନ୍ତି ।
train/img_07533.jpg,"ଇଂଲଣ୍ଡର କୁଇନଟେସେନସିଆଲଙ୍କ ଭାଷା ବିଭାଗର ମତରେ ଧଉଳିଠାରୁ ମିଳିଥିବା ଅଶୋକଙ୍କ ସମୟର ଶିଳାଲେଖ, ଜଉଗଡ଼ର ଶିଳାଲେଖ ଆଉ ଖାରବେଳଙ୍କ ବେଳରେ ତିଆରି ଖଣ୍ଡଗିରି ଓ ହାତୀଗୁମ୍ଫାର ଶିଳାଲେଖ ଓଡ଼ିଆ ଭାଷାର ମୂଳ ଇତିହାସ ଉପରେ ସୂଚନା ଦିଏ।"
train/img_07534.jpg,ଅଦ୍ୟାବଧି ସ୍ଥାନୀୟ ଅଧିବାସୀଙ୍କ ମଧ୍ୟରେ ଗୁଣ୍ଡିଚା ପର ଦିନର ରଥଟଣା ଓ ଯାତ୍ରାକୁ ଧୂଳିଆ ଗୁଣ୍ଡିଚା ନାମରେ କୁହାଯାଇଥାଏ।
train/img_07535.jpg,ଏହିଭଳି ଅନେକ ସାମାଜିକ ଘଟଣା ଝୁମର ଗୀତରେ ସୁଲଭ ।
train/img_07536.jpg,କଳାହାଣ୍ଡି (ଆଞ୍ଚଳିକ ଭାଷାରେ କଳାହାନି ମଧ୍ୟ କୁହାଯାଇଥାଏ) ଓଡ଼ିଶାର ପଶ୍ଚିମାଞ୍ଚଳରେ ଅବସ୍ଥିତ ଏକ ଜିଲ୍ଲା ।
train/img_07537.jpg,କେଶରୀ ବଂଶର ରାଜା ନୃପ କେଶରୀଙ୍କଦ୍ୱାରା ୯୮୯ ଖ୍ରୀ ଅ ରେ ଏକ ସେନା ଛାଉଣି ଭାବରେ କଟକର ପ୍ରତିଷ୍ଠା ହୋ ଇଥିଲା ।
train/img_07538.jpg,କନ୍ଧମାଳ ଜିଲା ଓଡ଼ିଶାର ମଧ୍ୟ ଭାଗରେ ଅବସ୍ଥିତ ଏକ ଜିଲ୍ଲା ।
train/img_07539.jpg,"ସେମାନେ ହେଲେ ବାରବାଟି କଟକ- ଶ୍ରୀ ମହମ୍ମଦ ମୋକିମ୍, ଚୌଦ୍ୱାର କଟକ - ଶ୍ରୀ ସୌଭିକ ବିଶ୍ୱାଳ ଓ କଟକ ସଦର- ଶ୍ରୀ ଚନ୍ଦ୍ର ସାରଥୀ ବେହେରା।"
train/img_07540.jpg,ଗଞ୍ଜାମ ଜିଲ୍ଲା ଓଡ଼ିଶାର ଦକ୍ଷିଣ ଭାଗରେ ଅବସ୍ଥିତ ଏକ ଜିଲ୍ଲା ।
train/img_07541.jpg,୨୦୧୧ ଜନଗଣନା ଅନୁସାରେ ଗୁଜରାଟୀ ଭାରତରେ ମୋଟ ଜନସଂଖ୍ୟାର ୬ଷ୍ଠ ସର୍ବାଧିକ କଥିତ ଭାଷା ଓ ଏହା ୫୫ ୫ ମିଲିଅନ (୫ ୫ କୋଟି) ଭାଷାଭାଷୀଙ୍କଦ୍ୱାରା କଥିତ ଯାହା ଭାରତର ମୋଟ ଜନସଂଖ୍ୟାର ପ୍ରାୟ ୪ ୫ ।
train/img_07542.jpg,ଆଧୁନିକ ସହରର ଶୈଳୀ ଜର୍ମାନୀର ଙ୍କଦ୍ୱାରା ନିର୍ମିତ ।
train/img_07543.jpg,କାଶିନଗର ତହସିଲ ଅଧିନରେ: ୧୨ଟି
train/img_07544.jpg,ସମ୍ଭୋଗ ଓ ବିପ୍ରଲମ୍ଭ ଶୃଙ୍ଗାରର ପ୍ରୟୋଗେ ଝୁମର ଗୀତର ବିଶେଷ ସ୍ୱାତନ୍ତ୍ର୍ୟ ପରିଲକ୍ଷିତ ହୋଇଥାଏ ।
train/img_07545.jpg,ଚଟଣୀ
train/img_07546.jpg,ଓ ଏହା ବୈଶାଖ ମାସରେ ଆରମ୍ଭ ହୋଇ ୧୩ ଦିନ ପର୍ଯ୍ୟନ୍ତ ପାଳନ ହୁଏ ।
train/img_07547.jpg,ଏହା ପୁରାତନ କଳିଙ୍ଗ ଲିପିରୁ ତିଆରି ।
train/img_07548.jpg,ପରମ୍ପରା ଅନୁଯାୟୀ ଶ୍ରୀମନ୍ଦିରର ଘସା (ତେଲିଙ୍ଗି) ଓ କାହାଳି ବାଦ୍ୟ ସହ ବଣିଆ ସେବକମାନଙ୍କଠାରୁ ସୋଲ ଚିତା ତିନୋଟି ଅଣାଯାଇ ସିଂହଦ୍ୱାର ସଂଲଗ୍ନ ଛାଉଣୀ ମଠରେ ରଖାଯାଇଥାଏ।
train/img_07549.jpg,"ତାହା ଖ୍ରୀ ପୂ ୧୫୦୦ ମସିହାରୁ ଖ୍ରୀ ପୂ ୧୨୦୦ ମସିହା ମଧ୍ୟରେ ରଚନା କରାଯାଇଥିବା ୧,୦୨୮ଟି ଶ୍ଳୋକକୁ ନେଇ ଗଠିତ ଓ ଏସବୁକୁ ବର୍ତ୍ତମାନର ଉତ୍ତର ପାକିସ୍ତାନ ଓ ଆଫଗାନିସ୍ତାନରୁ ଉତ୍ତର ଭାରତର ଆଡ଼କୁ ପୂର୍ବମୁଖୀ ହୋଇ ପ୍ରବାସ କରୁଥିବା ଇଣ୍ଡୋ-ଆର୍ଯ୍ୟ ଜନଜାତିମାନେ ରଚନା କରିଥିଲେ ।"
train/img_07550.jpg,"ପାଲା ଓଡ଼ିଶାର ଏକ ପାରମ୍ପାରିକ, ପୁରାତନ ଓ ବିଦଗ୍ଧ ଓଡ଼ିଆ ଗୀତି-ଲୋକନାଟ୍ୟ ।"
train/img_07551.jpg,ଇଞ୍ଜିନିୟରିଂ ଓ ପ୍ରତିରକ୍ଷା ଶିଳ୍ପ
train/img_07552.jpg,ସବୁଠାରୁ ଅଧିକ ସୁନାଗହଣା ହରିଶୟନ ଏକାଦଶୀ ତିଥିରେ ବ୍ୟବହାର ବ୍ୟବହାର ହୋଇଥାଏ ।
train/img_07553.jpg,"ଓଡ଼ିଶାରୁ ଉତ୍ପନ୍ନ ନଦୀଗୁଡିକ (ବ ତରଣୀ, ବୁଦ୍ଧବାଲାଙ୍ଗା, ସାଲାଣ୍ଡି, ଏବଂ ଷିକୂଲିଆ)"
train/img_07554.jpg,"ବ୍ରାହ୍ମଣ ହେଉଛି ରାଜ୍ୟର ଦ୍ୱିତୀୟ ବୃହତ୍ତମ ନଦୀ ାଡଖଣ୍ଡର ଛୋଟା ନାଗପୁର ମାଳଭୂମିରୁ ଦୁଇଟି ପ୍ରମୁଖ ନଦୀ, ସାଙ୍କ ଏବଂ ଦକ୍ଷିଣ କୋଏଲ ସୁନ୍ଦରଗଡ ଜିଲ୍ଲାର ରାଉରକେଲା ନିକଟ ବେଦ ଭାୟାସରେ ମିଶି ବ୍ରାହ୍ମଣ ସୃଷ୍ଟି କରେ ଏହା ସୁନ୍ଦରଗଡ, ଦେଓଗଡ, େଙ୍କାନାଳ ଏବଂ ଜଜପୁର ଜିଲ୍ଲାର ପୂର୍ବ ଘାଟ ଦେଇ ପ୍ରବାହିତ ହେଉଛି ଯେତେବେଳେ ଏହା ଜଜପୁରରେ ପ୍ରବେଶ କରେ, ଏହା ଏକ ବିତରଣକାରୀ, ଜେରାଉର ନିକଟରେ ଖରାସୁଆ ଏବଂ ବାରବାଟି ନିକଟରେ କେଲୁଆ ସୃଷ୍ଟି କରେ କେନ୍ଦ୍ରାପଡା ଏବଂ ଉପକୂଳ ସମତଳ ଅଞ୍ଚଳରେ ପ୍ରବେଶ କରୁଥିବାବେଳେ ଉଭୟ ବିତରକ ବ୍ରାହ୍ମଣୀ ସହିତ ପୁନର୍ବାର ଆବିର୍ଭାବ ହୋଇଥିଲେ ଏହା ପରେ ଭଦ୍ରକର ଧାମରା ନିକଟ ବ ତରଣୀ ସହିତ ମିଳିତ ପାଟି ସହିତ ଏହା ବଙ୍ଗୋପସାଗରରେ ପ୍ରବେଶ କରେ ବ୍ରାହ୍ମଣୀର ଲମ୍ବ କିଲୋମିଟର (ଓଡ଼ିଶାରେ କିଲୋମିଟର) ଏବଂ ଏହାର ଧରିବା କ୍ଷେତ୍ର ଓଡ଼ିଶାରେ , କିଲୋମିଟର ଉପରେ ବ୍ୟାପିଛି"
train/img_07555.jpg,ଶ୍ରୀମନ୍ଦିର ଗର୍ଭଗୃହର ଆକାର ଉଭୟ ଲମ୍ବ ଓ ପ୍ରସ୍ଥରେ ୩୦ ଫୁଟ ଲେଖାଁଏ ଓ ଉଚ୍ଚତା ୪୮ ଫୁଟ ।
train/img_07556.jpg,ପ୍ରଥମ ଭାରତୀୟ ଧର୍ମଶାସ୍ତ୍ର ରାମାୟଣ
train/img_07557.jpg,ତୃତୀୟ ଅନଙ୍ଗଭୀମ ଦେବ (୧୨୧୧-୧୨୩୮) ଜଗନ୍ନାଥଙ୍କୁ ଉତ୍କଳର ପ୍ରକୃତ ରାଜା ଓ ନିଜକୁ ତାଙ୍କର ଜନୈକ ଅକିଞ୍ଚନ ସେବକ ଭାବେ ସର୍ବପ୍ରଥମେ ଘୋଷଣା କରିଥିଲେ।
train/img_07558.jpg,ଓଡ଼ିଶା ଉଚ୍ଚ ନ୍ୟାୟାଳୟର ମଞ୍ଜୁରିପ୍ରାପ୍ତ ମୋଟ ବିଚାରପତିଙ୍କ ସଂଖ୍ୟା ୨୭ ଥିଲା ଯାହା ପରବର୍ତ୍ତୀ ସମୟରେ ନୋଟିଫିକେସନ ତା ୨।୨।୨୦୨୨ଦ୍ୱାରା ୩୩କୁ ବୃଦ୍ଧି ପାଇଛି ।୨୧ ଜୁଲାଇ ୨୦୨୫ ସୁଦ୍ଧା ଓଡ଼ିଶା ଉଚ୍ଚ ନ୍ୟାୟାଳୟରେ ୨୦ ଜଣ ବିଚାରପତି କର୍ତ୍ତବ୍ୟରତ ।
train/img_07559.jpg,"ମସଲା : ପିଆଜ, ରସୁଣ, ଲଙ୍କାଗୁଣ୍ଡ, ଗରମ ମସଲା, କଳାଜିରା, କାଜୁ, ଗୁଜୁରାତି ନିଷିଦ୍ଧ ।"
train/img_07560.jpg,ଛାଡ଼ ଅର୍ଥ ସମୟର ଅନ୍ତରାଳ ଓ ଖାଇ ଅର୍ଥ ଖାଇବା ।
train/img_07561.jpg,ଦକ୍ଷିଣ-ପୂର୍ବ ଏସିଆ ସହ ବାଣିଜ୍ୟିକ ସମ୍ପର୍କର ସ୍ଥାପନା ପ୍ରଥମ ଶତାବ୍ଦୀରୁ କିମ୍ବା ତା’ର ବହୁ ପୂର୍ବରୁ ଆରମ୍ଭ ହୋଇଥିବାର ଅନୁମାନ କରାଯାଏ ।
train/img_07562.jpg,"ନୁଆପଡା ଜିଲ୍ଲାର ସୀମା ଉତ୍ତର, ପଶ୍ଚିମ ଏବଂ ଦକ୍ଷିଣରେ ଛତିଶଗଡ଼ର ରାୟପୁର ଜିଲ୍ଲା ସହିତ ଏବଂ ପୂର୍ବରେ ଓଡିଶାର ବରଗଡ଼, ବଲାଙ୍ଗିର ଏବଂ କଳାହାଣ୍ଡି ଜିଲ୍ଲା ସହିତ ସୀମା ମିଶିଛି ।"
train/img_07563.jpg,"ନୀଳକଣ୍ଠେଶ୍ୱ୍ଅର ମନ୍ଦିର, ପାପଡାହାଣ୍ଡି"
train/img_07564.jpg,ମାକଲପୁର ଏଥିପାଇଁ ଜଣାଶୁଣା ଥିଲା ।
train/img_07565.jpg,‘ରସ’ ଧାରା ସଙ୍ଗୀତ ଓ ସାହିତ୍ୟ ଜଗତରେ ଏକ ବହୁ ଆବଶ୍ୟକୀୟ ଉପାଦାନ ।
train/img_07566.jpg,"କଟକୀ ତାରକସି, ପାନ ପତରି ଦେଲି"
train/img_07567.jpg,ପ୍ରଭାତ ପ୍ରକତି : ତରୁନ ଅରୁନ ଯବାଫୁଲ ଛବି
train/img_07568.jpg,ଅଭିନ୍ନମଦନ ପାଲା ବା ଚନ୍ଦ୍ରାଜିତ ପାଲା: ବୀରସିଂହ ନାମକ ଜଣେ ରାଜାଙ୍କ ଗଳ୍ପ
train/img_07569.jpg,ପୁଣେ ଏକ ଭାରତୀୟ ପୌରପାଳିକା ।
train/img_07570.jpg,ଚିତ୍ରକୋଣ୍ଡା (୧୪୭)
train/img_07571.jpg,ରେଶମ ପୋକ ଚାଷ ରୋଜଗାରର ଏପରି ଏକ ପନ୍ଥା ଯାହା ବର୍ଷଯାକ ଚାଷୀଙ୍କୁ ରୋଜଗାରକ୍ଷମ କରିଥାଏ।
train/img_07572.jpg,ଆସ୍କା (୧୨୮)
train/img_07573.jpg,ଦୟାକରି ତୁ ଚାକରରେ
train/img_07574.jpg,"କିଛି ଧ୍ବଂନ୍ୟାତ୍ମକ ପରିବର୍ତ୍ତନ- ' 'ରୁ ' ', ' 'ରୁ ' ', ମଧ୍ୟବର୍ତ୍ତୀ ' 'ରୁ ' ' ।"
train/img_07575.jpg,ଏଠାକୁ ମୋଗଲମାନେ ୧୫୬୮ରେ ଆସିଥିଲେ ଓ ସେମାନଙ୍କ ଅଧିନରେ ଏହା ୧୭୫୦-୫୧ ଯାଏଁ ଥିଲା ।
train/img_07576.jpg,"ସମ୍ଭବତଃ ଜୈନଧର୍ମ ହିଁ ବୈଦିକ କର୍ମକାଣ୍ଡ, ଜୀବହତ୍ୟା, ବ୍ୟୟସାପେକ୍ଷ ଯଜ୍ଞାନୁଷ୍ଠାନ , ଜାତିପ୍ରଥା ଆଦିର ବିରୋଧ କରିଥିଲା ।"
train/img_07577.jpg,୧୫ଶ ଶତାବ୍ଦୀର ଶେଷାର୍ଦ୍ଧରେ ରାଜା ଗୋବିନ୍ଦ ଭଞ୍ଜ ଦକ୍ଷିଣ ଭାଗକୁ ରାଜ୍ୟରେ ମିଶାଇଥିଲେ ।
train/img_07578.jpg,"କଟକର ୫୨ ବଜାର , ୫୩ ଗଳିରେ ଖାଦ୍ୟ ଶସ୍ୟ, ଲୁଗାପଟା,ଔଷଧ, ସୁନା ରୂପ ଅଳଙ୍କାର,ଯାନ୍ତ୍ରିକ କଳ , ଈଲେକ୍ଟ୍ରୋନିକ ଆଦିର ବହୁ ଅଧିକୃତ ବିକ୍ରେତା ଓ ଥୋକ ବେପାରୀ ଆଛନ୍ତି।"
train/img_07579.jpg,ସିନେମା ଏବଂ ରଙ୍ଗମଞ୍ଚ
train/img_07580.jpg,ଜଗନ୍ନାଥ ଧର୍ମ ମଧ୍ୟରେ ବିଭିନ୍ନ ଧର୍ମ ଓ ମତବାଦର ସମନ୍ୱୟ ମଧ୍ୟ ଘଟିଲା ।
train/img_07581.jpg,ସୁନ୍ନି ଇସଲାମରେ ଶହାଦାର ଦୁଇଟି ପଦ ରହିଛି ।
train/img_07582.jpg,"ଊନବିଂଶ ଶତାବ୍ଦୀରେ ସାନ୍ତାଳ ପ୍ରଗଣାର ଭବପପ୍ରୀତାନନ୍ଦ, ଭୀମା, ଓଡ଼ିଶାର ତୁଳସୀ ଦାସ, କବି ଜଗନ୍ନାଥ ଦାସ ଆଦି ପ୍ରମୁଖ ଝୁମର କବିମାନଙ୍କ ଲେଖନୀରେ ଉଭୟ ଶବ୍ଦ ଓ ଅର୍ଥ ଅଳଙ୍କାରର ପ୍ରୟୋଗ ଯେଭଳି ହୋଇଛି, ତାହା ଏଠାରେ ଲକ୍ଷଣୀୟ ।"
train/img_07583.jpg,ରାଜ୍ୟ
train/img_07584.jpg,କଳିଙ୍ଗର ଅନେକାଂଶ ବର୍ତ୍ତମାନ ଆଧୁନିକ ଓଡ଼ିଶାର ଅଂଶବିଶେଷ ।
train/img_07585.jpg,ସେତେବେଳେ ଠାକୁରମାନଙ୍କ ପହଣ୍ଡି ଦଇତାମାନଙ୍କଦ୍ୱାରା ହେଉଥିଲା।
train/img_07586.jpg,ମଗାଇ ମାଝି
train/img_07587.jpg,"ଏସବୁ ପାଟଣାଗଡ଼, ସୋନପୁର ଓ ସମ୍ବଲପୁରଠାରେ ଦେଖିବାକୁ ମିଳେ ।"
train/img_07588.jpg,"୨୦୧୮ରେ, ୧୫ ବର୍ଷରୁ ଅଧିକ ବୟସର ୫୨ ଆମେରିକୀୟ ବିବାହିତ, ୬ ବିଧବା, ୧୦ ଛାଡପତ୍ର ଦେଇଥିଲେ ଏବଂ ୩୨ କେବେ ବି ବିବାହ କରିନଥିଲେ।୨୦୨୦ରେ, ଆମେରିକାର ମୋଟ ପ୍ରଜନନ ହାର ମହିଳାଙ୍କ ପ୍ରତି ୧ ୬୪ ଥିଲା ଏବଂ ଏକମାତ୍ର ପିତାମାତା ପରିବାରରେ ରହୁଥିବା ପିଲାମାନଙ୍କ ମଧ୍ୟରେ ବିଶ୍ବରେ ସର୍ବୋଚ୍ଚ ହାର (୨୩ ) ରହିଥିଲା।"
train/img_07589.jpg,ଚତୁର୍ଦ୍ଦଶରୁ ଷୋଡଶ ଶତାବ୍ଦୀ ପର୍ଯ୍ୟନ୍ତ କବିମାନେ ସଂସ୍କୃତରୁ ବିଭିନ୍ନ ପୁରାଣର ଓଡ଼ିଆ ଅନୁବାଦ କରିଥିଲେ ।
train/img_07590.jpg,ବଡ଼ ଓଡ଼ିଆ ମଠ
train/img_07591.jpg,"ଉତ୍ତର ଓଡ଼ିଶାର ମୟୁରଭଞ୍ଜ, ସୁନ୍ଦରଗଡ଼ ପ୍ରଭୃତି ଅଞ୍ଚଳର ପ୍ରମୁଖ ଲୋକସଂଗୀତ ଭାବରେ ଝୁମର ବେଶ୍ ପରିଚିତ ।"
train/img_07592.jpg,ଓଡ଼ିଆ ସାହିତ୍ୟର ଇତିହାସ ଚର୍ଯା ଗୀତିରୁ ଆରମ୍ଭ ବୋଲି ପ୍ରମାଣ ମିଳିଅଛି ।
train/img_07593.jpg,ଏହି ଜିଲାଟି ମହାନଦୀ କୁଳରେ ଅବସ୍ଥିତ ।
train/img_07594.jpg,ମୁମ୍ବାଇ ବନ୍ଦର ଭାରତର ପ୍ରାୟ ଅଧେ ସାମୁଦ୍ରିକ ପଦାର୍ଥ ଆମଦାନୀ କରେ।
train/img_07595.jpg,ଜେ ଏସ୍ ଡବ୍ଲ୍ୟୁ ସନ୍ତରଣ ଉଚ୍ଚ ପ୍ରଦର୍ଶନ କେନ୍ଦ୍ର ( )
train/img_07596.jpg,ଏମାନଙ୍କର ନେତାଙ୍କୁ ସେ ପ୍ରଧାନ ମନ୍ତ୍ରୀ ରୂପେ ନିଯୁକ୍ତ କରିଥାନ୍ତି ।
train/img_07597.jpg,"ଏହି ରାଜ୍ୟର ଉତ୍ତରରେ ଭୁଟାନ ଓ ଅରୁଣାଚଳ ପ୍ରଦେଶ; ପୂର୍ବରେ ନାଗାଲ୍ୟାଣ୍ଡ ଓ ମଣିପୁର; ଦକ୍ଷିଣରେ ମେଘାଳୟ, ତ୍ରିପୁରା, ମିଜୋରାମ ଓ ବଙ୍ଗଳାଦେଶ ରହିଛି ।"
train/img_07598.jpg,ଆର୍ଯ୍ୟଭଟ୍ଟ ଶୂନର ଆବିଷ୍କାର କରିଥିଲେ
train/img_07599.jpg,ଏହି ଶବ୍ଦଟି ଏକ ସଂସ୍କୃତ ଶବ୍ଦ ଓ ଏହା ୧୯୩୦ ଦଶକରେ ରାଜନୈତିକ କର୍ମୀମାନେ ଆଦିମ ଅଧିବାସୀଙ୍କ ଏକ ଆଦିବାସୀ ଉତ୍ପତ୍ତି ଦାବି କରି ଏକ ଆଦିବାସୀ ପରିଚୟ ଦେବା ପାଇଁ ତିଆରି କରିଥିଲେ ।
train/img_07600.jpg,କଲେଜ ଓ ବିଶ୍ୱବିଦ୍ୟାଳୟ
train/img_07601.jpg,ଦିନେର କ୍ଷୁଧା ରାତେର୍ ଘୁମ୍ ହେ ଗେଲ ମିଛ କାଜେ ।’’
train/img_07602.jpg,"ସାଧାରଣତଃ 'ପାଲା ଗୀତ' ପ୍ରତ୍ୟେକ ୧୪ ଅକ୍ଷର ଯୁକ୍ତ ଦୁଇଟି ଧାଡ଼ିରେ ରଚିତ, କିନ୍ତୁ ମଝିରେ ମଝିରେ ଏକାଦାଣ୍ଡିଆ ( ) ଭାଙ୍ଗିବା ପାଇଁ:"
train/img_07603.jpg,ଏହିଭଳି ଅନେକ ସାମାଜିକ ଘଟଣା ଝୁମର ଗୀତରେ ସୁଲଭ ।
train/img_07604.jpg,ଏହି ଚନ୍ଦ୍ରଧ୍ୱଜ ଷଣ୍ଢଙ୍କର ନାତି ଜଗନ୍ନାଥ ବୀରବରଙ୍କ ପୋଷ୍ୟ ପୁତ୍ର ଥିଲେ କୁଜଙ୍ଗ ଗାନ୍ଧୀ ନାରାୟଣ ବୀରବର ସାମନ୍ତ ।
train/img_07605.jpg,ବର୍ମା (ବ୍ରହ୍ମଦେଶ)
train/img_07606.jpg,"କିନ୍ତୁ ଅନ୍ୟ ଦୁଇଗ୍ରହ, ଯଥା ରାହୁ ଓ କେତୁ ଛାୟାଗ୍ରହ ହେତୁ ଏମାନଙ୍କର କୌଣସି ସ୍ୱତନ୍ତ୍ର ବାର ନାହିଁ ।"
train/img_07607.jpg,"ପୂର୍ବ କାଳରେ ନାବିକମାନେ ଏହି ମୌସୁମୀ ପ୍ରବାହ, ନକ୍ଷତ୍ରମାନଙ୍କ ଅବସ୍ଥିତି, ପାଣିର ରଙ୍ଗ, ପାଣିରେ ସାମୁଦ୍ରିକ ସର୍ପମାନଙ୍କର ଅବସ୍ଥିତି, ସାମୁଦ୍ରିକ ପକ୍ଷୀମାନଙ୍କର ଗମନାଗମନର ଦିଗର ଉପଯୋଗ କରି ନୌବାଣିଜ୍ୟ ଓ ନୌକାଯାତ୍ରା କରୁଥିବା ଅନୁମାନ କରାଯାଏ ।"
train/img_07608.jpg,ବ୍ରାହ୍ମପୁର ସ୍କୁଲ୍ ଅଫ୍ ଇଞ୍ଜିନିୟରିଂ ଆଣ୍ଡ ଟେକ୍ନୋଲୋଜି
train/img_07609.jpg,୪୯ ଆଲାସ୍କା
train/img_07610.jpg,ଖଣ୍ଡାଧାର ଜଳପ୍ରପାତ ସୁନ୍ଦରଗଡ଼ ଜିଲ୍ଲାରେ ଅବସ୍ଥିତ
train/img_07611.jpg,ଅର୍ଥନୀତି
train/img_07612.jpg,ଭଦ୍ରକର ବାଉଦପୁର ନାଁ ବୌଦ୍ଧରୁ ଆସିଛି।
train/img_07613.jpg,ଦାରିଙ୍ଗବାଡ଼ି
train/img_07614.jpg,ମହିଳା: ୫୮ ୭୦
train/img_07615.jpg,ଆରମ୍ଭ ଓ ଇତିହାସ
train/img_07616.jpg,ଏତେ ବଡ଼ ଆକାରର ପ୍ରାଣୀ ହେଲେ ମଧ୍ୟ ଏମାନେ ଯିବା ଆସିବା କରିଲା ବେଳେ ଶବ୍ଦ ହୁଏ ନାହିଁ।
train/img_07617.jpg,ଆଜ୍ୟଧାରଯୁକ୍ତ ଅଷ୍ଟୋତ୍ତର ଶତ ଆହୁତି ଦେବେ।
train/img_07618.jpg,"ସମ୍ଭବତଃ ଜୈନଧର୍ମ ହିଁ ବୈଦିକ କର୍ମକାଣ୍ଡ, ଜୀବହତ୍ୟା, ବ୍ୟୟସାପେକ୍ଷ ଯଜ୍ଞାନୁଷ୍ଠାନ , ଜାତିପ୍ରଥା ଆଦିର ବିରୋଧ କରିଥିଲା ।"
train/img_07619.jpg,ମାର୍ଗଶିର ଓ ପୌଷମାସରେ ଫସଲ କ୍ଷେତ୍ରରେ ବ୍ୟସ୍ତ ରହିବା କାରଣରୁ ଏହି ସମୟରେ କୌଣସି ଝୁମର ଉପଭୋଗ୍ୟ ହୋଇପାରେ ନାହିଁ ।
train/img_07620.jpg,"ଏହି ଆଦି ମାତୃକାମାନେ ହେଲେ:-୧) ଦେବୀ ସରସ୍ୱତୀ,୨) ଦେବୀ ଗାୟତ୍ରୀ, ୩) ଦେବୀ ସାବିତ୍ରୀ, ୪) ଷଷ୍ଠୀ ଓ ୫) ଭୁବନେଶ୍ୱରୀଦେବୀ।ଏହି ପଞ୍ଚ ମାତୃକା ଆଦି ଲୋକ ମାତୃକା ରୂପେ ବେଶ୍ ପରିଚିତ ଓ ପୂଜିତା।"
train/img_07621.jpg,ମା ଗୋଜବାୟଣୀ ପୀଠ ମହାକାଳପଡ଼ା
train/img_07622.jpg,ଏହାର କିର୍ତ୍ତନୀୟ ନାମ ହେଉଛି- ହରେର୍ନାମ ହରେର୍ନାମ ହରେର୍ନାମୈବ କେବଳମ୍ କଳୌ ନାସ୍ତ୍ୟୋବ ନାସ୍ତ୍ୟୋବ ନାସ୍ତ୍ୟୋବ ଗତିର୍ନ୍ୟଥା ।
train/img_07623.jpg,ଓଡ଼ିଶା ପ୍ରଚୀନ ସମୟରେ କଳିଙ୍ଗ ନାମରେ ଜଣାଶୁଣା ଥିଲା ।
train/img_07624.jpg,ଯାତ୍ରା
train/img_07625.jpg,ସାହିତ୍ୟିକ
train/img_07626.jpg,ଏଠାରେ ପ୍ରତ୍ୟେକ ଗୁରୁବାର ଦିନ ଏକ ସାପ୍ତାହିକ ହାଟ ହୋଇଥାଏ ।
train/img_07627.jpg,"ଯଥା- (୧) ଚକ୍ରପୀଠ, (୨) ଅରଦଣ୍ଡା,(୩)ଗଗରା,(୪) ମୂଳନାଭ,(୫) ବରାଣ୍ଡି,(୬) ହଂସପଟା, (୭) ରଥଗର୍ଭ,(୮) ପାରାଭାଡି,(୯) କଳସ ପୀଠ, (୧୦) ଦଧିନଉତି, (୧୧) କର୍ଣ୍ଣଅଳା,(୧୨) ଧାତୁ କଳସ ଓ (୧୩) ଆୟୁଧ ଧ୍ୱଜା।"
train/img_07628.jpg,ଏଥି ଉପରେ ପାରାଭାଡି ଭୂଇଁ ୩ ଚଉଠ ୮ଅଙ୍ଗୁଳରେ ଚଉତାଳ କରି ବସାଇବ।
train/img_07629.jpg,ଆୟୁର୍ବେଦ ଶାସ୍ତ୍ର ଅନୁସାରେ ପାନ ଜୀର୍ଣ୍ଣକାରକ ଏବଂ କୃମିନାଶକ ।
train/img_07630.jpg,୧୯୩୬ ମସିହାରେ ବିଛିନ୍ନ ଅଞ୍ଚଳ ଗୁଡ଼ିକ ଏକତ୍ର କରାଯାଇ ସ୍ୱତନ୍ତ୍ର ଓଡ଼ିଶା ପ୍ରଦେଶ ଗଠନ କରାଗଲା ।
train/img_07631.jpg,ଓଝା ମହାରଣା
train/img_07632.jpg,"ଥାଇଲ୍ୟାଣ୍ଡ, (ଆନୁଷ୍ଠାନିକ ନାମ ଥାଇଲ୍ୟାଣ୍ଡ ରାଜ୍ୟ) ଦକ୍ଷିଣ ପୂର୍ବ ଏସିଆର ଏକ ଦେଶ ।"
train/img_07633.jpg,ଏହା ବାରିପଦାଠାରୁ ୨୫ କି ମି ଦୁରରେ ଅବସ୍ଥିତ ।
train/img_07634.jpg,ବ୍ଳକ: ୧୪ଟି:
train/img_07635.jpg,ସରସ୍ୱତୀ ବିଦ୍ୟା ମନ୍ଦିର-୧୩
train/img_07636.jpg,ପ୍ରତିବର୍ଷ ଶ୍ରୀଜଗନ୍ନାଥ ମହାପ୍ରଭୁଙ୍କ ପ୍ରସିଦ୍ଧ ରଥଯାତ୍ରା ଉପଲକ୍ଷେ ତିନୋଟି ରଥ ପରମ୍ପରା ପ୍ରକାରେ ନିର୍ମିତ ହୋଇ ଆସୁଅଛି।
train/img_07637.jpg,"ଅବଶ୍ୟ, ସିନେଟ୍ ଏହାକୁ ଅନୁମୋଦନ କରିବାକୁ ମନା କରିଦେଇଥିଲା ଏବଂ ଲିଗ୍ ଅଫ୍ ନେସନ୍ସ ପ୍ରତିଷ୍ଠା କରିଥିବା ଭର୍ସେଲ୍ସ ଚୁକ୍ତିନାମାକୁ ଅନୁମୋଦନ କରିନଥିଲା।"
train/img_07638.jpg,ବିପ୍ରଲମ୍ଭ ଶୃଙ୍ଗାର :
train/img_07639.jpg,ଉନବିଂଶ ଶତାବ୍ଦୀର ଶେଷ ଭାଗଠାରୁ ବିଂଶ ଶତାବ୍ଦୀର ମଧ୍ୟଭାଗ ପର୍ଯ୍ୟନ୍ତ ବୈଜ୍ଞାନିକ ଅନୁସନ୍ଧାନରେ ଆମେରିକା ଅଗ୍ରଣୀ ରହିଆସିଛି।
train/img_07640.jpg,ଲସି
train/img_07641.jpg,୧୯୫୦ରେ ଚତୁର୍ଥ ଓଡ଼ିଆ ଚଳଚ୍ଚିତ୍ର ଶ୍ରୀ ଜଗନ୍ନାଥ ମୁକ୍ତି ଲାଭ କରିଥିଲା।
train/img_07642.jpg,"ଓଡ଼ିଶାର ସବୁ ଅଞ୍ଚଳରୁ, ବହୁ ଦୂରଦୂରାନ୍ତରୁ ପିଲାମାନେ ଆସି ପଢ଼ୁଥିଲେ ।"
train/img_07643.jpg,ଅବସ୍ଥାନ
train/img_07644.jpg,"ପରବର୍ତ୍ତୀ ସମୟ ରୀତିଯୁଗୀୟ ସାହିତ୍ୟିକମାନଙ୍କ ମଧ୍ୟରୁ କବି ସମ୍ରାଟ ଉପେନ୍ଦ୍ର ଭଞ୍ଜ, କବିସୂର୍ଯ୍ୟ ବଳଦେବ ରଥ, ଭକ୍ତ କବି ଗୋପାଳକୃଷ୍ଣ ପଟ୍ଟନାୟକ, ବିଦଗ୍ଧ କବି ଅଭିମନ୍ୟୁ ସାମନ୍ତସିଂହାର, ଦୀନକୃଷ୍ଣ ଦାସ, ବ୍ରଜନାଥ ବଡ଼ଜେନା, ଗଙ୍ଗାଧର ଗୁରୁ ପ୍ରଭୃତି ପ୍ରସିଦ୍ଧ ।"
train/img_07645.jpg,ସୁବର୍ଣ୍ଣପୁର ଜିଲ୍ଲା ୧୯୯୩ ମସିହା ଏପ୍ରିଲ ୧ ତାରିଖରେ ଗଠନ ହେଇଥିଲା ।
train/img_07646.jpg,ସୂର୍ଯ୍ୟ ନାରାୟଣ
train/img_07647.jpg,ଉତ୍ତରରେ : କଟକ ଜିଲ୍ଲା
train/img_07648.jpg,ଏଠାକାର ପ୍ରମୋଦ ଉଦ୍ୟାନ ପର୍ଯ୍ୟଟକମାନଙ୍କର ଧ୍ୟାନର କେନ୍ଦ୍ରବିନ୍ଦୁ ।
train/img_07649.jpg,ଏହା ଏବେ ବିଜେପ୍ରତିମାଙ୍କ ଆସ୍ଥାନ ଘର ହୋଇ ରହିଛି ।
train/img_07650.jpg,ଓଡ଼ିଆରେ ଖବର
train/img_07651.jpg,"ସୌଜନ୍ୟମୂଳକ ପ୍ରସ୍ତାବମାନଙ୍କରେ ଅନେକ ସୁବିଧାମାନ ଥାଏ, ସେଥିରେ ଉପଯୋଗୀ ମତ ଥାଏ ଯାହା ଅନେକ କାମ ତୁଟାଇଦେଇଥାଏ ଓ ଇଛୁକ ସଭ୍ୟମାନଙ୍କୁ ପ୍ରକଳ୍ପ ସହ ଯୋଡ଼ିଥାଏ ।"
train/img_07652.jpg,ଜୋହର୍: ଦ୍ୱିପ୍ରହର ପରେ; ଅପରାହ୍ଣ ୧ଟା ବେଳେ
train/img_07653.jpg,ପ୍ରତିବର୍ଷ ଆଷାଢ଼ ଶୁକ୍ଳ ଏକାଦଶୀ ଦିନ ମଧ୍ୟାହ୍ନ ଧୂପ ଶେଷ ହେବା ପରେ ରଥ ଉପରେ ଚତୁର୍ଦ୍ଧାମୂର୍ତ୍ତିଙ୍କର ସୁନା ବେଶ ଅନୁଷ୍ଠିତ ହୋଇଥାଏ।
train/img_07654.jpg,ଓଡ଼ିଶା ( ଓଡ଼ିଶା ) ଭାରତର ପୂର୍ବ ଉପକୂଳରେ ଥିବା ଏକ ପ୍ରଶାସନିକ ରାଜ୍ୟ ।
train/img_07655.jpg,ଶ୍ରୀଲଙ୍କାର ଜାତୀୟ ସଂଗୀତ ମଧ୍ୟ ଟାଗୋରଙ୍କଠାରୁ ପ୍ରେରଣା ଲାଭ କରିଥିଲା ।
train/img_07656.jpg,"ପ୍ରଥମ ଶହାଦା ହେଲା ଲା' ଇଲାହା' ଇଲ୍ଲା-ଲ୍ଲାହୁ (ଏହି ସଂସାରରେ ଆଲ୍ଲାଙ୍କ ଛଡ଼ା ଆଉ କେହି ଆଲ୍ଲା ନାହାନ୍ତି) ଏବଂ ଦ୍ୱିତୀୟ ଶହାଦା ହେଲା ""ମୁହମ୍ମଦୁନ୍' ରସୁଲୁ-ଲ୍ଲାହ'"" (ମହମ୍ମଦ ଆଲ୍ଲାଙ୍କ ପୈଗମ୍ବର) ।"
train/img_07657.jpg,ଅର୍ଥାତ ଏ ସଂସାର ରୂପକ ନଦୀରେ ଦୁଇଟି ରଙ୍ଗର ଜଳ ପରିପୂର୍ଣ୍ଣ ହୋଇଛି ।
train/img_07658.jpg,"(୯) ଲୋକ ସଂସ୍କୃତି ପାଠେର ଭୂମିକା (ବଙ୍ଗଳା) ତୁଷାର ଚଟ୍ଟୋପାଧ୍ୟାୟ ଦେଜ୍ ପବ୍ଲିଶିଂ, କୋଲକାତା ୧ମ ୨୦୦୧ ।"
train/img_07659.jpg,"ଓଡ଼ିଶାର ମଧ୍ୟ ଭାଗରେ ଅବସ୍ଥିତ କନ୍ଧମାଳ ଜିଲ୍ଲାର ଆୟତନ ୭,୬୪୯ ବର୍ଗ କିମି୤"
train/img_07660.jpg,ଏ ପ୍ରସଙ୍ଗ ଆଲୋଚନା ସାପେକ୍ଷ ।
train/img_07661.jpg,କଳ୍ପବଟ ସମ୍ମୁଖରେ ମନ୍ଦିରଟି ରହିଛି ।
train/img_07662.jpg,ସର୍ବପ୍ରଥମେ ବଳଭଦ୍ରଙ୍କ ରଥରେ ଛେରା ପହଁରା କରନ୍ତି।
train/img_07663.jpg,ଢେଙ୍କାନାଳ ଜିଲ୍ଲାର ଉତ୍ତାର-ପୂର୍ବାଂଶରେ ପର୍ବତଶ୍ରେଣୀ ରହିଛି ।
train/img_07664.jpg,"ଏହା ଓଡ଼ିଶାର ଦକ୍ଷିଣ-ପଶ୍ଚିମ ଭାଗରେ, କୋରାପୁଟ ଜିଲ୍ଲା ନିକଟରେ ୧୯ ୧୪' ଉତ୍ତର ଅକ୍ଷାଂଶ ଓ ୮୨ ୩୨ ପୂର୍ବ ଦ୍ରାଘିମାରେ ଅବସ୍ଥିତ ।"
train/img_07665.jpg,ଉତ୍ତରରେ : ଝାଡ଼ଖଣ୍ଡ ରାଜ୍ୟ
train/img_07666.jpg,ବାଳକୃଷ୍ଣ ଦାଶଙ୍କ ପ୍ରସ୍ତୁତ ଶୈଳୀରେ ହିଁ ଏହା ଗାନ କରାଯାଏ ।
train/img_07667.jpg,ଏହାବାଦ ବନ୍ଦର ସହର ପାରାଦୀପରୁ ଏକ ଘଣ୍ଟା ମଧ୍ୟରେ ପହଂଚି ହେବ ।
train/img_07668.jpg,ପଟଳ ଭୂଇଁ ଉପରଠାରୁ ବଡ଼ ଖୋଜ ମଧ୍ୟ ଚୌତାଳରେ ୨ ଚଉଠ ୧୨ ଅଙ୍ଗୁଳ ରଖି ବସାଇବ।
train/img_07669.jpg,କ୍ଷୀରଚୋରା ଗୋପୀନାଥ ମନ୍ଦିର
train/img_07670.jpg,"କରିଣ ପୀରତି ରଖତୁ କୀରତି, ଦେଇଣ ସୁରତି ବିହାରେ"
train/img_07671.jpg,ଗ୍ରୀଷ୍ମ କାଳରେ ସହରର ଉଚ୍ଚତମ ତାପମାତ୍ରା ୪୭ ଡିଗ୍ରୀ ପହଞ୍ଚିଯାଏ ଏବଂ ଶୀତ ଋତୁରେ ତାପମାତ୍ରା ୫ ଡିଗ୍ରୀ ତଳକୁ ଖସିଯାଏ ।
train/img_07672.jpg,ଉନବିଂଶ ଶତାବ୍ଦୀର ଶେଷ ଭାଗଠାରୁ ବିଂଶ ଶତାବ୍ଦୀର ମଧ୍ୟଭାଗ ପର୍ଯ୍ୟନ୍ତ ବୈଜ୍ଞାନିକ ଅନୁସନ୍ଧାନରେ ଆମେରିକା ଅଗ୍ରଣୀ ରହିଆସିଛି।
train/img_07673.jpg,କିଶୋରୀ ଶରୀ ଜାଇଲ ।
train/img_07674.jpg,ଜଗନ୍ନାଥ
train/img_07675.jpg,ରେ ସୁନ୍ଦରଗଡ଼ ଜିଲ୍ଲା
train/img_07676.jpg,ଖଦଡ ତଥା ଖଦି ବସ୍ତ୍ରଗୁଡ଼ିକ ତୁଳା ଏବଂ କପାରୁ ପ୍ରସ୍ତୁତ କରାଯାଏ ।
train/img_07677.jpg,ମୁଖ୍ୟମନ୍ତ୍ରୀଗଣ
train/img_07678.jpg,ଏହି ସମ୍ବାଦ ପାଇ ଶିବ କ୍ରୋଧାନ୍ୱିତ ହୋଇ ଦକ୍ଷଙ୍କର ଶିରଚ୍ଛେଦର କରିଥିଲେ।
train/img_07679.jpg,ଦଣ୍ଡନାଚରେ ଉଭୟ ଭଗବାନ ଶିବ ଓ ମା କାଳୀଙ୍କୁ ଉପାସନା କରାଯାଏ।
train/img_07680.jpg,ଚୈତ୍ର ମାସରେ ଶିବ ମନ୍ଦିରରେ ଏହି ତାମସା ଅଭିନୀତ ହେଉଥିବାରୁ ଏହାକୁ ଚଇତି ତାମସା ମଧ୍ୟ କୁହାଯାଏ।
train/img_07681.jpg,"ଉଲ୍ଲେଖଯୋଗ୍ୟ ଯେ, ରଥଖଳାର ପରମ୍ପରା ଅନୁଯାୟୀ ପ୍ରଥମେ ଜଗନ୍ନାଥ, ସୁଭଦ୍ରା ଓ ଶେଷରେ ବଳଭଦ୍ରଙ୍କ ରଥ ଟଣା ହୋଇଥାଏ।"
train/img_07682.jpg,ଶରତ କୁମାର ଦେବ: ୧୯୮୫
train/img_07683.jpg,ଏହି ଜଳ ପ୍ରପାତରେ ୨୦୦ଫୁଟ ଉପରୁ ଜଳ ନିର୍ଗତ ହେଇ ତାହା ବହି ଯାଏ ଓ ମହାନଦୀରେ ମିଶ୍ରଣ ହୁଏ ।
train/img_07684.jpg,ପର୍ବ ପର୍ବାଣି
train/img_07685.jpg,ନୌବାଣିଜ୍ୟରେ ମହାନଦୀର ଭୂମିକା
train/img_07686.jpg,"ଦେବଗଡ଼ ଜିଲ୍ଲା, ଓଡ଼ିଶାର ଉତ୍ତର-ପଶ୍ଚିମରେ ଥିବା ଏକ ପ୍ରଶାସନିକ ଜିଲ୍ଲା ।"
train/img_07687.jpg,ନୃତ୍ୟ ଆରମ୍ଭରେ ନର୍ତ୍ତକୀ ଜଗନ୍ନାଥଙ୍କୁ ପୁଷ୍ପାଞ୍ଜଳିଦ୍ୱାରା ପ୍ରଣାମ ନିବେଦନ କରନ୍ତି ଓ ଶେଷରେ ମୋକ୍ଷ ଲାଭ କାମନା କରି ପ୍ରଣତି ଜଣାନ୍ତି ।
train/img_07688.jpg,"ସାରଳା ଦାସ ଚଣ୍ଡୀଙ୍କର ଜଣେ ଭକ୍ତ ଥିଲେ, ତାଙ୍କ କୃପାରୁ ସେ ସାହିତ୍ୟ ସର୍ଜନା କରିବାର କ୍ଷମତା ଲଭିଥିଲେ ବୋଲି ଲୋକ ବିଶ୍ୱାସ ରହିଛି ।"
train/img_07689.jpg,"ବଳଦେବଜୀଉ ମନ୍ଦିର, ଇଚ୍ଛାପୁର"
train/img_07690.jpg,"ମୁମ୍ବାଇ ସହରରେ ବିଦ୍ୟୁତ ସରବରାହ ବେଷ୍ଟ, ରିଲାଏନ୍ସ ଏନର୍ଜି, ଟାଟା ପାଉଆର ଓ ମହାବିତରଣ (ମହାରାଷ୍ଟ୍ର ରାଜ୍ୟ ବିଦ୍ୟୁତ ବିତରଣ କମ୍ପାନୀ ଲି ) କରିଥାନ୍ତି।"
train/img_07691.jpg,"ମହିଳା: ୮,୧୭,୨୨୫"
train/img_07692.jpg,"ପାରମ୍ପାରିକ ହାତକାମ, ନାଚ, କୁଟୀରଶିଳ୍ପରେ ଏହା ଅନେକ ଉର୍ଦ୍ଧ୍ୱରେ ।"
train/img_07693.jpg,"ଏଥିରେ ଉଲ୍ଲେଖ ଅଛି ଯେ, ବୀର ନରସିଂହ ଦେବ ରାଜା ରାଜ୍ୟ କଲେ।"
train/img_07694.jpg,ଟସର
train/img_07695.jpg,"ଶ୍ରୀମନ୍ଦିର ଭିତରକୁ ଯିବା ପାଇଁ ମେଘନାଦ ପାଚେରୀରେ ଚାରିଦିଗରେ ଚାରିଗୋଟି ଦ୍ୱାର ଅଛି ଓ ତନ୍ମଧ୍ୟରୁ ପୂର୍ବ ଦିଗର ଦ୍ୱାରଟି ମୁଖ୍ୟ, ଏହାକୁ ସିଂହଦ୍ୱାର କୁହାଯାଏ ।"
train/img_07696.jpg,ଅଶୋକ ପଣ୍ଡା: ସଂସ୍କୃତି ଓ ପର୍ଯ୍ୟଟନ ବିଭାଗ
train/img_07697.jpg,ଓଡ଼ିଶାର ରାଜନୀତି ସମ୍ବନ୍ଧୀୟ ଲିଖିତ ପ୍ରସଙ୍ଗ ।
train/img_07698.jpg,"ତିନୋଟି ଛୋଟ ନଦୀ ଦହିସର, ପୋଇସର ଓ ଓହିଉଆଡା (ବା ଆଶୀଉଆଡା) ଉଦ୍ୟାନ ଭିତରୁ ବାହାରିଛି, ଯେବେକି ମିଠା ନଦୀ (ମିଠି ନଦୀ) ତୁଳସୀ ହ୍ରଦରୁ ବାହାରିଅଛି ଓ ପଉଅଇ ଏବଂ ବିହାର ହ୍ରଦର ବନ୍ୟାଜଳ ନିଜ ଭିତରକୁ ନେଇଥାଏ।"
train/img_07699.jpg,"ଯୁକ୍ତରାଷ୍ଟ୍ର ଆମେରିକା ଏହାର ବୃହତ ଆକାର ଏବଂ ଭୌଗୋଳିକ ବିବିଧତା ଯୋଗୁ ଅନେକ ପ୍ରକାରର ଜଳବାୟୁ ଅନ୍ତର୍ଭୁକ୍ତ କରେ ୧୦୦ତମ ମେରିଡିଆନ୍ର ପୂର୍ବରେ, ଜଳବାୟୁ ପରିସର ଉତ୍ତରରେ ଆର୍ଦ୍ର ମାଳଦ୍ୱୀପିୟଠାରୁ ଦକ୍ଷିଣରେ ଆର୍ଦ୍ର ସବଟ୍ରୋପିକାଲ୍ ପର୍ଯ୍ୟନ୍ତ ଅନ୍ତର୍ଭୁକ୍ତ"
train/img_07700.jpg,"ଲାଗନ ବେଶେ, ବିରୁନ୍ କତିରଙ୍ଗ ।’’ (କରମ ଗୀତ)"
train/img_07701.jpg,"ଅର୍ଜୁନ ଦାସ, ଦେବଦୁର୍ଲଭ ଦାସ, ନରସିଂହ ସେଣ, ପାର୍ଥ ଶ୍ରୀଚନ୍ଦନ ପ୍ରତାପରାୟ, ବିଷ୍ଣୁ ଦାସ, ଧନଞ୍ଜୟ, ରଘୁନାଥ ହରିଚନ୍ଦନ, ଉପେନ୍ଦ୍ର ଭଞ୍ଜ, ଦୀନକୃଷ୍ଣ ଦାସ, ଅଭିମନ୍ୟୁ ସାମନ୍ତସିଂହାର, ବ୍ରଜନାଥ ବଡ଼ଜେନା ଓ ଯଦୁମଣି ପ୍ରମୁଖ ଏହି କାଳର କବି ।"
train/img_07702.jpg,"କେତେକଙ୍କ ମତରେ ଏହା ରାଜ୍ୟର ଜନସଂଖ୍ୟାକୁ ସୂଚାଏ, ଆଉ କେତେକଙ୍କ ମତରେ, ଏହା ପୁନରୁଦ୍ଧାର କାର୍ଯ୍ୟରେ ଖର୍ଚ୍ଚ ହୋଇଥିବା ଅର୍ଥର ପରିମାଣକୁ ବୁଝାଏ ।"
train/img_07703.jpg,ଏ ସଂପର୍କରେ ମୟୁରଭଞ୍ଜର ‘ଆମ୍ବେଦକର ସାହିତ୍ୟ ପରିଷଦ’ର ଭୂମିକା ଅତ୍ୟନ୍ତ ମହତ୍ତ୍ୱପୂର୍ଣ୍ଣ ।
train/img_07704.jpg,"ଆଷାଢ଼ର ପହିଲି ବର୍ଷାରେ ମାଟି ମା'ର ପ୍ରଜନନ ଶକ୍ତି ଜାଗ୍ରତ ହୋଇଥାଏ, ଏହି କାରଣରୁ ଧରଣୀମାତାକୁ ରଜସ୍ୱଳା ସ୍ତ୍ରୀ ସହିତ ତୁଳନା କରାଯାଏ ।"
train/img_07705.jpg,"ଆଞ୍ଚଳିକ ପରିବହନ କାର୍ଯ୍ୟାଳୟ(ଆରଟିଓ) ପକ୍ଷରୁ ମିଳିଥିବା ତଥ୍ୟ ଅନୁଯାୟୀ, ଗତ ୩ ବର୍ଷରେ ମୋଟ ୪୦,୬୦୩ଟି ଗାଡ଼ି ପଞ୍ଜିକୃତ ହୋଇଛି ।"
train/img_07706.jpg,"କାଞ୍ଚି ଗଣେଶଙ୍କ ମନ୍ଦିର ଶ୍ରୀମନ୍ଦିର କୁର୍ମ ବେଢାର ପଶ୍ଚିମ ପାର୍ଶ୍ୱରେ ସାକ୍ଷୀଗୋପାଳଙ୍କ ପାର୍ଶ୍ୱରେ ପୂର୍ବାମୁଖୀରେ ଅବସ୍ଥିତ।କାଞ୍ଚି ରାଜା ଶାଲ୍ୱ ନରସିଂହ ଦେବଙ୍କୁ ୧୪୭୪ ଖ୍ରୀଷ୍ଟାବ୍ଦରେ ଗଜପତି ମହାରାଜା ପୁରୁଷୋତ୍ତମ ଦେବ ଯୁଦ୍ଧରେ ପରାସ୍ତ କରି କାଞ୍ଚିର ଇଷ୍ଟଦେବ ଗଣେଶଙ୍କୁ ସାକ୍ଷୀଗୋପାଳଙ୍କ ସହ ନେଇ ଆସିଥିଲେ।ଜଗନ୍ନାଥ-ବଳଭଦ୍ର କଳା-ଧଳା ଘୋଡାରେ କାଞ୍ଚି ଅଭିଯାନରେ ଯାଇ ଜଗନ୍ନାଥ ପ୍ରଥମେ ଏହି ଗଣେଶଙ୍କୁ ପରାସ୍ତ କରିବାରୁ କାଞ୍ଚି ରାଜା ପରାସ୍ତ ହେଲେ।ଏହାକୁ ଭଣ୍ଡ ଗଣେଶ,ଗୌର ଗଣେଶ, କାମଦ ଗଣେଶ, କାଞ୍ଚି ବିଜୟ ଗଣେଶ, ଉଦ୍ଦିଷ୍ଟ ଗଣେଶ ବୋଲି କୁହାଯାଇଥାଏ।ଗଣେଶଙ୍କ ଜାନୁ ଦେଶରେ ଦେବୀ ଦ୍ୱିହସ୍ତା ନାନା ଅଳଙ୍କାର ଭୂଷିତା ସିଦ୍ଧିଦେବୀ/ବିଘ୍ନେଶ୍ୱରୀ ଅଟନ୍ତି।"
train/img_07707.jpg,"କିନ୍ତୁ, ଓଡ଼ିଶା ସହିତ ମିଶ୍ରଣ ପରେ ପ୍ରଶାସନିକ ସୁବିଧା ଦୃଷ୍ଟିରୁ ଟିଲୋ (୭ ୫୧ ବର୍ଗ କିମି ) ଏବଂ ଯୁଝପଡା (୯ ୦୬ ବର୍ଗ କିମି ) ଅଞ୍ଚଳ ଦୁଇଟିକୁ ଯଥାକ୍ରମେ ବାଲେଶ୍ୱର ଓ କଟକ ଜିଲ୍ଲାକୁ ହସ୍ତାନ୍ତର କରାଗଲା ।"
train/img_07708.jpg,"୨୦୧୧ ଜନଗଣନା ଅନୁସାରେ, ସମ୍ବଲପୁର ଜିଲ୍ଲାର ମୋଟ ଲୋକସଂଖ୍ୟା ୧୦,୪୪,୪୧୦ ଏଥିମଧ୍ୟରୁ ଗ୍ରାମାଞ୍ଚଳରେ ୭,୩୩,୦୨୧ ଓ ସହରାଞ୍ଚଳରେ ୩,୧୧,୩୮୯ ଲୋକ ବାସ କରନ୍ତି"
train/img_07709.jpg,କୃଷ୍ଣଚନ୍ଦ୍ର ବକ୍ସିପାତ୍ର
train/img_07710.jpg,"ସେହି ସବୁ ନୀତି ନିୟମ ବିଷୟରେ "" ମାଦଳା ପାଞ୍ଜି ""ରେ ବିଷଦ ଭାବରେ ବର୍ଣ୍ଣନା ରହିଛି ।"
train/img_07711.jpg,ଏହା ସେହି ସମୟର ସାମୁଦ୍ରିକ ବାଣିଜ୍ୟରେ କଳିଙ୍ଗର ଏକଛତ୍ର ପ୍ରଭାବର ସୂଚନା ଦିଏ ।
train/img_07712.jpg,ଅଷ୍ଟାଦଶ ଶତାବ୍ଦୀରେ ଦ୍ୱିତୀୟ ଦିବ୍ୟସିଂହଙ୍କ ରାଜତ୍ୱ କାଳରେ ଅରୁଣସ୍ତମ୍ବକୁ କୋଣାର୍କ ସୂର୍ଯ୍ୟ ମନ୍ଦିରରୁ ଅଣାଯାଇ ଏଠାରେ ସ୍ଥାପିତ କରାଯାଇଥିଲା ।
train/img_07713.jpg,ଏହା ବିଶ୍ୱାସ କରାଯାଏ ଯେ କଦମ ରସୁଲର ମନିଷୀ ମହମ୍ମଦଙ୍କ ପଦଚିହ୍ନ ରହିଛି ।
train/img_07714.jpg,"୧୦-ଛଉନାଚିଆ ଝୁମର : ଛଉ ନୃତ୍ୟ ମାଧ୍ୟମରେ ଯେଉଁ ଝୁମର ପରିବେଷଣ ହୋଇଥାଏ, ତାହା ଛଉନାଚିଆ ଝୁମର ଭାବରେ ଖ୍ୟାତ ।"
train/img_07715.jpg,ହିଞ୍ଜିଳି (୧୩୧)
train/img_07716.jpg,"୧୩୮୨୪୪୬,୦୦୦ ଲୋକସଂଖ୍ୟା ୨୦୨୦ରେ"
train/img_07717.jpg,"ମନୋଜ ଦାସ,"
train/img_07718.jpg,ସେଥି ମଧ୍ୟରୁ ୫୦ ୫୪ ଜଣ ପରୁଷ ହୋଇଥିବା ବେଳେ ୪୯ ୪୬ ଜଣ ନାରୀ ଅଟନ୍ତି ।
train/img_07719.jpg,ପୁଣେ ଏକ ଭାରତୀୟ ପୌରପାଳିକା ।
train/img_07720.jpg,"ବସ୍ତୁତଃ, ସାନ୍ତାଳୀ ସମ୍ପ୍ରଦାୟର ନବଜାଗରଣ ସୃଷ୍ଟି କରିବାରେ ସାନ୍ତାଳୀ ଭାଷା ପ୍ରମୁଖ ଭୂମିକା ତୁଲାଇଥିଲା ।"
train/img_07721.jpg,ନହେଲେ ବୁଡ଼ିମରିବା ହିଁ ସାର ହେବ ।
train/img_07722.jpg,"୨୦୧୧ ଜନଗଣନା ଅନୁସାରେ, ଗଞ୍ଜାମ ଜିଲ୍ଲାର ମୋଟ ଲୋକସଂଖ୍ୟା ୩୫,୨୦,୧୫୧ ।"
train/img_07723.jpg,ଅନନ୍ତ ବାସୁଦେବ
train/img_07724.jpg,ତତୋ ମହାଲକ୍ଷ୍ମୀ ଜଗନ୍ନାଥ ଦେବସ୍ୟ ସମୀପଂ ଗତ୍ୱା ସଂମୁଖେ ତିଷ୍ଠେତ୍ ।
train/img_07725.jpg,ରଜଦୋଳି ଗୀତ:
train/img_07726.jpg,ନଅଙ୍କ ଦୁର୍ଭିକ୍ଷ
train/img_07727.jpg,ନୃସିଂହ ସାହୁ: ବାଣିଜ୍ୟ ଓ ପରିବହନ
train/img_07728.jpg,ତହସିଲ
train/img_07729.jpg,"ବିକ୍ରମ କେଶରୀ ଆରୁଖ: ଗ୍ରାମ୍ୟ ଉନ୍ନୟନ, ସୂଚନା ଓ ଲୋକସମ୍ପର୍କ, ସଂସଦୀୟ ବ୍ୟାପାର"
train/img_07730.jpg,ବହେ ମନ୍ଦମନ୍ଦ ସମୀରଣ ତାୟ
train/img_07731.jpg,ରାଜା ଠାକୁରଙ୍କ ସମ୍ମୁଖରେ ଆରତି କରି ସୁନା ଚାମର ଆଲଟ ସେବା କରିଥାନ୍ତି।
train/img_07732.jpg,"ତେଣୁ ପରିବର୍ତ୍ତନର ସ୍ରୋତରେ ସାମିଲ ହୋଇ ବିଭିନ୍ନ ପ୍ରାଦେଶିକ ସ୍ତରରେ ଝୁମର ଆଜି ଭିନ୍ନରୂପ ପରିଗ୍ରହ କରିବା ସହିତ ନିଜର ସ୍ୱାତନ୍ତ୍ର୍ୟ ମହକରେ ସମଗ୍ର ଶ୍ରୋତା, ପାଠକ ଓ ଦର୍ଶକଙ୍କୁ ମତୁଆଲା କରିରଖିଛି, ଏହା କହିବା ବାହୁଲ୍ୟ ମାତ୍ର ।"
train/img_07733.jpg,ସୂନ୍ନତ୍: ଯାହା ହଜରତ ମହମ୍ମଦ ପାଠ କରୁଥିଲେ
train/img_07734.jpg,ତରକାରୀ
train/img_07735.jpg,ସାକ୍ଷରତା ହାର: ୬୩ ୯୮
train/img_07736.jpg,ଏହି କଲେଜିମ୍ ଉଚ୍ଚ ନ୍ୟାୟାଳୟ କଲେଜିଅମର ପ୍ରସ୍ତାବଗୁଡ଼ିକ (ଯାହା ଉଚ୍ଚ ନ୍ୟାୟାଳୟର ମୁଖ୍ୟ ବିଚାରପତି ଏବଂ ଦୁଇଜଣ ବରିଷ୍ଠତମ ବିଚାରପତିଙ୍କଦ୍ୱାରା ଚାଳିତ) ପୁନଃସମୀକ୍ଷା କରେ ଏବଂ କାହାକୁ ମୁଖ୍ୟ ବିଚାରପତି ଭାବେ ନିଯୁକ୍ତ କରିବା ଉଚିତ ସେଥିପାଇଁ ଶେଷ ନିଷ୍ପତ୍ତି ନେଉଥାଏ ।
train/img_07737.jpg,ତତ୍ପରେ ସନ୍ଧ୍ୟା ଧୂପ ଉଠି ପୂଜା ବସିଥିବା ସମୟେ ମହାଲକ୍ଷ୍ମୀ ରଥ ପାଖରେ ନୀତି ବଢ଼ାଇ ଜଗମୋହନର ଜୟବିଜୟ ଦ୍ୱାରଠାକୁ ଆସିଥାନ୍ତି।
train/img_07738.jpg,"ବୁଣାଯିବା ପୂର୍ବରୁ ବସ୍ତ୍ର ଆକାରରେ ଏକ ଢାଞ୍ଚା ପ୍ରସ୍ତୁତ କରାଯାଇଥାଏ , ଯେଉଁଥିରେ ସୂତାକୁ ଟଣି ସାହାଯ୍ୟରେ ଛନ୍ଦି ଛନ୍ଦି ଲୁଗା ବୁଣାଯାଇଥାଏ ।"
train/img_07739.jpg,ଖାରବେଳ କଳିଙ୍ଗର ଜଣେ ବୀର ଯୋଦ୍ଧା-ରାଜା ଥିଲେ ।
train/img_07740.jpg,ଲୋକଗୀତ ଓ ଲୋକନାଟ
train/img_07741.jpg,କେନ୍ଦ୍ର ସ୍ତରରେ ଉଚ୍ଚତମ ନ୍ୟାୟାଳୟ ଓ ରାଜ୍ୟ ସ୍ତରରେ ଉଚ୍ଚ ନ୍ୟାୟାଳୟର ବ୍ୟବସ୍ଥା ରହିଛି ।
train/img_07742.jpg,କଟକର ସମୀପବର୍ତ୍ତୀ ବିଦ୍ୟାଧରପୁରରେ ଅବସ୍ଥିତ କେନ୍ଦ୍ରୀୟ ଧାନ ଗବେଷଣା କେନ୍ଦ୍ର ( ) ସମଗ୍ର ଦକ୍ଷିଣ ଏସିଆର ଏକ ପ୍ରଧାନ ଧାନ ଗବେଷଣା କେନ୍ଦ୍ର ।
train/img_07743.jpg,ଦକ୍ଷିଣ ମୋଡ଼
train/img_07744.jpg,: : (୨୧ )
train/img_07745.jpg,ମହାନଦୀ ମୁହାଣରେ ଖ୍ରୀଷ୍ଟପୂର୍ବ ସମୟରୁ ଏକ ପ୍ରତିଷ୍ଠିତ ବନ୍ଦର ଥିଲା ବୋଲି ବିଶ୍ୱର ଅନ୍ୟତମ ପ୍ରସିଦ୍ଧ ଭୂଗୋଳବିତ୍ ଟଲେମି ବର୍ଣ୍ଣନା କରିଯାଇଛନ୍ତି୤ ସେହି ବନ୍ଦରର ନାମ ମନ୍ନଦ ଥିଲା।
train/img_07746.jpg,୨୦୧୩ ମସିହାରେ ଜିଲ୍ଲାକୁ ଆସିଥିବା ୫ ୮୨ ଲକ୍ଷ ପର୍ଯ୍ୟଟଙ୍କ ମଧ୍ୟରୁ ୪ ୪୭ ଲକ୍ଷ ପର୍ଯ୍ୟଟକ ବେଦବ୍ୟାସ ମନ୍ଦିର ଦେଖିବାକୁ ଯାଇଥିଲେ ।
train/img_07747.jpg,ଏହା ପ୍ରାଚୀନ କାଳରୁ ଭିନ୍ନ ଭିନ୍ନ ମତ ଓ ବିଶ୍ୱାସରୁ ଉତ୍ପନ୍ନ ହୋଇଛି।
train/img_07748.jpg,ନମୁନା ଅକ୍ଷର
train/img_07749.jpg,ଓଡ଼ିଆରେ ଅନେକ ଦୂତ ବା ସନ୍ଦେଶମୂଳକ ସାହିତ୍ୟ ରଚିତ ହୋଇଥିଲା ।
train/img_07750.jpg,"ସେ କଳ୍ପ ଗଣେଶ, ଚିନ୍ତାମଣି ଗଣେଶ, ବଟ ଗଣେଶ ଓ ସିଦ୍ଧ ଗଣେଶ ନାମରେ ପୂଜା କରାଯାଏ।"
train/img_07751.jpg,ପ୍ରସ୍ତର ନିର୍ମିତ ହର ପାର୍ବତୀ ମୂର୍ତ୍ତି ୧୦ଇଞ୍ଚ ଉଚ୍ଚତା ବିଶିଷ୍ଟ ପୂଜିତ।
train/img_07752.jpg,ତୋଦରମଲ୍ଲ ଭଦ୍ରକରେ ଛାଉଣି ପକାଇ ବନ୍ଦୋବସ୍ତ କାର୍ଯ୍ୟ ଚଳାଇଥିଲେ।
train/img_07753.jpg,"ସତ୍ୟନାରାୟଣ ବହିଦାର (୧୯୧୩-୧୯୮୦) - ତାଙ୍କର ପ୍ରଥମ କବିତା ""ଅନୁଭୂତି"" ୧୯୩୧ ମସିହାରେ ପ୍ରକାଶିତ ହେଇଥିଲା ।"
train/img_07754.jpg,ରଥ ଭୋଗ
train/img_07755.jpg,ମାଳୟ
train/img_07756.jpg,ଏହି ସମ୍ବାଦ ପାଇ ଶିବ କ୍ରୋଧାନ୍ୱିତ ହୋଇ ଦକ୍ଷଙ୍କର ଶିରଚ୍ଛେଦର କରିଥିଲେ।
train/img_07757.jpg,ଓଡ଼ିଶାର ଅଭିବୃଦ୍ଧି ହାର ଜାତୀୟ ହାରାହାରିରୁ ଅଧିକ ।
train/img_07758.jpg,ସେଠାରେ ଛଅଦିନ ରହିବା ପରେ ପୁଣି ଦନ୍ତ ମନ୍ଦିରକୁ ଫେରି ଆସେ ।
train/img_07759.jpg,୧୯୮୫-୮୬ ମସିହା ପୂର୍ବରୁ ଶ୍ରୀଗୁଣ୍ଡିଚା ମନ୍ଦିରଠାରୁ ବଡ଼ଶଙ୍ଖପର୍ଯ୍ୟନ୍ତ ରାସ୍ତାର ଉଭୟ ପାର୍ଶ୍ୱ ଅଞ୍ଚଳ ନିମ୍ନ ଥିଲା।
train/img_07760.jpg,ବେଙ୍ଗାଳୁରୁ (ବାଙ୍ଗାଲୋର) ଭାରତର କର୍ଣ୍ଣାଟକ ରାଜ୍ୟର ରାଜଧାନୀ ଓ ପ୍ରଶାସନିକ ମୁଖ୍ୟ ନଗର ।
train/img_07761.jpg,ଏହା ଖରିଆରଠାରୁ ୪୧କିମି ।
train/img_07762.jpg,"କେଲିଆ ଶୈବପୀଠ, ଡାବୁଗାଁ"
train/img_07763.jpg,"୨୦୧୧ ଜନଗଣନା ଅନୁସାରେ କଳାହାଣ୍ଡି ଜିଲ୍ଲାର ମୋଟ ଲୋକସଂଖ୍ୟା ୧୫,୭୩,୦୫୪ ।ଏଥିମଧ୍ୟରୁ ଗ୍ରାମାଞ୍ଚଳରେ ୧୪,୫୧,୧୩୦ ଓ ସହରାଞ୍ଚଳରେ ୧,୨୧,୯୨୪ ଲୋକ ବାସ କରନ୍ତି ।"
train/img_07764.jpg,"ତେଜେ କୋଟି ରବି ଶୋଭା, କୋଟିଚନ୍ଦ୍ର ସମପ୍ରଭା"
train/img_07765.jpg,ମହା ବଜ୍ରେଶ୍ୱରୀ/ଇନ୍ଦ୍ରାଣୀ
train/img_07766.jpg,"ଜାତୀୟ ନ୍ୟାୟିକ ତଥ୍ୟ ଭଣ୍ଡାର( - )ଦ୍ୱାରା ସୃଷ୍ଟି ହୋଇଥିବା ତଥ୍ୟଭଣ୍ଡାରକୁ କାର୍ଯ୍ୟକ୍ଷମ ଭାବରେ ବ୍ୟବହାର କରିବା ଏବଂ ଏହାକୁ ସାଧାରଣ ଲୋକଙ୍କ ପାଇଁ ଉପଲବ୍ଧ କରାଇବା ପାଇଁ, ପ୍ରଦର୍ଶନୀ ସନ୍ଦେଶ ସାଇନ୍ ବୋର୍ଡ୍ ବା ନ୍ୟାୟ ଘଡ଼ି ସ୍ଥାପିତ ହୋଇଛି ।"
train/img_07767.jpg,"ନବମୀ ଦିନ ରାତିରେ ବଡ଼ସିଂହାର , ପହୁଡ଼ ଆଳତି ସରିବା ପରେ ଶ୍ରୀବିଗ୍ରହମାନଙ୍କ ଶ୍ରୀମୁଖରେ ଖଣ୍ଡୁଆ ପକାଇ ପୁଷ୍ପାଳକମାନେ ଗମ୍ଭୀରାରୁ ବାହାରି ଆସିଥାନ୍ତି।"
train/img_07768.jpg,ପଦର ଅଙ୍ଗୁଠିକୁ ହସ୍ତରେ ଧରି ମୁଖ ପଦ୍ମରେ ପ୍ରବେଶ କରାଇଛନ୍ତି ।
train/img_07769.jpg,ଗାୟକରତ୍ନ ବୈଦ୍ୟନାଥ ଶର୍ମ୍ମା ଦାସକାଠିଆର ଉଲ୍ଲେଖଯୋଗ୍ୟ କଳାକାରମାନଙ୍କ ମଧ୍ୟରୁ ଅନ୍ୟତମ ।
train/img_07770.jpg,"ଚୀନ,ଆମେରିକା,ଲୋହିତ ଭାରତୀୟ ,ଆଫ୍ରିକାର ଆଦିବାସୀ,ୟୁରୋପର ଅନୁନ୍ନତ ଅଞ୍ଚଳ ତଥା ଭାରତର ବିଭିନ୍ନ ପ୍ରଦେଶରେ ଭଳି ଭଳି ଲୋକନାଟ୍ୟର ପ୍ରଚଳନ ଦେଖିବାକୁ ମିଳେ ।"
train/img_07771.jpg,ଇତିହାସରୁ ଜଣାଯାଏ ରାଜା ଇନ୍ଦ୍ରଦ୍ୟୁମ୍ନ ଅଶ୍ୱମେଧ ଯଜ୍ଞ ଏବଂ ଜଗନ୍ନାଥସଂସ୍କୃତିର ଜଗନ୍ନାଥଙ୍କ ସମେତ ଚାରି ବିଗ୍ରହ ସ୍ଥାପନ କରିଥିଲେ ।
train/img_07772.jpg,ଶଙ୍ଖ କ୍ଷେତ୍ରରେ ନାଭି ମଣ୍ଡଳରେ ଶ୍ରୀମନ୍ଦିର ଓ କ୍ଷେତ୍ରର ଅଧିପତି କ୍ଷେତ୍ରପାଳ ।
train/img_07773.jpg,ଏ ସେବକ ନିଜେ କରତି କାମ କରନ୍ତି ଓ ଅନ୍ୟ କରତିଆକୁ କାମ କରିବାକୁ ଯୋଗାଇ ଦିଅନ୍ତି।
train/img_07774.jpg,"ଧନାଶ୍ରୀ, ରାମକେରି, ମାଳଶ୍ରୀ, ବରାଡ଼ି ଆଦି ରାଗରେ ଏସବୁ ଲେଖା ।"
train/img_07775.jpg,"-ଖେମୁଣ୍ଡି - ପାରଳାଖେମୁଣ୍ଡି , ବଡ଼ଖେମୁଣ୍ଡି , ସାନଖେମୁଣ୍ଡି ଇତ୍ୟାଦି"
train/img_07776.jpg,"ପ୍ରସନ୍ନ ଖେମେଶ୍ୱର ମନ୍ଦିର, ବାସୁଦେବପୁର"
train/img_07777.jpg,"ଫଳରେ ବିଶେଷ କରି ବିଭିନ୍ନ ଦକ୍ଷିଣ ଏସିଆ, ଦକ୍ଷିଣପୂର୍ବ ଏସିଆ ଏବଂ ପୂର୍ବ ଏସିଆର ଭାଷାଗୁଡ଼ିକର ଔପଚାରିକ ଏବଂ ପରିବର୍ତ୍ତିତ ଶବ୍ଦାବଳୀ ଉପରେ ସଂସ୍କୃତ ସ୍ଥାୟୀ ପ୍ରଭାବ ପକାଇଥିଲା ।"
train/img_07778.jpg,ଏହା ଗଡ଼ଜାତ ରାଜା ଢେ଼ଙ୍କ ଶବରଦ୍ୱାରା ସ୍ଥାପିତ ହୋଇଥିଲା ।
train/img_07779.jpg,ସହଜଯାନ
train/img_07780.jpg,"କେତେକଙ୍କ ମତରେ ଏହା ରାଜ୍ୟର ଜନସଂଖ୍ୟାକୁ ସୂଚାଏ, ଆଉ କେତେକଙ୍କ ମତରେ, ଏହା ପୁନରୁଦ୍ଧାର କାର୍ଯ୍ୟରେ ଖର୍ଚ୍ଚ ହୋଇଥିବା ଅର୍ଥର ପରିମାଣକୁ ବୁଝାଏ ।"
train/img_07781.jpg,ଏହାର ଭୌଗଳିକ ଦିଗବାରେଣି:
train/img_07782.jpg,"୧୨,୨୦,୦୦୦ (୨୦୨୩ ଜନଗଣନା ଅନୁଯାୟୀ)"
train/img_07783.jpg,ଲିପି
train/img_07784.jpg,୧୯୫୦ରେ ଚତୁର୍ଥ ଓଡ଼ିଆ ଚଳଚ୍ଚିତ୍ର ଶ୍ରୀ ଜଗନ୍ନାଥ ମୁକ୍ତି ଲାଭ କରିଥିଲା।
train/img_07785.jpg,ମୋହନା
train/img_07786.jpg,ବିଦ୍ୟାଳୟ
train/img_07787.jpg,ଗୁଣ୍ଡିଚା ମନ୍ଦିର ।
train/img_07788.jpg,ରଥରୁ ଚାରମାଳ ଖୋଲାଯିବା ପରେ ଘୋଡ଼ା଼ ବନ୍ଧାଯାଏ।
train/img_07789.jpg,"ସେ ପ୍ରଥମେ ବଙ୍ଗଳା ଭାଷାରେ ଛୋଟ ଗଳ୍ପ ଲେଖିଥିଲେ ତା ନାମ ""ଭିକରିଣୀ""(ଭିକାରି ସ୍ତ୍ରୀ ଲୋକ)"
train/img_07790.jpg,"ରଜ ଶବ୍ଦର ଆକ୍ଷରିକ ଅର୍ଥ ରଜବତୀ ହେବା, ଯାହା ପୃଥିବୀକୁ ମାତା ଭାବରେ ବିବେଚନା କରି ବର୍ଷାର ଆଗମନରେ ସେ ରଜସ୍ୱଳା ହେବାର ଓ ନୂଆ ଶସ୍ୟ ଜନ୍ମ ହେବାର ସାଙ୍କେତିକ ଭାବ ବହନ କରିଥାଏ ।"
train/img_07791.jpg,ଏହି ଗ୍ରନ୍ଥ ଆଜି ଓଡ଼ିଆ ସାହିତ୍ୟର ବାଣୀ ଭଣ୍ଡାରକୁ ସମୃଦ୍ଧ କରିଛି ।
train/img_07792.jpg,ଶ୍ଳୋକ ବା ବିଳାପମୂଳକ ଚଉତିଶା
train/img_07793.jpg,ଏହିଠାରେ ସ୍ୱର୍ଗତ ବିଜୁ ପଟ୍ଟନାୟକ ଓଡ଼ିଶା ଲୁଗାକଳ (ଓ ଟି ଏମ )ସ୍ଥାପନ କରିଥିଲେ।
train/img_07794.jpg,ଏହା ଗ୍ରାମାଞ୍ଚଳରେ ଏହା କାମନା ଦଣ୍ଡ ଭାବେ ପରିଚିତ।
train/img_07795.jpg,ଚୀନ ସହିତ ନୌବାଣିଜ୍ୟର ପ୍ରଥମ ଉଲ୍ଲେଖ ଫା-ହିଏନ୍ (ଖ୍ରୀ ୩୯୯ରୁ ୪୧୧)ଙ୍କ ଲେଖାରୁ ମିଳେ ।
train/img_07796.jpg,ଏହି ଚନ୍ଦ୍ରଧ୍ୱଜ ଷଣ୍ଢଙ୍କର ନାତି ଜଗନ୍ନାଥ ବୀରବରଙ୍କ ପୋଷ୍ୟ ପୁତ୍ର ଥିଲେ କୁଜଙ୍ଗ ଗାନ୍ଧୀ ନାରାୟଣ ବୀରବର ସାମନ୍ତ ।
train/img_07797.jpg,କିନ୍ତୁ ସାଧନା କରିଥିଲେ ନିକଟସ୍ଥ ତେନ୍ତୁଳିପଦାଠାରେ ।
train/img_07798.jpg,ରାଜସ୍ୱ ମଣ୍ଡଳ- ୫୦ଟି
train/img_07799.jpg,ଶ୍ରୀଗୁଣ୍ଡିଚା
train/img_07800.jpg,ବୀର ରସ ପ୍ରକାଶ କରିବାରେ ଏହି ନୃତ୍ୟର ଯଥେଷ୍ଟ ପ୍ରଭାବ ରହିଛି ।
train/img_07801.jpg,ଏହାର କିଛିମାସ ମରେ ୧୨ ମାର୍ଚ୍ଚ ୧୯୯୩ରେ ପୂର୍ବ ନିଯୋଜିତ ବମ ବିସ୍ଫୋଟ ସହରକୁ ଦୋହଲେଇଦେଇଥିଲା।
train/img_07802.jpg,ଶିଳ୍ପ ଭାବରେ ସ୍ୱୀକୃତି
train/img_07803.jpg,ଯୋଗୀମଠର ଚିତ୍ରଲିପିରେ ନାଲଙ୍ଗୀ ରଙ୍ଗରେ ଲିଖିତ “ଠ” ଲିପି ଆଜି ପର୍ଯ୍ୟନ୍ତ ଓଡ଼ିଆ ସମେତ ସମସ୍ତ ଭାରତୀୟ ଲିପିମାଳାରେ ଅବିକଳ ଭାବରେ ବ୍ୟବହୃତ।
train/img_07804.jpg,ଓଡ଼ିଆରେ ଅନେକ ଦୂତ ବା ସନ୍ଦେଶମୂଳକ ସାହିତ୍ୟ ରଚିତ ହୋଇଥିଲା ।
train/img_07805.jpg,ଦଣ୍ଡୁଆଙ୍କ ଦେହରେ ମା କାଳୀ ବିରାଜନ୍ତି ବୋଲି ଲୋକେ ବିଶ୍ୱାସ କରନ୍ତି।
train/img_07806.jpg,ଛତିଶଗଡ଼ର ଯଶପୁର ଏବଂ ଝାଡ଼ଖଣ୍ଡର ସିମଡେଗା ଜିଲ୍ଲାରେ ଏହି ଭାଷା ମଧ୍ୟ କୁହାଯାଏ ।
train/img_07807.jpg,"ମୁମ୍ବାଇର ଉତ୍ତର ଭାଗ ପାହାଡ଼ିଆ ଯାହାର ସର୍ବୋଚ୍ଚ ଉଚ୍ଚତା ୪୫୦ମି (୧,୪୭୬ ଫୁଟ) ।"
train/img_07808.jpg,ରାଜ୍ୟ ସ୍ତରର ମନ୍ତ୍ରୀ
train/img_07809.jpg,କଟକ ଉପକଣ୍ଠ ଚୌଦ୍ୱାର ଓଡ଼ିଶାର ପୁରୁଣା ଔଦ୍ୟୋଗିକ ପେଣ୍ଠ ଥିଲା।
train/img_07810.jpg,ଇନ୍ଦୋରର ରାଣୀ ଅହଲ୍ୟାବାଈ ପୁରୀ ଯାତ୍ରା କରିବାବେଳେ ଗୋସେଇଁ ଶାଶୁଙ୍କ ନିମିତ୍ତ ଏକ ବଡ଼ ପୋଖରୀ ଖୋଳାଇଥିଲେ।
train/img_07811.jpg,ତାହା ଅଳ୍ପ ସଂଖ୍ୟକ ସମବେତ ଭକ୍ତଗଣଙ୍କୁ ବଣ୍ଟନ କରାଯାଉଥିଲା ।
train/img_07812.jpg,ସିଦ୍ଧ ବକୁଳ
train/img_07813.jpg,ଗୁରୁର କଥାତେ ବିଶ୍ୱାସ ନା କର
train/img_07814.jpg,ପରମ ତୀର୍ଥକ୍ଷେତ୍ର ପୁରୀ ପୁରୁଷୋତ୍ତମ କ୍ଷେତ୍ର ନାମରେ ପ୍ରସିଦ୍ଧ ।
train/img_07815.jpg,ଯଯାତିଙ୍କ ବେଳେ ଜଗନ୍ନାଥ ମନ୍ଦିରର ଉଚ୍ଚତା ମାତ୍ର ୪୮ ହାତ ଥିଲା।
train/img_07816.jpg,ଏହାପରେ ଦର୍ଶବ ନିମିତ୍ତ କିଛି ସମୟ ଭକ୍ତମାନଙ୍କୁ ରଥ ଉପରୁ ଛଡା ଯାଇଥାଏ।
train/img_07817.jpg,ଉତ୍ତର-ପଶ୍ଚିମରେ ସୁଲେମାନ ଓ ହିନ୍ଦୁକୁସ ପର୍ବତମାଳା ଅବସ୍ଥିତ ।
train/img_07818.jpg,"ଉଭୟ କନ୍ୟା ଓ ବରପକ୍ଷ ମଧ୍ୟରେ ବହୁ ଥଟ୍ଟା ପରିହାସ, ଆକ୍ଷେପ ଉକ୍ତି ମଧ୍ୟରେ ଏହି ଝୁମର ଗାନ କରାଯାଇଥାଏ ।"
train/img_07819.jpg,"କବି ମାନସିଂହ ଜଣେ ଶିକ୍ଷାବିତ୍, କବି ଓ ସମାଲୋଚକ ଭାବରେ ଅନେକ ବହୁମୂଲ୍ୟ ରଚନା ରଚି ଯାଇଛନ୍ତି ।"
train/img_07820.jpg,"ବାଣେଶ୍ୱର ଶିବ ମନ୍ଦିର, ପୁରୁଣା ବାଲେଶ୍ୱର"
train/img_07821.jpg,ପିପିଲି
train/img_07822.jpg,ଓଡ଼ିଆ ଭାଷାର ଇତିହାସ - -
train/img_07823.jpg,"ରଜ ଶବ୍ଦର ଆକ୍ଷରିକ ଅର୍ଥ ରଜବତୀ ହେବା, ଯାହା ପୃଥିବୀକୁ ମାତା ଭାବରେ ବିବେଚନା କରି ବର୍ଷାର ଆଗମନରେ ସେ ରଜସ୍ୱଳା ହେବାର ଓ ନୂଆ ଶସ୍ୟ ଜନ୍ମ ହେବାର ସାଙ୍କେତିକ ଭାବ ବହନ କରିଥାଏ ।"
train/img_07824.jpg,ଭାରତରେ ଦେଖାଯାଉଥିବା ହରିଣମାନଙ୍କ ଭିତରେ ହରିଣ ସବୁଠାରୁ ବଡ଼।
train/img_07825.jpg,ଏହା ସହରର ପୁରାତନ ଓ ସମୃଦ୍ଧ ସାହିତ୍ୟାନୁଷ୍ଠାନ।
train/img_07826.jpg,କିରିବୁରୁ ହିଲ୍ ଟପ୍ (ବଡ଼ବିଲ)
train/img_07827.jpg,: : (୨୧ )
train/img_07828.jpg,ବେଢ଼ା ମଧ୍ୟରୁ ଭକ୍ତ ଦ୍ୱାର ଦେଇ ପ୍ରବେଶ କରିବାକୁ ହେଲେ ଦ୍ୱାରଦେଶରେ ପହଞ୍ଚିବାନିମନ୍ତେ କେତୋଟି ପାହାଚ ଚଢ଼ିବାକୁ ପଡେ ।
train/img_07829.jpg,ଗ୍ରାମ ପଞ୍ଚାୟତ: ୪୭୫
train/img_07830.jpg,ପରଜା
train/img_07831.jpg,ସହର: ୫
train/img_07832.jpg,ଏହାର ଜନସଂଖ୍ୟା ପ୍ରାୟ ୧ ନିୟୁତ ।
train/img_07833.jpg,ନମାଜର ୩ଟି ଅଂଶ ରହିଛି:
train/img_07834.jpg,"ଏହା ସମୁର୍ଣ୍ଣ ଭାରତର ଶିଳ୍ପ ଉତ୍ପାଦର ୨୫ , ଜଳଜାହାଜ ବ୍ୟାପାରର ୪୦ ଓ ଭାରତୀୟ ଅର୍ଥବ୍ୟବସ୍ଥାରେ ପୁଞ୍ଜି ନେଣଦେଣରେ ୭୦ ଭାଗୀଦାରୀ ରହିଛି।"
train/img_07835.jpg,"ରାୟଗଡ଼ର ଜଗନ୍ନାଥ ମନ୍ଦିର,"
train/img_07836.jpg,ରଥଯାତ୍ରାର ଦୁଇ ଦିନ ପୂର୍ବରୁ ପ୍ରତି ରଥରେ ନଅ ମୂର୍ତ୍ତି ଲେଖାଏଁ ପାର୍ଶ୍ୱଦେବତାଙ୍କୁ ଅଧିଷ୍ଠିତ କରାଯାଇଥାଏ।
train/img_07837.jpg,ଯୌବନ କାନନାଙ୍ଗନେ ଶିକାରି ସାଜିଲରେ
train/img_07838.jpg,"ଏହା କାନ୍ଦାଲ ଜିଲ୍ଲାର ପୂର୍ବ ଘାଟର ଷିମାଲା ପାହାଡରୁ ଉତ୍ପନ୍ନ ଏହା କିଲୋମିଟର ଲମ୍ବ, , କିଲୋମିଟର ଧରିବା କ୍ଷେତ୍ର ସହିତ ଏହାର ଉପନଦୀଗୁଡ଼ିକ ହେଉଛି ବାଗୁଆ ଏବଂ ଧାନେଇ ବାଦନାଡି ଏହାର ପାଟିରେ କ ଣସି ଡେଲଟା ନାହିଁ"
train/img_07839.jpg,ଏହାକୁ ଏଣ୍ତି ପୋକ କୁହାଯାଏ ।
train/img_07840.jpg,ଉମେଶ ଚନ୍ଦ୍ର ସରକାରଙ୍କ ଲିଖିତ ପଦ୍ମମାଳି ଥିଲା ପ୍ରଥମ ସମ୍ପୂର୍ଣ୍ଣ ଓଡ଼ିଆ ଉପନ୍ୟାସ ।
train/img_07841.jpg,"ଏହି ଯୁଗର ଶେଷ ଆଡ଼କୁ କବି ବ୍ରଜନାଥ ବଡ଼ଜେନା ସମର ତରଙ୍ଗ, ଅମ୍ବିକା ବିଳାସ କାବ୍ୟ ଓ କବିସୂର୍ଯ୍ୟ ବଳଦେବ ରଥ କିଶୋରଚନ୍ଦ୍ରାନନ ଚମ୍ପୂ ଓ ଚନ୍ଦ୍ରକଳା କାବ୍ୟ ଲେଖିଥିଲେ ।"
train/img_07842.jpg,୧୪ ଦିନ ପୂର୍ବରୁ ଲିଖିତ ସୂଚନା ଦେଇ ନିର୍ଦ୍ଦିଷ୍ଟ ପ୍ରଣାଳୀ ଅବଲମ୍ବନ ପୂର୍ବକ ଗୃହର ସଦସ୍ୟମାନେ ସଂଖ୍ୟା ଗରିଷ୍ଠ ସମର୍ଥନରେ ବାଚସ୍ପତିଙ୍କୁ ତାଙ୍କ ପଦରୁ ଅପସାରଣ କରନ୍ତି ।
train/img_07843.jpg,ଚକାପାଦ
train/img_07844.jpg,ଏହି ବିବିଧତାର ବୈଶିଷ୍ଟ୍ୟଗୁଡିକ ନିମ୍ନଲିଖିତ ଅଟେ (ସାଧାରଣ ଓଡ଼ିଆ ଅନୁସରଣ କରୁଥିବା ସୁନ୍ଦରଗଡ଼ୀ):
train/img_07845.jpg,ଖରାଦିନେ ଏ ଲୋମ ଝଡ଼ିଯାଏ।
train/img_07846.jpg,ପ୍ରାୟ ଖ୍ରୀ ୬୦୦ ସମୟରେ କୌନ୍ଦିନ୍ୟ ନାମକ ଜଣେ ଭାରତୀୟ ବାଲିର ପ୍ରଥମ ଶାସକ ହୋଇଥିଲେ ଓ ପରମ୍ପରାଗତ ଭାବେ ବାଲିର ସମସ୍ତ ଶାସକ ଏହି ଉପାଧି ବହନ କରନ୍ତି ।
train/img_07847.jpg,ଦାଁଡ଼ାୟକି ଲତା ହରେ - ତରୁର ପତନ ?
train/img_07848.jpg,ମହାଭାରତ ଓ ପୌରାଣିକ ଯୁଗରେ ଚନ୍ଦ୍ରବଂଶର ରାଜା ଦୁଷ୍ମନ୍ତଙ୍କ ପୁତ୍ର ଭରତ ଆମ ଦେଶର ସର୍ବ ପ୍ରଥମ ଚକ୍ରବର୍ତ୍ତୀ ବା ସମ୍ରାଟ ଥିଲେ ।
train/img_07849.jpg,ହରିହର କାନୁନଗୋଙ୍କ ମତରେ ଜଗନ୍ନାଥଙ୍କ ରଥଯାତ୍ରା ଏକ ବୌଦ୍ଧ ଅନୁଷ୍ଠାନ ।
train/img_07850.jpg,ତତ୍ପରେ ସନ୍ଧ୍ୟା ଧୂପ ଉଠି ପୂଜା ବସିଥିବା ସମୟେ ମହାଲକ୍ଷ୍ମୀ ରଥ ପାଖରେ ନୀତି ବଢ଼ାଇ ଜଗମୋହନର ଜୟବିଜୟ ଦ୍ୱାରଠାକୁ ଆସିଥାନ୍ତି।
train/img_07851.jpg,ବିଜ୍ଞାନ କାହାଣୀ
train/img_07852.jpg,ଅବଶିଷ୍ଟ ଲୋକ କେବଳ ମାସର ଶେଷ ପାଞ୍ଚଦିନ --- ପଞ୍ଚୁକରେ ଆମିଷ ଭକ୍ଷଣରୁ ନିବୃତ୍ତ ରହନ୍ତି ।
train/img_07853.jpg,ଦୁଇଦଳ ପ୍ରତିଦ୍ୱନ୍ଦୀ ହୋଇ ପାଲା ଅଭିନୟ କଲେ ତାକୁ 'ଜାଉଁଳି ପାଲା' ବା ' ଜାଉଳି ପୂଜା' କହନ୍ତି ।
train/img_07854.jpg,ରାଜୀବ ଗାନ୍ଧୀ ଖେଳରତ୍ନ ଓ ଅର୍ଜୁନ ପୁରସ୍କାର ଭାରତରେ ଖେଳ ନିମନ୍ତେ ଦିଆଯାଉଥିବା ସର୍ବୋଚ୍ଚ ପୁରସ୍କାର।
train/img_07855.jpg,ଏଠାରେ ବହୁ ବିଭାଗରେ ଅତ୍ୟାଧୁନିକ ଯନ୍ତ୍ରପାତି ଓ ବିଶେଷ ସେବା ଉପଲବ୍ଧ ଆଛି।
train/img_07856.jpg,ଓଡ଼ିଶାରେ ଗଙ୍ଗବଂଶ ୧୪୩୪ ଯାଏଁ ଥିଲା ।
train/img_07857.jpg,ନବରଙ୍ଗପୁର ଓ ଉମରକୋଟ ଏହି ଜିଲ୍ଲାର ମୂଖ୍ୟ ସହର ।
train/img_07858.jpg,"ପାହାଚଗୁଡ଼ିକର ଓସାର ୬ଫୁଟ, ଲମ୍ବ ୭୦ଫୁଟ ଓ ଉଚ୍ଚତା ୬ଇଞ୍ଚରୁ ୭ଇଞ୍ଚ ମଧ୍ୟରେ ହେବ ।"
train/img_07859.jpg,ଏହା ପୂର୍ଣ୍ଣଯୋଗ ଏବଂ ପିତୃମାନଙ୍କର ମୁକ୍ତିପଦ।
train/img_07860.jpg,ପିନ୍ଧା ଲୁଗା
train/img_07861.jpg,"ଧାମସା, ମାଦକ, ଢୋଲ, ଚଡ଼ଚଡ଼ି ମୋଟାବାଜ୍ ନା ଓ ସାହାନାଇ, ବଂଶୀ, ବେହେଲା, କେନ୍ଦେରା ପ୍ରଭୃତି ସରୁବାଜ୍ ନା ଭାବରେ ପରିଚିତ ।"
train/img_07862.jpg,ଧ୍ୱନିଶୀଳ ମୂର୍ଦ୍ଧନ୍ୟ ବ୍ୟଞ୍ଜନର ବ୍ୟବହାର : ଧ୍ୱନିଶୀଳ ମୂର୍ଦ୍ଧନ୍ୟ ପାର୍ଶ୍ୱ ସମୀପୀୟ (ଳ) ର ଅଭାବ ଏବଂ ଧ୍ୱନିଶୀଳ ମୂର୍ଦ୍ଧନ୍ୟ ନାସିକ୍ୟଧ୍ୱନି (ଣ) ର ସୀମିତ ବ୍ୟବହାର ।
train/img_07863.jpg,ଆର ଉଦୟଗିରି ତହସିଲ ଅଧିନରେ: ୧୭ଟି
train/img_07864.jpg,ଆଶ୍ରମ ଏବଂ ସ୍ୱାଧୀନତା ସଂଗ୍ରାମୀମାନଙ୍କୁ ମନେ ପକାଇବା ପାଇଁ ସ୍ଥାନୀୟ ଚାଟରାର ବିନାୟକ ପଟ୍ଟନାୟକ କିଛି ଜମି ଦାନ କରିଥିଲେ ।
train/img_07865.jpg,ଦତବଂଶରେ କଳିଙ୍ଗ ରାଜା ଗୂହଶିବ ଓ ସିଂହଳ ରାଜା ମହାସେନାଙ୍କ (୨୭୭-୩୦୪ ଖ୍ରୀ ) ମିତ୍ରତାର ବିବରଣୀ ରହିଛି ।
train/img_07866.jpg,ଜେ ଏସ୍ ଡବ୍ଲ୍ୟୁ ସନ୍ତରଣ ଉଚ୍ଚ ପ୍ରଦର୍ଶନ କେନ୍ଦ୍ର ( )
train/img_07867.jpg,ଓଡ଼ିଶାର ଅଧିକାଂଶ ଗ୍ରାମ ଗୁଡିକରେ ହିଁ ବୁଣାକାର୍ଯ୍ୟ କରାଯାଏ ।
train/img_07868.jpg,"ଜଗନ୍ନାଥ ମନ୍ଦିର (ବଡ଼ଦେଉଳ, ଶ୍ରୀମନ୍ଦିର ନାମରେ ମଧ୍ୟ ଜଣା) ଓଡ଼ିଶାର ପୁରୀ ସହରର ମଧ୍ୟଭାଗରେ ଅବସ୍ଥିତ ଶ୍ରୀଜଗନ୍ନାଥ, ଶ୍ରୀବଳଭଦ୍ର, ଦେବୀ ସୁଭଦ୍ରା ଓ ଶ୍ରୀସୁଦର୍ଶନ ପୂଜିତ ହେଉଥିବା ଏକ ପୁରାତନ ଦେଉଳ ।"
train/img_07869.jpg,ବରମପୁରିଆ ପାଟ ପିନ୍ଧାଇଲି
train/img_07870.jpg,"ପ୍ରତ୍ନତାତ୍ତ୍ୱିକ ଖନନରୁ ବିଭିନ୍ନ ପ୍ରକାରର ମାଟି ନିର୍ମିତ ପାତ୍ର, ସିଂହଳ ଓ ଚୀନର ମୁଦ୍ରା ଇତ୍ୟାଦି ଆବିଷ୍କାର ହୋଇଛି ।"
train/img_07871.jpg,ଓଡ଼ିଶୀର ମୌଳିକ ଚଉକୋଣ ନାଚକୁ ଚଉକା କୁହାଯାଏ ।
train/img_07872.jpg,ଭୁବନ: ୧୭ ପଞ୍ଚାୟତ (୨୫୪ୱାର୍ଡ଼) ଓ ୩ଟି ଜିଲ୍ଲା ପରିଷଦ ଆସନ
train/img_07873.jpg,"ଏହି ନୃତ୍ୟରେ ପଖଉଜ, ବେହେଲା, ଗିନି, ଝାଞ୍ଜ, ବଂଶୀ ଇତ୍ୟାଦି ବାଦ୍ୟଯନ୍ତ୍ର ବ୍ୟବହାର କରାଯାଏ ।"
train/img_07874.jpg,ଥାଇଲ୍ୟାଣ୍ଡର ପ୍ରଧାନମନ୍ତ୍ରୀଙ୍କୁ କାର୍ଯ୍ୟନିର୍ବାହୀ ଶାଖାର ମୁଖ୍ୟ।
train/img_07875.jpg,ଏହା ଏକ ରାଜ୍ୟସ୍ତରୀୟ ମହୋତ୍ସବ ଓ ଏହା ନଭେମ୍ବର ୧୬ ତାରିଖରୁ ୧୮ ତାରିଖ ଭିତରେ ଅନୁଷ୍ଠିତ ହୋଇଥାଏ ।
train/img_07876.jpg,ଏହି ରାଧାଶ୍ୟାମ ନରେନ୍ଦ୍ରଙ୍କ ପିଉସା ଥିଲେ ବିଦଗ୍ଧ କବି ଅଭିମନ୍ୟୁ ସାମନ୍ତରାୟ ।
train/img_07877.jpg,"ଏହା ବ୍ୟତୀତ ରଥ ଉପରକୁ ମଠ ତରଫରୁ ଠାକୁରମାନଙ୍କ ଲାଗି ଉଦ୍ଦେଶ୍ୟରେ ମାଳ, ଚୂଳ ଇତ୍ୟାଦି ପଠାଯାଇଥାଏ।"
train/img_07878.jpg,କଠାରୁ କ୍ଷ ଯାଏଁ ବ୍ୟଞ୍ଜନ ବର୍ଣ୍ଣରେ ଚଉତିଶା ରଚିତ ହୋଇଥାଏ ।
train/img_07879.jpg,ଆଧାର
train/img_07880.jpg,ରୋଜା
train/img_07881.jpg,କଠାରୁ କ୍ଷ ଯାଏଁ ବ୍ୟଞ୍ଜନ ବର୍ଣ୍ଣରେ ଚଉତିଶା ରଚିତ ହୋଇଥାଏ ।
train/img_07882.jpg,"୧୯୮୩ରୁ ୨୦୦୮ମସିହା ପର୍ଯ୍ୟନ୍ତ, ଆମେରିକାର ପ୍ରକୃତ ଯୌଗିକ ବାର୍ଷିକ ଜିଡିପି ଅଭିବୃଦ୍ଧି ୩ ୩ ଥିଲା, ବାକି ପାଇଁ ୨ ୩ ଓଜନ ବିଶିଷ୍ଟ ହାରାହାରି ତୁଳନାରେ ମୁଣ୍ଡପିଛା ଜିଡିପିରେ ଦେଶ ବିଶ୍ବର ପଞ୍ଚମ ସ୍ଥାନରେ ରହିଛି ଏବଂ ପିପିପିରେ ମୁଣ୍ଡପିଛା ଜିଡିପିରେ ସପ୍ତମ ସ୍ଥାନରେ ରହିଛି ।"
train/img_07883.jpg,ନଶ୍ୱରତା ଓ ବୈରାଗ ପରାୟଣତାକୁ ନେଇ ପ୍ରାଚୀନ ସାହିତ୍ୟରେ ଅନେକ ଛୋଟ ବଡ଼ କବିତା ରଚିତ ହୋଇଥିଲା ।
train/img_07884.jpg,ବାଲେଶ୍ୱରଠାରେ ଅନେକ ଜଣାଶୁଣା ଚିତ୍ରକର ଓ ଶିଳ୍ପୀ ଜନ୍ମ ନେଇଛନ୍ତି ।
train/img_07885.jpg,ଗୋବର୍ଦ୍ଧନ ମଠ
train/img_07886.jpg,"ନାରାୟଣଙ୍କ ଲିଖିତ ଚଉତିଶାମାଳାରେ ନାରୀମାନଙ୍କର ନାନା ବିଭାଗରେ ସ୍ୱାଧିନଭର୍ତ୍ତୃକା, ବାସକସଜ୍ଜା, କଳହାନ୍ତରିତା ଓ ଅଭିସାରିକା ଆଦି ନାୟିକାମାନଙ୍କ କଥା ବଖଣାଯାଇଅଛି ।"
train/img_07887.jpg,ପଢୁଆ ହାର ୭୬ ୯୧
train/img_07888.jpg,ଭାଷା ଭିତ୍ତିରେ ଗଠିତ ପ୍ରଥମ ଭାରତୀୟ ରାଜ୍ୟ ।
train/img_07889.jpg,"ଓଡ଼ିଶାର ଅର୍ଥନୀତି, ସାମାଜିକ ବିଧିବ୍ୟବସ୍ଥା, ଧାର୍ମିକ ବିଶ୍ୱାସର ଅଧପତନ ଘଟାଇବାକୁ ଚେଷ୍ଟିତ ଇଂରେଜ କମ୍ପାନୀ ସରକାର ୧୮୬୬ରେ ନଅଙ୍କ ଦୁର୍ଭିକ୍ଷ ସୃଷ୍ଟି କରିଥିଲେ ।"
train/img_07890.jpg,ନନ୍ଦ ମୋର ଫୁଲକେରୀ ହାର ।।
train/img_07891.jpg,ପୁରୀ ରଥଯାତ୍ରାରେ ଏହା ଏକ ଅଗ୍ରଣୀ ସେବା ପ୍ରଦାଙ୍କାରି ସଂସ୍ଥା ।
train/img_07892.jpg,ସୁରେନ୍ଦ୍ର ମହାନ୍ତି: ୧୯୭୧
train/img_07893.jpg,"ଗାନ୍ଧର୍ବ ବିଦ୍ୟାରେ ପାରଙ୍ଗମ ଖାରବେଳ ନଗରୀ ବାସୀଙ୍କୁ ନୃତ୍ୟ, ଗୀତ, ଆଦି ଉତ୍ସବଦ୍ୱାରା ନଗରୀ ବାସୀଙ୍କୁ ଆପ୍ୟାୟିତ କଲେ ।"
train/img_07894.jpg,"ତୃତୀୟେ ଲିଖନ କଲି ଶିରୀ ଭାଗବତ"""
train/img_07895.jpg,ପୁରାତନ ଓଡ଼ିଆ ଭାଷା ଓ ସାହିତ୍ୟରେ ଅନେକ ଚଉତିଶା ରଚିତ ହୋଇଥିଲା ।
train/img_07896.jpg,୧୯୧୨ ଖ୍ରୀ - ବିହାର-ଓଡ଼ିଶା ବଙ୍ଗରୁ ଅଲଗା ପ୍ରାନ୍ତ ଭାବେ ଗଠିତ ।
train/img_07897.jpg,ଏହି ମନ୍ଦିର ନିକଟରେ ଏକ ରାମମନ୍ଦିର ଓ ୪୦ଫୁଟ ଉଚ୍ଚତା ବିଶିଷ୍ଟ ଏକ ହନୁମାନ ମୂର୍ତ୍ତି ଅବସ୍ଥିତ ।
train/img_07898.jpg,"ବିକ୍ରମ କେଶରୀ ଆରୁଖ: ଗ୍ରାମ୍ୟ ଉନ୍ନୟନ, ସୂଚନା ଓ ଲୋକସମ୍ପର୍କ, ସଂସଦୀୟ ବ୍ୟାପାର"
train/img_07899.jpg,"୧୮୦୦ ଦଶକର ମଧ୍ୟଭାଗରୁ ଶେଷ ପର୍ଯ୍ୟନ୍ତ, ରୋମାଣ୍ଟିକ୍ ଯୁଗର ଜନ୍ ଫିଲିପ୍ ସୋସା ଅନେକ ସାମରିକ ଗୀତ ରଚନା କରିଥିଲେ - ବିଶେଷତଃ ମାର୍ଚ୍ଚ - ଏବଂ ଏହାକୁ ଆମେରିକାର ସର୍ବଶ୍ରେଷ୍ଠ ରଚନା ଭାବରେ ପରିଗଣିତ କରାଯାଇଥିଲା"
train/img_07900.jpg,"ଫେରି ଯା, ଯାରେ ଯାରେ କାହ୍ନା ଆଉ ଜଳାନା"
train/img_07901.jpg,ଦ୍ୱାର
train/img_07902.jpg,ଐତିହାସିକମାନଙ୍କ ମତରେ ତାଙ୍କର ପ୍ରାୟ ୬ ଲକ୍ଷ ବା ତତୋଧିକ ସୈନ୍ଯ ଥିଲେ ।
train/img_07903.jpg,"ଝାଡ଼ଖଣ୍ଡର ଅଧିକାଂଶ ଅଂଶ ଏବେ ମଧ୍ୟ ଜଙ୍ଗଲରେ ଆବଦ୍ଧ, ଯାହାକି ବନ୍ୟପ୍ରାଣୀଙ୍କୁ ସୁରକ୍ଷା ଦେଇ ଆସୁଛି।"
train/img_07904.jpg,"କିମ୍ବଦନ୍ତୀ ତଥା ପୌରାଣିକ ଆଖ୍ୟାୟିକା ଅନୁଯାୟୀ, ଜାରା ଶବର ଶରରେ ପ୍ରାଣ ଛାଡ଼ିଲେ ଦ୍ୱାରକାଧିପତି ଶ୍ରୀକୃଷ୍ଣ ।"
train/img_07905.jpg,ସେ ସମୟର ପ୍ରସିଦ୍ଧ ବୌଦ୍ଧପୀଠର ଖଡ଼ିଆଳ ଅଞ୍ଚଳରୁ ସଂଗୃହିତ ବିଶାଳ ବୁଦ୍ଧମୂର୍ତ୍ତି ଏବେ ଓଡ଼ିଶା ରାଜ୍ୟ ସଂଗ୍ରହାଳୟରେ ରହିଛି।
train/img_07906.jpg,"ଜଣେ ଗାୟକ, ଜଣେ ବାୟକ/ବାଦକ, ଜଣେ ଶ୍ରୀପାଳିଆ ଓ ୩ ଜଣ ପାଳିଆଙ୍କୁ ନେଇ ପାଲା ଅନୁଷ୍ଠିତ ହୋଇଥାଏ ।"
train/img_07907.jpg,"ରାଣୀହାଟ-ମଙ୍ଗଳବାଗ- ଲୁଗାପଟା, ଔଷଧ ଓ ଭେଷଜ ଉପକରଣ"
train/img_07908.jpg,"ସେ ତାଙ୍କ ଜୀବନ କାଳରେ ଅନେକ ସଂଗଠନ, ଅନୁଷ୍ଠାନ, ଇତ୍ୟାଦି ଗଠନ କରିଥିଲେ, ତନ୍ମଧ୍ୟରୁ ଅଖିଳ ଭାରତୀୟ ଦୁଃଖୀ ସମାଜ, ଭଦ୍ରକ ଏଡୁକେସନ ଫୋରମ୍ ( ) ଅନ୍ୟତମ।"
train/img_07909.jpg,ରାୟଗଡ଼ା ଜିଲ୍ଲା ହେଉଛି କୋରାପୁଟ (ଲୋକ ସଭା ନିର୍ବାଚନ ମଣ୍ଡଳୀ)ର ଅଂଶ ବିଶେଷ
train/img_07910.jpg,ପ୍ରଫୁଲ ସେନଗୁପ୍ତାଙ୍କଦ୍ୱାରା ନିର୍ଦ୍ଦେଶିତ ୧୧ତମ ଓଡ଼ିଆ ଚଳଚ୍ଚିତ୍ର ଶ୍ରୀଲୋକନାଥକୁ ଜାତୀୟ ଫିଲ୍ମ ପୁରସ୍କାର ହାସଲ କରିଥିଲା।
train/img_07911.jpg,"ଦକ୍ଷିଣ କାଳୀ ପୀଠ, ବୀରନରସିଂହପୁର ।"
train/img_07912.jpg,"ଝାରସୁଗୁଡ଼ା ସହରସ୍ଥ ଝଡେଶ୍ୱର ମନ୍ଦିର , ବ୍ରଜରାଜ ନଗର ନିକଟସ୍ଥ ଚଣ୍ଡୀ ମନ୍ଦିର , ପାହାଡୀ ମନ୍ଦିର ମଧ୍ୟ ବହୁ ପୁରାତନ ସ୍ଥାପତ୍ୟର ପରିଚୟ ହିସାବରେ ଅଛି ।"
train/img_07913.jpg,ଶ୍ରୀନୀଳମାଧବ
train/img_07914.jpg,ରାଜା କୁଟିଙ୍କର ପ୍ରାସାଦରେ ଥିବା ସେବକମାନଙ୍କୁ ଚମ୍ପା ଓ କଳିଙ୍ଗରୁ ଅଣାଯାଇଥିଲା ବୋଲି ଖ୍ରୀ ୮୪୦ର ଏକ ତାମ୍ରଫଳକରେ ଲିଖିତ ଅଛି ।
train/img_07915.jpg,"ମହାପ୍ରଭୁ ପହଣ୍ଡି ବିଜେ ବିଜେରେ ଭିତର କାଠ ସମ୍ମୁଖସ୍ଥ ଭଣ୍ଡାର ଘରଠାରେ ପହଞ୍ଚିବା ପରେ ଗଇଁଠାଳ (ଋକ୍ମିଣୀ ବିବାହ କାଳର) ଫିଟେ ଓ ବନ୍ଦାପନା , ରସ ଗୋଲା ଭୋଗ ଇତ୍ୟାଦି ଭିତରଚ୍ଛ ମହାପାତ୍ରଙ୍କଦ୍ୱାରା ସମାହିତ ହୋଇଥାଏ।"
train/img_07916.jpg,କଟକର ବାର୍ଷିକ ହାରାହାରି ବୃଷ୍ଟିପାତ ୧୪୪ ୩୯ ସେ ମି ।
train/img_07917.jpg,ଏହା କଠିଣତର ଓ ଅନେକ ଶାରୀରିକ ବଳର ବ୍ୟବହାର କରିବାକୁ ପଡ଼ିଥାଏ ଯାହା ପାଇଁ କୋମଳ ଶିଶୁ ବୟସରୁ ଶିକ୍ଷା ଆରମ୍ଭ କରିବାକୁ ପଡ଼େ ।
train/img_07918.jpg,ହରି ହୋଇଲା ତୋହର ଲୋ ।’’ (ତୁଳସୀ ଦାସ)
train/img_07919.jpg,ଜଗନ୍ନାଥ ମନ୍ଦିରର ଅଧିକାଂଶ ରୀତିନୀତି ଓ ଯାନିଯାତ୍ରାଦି ସହିତ ମଠମାନଙ୍କର ସମ୍ପର୍କ ବହୁ ପ୍ରାଚୀନ କାଳରୁ ରହି ଆସିଛି।
train/img_07920.jpg,ଆକାର
train/img_07921.jpg,"ପୁରୁଷ: ୮,୬୫,୨୦୯"
train/img_07922.jpg,ସ୍ୱାଧୀନତା ସଂଗ୍ରାମରେ ଜଗତ୍ ସିଂହପୁରର ଅବଦାନ ଅତୁଳନୀୟ ।
train/img_07923.jpg,ପ୍ରେମର ପ୍ରସଙ୍ଗ ଝୁମର ଗୀତରେ ନିଆରା ।
train/img_07924.jpg,ଏପରିକି ଅନଙ୍ଗଭୀନ ଦେବ ଓ ପୁରୁଷୋତ୍ତମ ଦେବ ଜଗନ୍ନାଥଙ୍କୁ ଓଡ଼ିଶାର ରାଜା ରୂପେ ମାନ୍ୟତା ପ୍ରଦାନ ପୂର୍ବକ ଉଭୟ ଦୁଇବର୍ଷ ଧରି ଅଭିଷେକ ହୋଇନଥିଲେ ।
train/img_07925.jpg,ଜାତୀୟ ବୃକ୍ଷ ବରଗଛ
train/img_07926.jpg,"କଟକୀ ତାରକସି, ପାନ ପତରି ଦେଲି"
train/img_07927.jpg,ଜାମସେଦପୁର (ସାନ୍ତାଳୀ: : : ( )) ଏକ ଭାରତୀୟ ବିଜ୍ଞାପିତ ଅଞ୍ଚଳ ଅଟେ ।
train/img_07928.jpg,ଝୁମର ନୃତ୍ୟଗୁଡ଼ିକ ସାଧାରଣତଃ ଏକକ ବା ପଙ୍ କ୍ତି ମାଧ୍ୟମରେ ପରିବେଷଣ କରାଯାଇଥାଏ ।
train/img_07929.jpg,କଟକ ନଗରର ଅନ୍ୟ ଔଦ୍ୟୋଗିକ ପେଣ୍ଠଗୁଡ଼ିକ ହେଲା ଜଗତପୁର ଓ ଖପୁରିଆ।
train/img_07930.jpg,"ଗ୍ରାମାଞ୍ଚଳ: ୧୩,୮୧,୦୫୧"
train/img_07931.jpg,ଇଷ୍ଟ କୋଷ୍ଟ ରେଲୱେ ଷ୍ଟାଡ଼ିୟମ ( )
train/img_07932.jpg,"ଛ ବର୍ଷରୁ କମ: ୧,୭୬,୭୯୩"
train/img_07933.jpg,"ଖିଜିଙ୍ଗା କୋଟା, ଏବେ ଆଧୁନିକ ଖିଚିଂ ନାମରେ ଜଣାଶୁଣା ।"
train/img_07934.jpg,"ଚାରୁକଳାବଳି-ଶୋଭିତ-ବେଶା,"
train/img_07935.jpg,"ଏଥି ନିମନ୍ତେ ଶାଳ, ଗମ୍ଭାରୀ ଇତ୍ୟାଦି କାଠ ସ୍ୱତନ୍ତ୍ର ଭାବେ ଜଙ୍ଗଲ ବିଭାଗ ଯୋଗାଇଥାନ୍ତି।"
train/img_07936.jpg,"ବଡ଼ ଦୁଇ ଅଖ ଲମ୍ବ ୩୦ ଚଉଠା, ଛୋଟ ଦୁଇ ଅଖ ଲମ୍ବ ୨୪ ଚଉଠା।"
train/img_07937.jpg,"ଗୋଟେ ପିରାଲୀ ବ୍ରାହ୍ମଣ କଲିକତାର ପୈତୃକ ସମ୍ଭ୍ରାନ୍ତ ଶ୍ରେଣୀର ଲୋକ ଜେସର ସହର ସହ ସମ୍ପର୍କିତ, ସେ ଯେତେବେଳେ ୮ବର୍ଷ ବୟସର ହେଇଥିଲେ ସେତେବେଳେ ସେ ଲେଖା ଆରମ୍ଭ କରିଥିଲେ ।"
train/img_07938.jpg,ଏହା ଲକ୍ଷ୍ମୀ ଟକିଜଦ୍ୱାରା ପ୍ରଦର୍ଶିତ ହୋଇଥିଲା ।
train/img_07939.jpg,ତେଣୁ ଝୁମର କବି ଓ ଗବେଷକ ଗିରିଶ ଚନ୍ଦ୍ର ମହାନ୍ତ ଝୁମରରେ ଏହି ରସର ପ୍ରୟୋଗ ସମ୍ପର୍କରେ କହନ୍ତ ‘‘ଝୁମରର ପ୍ରଧାନ ରସ ଶୃଙ୍ଗାର ।
train/img_07940.jpg,ଆମେରିକୀୟ ନଗର ଯୁଦ୍ଧ କାଳରେ ଏହା ବିଶ୍ୱର ସବୁଠୁ ବଡ଼ ସୂତା ବ୍ୟବସାୟର ବଜାର ହେଲା ଯାହାଫଳରେ ଏହାର ଅର୍ଥବ୍ୟବସ୍ଥା ଆହୁରି ସୁଦୃଢ ହେଲା ଓ ସହରର ସ୍ତର ବହୁଗୁଣ ବଢିଗଲା।
train/img_07941.jpg,କ୍ଲଷ୍ଟର
train/img_07942.jpg,"ବୈଶ୍ୟ, ଶୂଦ୍ର ଜାତିର ଲୋକମାନେ ରାଜ୍ୟର ଅନ୍ତ-ବାଣିଜ୍ୟରେ ମୁଖ୍ୟ ଭୂମିକା ଗ୍ରହଣ କରୁଥିଲେ ।"
train/img_07943.jpg,ଶ୍ରୀ ସାକ୍ଷୀଗୋପାଳ
train/img_07944.jpg,ଭରତୀୟ ଉପମହାଦେଶରେ ପଞ୍ଜାବୀ ସାଂସ୍କୃତିକ ଭାଷାର ସଂଯୋଗ ରହିଥିବା ହେତୁ ବଲିଉଡରେ ବହୁ ଗୀତ ଅଧା ବା ସମ୍ପୂର୍ଣ୍ଣ ଭାବେ ପଞ୍ଜାବୀ ଭାଷାରେ ଆଛି ।
train/img_07945.jpg,ନାଟକର ସୃଷ୍ଟି କେବେ ଓ କିଭଳି ହେଲା ତାହା ରହସ୍ୟମୟ ।
train/img_07946.jpg,ମାତ୍ର ପରିଶେଷରେ ଭିତରଚ୍ଛ ନାରୟଣ ମହାପାତ୍ର ଛେରା ପହଁରା କଲେ।
train/img_07947.jpg,"ଟାଗୋର ବହୁତ ପରିମାଣରେ ବିଦ୍ୟାଳୟଠାରୁ, ଶିକ୍ଷାଠୁ ଦୂରରେ ରହୁଥିଲେ, ଓ ସେ ତାଙ୍କ ପରିବାର ସହ ବୋଲପୁର ଏବଂ ପାନୀହାତ ବୁଲିବା ପସନ୍ଦ କରୁଥିଲେ ।"
train/img_07948.jpg,୧୮୬୪ ଖ୍ରୀଷ୍ଟାବ୍ଦରେ ପୁରୀ ରାମାନୁଜ ମଠର ମହନ୍ତଙ୍କ ଶିକ୍ଷାଗୁରୁ ରାମାୟଣ ଦାସ ବୃନ୍ଦାବନ ଯିବା ବାଟରେ ସାଳନ୍ଦୀ ନଦୀ କୂଳରେ ଭକ୍ତମାନଙ୍କ ଭକ୍ତି ଦେଖି ବିହ୍ୱଳ ହୋଇ ଯାଇଥିଲେ।
train/img_07949.jpg,ସାକ୍ଷରତା ହାର: ୮୭ ୧୩
train/img_07950.jpg,ଉତ୍କଳର ରାଜା ପ୍ରତାପରୁଦ୍ର ଦେବ (୧୪୯୭-୧୫୪୦)ଙ୍କ ଶାସନକାଳରେ ଏହାର ଆରମ୍ଭ ଓ ବିକାଶ ହୋଇଥିଲା ବୋଲି ଜଣାଯାଏ ।
train/img_07951.jpg,୧୯୪୭ ଖ୍ରୀ - ସ୍ୱାଧୀନ ଭାରତର ଏକ ରାଜ୍ୟ ଭାବେ ଓଡ଼ିଶା ମାନ୍ୟତା-ପ୍ରାପ୍ତ ।
train/img_07952.jpg,ଯଜ୍ଞ ଶ୍ରୀନୃସିଂହ ମନ୍ଦିର
train/img_07953.jpg,"ମହିଳା: ୨,୮୨,୪୮୫"
train/img_07954.jpg,ଏହି ଜିଲ୍ଲାର ଦର୍ଶନୀୟ ସ୍ଥାନମାନଙ୍କ ମଧ୍ୟରେ ନୃସିଂହନାଥ ଅନ୍ୟତମ ।
train/img_07955.jpg,ଇନଫର୍ମମେସନ ଟେକନୋଲଜି (ଆଇ ଟି )
train/img_07956.jpg,ସାଦାରଣ ଭାବରେ ଦେଖିଲେ ଏହା ଏକ ଧ୍ୱନ୍ୟାତ୍ମକ ଶବ୍ଦ ।
train/img_07957.jpg,ହ୍ରଦ
train/img_07958.jpg,ପଟେଲ ସାହିତ୍ୟ ସଂସଦ
train/img_07959.jpg,ଗରୁଡ଼ ଓ ଅରୁଣ ସ୍ତମ୍ଭ
train/img_07960.jpg,"ଚାରୁକଳାବଳି-ଶୋଭିତ-ବେଶା,"
train/img_07961.jpg,"ଉର୍ଦ୍ଦୁ ସାହିତ୍ୟରେ ପ୍ରବୀଣ ସଂସ୍କାରବାଦୀ ଓ ଇଶ୍ୱରବିଶ୍ୱାସୀ କବି ହାଜିମୌଲା ବଖସ୍ (ଖ୍ରୀ:୧୮୫୮) ଲେଖିଛନ୍ତି, ଧର୍ମ-ବର୍ଣ୍ଣ ନିର୍ବିଶେଷରେ ଈଶ୍ୱର ସମସ୍ତଙ୍କୁ ପ୍ରେମ କରନ୍ତି ଓ ସମସ୍ତଙ୍କଠାରୁ ପ୍ରେମ ଚାହାନ୍ତି ।"
train/img_07962.jpg,(ଛ) ବାତ୍ସଲ୍ୟ ରସ : (ଯଶୋଦା ଶ୍ରୀକୃଷ୍ଣଙ୍କୁ ସଜାଇ ଦେବାର ଚିତ୍ର)
train/img_07963.jpg,ଏହାକୁ ମହାବେଦୀ ମହୋତ୍ସବ ବ୍ରତ କୁହାଯାଏ।
train/img_07964.jpg,ଓଡ଼ିଆ କଥନ
train/img_07965.jpg,ଭଦ୍ରକ ଚାନ୍ଦବାଲି ରୋଡ ସରକାର ନଗରସ୍ଥିତ ଖାନକା ସରିଫ ପୀଠ (ବଡ଼ ସରକାର ବାବା ଏବଂ ସାନ ସରକାର ବାବା)ଙ୍କ ପୀଠକୁ ଦେଶର କୋଣ ଅନୁକୋଣରୁ ଅନେକ ଭକ୍ତ ଆସନ୍ତି।
train/img_07966.jpg,"ଶ୍ରୀଜୀଉମାନଙ୍କୁ ପାଟ ଅଗଣା, ଆନନ୍ଦ ବଜାର, ଭିତର ସିଂହଦ୍ୱାର, ବାଇଶିପାହାଚ, ସିଂହଦ୍ୱାର, ଗୁମୁଟି, ଅରୁଣସ୍ତମ୍ଭ ଦେଇ ରଥ ପର୍ଯ୍ୟନ୍ତ ନିଆଯାଇଥାଏ ।"
train/img_07967.jpg,"ଏହାପରେ ଶ୍ରୀମନ୍ଦିର ପ୍ରଶାସନ ତରଫରୁ ଜନୈକ ପଦାଧିକାରୀ, ଶ୍ରୀମନ୍ଦିର କମାଣ୍ଡର, ଆବଶ୍ୟକ ସଂଖ୍ୟକ ପୋଲିସ ଶ୍ରୀନଅର ନିକଟକୁ ଯାଇ ବିଧିବଦ୍ଧ ଭାବରେ ଗଜପତି ମହାରାଜାଙ୍କୁ ଛେରା ପହଁରା ସେବା କରିବା ପାଇଁ ଖବର ପଠାଇଥାନ୍ତି।"
train/img_07968.jpg,ଭୁବନେଶ୍ୱର ଦେଶର ଅନ୍ୟ ସହର ସହିତ ଜାତୀୟ ରାଜପଥ ୫ ଓ ଜାତୀୟ ରାଜପଥ ୨୦୩ଦ୍ୱାରା ଯୋଡ଼ି ହୋଇଛି ।
train/img_07969.jpg,ଚିତ୍ରକଳା
train/img_07970.jpg,ପାଣି ଦଣ୍ଡ
train/img_07971.jpg,ଜେ ଏସ୍ ଡବ୍ଲ୍ୟୁ ସନ୍ତରଣ ଉଚ୍ଚ ପ୍ରଦର୍ଶନ କେନ୍ଦ୍ର ( )
train/img_07972.jpg,ସେହିଭଳି ଓଡ଼ିଶାରେ ମଧ୍ୟ ବିଭିନ୍ନ ଲୋକନାଟକ ମଧ୍ୟରୁ ଦଣ୍ଡନାଟ ଏକ ପ୍ରଭାବଶାଳୀ ଶାଖା ।
train/img_07973.jpg,ଭୁବନେଶ୍ୱର ସହର ମଧ୍ୟରେ ୪ ଗୋଟି ରେଳଷ୍ଟେସନ ଅବସ୍ଥିତ ।
train/img_07974.jpg,ଭାରତୀୟ ଗଣତାନ୍ତ୍ରିକ ବ୍ୟବସ୍ଥାରେ ସାଧାରଣ ଜନତାଙ୍କ ହାତରେ ହିଁ ସବୁ ଶକ୍ତି ରହିଥାଏ।
train/img_07975.jpg,ପାଣିପାଗ
train/img_07976.jpg,ଅସର: ଅପରାହ୍ନ ୩ଟାଠାରୁ ୪ଟା ମଧ୍ୟରେ
train/img_07977.jpg,ସାକ୍ଷୀଗୋପାଳ ମନ୍ଦିର
train/img_07978.jpg,ସୂନ୍ନତ୍: ଯାହା ହଜରତ ମହମ୍ମଦ ପାଠ କରୁଥିଲେ
train/img_07979.jpg,ଟସର
train/img_07980.jpg,ମଲିନ ରଜତ ମୁକୁରେରମତ
train/img_07981.jpg,ମୁସଲମାନଙ୍କ ପବିତ୍ର ଧର୍ମଗ୍ରନ୍ଥ କୋରାନ ଓ ସେମାନଙ୍କ ମତରେ ଏହି କୋରାନ ବାସ୍ତବରେ ଆଲ୍ଲାଙ୍କ ମୁଖନିଃସୃତ ବାଣୀ ଯାହା ପୈଗମ୍ବର ମହମ୍ମଦଙ୍କ ସମ୍ମୁଖରେ ଉନ୍ମୋଚନ କରାଯାଇଥିଲା ।
train/img_07982.jpg,୧୪୫୨ ଖ୍ରୀଷ୍ଟାବ୍ଦରେ ଗଜପତି କପିଳେନ୍ଦ୍ର ଦେବ ଶ୍ରୀମନ୍ଦିର ଚତୁଃପାର୍ଶ୍ୱରେ ମେଘନାଦ ପାଚେରୀର ନିର୍ମାଣ କରାଇଥିଲେ ।
train/img_07983.jpg,ଏକେଶ୍ୱରବାଦ କଲମା (ଲା ଇଲାହ୍ ଇଲ୍ଲିଲ୍ଲାହ୍ ମହମ୍ମଦ୍ ଉର୍ ରସୂମିଲ୍ଲାହ୍ ଅର୍ଥାତ ଆଲ୍ଲା ଏକ ଏବଂ ମହମ୍ମଦ ତାଙ୍କର ଦୂତ) ପଠନ ।
train/img_07984.jpg,୧୯୩୦ ଦଶକର ମଧ୍ୟଭାଗର ଡଷ୍ଟ ବୋଲ୍ ଅନେକ କୃଷି ସମ୍ପ୍ରଦାୟକୁ ଦରିଦ୍ର କରି ପାଶ୍ଚାତ୍ୟ ସ୍ଥାନାନ୍ତରଣର ଏକ ନୂତନ ତରଙ୍ଗ ସୃଷ୍ଟି କରିଥିଲା
train/img_07985.jpg,"ବ୍ଲକ-୧୩ଟି; ଆନନ୍ଦପୁର, ବାଂଶପାଳ, ଯୋଡ଼ା, ଚମ୍ପୁଆ, ଝୁମ୍ପୁରା, କେନ୍ଦୁଝର, ଘଟଗାଁ, ଘସିପୁରା, ହାଟଡିହି, ପାଟଣା, ହରିଚନ୍ଦନପୁର, ସାହାରପଡା ଏବଂ ତେଲକୋଇ"
train/img_07986.jpg,ରାଷ୍ଟ୍ରପତିଙ୍କ ମଞ୍ଜୁରୀ ପରେ ନିଯୁକ୍ତି ସଂପର୍କିତ ନୋଟିଫିକେସନ ଗେଜେଟରେ ପ୍ରକାଶ ପାଏ ।
train/img_07987.jpg,ଏହି ଜିଲ୍ଲା ନିମ୍ନ ତିନୋଟି ବିଧନସଭାମଣ୍ଡଳୀକୁ ନେଇ ଗଠିତ।
train/img_07988.jpg,"ପଟ୍ଟାମୁଣ୍ଡାଇ ମହାବିଦ୍ୟାଳୟ, ପଟ୍ଟାମୁଣ୍ଡାଇ"
train/img_07989.jpg,"ଗୁଜରାଟୀ ଦକ୍ଷିଣ-ପୂର୍ବ ଆଫ୍ରିକୀୟ ଦେଶଗୁଡ଼ିକରେ ବିଶେଷ କରି କେନିଆ, ଉଗାଣ୍ଡା, ତାଞ୍ଜାନିଆ, ଜାମ୍ବିଆ ଏବଂ ଦକ୍ଷିଣ ଆଫ୍ରିକାରେ କଥିତ ।"
train/img_07990.jpg,ବିଜୟଶ୍ରୀ ରାଉତରାୟ: ଜଙ୍ଗଲ ଓ ପରିବେଶ
train/img_07991.jpg,"ବୃନ୍ଦାବଲ ଓଡ଼ିଶାର ଖୋଲା କାଷ୍ଟ କୋଇଲା ଖଣିର ଏକ ପ୍ରମୁଖ କ୍ଷେତ୍ର ଆଲୁମିନିୟମ, କୋଇଲା ଭିତ୍ତିକ ବିଦ୍ୟୁତ୍ ଉତ୍ପାଦନ କେନ୍ଦ୍ର, ପେଟ୍ରୋକେମିକାଲ୍ସ ଏବଂ ସୂଚନା ପ୍ରଯୁକ୍ତିବିଦ୍ୟାରେ ରାଜ୍ୟ ଅଦୃଶ୍ୟ ପରିମାଣର ପୁଞ୍ଜି ବିନିଯୋଗ କରୁଛି।"
train/img_07992.jpg,ସେହିମାନଙ୍କର ପ୍ରଚେଷ୍ଠାରେ ପ୍ରଥମେ କଟକରେ ଆଧୁନିକ ସ୍କୁଲ ଖ୍ରୀ ୧୮୨୨ରେ ପ୍ରତିଷ୍ଠା ହେଲା ।
train/img_07993.jpg,ଲକ୍ଷ୍ମଣକୁମାର ପାଲା: ବିନାୟକ ଦେଶର ଶିଲପ ରାଜାଙ୍କ ଗଳ୍ପ
train/img_07994.jpg,ଟ୍ରାଫିକ ନିୟନ୍ତ୍ରଣ ରକ୍ଷା କରିବା ପାଇଁ ଭୁବନେଶ୍ୱରର ବିଭିନ୍ନ ସ୍ଥାନରେ ନିୟନ୍ତ୍ରଣ କେନ୍ଦ୍ର ରହିଛି ।
train/img_07995.jpg,ପ୍ରେମ ବିନେ ସେ ଶ୍ୟାମର ଲୋ
train/img_07996.jpg,୧୮୦୩ ଖ୍ରୀ - ବ୍ରିଟିଶମାନଙ୍କର ଓଡ଼ିଶା ଅଧିକାର(ଏହା ବ୍ରିଟିଶ ଅଧିକୃତ ଶେଷ ଭାରତୀୟ ରାଜ୍ୟ) ।
train/img_07997.jpg,ଏହାଛଡ଼ା ଓଡ଼ିଶାରେ ଅନେକ ପର୍ଯ୍ୟଟନ ସ୍ଥଳୀ ରହିଛି ।
train/img_07998.jpg,ସେମିତି ୯୯୧ ସନର ଲେଖ ଓ ୭୧୫ ସନର ଲେଖରେ ଓଡ଼ିଆ ଶବ୍ଦ ଭିତୁରୁ / / ଆଉ ପନ୍ଦର / / ପ୍ରଭୃତିର ବ୍ୟବହାର ଦେଖିବାକୁ ମିଳେ।
train/img_07999.jpg,ରଥଯାତ୍ରାରେ ଉକ୍ତ ମଠର ମହନ୍ତ ଚାମର ଓ ଆଲଟ ସେବା କରିବାର ଅଧିକାର ରହିଛି।
train/img_08000.jpg,"ଏହି ଜିଲ୍ଲା , ବର୍ଗ କି ମି ଅଞ୍ଚଳ ମଧ୍ୟରେ ବିସ୍ତୃତ ।"
